"dataset","metodo","repeticion","fold","n_train","n_sinteticos","accuracy","f1_macro","loglik_holdout","loglik_media","prob_media_observada","l1_market_share","n_valid","precision_1","recall_1","f1_1","precision_2","recall_2","f1_2","precision_4","recall_4","f1_4","precision_5","recall_5","f1_5","beta_asc_car_driver","se_asc_car_driver","beta_asc_car_passenger","se_asc_car_passenger","beta_asc_metro","se_asc_metro","beta_asc_bus","se_asc_bus","beta_b_tcw","se_b_tcw","beta_b_ivt","se_b_ivt","beta_b_wkt","se_b_wkt","beta_b_autlic","se_b_autlic","beta_b_sex_cp","se_b_sex_cp","beta_b_wt","se_b_wt","loglik_train","loglik_nula","rho2","convergio","vot"
"lc_centro","original",0,0,318,0,0.7375,0.656717648822912,-54.367050932229,-0.679588136652862,0.629928169425925,0.0280313576420613,80,0.65625,0.84,0.736842105263158,1,0.25,0.4,0.862068965517241,1,0.925925925925926,0.647058823529412,0.5,0.564102564102564,-3.69118964573457,0.773119833075091,-3.54250038210867,0.497343169884626,0,NA,-0.883356731321786,0.621501804838209,-0.0160157867717062,0.0143010256130286,-0.00306908982292883,0.000772435367817601,-0.00228641783757725,0.000483543819758318,2.24857187375084,0.7155413534512,-0.457146563212719,0.42146153949637,0.000604902152453641,0.00279911902561424,-178.650278647669,-298.347234110352,0.4012001512922,TRUE,0.191629038690172
"lc_centro","original",0,1,318,0,0.775,0.747017543859649,-47.0983197278939,-0.588728996598674,0.650296738629513,0.0511790381242194,80,0.76,0.76,0.76,0.714285714285714,0.625,0.666666666666667,0.78125,1,0.87719298245614,0.8125,0.590909090909091,0.68421052631579,-3.75774760219888,0.730191954896162,-3.35204532343904,0.504359485119382,0,NA,-2.06128235832178,0.622101824541756,-0.0226898078989235,0.0163751280656697,-0.00138230930138031,0.000690077662856552,-0.00210767624748657,0.00050291469202971,2.36830913440557,0.703617281137893,-0.918391608944454,0.412700395186129,0.000615090310991026,0.00339743814965579,-184.59575116388,-301.577403941838,0.387899263170656,TRUE,0.0609220363406378
"lc_centro","original",0,2,318,0,0.7375,0.656870624837957,-51.3208785932547,-0.641510982415683,0.648582818945739,0.0929514444911016,80,0.65625,0.84,0.736842105263158,1,0.25,0.4,0.757575757575758,1,0.862068965517241,0.846153846153846,0.5,0.628571428571429,-3.79078682687091,0.73375695626727,-3.47871170474471,0.470182083888203,0,NA,-1.87288842338945,0.636965840471451,-0.00940334048353302,0.0125697025576439,-0.0018453250206326,0.000736808098679161,-0.00241788728003808,0.000530282058299444,2.18610085327008,0.695342899069535,-0.887369057710883,0.415112870306838,0.00138075835199928,0.00285786437755578,-179.681634923218,-300.361008617514,0.401781090860469,TRUE,0.196241433973821
"lc_centro","original",0,3,319,0,0.759493670886076,0.705836108028117,-45.2661392116032,-0.572989103944345,0.668933531196978,0.0797891575906576,79,0.714285714285714,0.8,0.754716981132076,0.75,0.375,0.5,0.884615384615385,0.92,0.901960784313726,0.666666666666667,0.666666666666667,0.666666666666667,-4.42808082298126,0.72162889341454,-3.65008203091793,0.486934001305936,0,NA,-1.77508709578277,0.648879744287405,-0.015939090349914,0.0144586635460791,-0.00182660278534176,0.00073282472636355,-0.0025779139982416,0.000509845584993215,2.96865082190487,0.708565076641913,-0.562683103541357,0.410174544405834,-0.000180542127091046,0.00284305239330394,-186.182905402717,-302.793799266163,0.385116518720193,TRUE,0.114598935399824
"lc_centro","original",0,4,319,0,0.79746835443038,0.705759823684352,-42.1979223683191,-0.534150916054672,0.689896333644359,0.0464106549418935,79,0.758620689655172,0.88,0.814814814814815,0.666666666666667,0.222222222222222,0.333333333333333,0.827586206896552,1,0.905660377358491,0.833333333333333,0.714285714285714,0.769230769230769,-3.79906982797125,0.752635127375861,-3.31082734674627,0.483105476433277,0,NA,-1.6535710928664,0.59271044127916,-0.0105260567463228,0.0129852530119948,-0.00185482733127931,0.000698052464110006,-0.00210002150961914,0.000485060319005146,2.41686850987378,0.705031856349598,-0.841450839404924,0.399979493586816,0.00161356138842844,0.00368640828659379,-188.576827179894,-303.774628519175,0.379221273023494,TRUE,0.176212932913104
"lc_centro","original",1,0,318,0,0.775,0.683972493294527,-48.0835982804199,-0.601044978505249,0.671116862322342,0.0241129510706601,80,0.676470588235294,0.92,0.779661016949153,0.666666666666667,0.25,0.363636363636364,0.862068965517241,1,0.925925925925926,0.857142857142857,0.545454545454545,0.666666666666667,-3.98065970470428,0.743333115043395,-3.32797227884943,0.476068660746828,0,NA,-1.43675679271518,0.640291585598117,-0.0186071313903411,0.0142982351725516,-0.00219495234702726,0.000742830763362752,-0.00208760258563409,0.000462230969519348,2.8860527887318,0.710419106933874,-0.641561075271674,0.411175408032661,0.00211128346498339,0.00294178037248965,-183.011846423952,-302.793799266163,0.395589186874066,TRUE,0.117962962746996
"lc_centro","original",1,1,318,0,0.7375,0.648714726824659,-51.522680029129,-0.644033500364113,0.637624604014273,0.104102494171501,80,0.638888888888889,0.92,0.754098360655738,0.666666666666667,0.25,0.363636363636364,0.827586206896552,0.96,0.888888888888889,0.833333333333333,0.454545454545455,0.588235294117647,-3.65440807059994,0.730762655884432,-3.54300698646468,0.485591202776004,0,NA,-1.37768435704993,0.63759949568551,-0.00862389521542092,0.0126599654878197,-0.0025181961781342,0.000796489020911617,-0.00260798161970419,0.000546610247545886,2.04302051381523,0.697800760235243,-0.619078898330302,0.410486613989014,0.00106968899475662,0.00300172354868871,-180.497599288121,-299.497962400159,0.397332797052693,TRUE,0.29200217711728
"lc_centro","original",1,2,318,0,0.7625,0.671399594320487,-46.2360388402158,-0.577950485502698,0.665225659943825,0.0795718566987306,80,0.807692307692308,0.84,0.823529411764706,0.5,0.25,0.333333333333333,0.757575757575758,1,0.862068965517241,0.764705882352941,0.590909090909091,0.666666666666667,-3.7881080479234,0.718016469688365,-3.26535690921667,0.476099382765589,0,NA,-2.27332194559104,0.597343951043499,-0.0100935612161266,0.0122291955230932,-0.00116546587355213,0.000635275475840044,-0.0021605211782497,0.000488287319248046,2.26552116094674,0.675226009869733,-0.986881951162426,0.402487073116919,0.00260598846279104,0.00297255708084374,-186.433105698303,-300.47879165317,0.379546540797146,TRUE,0.115466270882674
"lc_centro","original",1,3,319,0,0.759493670886076,0.712157287157287,-53.5594043364961,-0.67796714349995,0.651157799630247,0.16174782252099,79,0.882352941176471,0.6,0.714285714285714,1,0.375,0.545454545454545,0.714285714285714,1,0.833333333333333,0.708333333333333,0.80952380952381,0.755555555555556,-4.04500280542522,0.771951534469845,-3.59054822403733,0.469522204154503,0,NA,-1.35586253243151,0.614355552792102,-0.0285528064399675,0.020973706338855,-0.00253963212851908,0.000761529760345306,-0.00226170844614166,0.000530627971280686,2.54913518358811,0.750652517670564,-0.756960468661476,0.397634426278387,0.000877548341486816,0.00274949196563254,-178.836340079394,-302.454001192572,0.408715575346186,TRUE,0.0889450966530623
"lc_centro","original",1,4,319,0,0.746835443037975,0.693794198007072,-45.7512683156103,-0.579129978678612,0.648283680209224,0.136449424209105,79,0.638888888888889,0.92,0.754098360655738,0.666666666666667,0.444444444444444,0.533333333333333,0.958333333333333,0.958333333333333,0.958333333333333,0.692307692307692,0.428571428571429,0.529411764705882,-4.23205003116234,0.811959917891778,-3.78693658408225,0.590737767339295,0,NA,-1.95087040810956,0.669366398396557,-0.0117730812253952,0.0130317871964271,-0.00155574537557074,0.000726724901870015,-0.00240408641131008,0.000518325074903099,2.48198943366701,0.701876316915999,-0.716992698893791,0.426988654205704,-0.00432904209252199,0.00465661668906976,-187.002147420958,-301.629519942977,0.380027036291706,TRUE,0.132144282859011
"lc_centro","original",2,0,318,0,0.75,0.681444717194469,-47.6730024034933,-0.595912530043666,0.651124293804768,0.0457745578149265,80,0.75,0.84,0.792452830188679,0.6,0.375,0.461538461538462,0.78125,1,0.87719298245614,0.733333333333333,0.5,0.594594594594595,-3.70386516322873,0.74334758662976,-3.23885727109634,0.470079772720436,0,NA,-1.78923077523711,0.632570577020433,-0.011883380968078,0.0128335750476367,-0.0017746490952368,0.000722136730195351,-0.00227643710295281,0.000508438169078855,2.41558427235342,0.735561391384221,-0.691239409237095,0.40017103359147,0.00319890451469568,0.00296665708195538,-183.353457810902,-301.341837870526,0.391543308069682,TRUE,0.149338736173147
"lc_centro","original",2,1,318,0,0.775,0.698005303816442,-42.7639296721747,-0.534549120902184,0.663988305097549,0.137018168359922,80,0.647058823529412,0.88,0.745762711864407,1,0.25,0.4,1,0.96,0.979591836734694,0.7,0.636363636363636,0.666666666666667,-3.64578618580675,0.73208130197053,-3.13633026109877,0.452316619550611,0,NA,-0.925617076513652,0.611540744456506,-0.0133922312009401,0.0142873447460471,-0.00255790235576624,0.000789643389306545,-0.00191150463477561,0.000498134718158671,2.51678223279465,0.703849501026599,-0.678110430125708,0.405442141157804,-0.000221273471156869,0.00283154853237244,-189.596072804034,-300.191109580719,0.368415430194299,TRUE,0.190998969282033
"lc_centro","original",2,2,318,0,0.8,0.716815742397138,-37.9689883358498,-0.474612354198123,0.699647105927543,0.110662949460103,80,0.733333333333333,0.88,0.8,1,0.25,0.4,0.888888888888889,0.96,0.923076923076923,0.761904761904762,0.727272727272727,0.744186046511628,-4.08413512762972,0.735103961324842,-3.41942055312824,0.448442586606492,0,NA,-1.65616595120069,0.589501752267144,-0.0094475490565,0.0130247929205865,-0.0017989021608005,0.000692038172063275,-0.00238854259202349,0.000482813497617347,2.62881501981876,0.698550278396929,-0.653056692564012,0.411377124072939,0.000765705036389355,0.00275609143707302,-193.025944147431,-305.160922880295,0.367461789256848,TRUE,0.190409401427013
"lc_centro","original",2,3,319,0,0.708860759493671,0.600305713683323,-59.7660738061907,-0.756532579825199,0.627701040366925,0.15047334954651,79,0.692307692307692,0.72,0.705882352941177,1,0.125,0.222222222222222,0.675675675675676,1,0.806451612903226,0.8,0.571428571428571,0.666666666666667,-4.26765740243113,0.756161347401149,-4.04067119303451,0.550322493748804,0,NA,-2.17556381176463,0.660502066777864,-0.0211757615795182,0.0167835035626754,-0.00185111578948155,0.000712633473777035,-0.00255183018586482,0.000511374580589738,2.40324931289315,0.705298090564429,-0.659448454815271,0.41260857584743,0.000228051283622827,0.00375907222473448,-172.172537797898,-300.949923795796,0.427903035739851,TRUE,0.0874167279665635
"lc_centro","original",2,4,319,0,0.734177215189873,0.687903291676877,-51.0058962366287,-0.645644256159857,0.647055927460247,0.0729959068632293,79,0.678571428571429,0.76,0.716981132075472,0.666666666666667,0.444444444444444,0.533333333333333,0.774193548387097,1,0.872727272727273,0.785714285714286,0.523809523809524,0.628571428571429,-3.89994682047404,0.759337785454699,-3.55214975702833,0.517135226682956,0,NA,-1.82258120687155,0.628769864895011,-0.0176787300567051,0.0147845519697934,-0.00192949526976303,0.000716099468933844,-0.00225828390368116,0.000503349743154378,2.27733763894341,0.69519173948914,-0.978003027235255,0.416223306346399,-0.000268163863396093,0.00333900756103349,-179.958513252287,-299.210280327707,0.398555046119439,TRUE,0.109142187452046
"lc_centro","original",3,0,318,0,0.775,0.655118775616753,-45.3384762964408,-0.566730953705509,0.658961994740742,0.0672165091411573,80,0.6875,0.88,0.771929824561404,1,0.125,0.222222222222222,0.892857142857143,1,0.943396226415094,0.736842105263158,0.636363636363636,0.682926829268293,-3.75968219480367,0.743496157179473,-3.26912580338475,0.476003187042385,0,NA,-1.02908105657801,0.590805818068438,-0.00835630929090829,0.011674582004368,-0.00260190464387055,0.000734127851513009,-0.00178602809724508,0.000481408921042384,2.39469843075187,0.710500893836181,-0.703103391238717,0.418368628323647,-0.000649424044500981,0.00357687301358681,-187.22665689952,-299.667861436954,0.375219431267206,TRUE,0.3113700741907
"lc_centro","original",3,1,318,0,0.7875,0.730494987680157,-41.6198890821643,-0.520248613527054,0.666554846100552,0.102001612009359,80,0.714285714285714,0.8,0.754716981132076,0.75,0.375,0.5,0.888888888888889,0.96,0.923076923076923,0.761904761904762,0.727272727272727,0.744186046511628,-3.64269896102556,0.713599068460015,-3.16794559873534,0.457163066518889,0,NA,-1.76567437004581,0.588599249218488,-0.0228776040087174,0.0158097603450295,-0.0014533438921033,0.00067346083476453,-0.00208739669630122,0.00049911269530059,2.63903119908919,0.708406233567118,-0.599707265971725,0.402457596210993,0.00222570893502774,0.002694424354043,-190.437163033783,-301.511736907321,0.368392205931539,TRUE,0.0635269275379324
"lc_centro","original",3,2,318,0,0.7375,0.623273273273273,-53.0200063354611,-0.662750079193264,0.63709385658304,0.0653262192545954,80,0.628571428571429,0.88,0.733333333333333,1,0.125,0.222222222222222,0.827586206896552,0.96,0.888888888888889,0.8,0.545454545454545,0.648648648648649,-4.07482004556169,0.769730912695629,-3.7872185042376,0.513175322501283,0,NA,-1.94415726056853,0.654681122700102,-0.0137168869357703,0.0147372580701282,-0.00179874237185547,0.00073572836401171,-0.00266004840261447,0.000537184533801424,2.32512444790349,0.709409846446123,-0.811908098060855,0.415435208592367,-0.000610641923112366,0.0033026574388808,-178.101241931986,-302.152768086742,0.410558959761518,TRUE,0.13113342555626
"lc_centro","original",3,3,319,0,0.772151898734177,0.752964959568733,-45.8612491063833,-0.58052214058713,0.667555610803687,0.0498088075912532,79,0.714285714285714,0.8,0.754716981132076,0.833333333333333,0.625,0.714285714285714,0.774193548387097,0.96,0.857142857142857,0.857142857142857,0.571428571428571,0.685714285714286,-3.91155828364979,0.698797151259035,-3.53526923161004,0.477614567936335,0,NA,-1.97257635686763,0.621217289384702,-0.00745223157831046,0.011777319211757,-0.0017014091020539,0.000711300520827405,-0.00250664528117534,0.000490256944142082,2.28491514547617,0.676491879165867,-0.571279085488669,0.411918648105722,0.00189204914611913,0.00279874902918108,-185.321361812231,-299.681412470332,0.381605417951715,TRUE,0.228308672935743
"lc_centro","original",3,4,319,0,0.708860759493671,0.638548293811452,-56.0046865367881,-0.708920082744153,0.651192519053267,0.104587893486376,79,0.740740740740741,0.8,0.769230769230769,0.6,0.333333333333333,0.428571428571429,0.727272727272727,1,0.842105263157895,0.642857142857143,0.428571428571429,0.514285714285714,-4.26140366749638,0.802582660305695,-3.70493971494132,0.532226142342398,0,NA,-1.7032911900488,0.676202427995665,-0.0230254487460308,0.017200557924323,-0.00230135422010841,0.000776354630511378,-0.0024254578061761,0.000507637287962475,2.56523511558189,0.736527404348966,-1.03212860509884,0.407600861727417,-7.15693368815416e-05,0.00341409934156222,-175.837950271436,-303.840295553692,0.421281663937942,TRUE,0.0999482896291056
"lc_centro","original",4,0,318,0,0.7125,0.692355889724311,-59.4978514004185,-0.743723142505232,0.626874023149522,0.0729501553050373,80,0.653846153846154,0.68,0.666666666666667,0.714285714285714,0.625,0.666666666666667,0.774193548387097,0.96,0.857142857142857,0.6875,0.5,0.578947368421053,-4.49155745238324,0.794521041594733,-3.67543927405873,0.497315149857722,0,NA,-1.8898887752193,0.631784141960003,-0.0347164692830496,0.0157829372847708,-0.00193640517961487,0.000714989024189571,-0.00247191911946616,0.000537127665802462,3.11141713119008,0.762582370172864,-0.968954319877714,0.419376576860838,-0.000597928087288905,0.00300745023476652,-173.869459649163,-299.733528471471,0.419919885053125,TRUE,0.0557777106832786
"lc_centro","original",4,1,318,0,0.7625,0.669861230387546,-45.6018976442947,-0.570023720553683,0.639506295202297,0.0683153090875467,80,0.758620689655172,0.88,0.814814814814815,0.4,0.25,0.307692307692308,0.8,0.96,0.872727272727273,0.8125,0.590909090909091,0.68421052631579,-3.78612297707998,0.744098762728051,-3.49396351635677,0.518774693676034,0,NA,-2.32613634537091,0.651739633524216,-0.0117304019615287,0.0124584051190341,-0.00113069849036179,0.000701116636681475,-0.00243756868753888,0.000529779725882147,2.02108898611869,0.649839424997156,-0.777785207615586,0.399716754993488,0.000117841183721179,0.00385794776631697,-186.434202076768,-301.17193883373,0.380970873984067,TRUE,0.096390430103764
"lc_centro","original",4,2,318,0,0.7625,0.645491401586029,-46.0255245090852,-0.575319056363565,0.666286232494221,0.135296316897526,80,0.8,0.8,0.8,1,0.125,0.222222222222222,0.757575757575758,1,0.862068965517241,0.714285714285714,0.681818181818182,0.697674418604651,-4.11419495676879,0.736446725626764,-3.73475376343092,0.477079744942815,0,NA,-1.80331485189599,0.61268126493487,-0.00816243668595691,0.0132833935008849,-0.00190135775900904,0.000732808867081926,-0.00233208928707008,0.000497227347631297,2.31351912049769,0.711379724237601,-0.556117342304179,0.406925028123253,0.000398197655972224,0.00288533504426105,-185.153854370041,-303.029365337476,0.38899038987908,TRUE,0.232939970276307
"lc_centro","original",4,3,319,0,0.835443037974684,0.745700595700596,-38.9891134572529,-0.493533081737378,0.70637062858874,0.0572180882687204,79,0.766666666666667,0.92,0.836363636363636,1,0.25,0.4,0.862068965517241,1,0.925925925925926,0.888888888888889,0.761904761904762,0.82051282051282,-3.57846073479856,0.68893102671463,-3.23307012561081,0.470694790546664,0,NA,-1.36741088976363,0.605310010909818,-0.011648853639284,0.0123990620933038,-0.00212063675222821,0.000728872461176671,-0.00193402080377704,0.000474911576149016,2.32609505375629,0.679952019805822,-0.654709079439303,0.392781138079686,0.000973517471644549,0.00312666234559689,-192.019689824167,-302.55823319485,0.365346340780275,TRUE,0.182046819188859
"lc_centro","original",4,4,319,0,0.734177215189873,0.673899297423888,-53.7496024143444,-0.680374714105625,0.64187618012869,0.16354529746449,79,0.611111111111111,0.88,0.721311475409836,1,0.333333333333333,0.5,0.923076923076923,1,0.96,0.642857142857143,0.428571428571429,0.514285714285714,-3.72884215332121,0.782687103059371,-3.23184331028407,0.479280996523631,0,NA,-0.934578158701075,0.606078651257151,-0.0110287275091595,0.0141434958548237,-0.0028564666911904,0.000726397444153794,-0.00234782759221352,0.000480516499512755,2.67009787933251,0.758351329227691,-0.754803866337834,0.42921983228745,0.00270644404286869,0.00278021728564757,-178.747531836235,-300.361008617514,0.404891025439804,TRUE,0.259002381627261
"lc_centro","original",5,0,318,0,0.7375,0.683832676757205,-50.2892101280254,-0.628615126600317,0.641014176763864,0.0790277912052865,80,0.645161290322581,0.8,0.714285714285714,0.75,0.375,0.5,0.857142857142857,0.96,0.90566037735849,0.705882352941177,0.545454545454545,0.615384615384615,-4.00714484997219,0.759869415129141,-3.30016052886433,0.527256100280112,0,NA,-1.31829038793215,0.649514549120711,-0.00384944356262506,0.0116474201070424,-0.00248293669705579,0.000759432401139839,-0.00262623155590607,0.000534183050165133,2.45421240713413,0.681250040612643,-0.928953243541959,0.426843927696885,0.00127202477888465,0.0035435332667431,-181.621933204594,-298.39935011149,0.391346083237998,TRUE,0.645011845650387
"lc_centro","original",5,1,318,0,0.725,0.612181867097121,-55.7037814837578,-0.696297268546972,0.623707201980032,0.0675552394444821,80,0.76,0.76,0.76,1,0.125,0.222222222222222,0.735294117647059,1,0.847457627118644,0.65,0.590909090909091,0.619047619047619,-3.7093351083502,0.784941455982797,-3.74070722921393,0.501774544761955,0,NA,-2.14414205221745,0.643040447655096,-0.0345668749064702,0.0188866797757367,-0.00143892159841548,0.000699759313104533,-0.00218753893471634,0.000494268369193549,2.29144266647093,0.731162913305777,-0.549185630616455,0.395254521421118,0.000195565329312185,0.00336622746646877,-177.217931192447,-296.725373677919,0.402754375212924,TRUE,0.0416271821594768
"lc_centro","original",5,2,318,0,0.6625,0.553342490842491,-51.0449645783247,-0.638062057229059,0.640960442475944,0.0556042811824199,80,0.653846153846154,0.68,0.666666666666667,0.2,0.125,0.153846153846154,0.806451612903226,1,0.892857142857143,0.555555555555556,0.454545454545455,0.5,-3.85896640494008,0.780834691095893,-3.66067112965948,0.476903315974564,0,NA,-1.31184103715512,0.644235381835313,-0.0110620536562166,0.0156525929592641,-0.0026458518768138,0.000776364146697978,-0.00260072569955317,0.000530328061652643,1.9666945509788,0.729005893954395,-0.761396554903669,0.407342218160189,-0.000251286898253248,0.00296231713448937,-181.176457515433,-301.86508601429,0.399809829259765,TRUE,0.239182701426049
"lc_centro","original",5,3,319,0,0.835443037974684,0.799978312730427,-41.1445954611799,-0.520817664065569,0.70307580780174,0.0654137354463587,79,0.727272727272727,0.96,0.827586206896552,1,0.5,0.666666666666667,0.857142857142857,0.96,0.90566037735849,1,0.666666666666667,0.8,-4.0694665327852,0.698717521252658,-3.50656728241904,0.462117288740568,0,NA,-1.82722611762712,0.603344926437999,-0.0144613291746016,0.0133793408491419,-0.00164236521676627,0.00071239222141427,-0.00217856809016671,0.000477590196456944,2.77979448985769,0.706300534604025,-0.579207478206502,0.401881911289366,0.000205251434039495,0.00285841144091616,-189.903793601416,-304.991023843499,0.377346286430835,TRUE,0.113569451115929
"lc_centro","original",5,4,319,0,0.784810126582278,0.726534711564503,-44.8231456870216,-0.567381590974957,0.662100825180803,0.0324224754166097,79,0.7,0.84,0.763636363636364,1,0.333333333333333,0.5,0.827586206896552,1,0.905660377358491,0.823529411764706,0.666666666666667,0.736842105263158,-3.90873146381502,0.714235581114165,-3.12959906079078,0.459938509515306,0,NA,-1.6596404629799,0.588043478394588,-0.0110793684727627,0.0131739907096392,-0.00178242981966984,0.000695939680717155,-0.00191896355111963,0.000484662089567436,2.75318665666189,0.701802762676419,-0.858868748552782,0.414273022654466,0.00260564813381818,0.00287048325863735,-186.522835235868,-304.873240807843,0.388195452176694,TRUE,0.16087828688537
"lc_centro","original",6,0,318,0,0.6625,0.501546946462201,-58.8922574540775,-0.736153218175969,0.614298705667137,0.133058139518298,80,0.645161290322581,0.8,0.714285714285714,0,0,0,0.735294117647059,1,0.847457627118644,0.571428571428571,0.363636363636364,0.444444444444444,-4.06076895220671,0.796587192444051,-3.65447705724211,0.48446168125009,0,NA,-1.73031281099721,0.649560360512484,-0.0122401289028973,0.013649600982495,-0.00223710163118644,0.000756617021378512,-0.00225450673022951,0.000511343713468999,2.31329088946508,0.755253292733334,-0.991907160378265,0.421581163025294,0.000128084301029572,0.002865806296492,-172.653172531402,-298.75269921846,0.422086652327946,TRUE,0.182767816330506
"lc_centro","original",6,1,318,0,0.7625,0.679090061848683,-45.2640909823543,-0.565801137279428,0.662737705997213,0.0993752162486845,80,0.666666666666667,0.88,0.758620689655172,1,0.25,0.4,0.833333333333333,1,0.909090909090909,0.8,0.545454545454545,0.648648648648649,-3.67816919614343,0.739848027459663,-3.34737186345085,0.475760823832148,0,NA,-1.57631834152248,0.622826793405373,-0.0134879312971542,0.0136645442411421,-0.00191834241013543,0.000729552982678361,-0.00185223130875224,0.000481625305694471,2.4311665495455,0.708032075477616,-0.555131194014611,0.404717813994629,0.000309414632550797,0.00299856363485011,-185.96615265401,-298.281567075834,0.376541586269961,TRUE,0.142226585224391
"lc_centro","original",6,2,318,0,0.775,0.785394361735825,-47.088245426899,-0.588603067836237,0.656005027266919,0.0906533564369618,80,0.68,0.68,0.68,1,0.75,0.857142857142857,0.8,0.96,0.872727272727273,0.789473684210526,0.681818181818182,0.731707317073171,-3.74685031826677,0.688917095352576,-3.52902796200205,0.519627623985776,0,NA,-1.51644104071927,0.62662358448649,-0.0167781458133907,0.0139948413647431,-0.00221004696829544,0.00072709956024052,-0.00262118248733271,0.000525097871314546,2.21355222440025,0.643158712157815,-0.54359393188906,0.408299933361013,0.0021714443425206,0.00339422125450601,-184.248924686141,-305.160922880295,0.396223726986117,TRUE,0.131721764304349
"lc_centro","original",6,3,319,0,0.746835443037975,0.629806840333156,-43.9097318635144,-0.555819390677397,0.666707257688773,0.0533908140238727,79,0.666666666666667,0.8,0.727272727272727,0.333333333333333,0.125,0.181818181818182,0.862068965517241,1,0.925925925925926,0.764705882352941,0.619047619047619,0.684210526315789,-3.65514281044452,0.701239077224891,-3.38449775829456,0.461869838977911,0,NA,-1.86032519202305,0.610365649858836,-0.0179146062079066,0.0143739281430745,-0.00161351726855861,0.000686517143061338,-0.00243536402761453,0.000506746718182824,2.39205189299534,0.687481169523968,-0.622964071199989,0.397930239201161,0.00219643079177544,0.00285993548020177,-187.27404652301,-303.656845483518,0.383270789680996,TRUE,0.0900671357122259
"lc_centro","original",6,4,319,0,0.810126582278481,0.774296055631555,-42.8039834716895,-0.541822575591006,0.686067359159451,0.110717193390024,79,0.869565217391304,0.8,0.833333333333333,0.714285714285714,0.555555555555556,0.625,0.888888888888889,1,0.941176470588235,0.681818181818182,0.714285714285714,0.697674418604651,-4.40341372345853,0.7996253519744,-3.41181704515519,0.498089637304488,0,NA,-1.63314808797548,0.612112858807458,-0.0116591025641314,0.0144696007044446,-0.00190534051537266,0.000737474803405361,-0.00232086647652875,0.000498040269618776,2.87725583886618,0.74574523716627,-0.950213273771759,0.414755972183199,-0.000871118950656481,0.0034763501314906,-188.458354470349,-301.002039796935,0.373896753000449,TRUE,0.16342085549829
"lc_centro","original",7,0,318,0,0.75,0.634727654642909,-54.5321363436766,-0.681651704295958,0.646198101946926,0.0977039712983213,80,0.740740740740741,0.8,0.769230769230769,1,0.125,0.222222222222222,0.735294117647059,1,0.847457627118644,0.777777777777778,0.636363636363636,0.7,-3.90757360222361,0.734827877983968,-3.72911247556686,0.482751522308884,0,NA,-1.68226053953393,0.641078583476974,-0.0203625814212465,0.0161224392413995,-0.0022438993000436,0.000774557366306455,-0.00245516319265257,0.000529940421522371,2.35614629836448,0.696627673219419,-0.503016493246226,0.397875773301038,0.00232112344901048,0.00292401093467187,-177.00560549534,-300.361008617514,0.410690467747288,TRUE,0.110197192272601
"lc_centro","original",7,1,318,0,0.675,0.589102260154892,-53.4652753935125,-0.668315942418906,0.638393225662019,0.0793088543163889,80,0.625,0.8,0.701754385964912,0.5,0.25,0.333333333333333,0.827586206896552,0.96,0.888888888888889,0.533333333333333,0.363636363636364,0.432432432432432,-4.28056327900059,0.831409307181356,-3.61279592548524,0.520509709661601,0,NA,-2.01501302448778,0.657717600133774,-0.0130628902760685,0.0149725852223224,-0.00176856945273547,0.000759222969249171,-0.00274576936655567,0.00055427054276116,2.55333338676427,0.752754706927957,-1.13174375533875,0.41018263364558,-0.000761482616817083,0.00356189609849405,-178.317205930353,-300.884256761278,0.407356144685797,TRUE,0.135388831671926
"lc_centro","original",7,2,318,0,0.7375,0.680169857429043,-46.018054767339,-0.575225684591737,0.655897179881212,0.0580771970084045,80,0.642857142857143,0.72,0.679245283018868,0.6,0.375,0.461538461538462,0.78125,1,0.87719298245614,0.866666666666667,0.590909090909091,0.702702702702703,-3.90983252221043,0.744259577253528,-3.51046787698722,0.51121564667056,0,NA,-1.78771835739137,0.630663247581954,-0.0149849093676975,0.0145170181173648,-0.00183253011593365,0.000714242019793999,-0.00214108551233899,0.00047570107429605,2.30101718812045,0.692352397406189,-0.75961299710253,0.413684608751287,-0.000431670909507452,0.00344438385381681,-184.672173830914,-301.86508601429,0.38822943630463,TRUE,0.122291705005836
"lc_centro","original",7,3,319,0,0.810126582278481,0.721955480561095,-43.1233385995926,-0.545865045564464,0.666991406491992,0.0751861986087763,79,0.785714285714286,0.88,0.830188679245283,1,0.25,0.4,0.862068965517241,1,0.925925925925926,0.75,0.714285714285714,0.731707317073171,-3.89672528151708,0.696839194657329,-3.46052333317802,0.484460064087184,0,NA,-1.63517476231801,0.606667127705986,-0.017291600668636,0.0141218697317803,-0.00173075499605499,0.000695435771308293,-0.0020426726896221,0.000477898980518275,2.67217775531682,0.707428093059201,-0.467114956026336,0.402814490027476,0.000135271602209378,0.00316026658854134,-188.098370514291,-299.851311507128,0.372694521265019,TRUE,0.100092237220947
"lc_centro","original",7,4,319,0,0.835443037974684,0.800240882593824,-40.5179744253005,-0.512885752218994,0.67981295818518,0.0505588742905066,79,0.766666666666667,0.92,0.836363636363636,0.833333333333333,0.555555555555556,0.666666666666667,0.888888888888889,1,0.941176470588235,0.875,0.666666666666667,0.756756756756757,-3.60437612289014,0.73131782571152,-3.07857931548377,0.444969245343899,0,NA,-1.24654281948382,0.589216385780262,-0.00784741623596738,0.0118720775365931,-0.00226314207967947,0.000698184786867716,-0.00207035630020727,0.000501071839019735,2.33552578874287,0.694129475282556,-0.813936855708754,0.418652960370188,0.00208764558547845,0.00266271697192283,-190.649111344974,-303.892411554831,0.372642737705954,TRUE,0.288393276414562
"lc_centro","original",8,0,318,0,0.825,0.737405731523379,-43.7966142047872,-0.54745767755984,0.708366697751033,0.150615048201467,80,0.685714285714286,0.96,0.8,1,0.25,0.4,0.961538461538462,1,0.980392156862745,0.882352941176471,0.681818181818182,0.769230769230769,-3.93641652197404,0.747574932917219,-3.31788409018084,0.467239269654456,0,NA,-1.30864971635968,0.599178113841882,-0.00689840671695385,0.0116183847062142,-0.00233014080666174,0.000711707550652424,-0.0022793536111619,0.000516956014319184,2.75508676759477,0.689976407444489,-0.695078901267124,0.402899273029106,0.00165954663239283,0.00288920491715713,-187.755236419403,-303.25138037541,0.380859417071832,TRUE,0.337779563059841
"lc_centro","original",8,1,318,0,0.8375,0.815135599694423,-43.0317357923779,-0.537896697404724,0.670537212995189,0.0621271737077867,80,0.807692307692308,0.84,0.823529411764706,0.833333333333333,0.625,0.714285714285714,0.8,0.96,0.872727272727273,0.944444444444444,0.772727272727273,0.85,-3.69205669278574,0.726517165016392,-3.30253952550637,0.460483325925393,0,NA,-1.61978413599729,0.601227993355823,-0.0233113585124655,0.0154766843707661,-0.00179703961296081,0.000696712739278743,-0.00200437887200707,0.000503297345134114,2.49659518516978,0.721930198363521,-0.603255575329365,0.40384199522753,0.000643920663664758,0.00296391628174034,-188.146940982591,-298.922598255255,0.370583080433655,TRUE,0.077088583747698
"lc_centro","original",8,2,318,0,0.75,0.684752747252747,-50.015584242608,-0.6251948030326,0.652951818735857,0.0907701322945879,80,0.740740740740741,0.8,0.769230769230769,0.6,0.375,0.461538461538462,0.806451612903226,1,0.892857142857143,0.705882352941177,0.545454545454545,0.615384615384615,-4.33690204791005,0.744501320412404,-3.77676978703298,0.557711832330145,0,NA,-1.77451918594102,0.65426175658524,-0.0182835490419649,0.0153401698858546,-0.00205282743441118,0.000739590534327258,-0.00252504290787661,0.000484495915464988,2.48134710134414,0.685334632488466,-0.810705416611279,0.411578320647023,-0.00185198653498006,0.00401263113727935,-181.29854936296,-303.892411554831,0.403412054827673,TRUE,0.11227729527235
"lc_centro","original",8,3,319,0,0.69620253164557,0.543072755417957,-47.4291597039452,-0.600369110176522,0.648863277694534,0.0751801261229789,79,0.730769230769231,0.76,0.745098039215686,0,0,0,0.78125,1,0.87719298245614,0.578947368421053,0.523809523809524,0.55,-3.60107005347187,0.770460479130668,-3.46794160532072,0.476653838810899,0,NA,-1.60127810720014,0.655919379520206,-0.0187249526155666,0.01757977598143,-0.00210700803053567,0.000782553558795574,-0.00218256664638886,0.000501444142727191,2.00727738021331,0.722077081102216,-0.807803111562532,0.408884636799263,0.000939235905125828,0.003015670176113,-183.626571140317,-301.289721869387,0.390531578704428,TRUE,0.112524078100152
"lc_centro","original",8,4,319,0,0.708860759493671,0.651232247284879,-53.3040472234693,-0.674734774980625,0.613061475170363,0.0852711468038997,79,0.625,0.8,0.701754385964912,1,0.333333333333333,0.5,0.8,1,0.888888888888889,0.642857142857143,0.428571428571429,0.514285714285714,-4.08596487343505,0.751335594761634,-3.54003663926726,0.479619215971766,0,NA,-2.09150317069633,0.619336926648281,-0.00739818901495066,0.0116772862577215,-0.00151640048886853,0.000699793595626526,-0.00244728300691598,0.000519538204642246,2.56524553036125,0.721854773976945,-0.751222403667999,0.41577140685846,0.00149256884619196,0.00273056713167886,-177.974487089071,-299.497962400159,0.405757269055207,TRUE,0.204969146611976
"lc_centro","original",9,0,318,0,0.7125,0.6039042718288,-51.1283106310696,-0.639103882888371,0.61440859726762,0.0709168122464948,80,0.633333333333333,0.76,0.690909090909091,0.5,0.125,0.2,0.857142857142857,0.96,0.90566037735849,0.65,0.590909090909091,0.619047619047619,-3.82800658554455,0.747877699163148,-3.33257623407305,0.492491989859164,0,NA,-1.36867780060005,0.624421281667054,-0.00717658175566074,0.0123462812486644,-0.00229660883125542,0.000745956924914605,-0.002512396361529,0.000496290565604264,2.35983081193928,0.728136748536066,-0.74401435858098,0.418243323607956,0.00146009899074482,0.0031140360765564,-180.092028301432,-300.361008617514,0.400414757127263,TRUE,0.320014306176321
"lc_centro","original",9,1,318,0,0.75,0.698232714138287,-52.2118249018454,-0.652647811273067,0.645765554876608,0.0777722569979733,80,0.625,0.8,0.701754385964912,0.75,0.375,0.5,0.923076923076923,0.96,0.941176470588235,0.722222222222222,0.590909090909091,0.65,-4.27988970200342,0.749184925601434,-3.43144846622029,0.491766536944782,0,NA,-1.76156894734218,0.635864372077508,-0.0302086393454982,0.0170333507495806,-0.00169605409152795,0.000728046408035843,-0.00214761127036738,0.000508777059742983,3.42008037198015,0.729190919893171,-0.52806898091569,0.406415424664621,0.000816379694795726,0.00331621193711604,-181.308549556184,-298.739148185081,0.39308741201921,TRUE,0.0561446701432022
"lc_centro","original",9,2,318,0,0.775,0.686283891547049,-48.2591483694986,-0.603239354618732,0.675217315373635,0.0835842455024627,80,0.766666666666667,0.92,0.836363636363636,1,0.25,0.4,0.78125,1,0.87719298245614,0.75,0.545454545454545,0.631578947368421,-3.84248368132739,0.763774189810516,-3.66338932664986,0.49207260664233,0,NA,-2.0308133588249,0.622499901069201,-0.012726790554687,0.0128872170518936,-0.00170124520486312,0.000691029093269685,-0.00249182400720142,0.000539323975515222,2.27318405879359,0.716392699740568,-0.571264408386332,0.404318576910308,0.00231339510057333,0.00284903778172472,-183.017208108176,-301.119822832591,0.392211358300628,TRUE,0.133674330346906
"lc_centro","original",9,3,319,0,0.759493670886076,0.722503373819163,-49.0579773781337,-0.620987055419414,0.663711863848804,0.10470337287552,79,0.703703703703704,0.76,0.730769230769231,0.8,0.5,0.615384615384615,0.78125,1,0.87719298245614,0.8,0.571428571428571,0.666666666666667,-3.65138561414144,0.713817155050605,-3.49833665281586,0.471663116653711,0,NA,-1.53249276033855,0.629552600043793,-0.0243537296035354,0.0181073245915804,-0.00233050526599722,0.000775855248092965,-0.00234979440192908,0.000509116367035881,2.01253868199793,0.680281518651855,-0.869922533758496,0.395729984190519,0.000503596086615577,0.00278021982481081,-182.603658450405,-302.623900229368,0.39659868796878,TRUE,0.0956939780451082
"lc_centro","original",9,4,319,0,0.784810126582278,0.712587924852076,-42.3061081212475,-0.535520355965159,0.677717909449799,0.0571481584472447,79,0.785714285714286,0.88,0.830188679245283,0.6,0.333333333333333,0.428571428571429,0.8,1,0.888888888888889,0.8125,0.619047619047619,0.702702702702703,-4.14611263144124,0.758268084558202,-3.50365620596421,0.496102213000549,0,NA,-1.70117747194277,0.627363018230782,-0.00443351430412797,0.0118636520973803,-0.00184884502373139,0.000720299375195934,-0.00203098605192942,0.000480610356836009,2.33089820110512,0.683085065018015,-0.977226937448437,0.420122086649698,-0.00203345151025336,0.00352758321707674,-189.522763182976,-304.010194590487,0.376590763877934,TRUE,0.417015689339259
"lc_centro","ROS",0,0,400,82,0.7,0.62667502261771,-60.5435993842742,-0.756794992303428,0.583388764143605,0.212929305054765,80,0.75,0.72,0.73469387755102,0.272727272727273,0.375,0.315789473684211,0.892857142857143,1,0.943396226415094,0.588235294117647,0.454545454545455,0.512820512820513,-4.10108434986166,0.701558689938945,-2.58398923224801,0.45568923980483,0,NA,-0.461326835429958,0.584519871358624,-0.00682022194906728,0.012882395065693,-0.00343144450768667,0.000723418523923625,-0.00243592773255426,0.000454148203856372,2.57180996053265,0.610379207790203,-0.264598163561126,0.290050695863538,0.000610367808376998,0.0030561817415911,-257.319764012121,-369.560031770227,0.303713221422957,TRUE,0.503127982243444
"lc_centro","ROS",0,1,400,82,0.7375,0.700030538531202,-50.8222459907049,-0.635278074883811,0.625239090097471,0.207272674731133,80,0.75,0.72,0.73469387755102,0.5,0.75,0.6,0.78125,1,0.87719298245614,0.833333333333333,0.454545454545455,0.588235294117647,-4.40591871426573,0.698052338914293,-2.66125796977552,0.512462926320131,0,NA,-2.36254994069161,0.62670850147196,-0.0123581518777443,0.0134385007990248,-0.00126936618196652,0.000642872053711661,-0.00262753507928787,0.000481074056737947,2.4818482448301,0.587928819408718,-1.08159211331819,0.279289971456653,-0.000385740696613506,0.00398602050094526,-255.053923192527,-368.565651483836,0.307982384778165,TRUE,0.102714887672849
"lc_centro","ROS",0,2,400,82,0.725,0.680247789284532,-52.9928197676635,-0.662410247095794,0.62353209191595,0.0986203652237983,80,0.678571428571429,0.76,0.716981132075472,0.571428571428571,0.5,0.533333333333333,0.75,0.96,0.842105263157895,0.846153846153846,0.5,0.628571428571429,-4.22348712096101,0.691720427578253,-2.84166314088061,0.457956713392913,0,NA,-2.05610457781571,0.612477738859112,-0.00577785432287407,0.0124474190879548,-0.00171593425467453,0.000637612371536688,-0.00318542501809644,0.000504593387172903,2.28228104627045,0.615542718339116,-0.995702668012705,0.287671482273285,0.0011205553392898,0.00309298444176854,-244.369408407148,-365.020697513141,0.330532733973665,TRUE,0.296984686491884
"lc_centro","ROS",0,3,400,81,0.746835443037975,0.720904556154446,-49.981777307494,-0.632680725411316,0.642095944288991,0.191738706305305,79,0.75,0.72,0.73469387755102,0.545454545454545,0.75,0.631578947368421,0.884615384615385,0.92,0.901960784313726,0.666666666666667,0.571428571428571,0.615384615384615,-4.90325821143343,0.727047427097779,-3.12228778552133,0.519494673964536,0,NA,-2.21088553505373,0.644732217589413,-0.00937082709164706,0.0130793458247317,-0.00167755698127637,0.000657997880775089,-0.00322799317766181,0.000480285209376174,2.68460694029178,0.635200219145764,-0.649664873852837,0.284034222866879,-0.000935636796775775,0.00356122274889847,-254.180256140341,-370.423077987582,0.313810960372014,TRUE,0.179019094565485
"lc_centro","ROS",0,4,400,81,0.784810126582278,0.736236522911051,-42.6913479050021,-0.540396808924077,0.669557449125415,0.0883803833278305,79,0.826086956521739,0.76,0.791666666666667,0.666666666666667,0.444444444444444,0.533333333333333,0.827586206896552,1,0.905660377358491,0.714285714285714,0.714285714285714,0.714285714285714,-4.39067809287881,0.697022242365511,-2.417976126069,0.451564527714594,0,NA,-1.40781528458568,0.56526316210681,-0.00566670731569495,0.0128277375514528,-0.00239961425640949,0.00066416405583137,-0.00273367638963929,0.000456934273587939,2.91442238455974,0.605395073284007,-1.01290013498892,0.276156252155362,0.00321518559246568,0.00358714633465021,-258.182312621512,-377.171099723008,0.315476947170342,TRUE,0.423458301748413
"lc_centro","ROS",1,0,400,82,0.7625,0.704474452254696,-50.1221103449752,-0.62652637931219,0.644323593240548,0.153956880932278,80,0.714285714285714,0.8,0.754716981132076,0.444444444444444,0.5,0.470588235294118,0.862068965517241,1,0.925925925925926,0.857142857142857,0.545454545454545,0.666666666666667,-4.31688168257196,0.658081401152604,-2.37221223195625,0.4167298136891,0,NA,-1.59099107430811,0.572539314816506,-0.00817851122491783,0.0113659024012362,-0.00196040030188442,0.000616249621618313,-0.00264847802820155,0.000427011934788583,3.05106315204148,0.618637192165638,-0.690033477438851,0.279025474609054,0.00341699229464202,0.00264038487158468,-259.636309206668,-372.436852494744,0.302871594291728,TRUE,0.239701364707013
"lc_centro","ROS",1,1,400,82,0.675,0.648897058823529,-56.3304170019621,-0.704130212524526,0.596599548374416,0.171075118231571,80,0.6,0.84,0.7,0.625,0.625,0.625,0.8,0.8,0.8,0.666666666666667,0.363636363636364,0.470588235294118,-3.54106632810663,0.683993557712444,-2.61938600615876,0.457611631968092,0,NA,-1.44045551772405,0.604063475819644,-0.00616532929845059,0.0124079227182141,-0.00248127882651711,0.000712078256081232,-0.00332826809924269,0.000519590263640233,1.5419865206755,0.593915004139545,-0.792554194797089,0.292137174869143,0.00172324126457048,0.00304113373718951,-257.389196778833,-371.456023241733,0.307080298409021,TRUE,0.402456820455751
"lc_centro","ROS",1,2,400,82,0.725,0.655041882941713,-48.6847213500754,-0.608559016875943,0.630853616621218,0.205860515783199,80,0.857142857142857,0.72,0.782608695652174,0.375,0.375,0.375,0.78125,1,0.87719298245614,0.631578947368421,0.545454545454545,0.585365853658537,-4.42528419413851,0.671717718955635,-2.47081813015641,0.434635208315936,0,NA,-2.14699701325772,0.565145152436515,-0.00332750354852186,0.0120944416944022,-0.00138801454299701,0.000580765890814035,-0.00296609368047998,0.000473295599360792,2.60804069858143,0.616411649024753,-0.986624025098664,0.272670495133437,0.00339031886592936,0.0028630067261784,-264.358242211969,-375.614906325092,0.296198745682449,TRUE,0.417133903167013
"lc_centro","ROS",1,3,400,81,0.734177215189873,0.686046511627907,-55.3566925086559,-0.700717626691847,0.618762615988583,0.213215929848882,79,0.928571428571429,0.52,0.666666666666667,0.5,0.5,0.5,0.714285714285714,1,0.833333333333333,0.727272727272727,0.761904761904762,0.744186046511628,-4.53511780736494,0.700174527133599,-2.93883949861781,0.448910012675292,0,NA,-1.80472740119689,0.602484405058511,-0.022733451215757,0.0187031588962335,-0.00207052391845682,0.000692301748442069,-0.0027099118616033,0.000483022793777961,2.78482289335823,0.63273560564461,-0.583007247794361,0.266171045118176,0.000547663887419426,0.00299802682320871,-254.351864379638,-373.313449745478,0.318664075582989,TRUE,0.0910782924601301
"lc_centro","ROS",1,4,400,81,0.759493670886076,0.744230646804176,-53.8121431096976,-0.681166368477185,0.608860670494551,0.215498275697589,79,0.666666666666667,0.8,0.727272727272727,0.666666666666667,0.888888888888889,0.761904761904762,0.958333333333333,0.958333333333333,0.958333333333333,0.692307692307692,0.428571428571429,0.529411764705882,-4.79746660897463,0.887626104639327,-3.60376871668401,0.743529106746558,0,NA,-2.52945201259344,0.673653461693491,-0.0104098083033476,0.0130096176392173,-0.00102448029967432,0.00060510747140138,-0.00303585815750174,0.00049255081237001,2.1894369772453,0.607483160670167,-0.529066849091308,0.285137041542554,-0.00978412114356765,0.00651547071374687,-271.016387574385,-375.313673219262,0.277893647599525,TRUE,0.0984149054257673
"lc_centro","ROS",2,0,400,82,0.725,0.678102893530197,-52.8298202541801,-0.660372753177251,0.615862193537799,0.203970706795653,80,0.714285714285714,0.8,0.754716981132076,0.5,0.625,0.555555555555556,0.8,0.96,0.872727272727273,0.75,0.409090909090909,0.529411764705882,-4.11446675800498,0.685547922488991,-2.4144400266388,0.434002106470452,0,NA,-2.2027517646168,0.574975784867693,-0.00715507302345389,0.0117402355544859,-0.00146080401070878,0.000627170931216194,-0.00282865307400471,0.000460894037522678,2.43619623709119,0.639034090023535,-0.858150773033665,0.26910367029947,0.00374544015355733,0.00269913555143689,-256.20584998317,-370.932775097968,0.309293038568774,TRUE,0.204163396504879
"lc_centro","ROS",2,1,400,82,0.7875,0.725,-46.2709176465446,-0.578386470581807,0.621308667437778,0.232680207148659,80,0.8,0.8,0.8,0.333333333333333,0.5,0.4,1,1,1,0.777777777777778,0.636363636363636,0.7,-3.97798569098538,0.663289526885954,-2.35357860651677,0.396343709082502,0,NA,-1.39783365034113,0.574461913696752,0.0015682812563166,0.011483854481475,-0.00196542513955401,0.000679992969035344,-0.00249527435045383,0.000473629513757094,2.67110896670757,0.63265165659416,-0.265545621065855,0.270269919649929,0.00219358179359602,0.0024921016499458,-267.339295015401,-369.075348594223,0.275651175203994,TRUE,-1.25323511432521
"lc_centro","ROS",2,2,400,82,0.7875,0.756220569841445,-41.6636967976986,-0.520796209971233,0.671922760921335,0.206256037990422,80,0.730769230769231,0.76,0.745098039215686,0.625,0.625,0.625,0.888888888888889,0.96,0.923076923076923,0.789473684210526,0.681818181818182,0.731707317073171,-4.41719496910581,0.669244333138064,-2.76183760154799,0.431103928867966,0,NA,-1.96842348094338,0.591114259909958,-0.00544161850854588,0.0127796578754832,-0.00163103544627116,0.000654105864675813,-0.00304367632748823,0.000457933908509353,2.49278382325255,0.589563626169917,-0.773731712749148,0.27468539491046,0.000893149095733363,0.00312977759869022,-260.962221555282,-372.60675153154,0.299630990360107,TRUE,0.29973351562769
"lc_centro","ROS",2,3,400,81,0.746835443037975,0.704441842310695,-59.9902768587154,-0.759370593148296,0.600149569877458,0.17957470831009,79,0.76,0.76,0.76,0.666666666666667,0.5,0.571428571428572,0.694444444444444,1,0.819672131147541,0.916666666666667,0.523809523809524,0.666666666666667,-4.5543209944304,0.746253154978307,-3.24816172310186,0.576083948054421,0,NA,-2.22792945774699,0.62554477736048,-0.0215924951583141,0.0172183653375315,-0.0016047331417863,0.000610138157350789,-0.00303911729414483,0.000507017288843916,2.56751304260486,0.611363995572865,-0.602139840961039,0.27925324616963,-0.0015806887279507,0.00411458244719408,-252.900222456162,-372.554635530401,0.321172793633043,TRUE,0.0743190228836707
"lc_centro","ROS",2,4,400,81,0.708860759493671,0.652544351073763,-53.4282886417148,-0.676307451160947,0.61892769978675,0.185276899667491,79,0.730769230769231,0.76,0.745098039215686,0.416666666666667,0.555555555555556,0.476190476190476,0.8,1,0.888888888888889,0.727272727272727,0.380952380952381,0.5,-4.1170016827788,0.673682324463725,-2.50638642807091,0.46146601772163,0,NA,-1.87511460022882,0.569298816039056,-0.0106781397600326,0.0128067934697448,-0.00189268055645144,0.000609653081092335,-0.00306979964834673,0.000468945978527524,2.22628616294987,0.581177392238443,-1.10707763865179,0.282468377325474,0.00171453574718732,0.00324181560196423,-261.7957666291,-375.445007288297,0.302705425436454,TRUE,0.177248153609638
"lc_centro","ROS",3,0,400,82,0.7125,0.646696071224373,-48.271220997172,-0.60339026246465,0.622244020073784,0.238433941846981,80,0.678571428571429,0.76,0.716981132075472,0.307692307692308,0.5,0.380952380952381,0.892857142857143,1,0.943396226415094,0.818181818181818,0.409090909090909,0.545454545454546,-3.98041201095772,0.695980606410741,-2.55593249488554,0.505527118069679,0,NA,-1.50185106142847,0.578794043152935,-0.0103931462129312,0.0122862351173104,-0.00204216487848913,0.000626054827360736,-0.00228373819889883,0.000458842809042343,2.33642160877807,0.58196679680215,-0.560992886613511,0.268809810908649,-0.00183851891339752,0.00417702967215289,-267.187879479155,-371.102674134763,0.28001629171196,TRUE,0.196491498979227
"lc_centro","ROS",3,1,400,82,0.7875,0.759090796879629,-44.983080267329,-0.562288503341612,0.638732724188244,0.209668247879702,80,0.782608695652174,0.72,0.75,0.545454545454545,0.75,0.631578947368421,0.888888888888889,0.96,0.923076923076923,0.789473684210526,0.681818181818182,0.731707317073171,-3.93019661989491,0.669481030647676,-2.15499985930749,0.413633152975824,0,NA,-1.77703192888083,0.559215531009927,-0.0164352097465629,0.0130295655884639,-0.00155190036147668,0.000597194014323668,-0.00259694532004728,0.000456244502438874,2.67817201759333,0.623453934276209,-0.957187344765526,0.282077658574194,0.00323269546038327,0.00263016000802123,-262.869341692711,-374.110828928316,0.297349017012602,TRUE,0.0944253456699098
"lc_centro","ROS",3,2,400,82,0.7125,0.688111888111888,-55.6228536515822,-0.695285670644777,0.596337279913786,0.104701191727632,80,0.633333333333333,0.76,0.690909090909091,0.8,0.5,0.615384615384615,0.814814814814815,0.88,0.846153846153846,0.666666666666667,0.545454545454545,0.6,-4.38641457603989,0.749392451237728,-2.93794759795621,0.536529125439765,0,NA,-2.1373356222558,0.623377831947494,-0.0104632945694653,0.0147805376847869,-0.00140625204827639,0.000644145125944148,-0.00328434024200545,0.000497378295109348,2.40069116162196,0.621343154286422,-0.744271073178003,0.278150900892845,-0.00108029033724047,0.00395331040942309,-261.471640923756,-374.973875145671,0.302693712136138,TRUE,0.134398591088146
"lc_centro","ROS",3,3,400,81,0.746835443037975,0.727207549686541,-51.0461301949858,-0.646153546771973,0.631769383932194,0.213895972432491,79,0.75,0.72,0.73469387755102,0.666666666666667,0.75,0.705882352941177,0.774193548387097,0.96,0.857142857142857,0.733333333333333,0.523809523809524,0.611111111111111,-4.29500880765764,0.659709174382294,-2.7399076913752,0.47536970086149,0,NA,-2.3278197183838,0.586317215170847,-0.00364427746984705,0.0109594407252992,-0.00136977416914777,0.000610913650191342,-0.00309002416934284,0.000475829407192251,2.23182988116251,0.586371688380248,-0.787455639073961,0.280006139153853,0.00106849253202788,0.00311318705242247,-260.035807486277,-370.318845985304,0.297805633428129,TRUE,0.375869889293929
"lc_centro","ROS",3,4,400,81,0.645569620253165,0.563935406698565,-59.9135409619283,-0.758399252682637,0.624365147834354,0.243122125108942,79,0.782608695652174,0.72,0.75,0.272727272727273,0.333333333333333,0.3,0.727272727272727,1,0.842105263157895,0.5,0.285714285714286,0.363636363636364,-5.18174249320507,0.809656235734911,-3.08228431685952,0.552363140176019,0,NA,-2.17152932697553,0.655733048730166,-0.00936359128065879,0.014970776004424,-0.00209874196412934,0.000668304890481213,-0.00302359989154769,0.000479663689354945,2.66641892548839,0.661360361251126,-1.449774636943,0.281247653629178,-0.00136086872091008,0.00420001140790985,-242.488988252553,-376.727069647139,0.356327145591952,TRUE,0.224138570471828
"lc_centro","ROS",4,0,400,82,0.675,0.643234415826801,-63.3107097450967,-0.791383871813708,0.598344220222646,0.209572137580993,80,0.636363636363636,0.56,0.595744680851064,0.5,0.75,0.6,0.78125,1,0.87719298245614,0.642857142857143,0.409090909090909,0.5,-5.22968043749161,0.77380003445581,-3.09306970710577,0.521229082714228,0,NA,-2.56793565690001,0.621046729267785,-0.023339987461766,0.0129945231164269,-0.00120833584037606,0.000620234456031287,-0.00302669129591512,0.000514327568362476,3.29566328288584,0.653926549344533,-0.892894696036009,0.273099426137092,-0.00165783772891479,0.00391443552461823,-255.968657015811,-376.37372054017,0.319908263923298,TRUE,0.0517710578189247
"lc_centro","ROS",4,1,400,82,0.7375,0.689020641194554,-53.3988692779207,-0.667485865974009,0.594538344347042,0.273344021072499,80,0.8,0.8,0.8,0.4,0.75,0.521739130434783,0.827586206896552,0.96,0.888888888888889,0.818181818181818,0.409090909090909,0.545454545454546,-4.35981093475456,0.711388301669841,-2.70915619004094,0.496335120470834,0,NA,-2.45790868540094,0.624178244742612,-0.0077719205694249,0.0125970042266193,-0.00111289927554095,0.000636478985111584,-0.00309154918183267,0.000488225249714299,2.20861880120744,0.574187275699899,-0.99664213413448,0.273796382837854,-0.000780661336609917,0.0038825849792146,-257.585470077094,-371.168341169281,0.306014437369228,TRUE,0.143194885434
"lc_centro","ROS",4,2,400,82,0.7625,0.703446804504124,-48.3573754995031,-0.604467193743789,0.639593019893474,0.182248104344104,80,0.818181818181818,0.72,0.765957446808511,0.6,0.375,0.461538461538462,0.75,0.96,0.842105263157895,0.761904761904762,0.727272727272727,0.744186046511628,-4.71224711587057,0.703992329499525,-2.91489303167807,0.447375360972989,0,NA,-1.58922561768837,0.577543824923413,-0.00310722992515448,0.0130762444298974,-0.00209783419790292,0.000646426887279916,-0.00273262013909745,0.000456192484487639,2.79764987735047,0.649216377875095,-0.45703875533241,0.277510711332579,0.000397686467266976,0.00304980598843523,-262.540114258353,-376.609286611482,0.302884651038374,TRUE,0.67514611034091
"lc_centro","ROS",4,3,400,81,0.835443037974684,0.781746031746032,-39.8000127352833,-0.503797629560548,0.683933627564974,0.147689965868566,79,0.793103448275862,0.92,0.851851851851852,0.666666666666667,0.5,0.571428571428572,0.862068965517241,1,0.925925925925926,0.933333333333333,0.666666666666667,0.777777777777778,-4.34254310374018,0.662169423959178,-2.61837321987188,0.437380235454202,0,NA,-1.98418392225059,0.581967769118527,-0.00691802964959265,0.0120325149277951,-0.00174193851955831,0.000636558951553259,-0.00279396427514557,0.000458781218049779,2.80787752182421,0.630093382792007,-0.724976460748339,0.263794848645516,0.00273778113701328,0.00311662498868412,-257.733143409739,-371.847937316462,0.306885644519808,TRUE,0.25179691440913
"lc_centro","ROS",4,4,400,81,0.734177215189873,0.685740392648287,-54.4272010797624,-0.688951912402055,0.622806686680629,0.16124645446553,79,0.6875,0.88,0.771929824561404,0.555555555555556,0.555555555555556,0.555555555555556,0.958333333333333,0.958333333333333,0.958333333333333,0.571428571428571,0.380952380952381,0.457142857142857,-3.82921847048512,0.701082494723249,-2.11031431353903,0.415056670403199,0,NA,-1.02126900862681,0.557990949569389,-0.00445865143597849,0.0128378937014414,-0.00272483280537373,0.000635335530403099,-0.00278243097097224,0.00044655877015652,2.44673665011263,0.653874558215884,-1.08153736951876,0.290482697197091,0.00322394290419569,0.00260639453256373,-256.193306599683,-370.52730998986,0.308571056188289,TRUE,0.611133847195602
"lc_centro","ROS",5,0,400,82,0.725,0.698066614185035,-55.9910313707434,-0.699887892134293,0.595961862373342,0.234537737263194,80,0.655172413793103,0.76,0.703703703703704,0.625,0.625,0.625,0.851851851851852,0.92,0.884615384615385,0.6875,0.5,0.578947368421053,-4.31709493874657,0.710757236791261,-2.58960188863031,0.530730950209891,0,NA,-1.80550479930211,0.605911325195965,0.00189371756703501,0.0108879994039954,-0.00187380569243167,0.000609631229572421,-0.00310880856443929,0.000494614148766983,2.15579879329724,0.568688203436605,-0.874237556312757,0.287896162394818,0.000273475312363564,0.00375532925473821,-265.909483091026,-374.412062034146,0.289794560446679,TRUE,-0.989485298679192
"lc_centro","ROS",5,1,400,82,0.7125,0.652041851223248,-57.6547464462388,-0.720684330577985,0.601889313127645,0.190321824902257,80,0.791666666666667,0.76,0.775510204081633,0.444444444444444,0.5,0.470588235294118,0.757575757575758,1,0.862068965517241,0.642857142857143,0.409090909090909,0.5,-4.80736450359015,0.765651469126566,-3.08480789029299,0.495146493375902,0,NA,-2.5033695601768,0.635762432765826,-0.0280397015544009,0.0195216723338805,-0.00138147342537537,0.000609382691438739,-0.00285535120343574,0.000478582959253671,2.99554230295054,0.664547565153253,-0.826365723985053,0.268917116331914,0.000826051380211202,0.00355433066602516,-235.067564946275,-358.79592392148,0.344843268069794,TRUE,0.0492684782216789
"lc_centro","ROS",5,2,400,82,0.7,0.652269926444455,-55.9844698349143,-0.699805872936428,0.611811545949496,0.177186462699181,80,0.739130434782609,0.68,0.708333333333333,0.357142857142857,0.625,0.454545454545455,0.857142857142857,0.96,0.90566037735849,0.666666666666667,0.454545454545455,0.54054054054054,-4.40521803536971,0.732647429930134,-2.89336156589921,0.482995037860466,0,NA,-1.48860101096213,0.653000802645921,-0.00190629585227236,0.0133308826466055,-0.00258422899943226,0.000724319225505477,-0.00343154251298683,0.000526096082240177,2.23310501275283,0.621879267644281,-0.728063049620123,0.278984414699481,0.000313803333746091,0.00348584538513327,-253.271011041627,-373.352014713239,0.321629451400826,TRUE,1.35562850664118
"lc_centro","ROS",5,3,400,81,0.79746835443038,0.764161975836504,-43.2569916608467,-0.547556856466414,0.674383874785383,0.138979771086054,79,0.740740740740741,0.8,0.769230769230769,0.625,0.625,0.625,0.857142857142857,0.96,0.90566037735849,0.875,0.666666666666667,0.756756756756757,-4.49111011505134,0.660988141877626,-2.74538844436106,0.425208589463626,0,NA,-1.97631640553656,0.523961480117892,-0.0111481485390681,0.0123094528760869,-0.00156683874331548,0.000565750269683288,-0.0026058178966721,0.000446450667376609,2.91277043110532,0.627016984535554,-0.472966455519957,0.273025511753802,0.000522425328430042,0.00280716082555822,-269.923902621271,-376.949084685073,0.283924769715829,TRUE,0.140546991980289
"lc_centro","ROS",5,4,400,81,0.734177215189873,0.684748427672956,-47.7273874146287,-0.604144144488971,0.6325932007836,0.17099193382511,79,0.730769230769231,0.76,0.745098039215686,0.454545454545455,0.555555555555556,0.5,0.827586206896552,1,0.905660377358491,0.769230769230769,0.476190476190476,0.588235294117647,-4.5036782572008,0.680938844284378,-2.24185810978816,0.430068792545568,0,NA,-2.02146683538167,0.540081886540172,-0.00500150967199911,0.01270426428928,-0.0015035196005417,0.000603941552771628,-0.00263594088488197,0.000460498655185113,2.92075195101078,0.627529069626577,-1.26685207967804,0.293858499124986,0.00269317922254981,0.00299095428988951,-258.531221730744,-377.236766757525,0.314671197208836,TRUE,0.30061315465591
"lc_centro","ROS",6,0,400,82,0.6625,0.566451484808483,-58.510459951386,-0.731380749392325,0.582690450899889,0.192213355682915,80,0.689655172413793,0.8,0.740740740740741,0.333333333333333,0.25,0.285714285714286,0.727272727272727,0.96,0.827586206896552,0.583333333333333,0.318181818181818,0.411764705882353,-3.79160328539278,0.710719495180894,-2.26271586170841,0.431480775509645,0,NA,-1.35168579326266,0.591595994360333,-0.0102690238115164,0.0138619505420656,-0.00224279100646667,0.000653712088051464,-0.00251713738947422,0.000456174974868039,2.28697395247775,0.647841927862593,-0.918076844803226,0.284872225096045,0.00265958028403194,0.00268401082340896,-256.961350840989,-367.009458085921,0.299850875284988,TRUE,0.218403525752025
"lc_centro","ROS",6,1,400,82,0.725,0.673858276157804,-47.8684012870942,-0.598355016088678,0.630307099818911,0.208924314850111,80,0.666666666666667,0.8,0.727272727272727,0.416666666666667,0.625,0.5,0.857142857142857,0.96,0.90566037735849,0.9,0.409090909090909,0.5625,-4.04567016326498,0.657063437332615,-2.28180990803552,0.438994091880093,0,NA,-1.73321385715511,0.567844161862985,-0.0168847808189227,0.0152090198706719,-0.00168927819105087,0.000596187749838282,-0.00262876185034448,0.000459481253383673,2.86652684866136,0.587613482154151,-0.799242508682286,0.276270122808772,0.00168988752169772,0.00319629260000758,-263.622887253009,-372.894433603992,0.29303614241404,TRUE,0.100047386410708
"lc_centro","ROS",6,2,400,82,0.7625,0.758092243186583,-51.5081675078861,-0.643852093848576,0.624452066890896,0.197330038128812,80,0.72,0.72,0.72,0.7,0.875,0.777777777777778,0.821428571428571,0.92,0.867924528301887,0.764705882352941,0.590909090909091,0.666666666666667,-3.96339315540501,0.630395028288101,-2.51885418759349,0.475915372616995,0,NA,-2.01737746319403,0.5703511909333,-0.00590305549621846,0.0118640213456787,-0.0014035975579065,0.000585480642388601,-0.00313649857861331,0.000456753689373457,2.12735572364644,0.518254333904514,-0.725373071560935,0.272161855835408,0.001382984347749,0.00350682334630425,-274.933089746939,-382.494262129553,0.281209897852487,TRUE,0.237774752211911
"lc_centro","ROS",6,3,400,81,0.772151898734177,0.734215980686569,-47.4256583669084,-0.600324789454537,0.630602551963543,0.156241489508175,79,0.72,0.72,0.72,0.555555555555556,0.625,0.588235294117647,0.862068965517241,1,0.925925925925926,0.8125,0.619047619047619,0.702702702702703,-3.7096142885434,0.634478353901326,-2.47894287492516,0.41843106818479,0,NA,-1.94216624893275,0.565033488100778,-0.0113873759705688,0.0120439273912944,-0.00148017085989964,0.00058905278993931,-0.00276430282619868,0.000462707942075149,2.31737397758776,0.589745879027583,-0.406247692279972,0.272839988163526,0.0038111508009072,0.00276677298858311,-268.678382984871,-374.921759144532,0.283374793722507,TRUE,0.129983489060624
"lc_centro","ROS",6,4,400,81,0.79746835443038,0.757666672628309,-49.1224137761797,-0.621802706027592,0.648871656259015,0.206023246050844,79,0.904761904761905,0.76,0.826086956521739,0.461538461538462,0.666666666666667,0.545454545454546,0.888888888888889,1,0.941176470588235,0.777777777777778,0.666666666666667,0.717948717948718,-5.21880874479067,0.784018866715784,-2.84560073283777,0.552698144724002,0,NA,-1.59774938728404,0.652350137054909,-0.00364787279308846,0.0136900246010373,-0.00229247514967338,0.000745772787817623,-0.00296971995926335,0.000498685312308337,3.12167264436282,0.63425122048593,-1.05365163954006,0.274074360147855,-0.00363766457723419,0.00429777583733629,-259.009001223418,-372.60675153154,0.304873032603936,TRUE,0.628441637004689
"lc_centro","ROS",7,0,400,82,0.725,0.636682220544843,-56.532235489166,-0.706652943614575,0.620245784232504,0.189368677280034,80,0.76,0.76,0.76,0.4,0.25,0.307692307692308,0.735294117647059,1,0.847457627118644,0.75,0.545454545454545,0.631578947368421,-4.42752591800067,0.69114755066749,-3.12390411151133,0.448235835356754,0,NA,-2.10647281779642,0.610161999969987,-0.0204373705355192,0.0163151591861908,-0.00199948468636167,0.000660616690589091,-0.00325220358450678,0.000486504347105553,2.44458078727848,0.624685934425712,-0.706958024691097,0.275807581529782,0.00259592057792294,0.00294122751566987,-240.025986887365,-367.976736305555,0.347714235151931,TRUE,0.0978347328432814
"lc_centro","ROS",7,1,400,82,0.65,0.585805610724926,-57.2277730186644,-0.715347162733305,0.608974629104454,0.126796117987087,80,0.642857142857143,0.72,0.679245283018868,0.375,0.375,0.375,0.821428571428571,0.92,0.867924528301887,0.5,0.363636363636364,0.421052631578947,-4.94814175931589,0.778140248665342,-2.96705632592535,0.489309439387629,0,NA,-2.05510058511163,0.636994221846984,-0.0134029751785992,0.0175161429200598,-0.00199131113281641,0.000695570472292514,-0.00356170519970539,0.000530615619173937,2.96279224352846,0.666618954895147,-1.25269652682613,0.270099650013237,0.000593016829760707,0.00353441976928677,-242.281857128674,-372.60675153154,0.34976525215173,TRUE,0.148572321166122
"lc_centro","ROS",7,2,400,82,0.7625,0.73872397443826,-50.4959361915411,-0.631199202394264,0.623813642873809,0.214256275657197,80,0.75,0.72,0.73469387755102,0.583333333333333,0.875,0.7,0.833333333333333,1,0.909090909090909,0.785714285714286,0.5,0.611111111111111,-4.17590320370132,0.65290226035583,-2.45099532476706,0.491850164073904,0,NA,-1.91419492552785,0.591874095799018,-0.00153531641562939,0.0114838456980925,-0.00163810439242159,0.000623193492090824,-0.00273132723089132,0.000459510542199382,2.37330015625652,0.567114049662121,-0.875690425456506,0.279537136407995,0.000392810232797611,0.0033389787569491,-262.533978253448,-371.625922278528,0.293553106726816,TRUE,1.06694905085742
"lc_centro","ROS",7,3,400,81,0.822784810126582,0.782803023611847,-47.1162479862273,-0.596408202357308,0.620374697829409,0.198928689478329,79,0.807692307692308,0.84,0.823529411764706,0.625,0.625,0.625,0.862068965517241,1,0.925925925925926,0.875,0.666666666666667,0.756756756756757,-3.85582195868712,0.646220720448879,-2.78438781299063,0.48361959049391,0,NA,-1.84085913383489,0.596575620022792,-0.0110090265122437,0.012043496785301,-0.00137142455708424,0.000614323356174503,-0.00250326532965662,0.000465299561541907,2.11221492664251,0.582817830065614,-0.204380150865305,0.272730156454527,-0.00182819786970078,0.00360738298988997,-273.975929227907,-368.801217555149,0.257117611909898,TRUE,0.124572736341311
"lc_centro","ROS",7,4,400,81,0.759493670886076,0.728457424928013,-43.4373496535819,-0.549839869032682,0.659637015130548,0.192606149298924,79,0.740740740740741,0.8,0.769230769230769,0.538461538461538,0.777777777777778,0.636363636363636,0.884615384615385,0.958333333333333,0.92,0.769230769230769,0.476190476190476,0.588235294117647,-3.75763271083751,0.653354505419908,-2.316909628259,0.420956029571643,0,NA,-1.92624124213489,0.548222339456834,-0.0114040770524996,0.0117466526003271,-0.00162012956267891,0.000553642276011924,-0.00285218470379987,0.00044630135960063,2.45255981759563,0.581466280975246,-0.731573153621823,0.281416757378829,0.00405035768406556,0.00272770004827389,-261.566299013371,-373.247782710961,0.299215397574309,TRUE,0.142065820427249
"lc_centro","ROS",8,0,400,82,0.8125,0.754035087719298,-44.9067300131403,-0.561334125164254,0.695037647473715,0.162067008315344,80,0.657142857142857,0.92,0.766666666666667,0.75,0.375,0.5,0.96,0.96,0.96,0.9375,0.681818181818182,0.789473684210526,-4.7771069501686,0.735908897889829,-2.74407261288056,0.461288143304787,0,NA,-1.36878008949426,0.581038313179253,-0.00232375200073649,0.0116051805795022,-0.00262485416346293,0.000661443556355794,-0.00298589102525376,0.000508379835000972,3.34444782548914,0.638353895821063,-0.688850993176319,0.27461773495079,0.00167626540548495,0.00313990559529377,-251.126200463782,-369.598596737987,0.320543414720245,TRUE,1.12957585948544
"lc_centro","ROS",8,1,400,82,0.75,0.708518518518519,-47.9718641157607,-0.599648301447008,0.631644618586379,0.225984650821308,80,0.76,0.76,0.76,0.416666666666667,0.625,0.5,0.793103448275862,0.92,0.851851851851852,0.928571428571429,0.590909090909091,0.722222222222222,-4.16520710307273,0.661795321595546,-2.55835104422793,0.478106720600821,0,NA,-2.17301449322152,0.562395719445422,-0.0181976622232202,0.0124000608809579,-0.00116827750513534,0.000563035192641643,-0.00237504808326509,0.000436662780315313,2.74330831682041,0.591271043619663,-0.702252165314835,0.273665826586117,-0.00075361458434713,0.00391561722421266,-261.951715876,-369.088899627601,0.290274738307488,TRUE,0.0641993180665049
"lc_centro","ROS",8,2,400,82,0.75,0.704410173160173,-56.2697655975009,-0.703372069968761,0.620464122072911,0.221069455897512,80,0.826086956521739,0.76,0.791666666666667,0.428571428571429,0.75,0.545454545454545,0.833333333333333,1,0.909090909090909,0.769230769230769,0.454545454545455,0.571428571428571,-4.73903535767159,0.695946661021234,-3.01068247335735,0.532224403398477,0,NA,-2.12147233221973,0.638025112686511,-0.0180380406574561,0.0151180778429746,-0.00171873114863652,0.00064242015818327,-0.00328527134937261,0.000484000802149094,2.64387257075657,0.578162366338598,-0.922726174857078,0.280339170385021,-0.00210044698478315,0.00390332321394775,-251.720677431471,-376.779185648278,0.331914588120451,TRUE,0.095283694125951
"lc_centro","ROS",8,3,400,81,0.721518987341772,0.66646475523848,-51.0351608083437,-0.646014693776503,0.615674978794711,0.207844911582865,79,0.80952380952381,0.68,0.739130434782609,0.444444444444444,0.5,0.470588235294118,0.78125,1,0.87719298245614,0.647058823529412,0.523809523809524,0.578947368421053,-3.60051778789936,0.736052433985662,-2.88590345249943,0.457881722822646,0,NA,-1.66337563187731,0.624558742663294,-0.0230046226899789,0.0193365735162342,-0.00229796648937398,0.000689806183428329,-0.00281348624270135,0.000476487061027842,1.58582133183957,0.638190336866856,-0.747738800021517,0.285767713834346,0.00152897617934631,0.00291220343580982,-251.026340412958,-370.239627917408,0.321989540058213,TRUE,0.0998915096475371
"lc_centro","ROS",8,4,400,81,0.721518987341772,0.690069543067109,-56.163527047259,-0.710930722117202,0.580146670891726,0.142387022647692,79,0.689655172413793,0.8,0.740740740740741,0.636363636363636,0.777777777777778,0.7,0.793103448275862,0.958333333333333,0.867924528301887,0.7,0.333333333333333,0.451612903225806,-4.17702341895223,0.695689188471272,-2.53994672807483,0.467322208416127,0,NA,-2.30891019485985,0.57866570495146,-0.00512275002115585,0.0111737866151256,-0.00106155820471411,0.000579629844670614,-0.00289502313883428,0.000494254590441754,2.5275338742924,0.611623875760757,-0.739388494125708,0.276439461073162,0.0011940697030973,0.00309708375707101,-262.933777947761,-371.861488349841,0.292925494612131,TRUE,0.207224283896364
"lc_centro","ROS",9,0,400,82,0.75,0.728059831181728,-56.5184175997801,-0.706480219997252,0.585819222811518,0.206186269836492,80,0.739130434782609,0.68,0.708333333333333,0.538461538461538,0.875,0.666666666666667,0.857142857142857,0.96,0.90566037735849,0.75,0.545454545454545,0.631578947368421,-4.53529915911257,0.759831475738119,-2.69417971139001,0.502887970676827,0,NA,-1.70711756933344,0.610174675605282,-0.00151421128030888,0.0117069711983736,-0.0020922838242399,0.000655125737752343,-0.00326253449024541,0.000483311460564003,2.62899829371638,0.667224944626202,-0.808230064100338,0.284396254780778,0.000619909296498073,0.0037606357853731,-251.051403718445,-370.984891099107,0.323284021150668,TRUE,1.38176478503918
"lc_centro","ROS",9,1,400,82,0.725,0.676598651071459,-55.8107837895964,-0.697634797369955,0.614876115101842,0.179266566968703,80,0.642857142857143,0.72,0.679245283018868,0.444444444444444,0.5,0.470588235294118,0.923076923076923,0.96,0.941176470588235,0.705882352941177,0.545454545454545,0.615384615384615,-4.31686683665061,0.658455019924908,-2.39092292801253,0.437438852080219,0,NA,-1.75379068007037,0.570191879086928,-0.0309926015111033,0.016005721102937,-0.00155014159411573,0.0006059717622902,-0.00254799794227187,0.000453143586387541,3.40841352773883,0.599047209397647,-0.774370256376682,0.284274636203284,0.000920763207558128,0.00316611275712304,-260.004482617539,-372.253402424571,0.301539002937056,TRUE,0.0500165045377163
"lc_centro","ROS",9,2,400,82,0.75,0.699158249158249,-48.9958205220117,-0.612447756525147,0.651376181219037,0.10268182654222,80,0.758620689655172,0.88,0.814814814814815,1,0.375,0.545454545454545,0.766666666666667,0.92,0.836363636363636,0.666666666666667,0.545454545454545,0.6,-4.25347033126239,0.704862826407299,-2.90291439325293,0.464461029761148,0,NA,-1.96954295667309,0.596207596126411,-0.00599758237961645,0.0121703034776506,-0.0018291201060422,0.000620799669247751,-0.00328449442181804,0.000500074823309056,2.28133805993496,0.609852677746703,-0.643664734247714,0.279386930705298,0.00210918119499526,0.00293916868467732,-259.582935822508,-372.031387386636,0.302255281077308,TRUE,0.304976237134933
"lc_centro","ROS",9,3,400,81,0.658227848101266,0.589777228996244,-54.1071122166829,-0.684900154641556,0.625398422009135,0.266923252169853,79,0.695652173913043,0.64,0.666666666666667,0.285714285714286,0.5,0.363636363636364,0.78125,1,0.87719298245614,0.7,0.333333333333333,0.451612903225806,-4.06526503743431,0.668263542168521,-2.48381141249801,0.459505957872635,0,NA,-1.65613281021736,0.609938863263014,-0.0149376971325653,0.0170283369590215,-0.00235199786585694,0.000701680422197118,-0.00272716031817401,0.000495602469342543,2.26707721905003,0.584165569731132,-1.05393298519171,0.265643280882523,0.00179849089426023,0.00311464319440341,-249.349790544112,-368.225853410246,0.322834645544815,TRUE,0.157453846130634
"lc_centro","ROS",9,4,400,81,0.784810126582278,0.751411170528818,-47.1421609524434,-0.596736214587892,0.641041154461093,0.180185888629645,79,0.869565217391304,0.8,0.833333333333333,0.538461538461538,0.777777777777778,0.636363636363636,0.8,1,0.888888888888889,0.846153846153846,0.523809523809524,0.647058823529412,-4.56650151868771,0.739065850344835,-2.64191462091901,0.526494146325127,0,NA,-1.66728552657488,0.602230191889345,0.00187844881418536,0.0112815836176175,-0.00201655307148367,0.00067252805949316,-0.00274587606574071,0.000463666162288714,2.25618992495068,0.578299892252877,-1.3208654917113,0.29244951023726,-0.00346655703624491,0.00428034124074013,-268.713311617231,-380.532603623529,0.293849438764316,TRUE,-1.07352037290311
"lc_centro","SMOTE",0,0,400,82,0.725,0.65280237355709,-57.6091762437757,-0.720114703047196,0.608433031763039,0.172918379555239,80,0.666666666666667,0.8,0.727272727272727,0.428571428571429,0.375,0.4,0.892857142857143,1,0.943396226415094,0.666666666666667,0.454545454545455,0.54054054054054,-4.46546374982431,0.784210179742609,-2.94339391295555,0.490523243069931,0,NA,-1.06025470146481,0.612339403684273,-0.000915258561262603,0.0124397155782657,-0.00319197706686009,0.000705121199097362,-0.00273051015898353,0.00047680258453077,2.59082241791592,0.69171097994494,-0.51915824230397,0.289624924864799,0.000960401844426612,0.00320641323475509,-232.684126054503,-356.480916308487,0.347274663496584,TRUE,3.48751402276614
"lc_centro","SMOTE",0,1,400,82,0.75,0.718009308986753,-50.3119900713036,-0.628899875891295,0.634916302957782,0.183749822737815,80,0.75,0.72,0.73469387755102,0.545454545454545,0.75,0.631578947368421,0.78125,1,0.87719298245614,0.846153846153846,0.5,0.628571428571429,-4.6634122854642,0.769116222206836,-2.8569412046876,0.531250370214072,0,NA,-2.3374115791828,0.643669819197053,-0.0155323651613434,0.0156877314930638,-0.00149025491839744,0.000667189060185441,-0.00282416972093237,0.000503721368837344,2.60598519395508,0.677335606753098,-1.46723954245579,0.298381705408594,-0.000403830851198428,0.00408363164513675,-233.752728751839,-359.711086139974,0.350165347250714,TRUE,0.0959451379694801
"lc_centro","SMOTE",0,2,400,82,0.725,0.659048238683893,-53.4697981880657,-0.668372477350822,0.640487071248796,0.118138786058283,80,0.678571428571429,0.76,0.716981132075472,0.5,0.375,0.428571428571429,0.757575757575758,1,0.862068965517241,0.846153846153846,0.5,0.628571428571429,-4.55460155205817,0.779827529126345,-3.01037854024114,0.489798942368218,0,NA,-2.06080350995728,0.692374789373023,-0.00332903366344802,0.012364158174963,-0.00225290045958756,0.00077082711467449,-0.00323732660794979,0.000551958534885494,2.56689694097125,0.704626605635073,-1.30174216728363,0.295677221699985,0.00174618387136103,0.00328818215351137,-215.921425994157,-352.935962337792,0.388213588199037,TRUE,0.676743069414965
"lc_centro","SMOTE",0,3,400,81,0.746835443037975,0.720904556154446,-48.5144969713398,-0.614107556599238,0.650021376692192,0.17896192500414,79,0.75,0.72,0.73469387755102,0.545454545454545,0.75,0.631578947368421,0.884615384615385,0.92,0.901960784313726,0.666666666666667,0.571428571428571,0.615384615384615,-4.89690004751775,0.731855353510817,-2.83413579351774,0.477285548020893,0,NA,-1.89568991411818,0.621245997124062,-0.0026060229274878,0.0127193281135813,-0.00193351909723823,0.000668076972599232,-0.00316658779079462,0.000495316313337383,2.80248392230836,0.683062540548551,-1.15286314467308,0.295500291074069,-0.000136375713300946,0.0032342836737026,-248.556682464225,-366.943791051404,0.32263009069581,TRUE,0.741942473661251
"lc_centro","SMOTE",0,4,400,81,0.772151898734177,0.697100078859746,-42.6434800241682,-0.539790886381875,0.678874852413871,0.0796493057113057,79,0.807692307692308,0.84,0.823529411764706,0.428571428571429,0.333333333333333,0.375,0.827586206896552,1,0.905660377358491,0.764705882352941,0.619047619047619,0.684210526315789,-4.41448288076301,0.764058718865307,-2.71486694164454,0.496379431514781,0,NA,-2.11642152787374,0.603482308203343,-0.00799845709783266,0.0135182494363125,-0.00171421936954787,0.000659268783388197,-0.00263846531027925,0.000484808390876592,2.64490751812251,0.670316520487502,-1.37552486021222,0.294352845029307,0.00110632033410408,0.0039029228168039,-239.080760605719,-363.869969223334,0.342950007344582,TRUE,0.214318755302491
"lc_centro","SMOTE",1,0,400,82,0.775,0.717592592592593,-49.9023061951519,-0.623778827439398,0.668591825156559,0.130813580907406,80,0.724137931034483,0.84,0.777777777777778,0.5,0.5,0.5,0.862068965517241,1,0.925925925925926,0.857142857142857,0.545454545454545,0.666666666666667,-4.80305766160716,0.733145433525554,-2.7342907333437,0.46273753369061,0,NA,-1.89889536475575,0.6643076591423,-0.0133799126242652,0.0128267983695095,-0.00217246995643802,0.000726061077638896,-0.00297007624206409,0.000461154983671867,3.44712008074498,0.681514871964216,-1.06300116537192,0.280250500003006,0.00375545688867179,0.00304202249279585,-230.570245359739,-363.176822042774,0.365129514425391,TRUE,0.162368022680367
"lc_centro","SMOTE",1,1,400,82,0.7,0.629165189649061,-54.397246016303,-0.679965575203787,0.619278853335435,0.16020243526143,80,0.621621621621622,0.92,0.741935483870968,0.5,0.375,0.428571428571429,0.814814814814815,0.88,0.846153846153846,0.8,0.363636363636364,0.5,-4.2925005936338,0.752493180596897,-2.98286624013003,0.502516399830121,0,NA,-1.62499073907361,0.644804804486023,-0.000198691873593959,0.0117681302363198,-0.002587354117167,0.000761913814557386,-0.00312730948088377,0.000554711860257548,2.08959769416706,0.653504139042359,-1.10793393340423,0.301113178643623,-0.000753537351436202,0.0037070581328765,-234.746667879416,-357.396078526982,0.343175031894778,TRUE,13.0219423188613
"lc_centro","SMOTE",1,2,400,82,0.7375,0.661866720372359,-49.5231059016408,-0.61903882377051,0.646769744972091,0.19194430599135,80,0.833333333333333,0.8,0.816326530612245,0.375,0.375,0.375,0.78125,1,0.87719298245614,0.6875,0.5,0.578947368421053,-4.33608292914588,0.752098722783059,-2.88670755585024,0.493387166647742,0,NA,-2.83713206170786,0.629109767607467,-0.00847351604179587,0.0128394308350202,-0.000934035390030237,0.00060646635579649,-0.00293369066129569,0.000496297126697752,2.41028181553835,0.669355861936617,-1.12922560436962,0.281819472659613,0.00357558374813353,0.00303623212648262,-231.916809106778,-354.100241660977,0.345053231201067,TRUE,0.110229966571501
"lc_centro","SMOTE",1,3,400,81,0.69620253164557,0.649608317903433,-55.5455053210065,-0.703107662291221,0.640637168679999,0.198137827973591,79,0.8,0.48,0.6,0.444444444444444,0.5,0.470588235294118,0.705882352941177,0.96,0.813559322033898,0.714285714285714,0.714285714285714,0.714285714285714,-4.63210856966411,0.80304559338429,-3.17453482456179,0.490948993983387,0,NA,-1.82555795224674,0.648573434163685,-0.0258571428935893,0.0215592371184181,-0.00255670353851157,0.000737062809105091,-0.00314275020915729,0.00053421642847593,2.65601787111151,0.732436231895716,-1.2371610652418,0.287073084164142,0.00111636444138861,0.00316235509919756,-223.672417456704,-360.168667249221,0.378978690275876,TRUE,0.0988780372616282
"lc_centro","SMOTE",1,4,400,81,0.734177215189873,0.699395313681028,-50.5256999273466,-0.639565821865146,0.629854502722145,0.194764796423298,79,0.655172413793103,0.76,0.703703703703704,0.545454545454545,0.666666666666667,0.6,0.96,1,0.979591836734694,0.642857142857143,0.428571428571429,0.514285714285714,-5.03443498514193,0.851225730924522,-3.20715431924698,0.657562809602339,0,NA,-2.17353328916778,0.691401923023087,-0.00111681052938461,0.0121122738808446,-0.00162197125098889,0.000699868741700331,-0.0028182135090044,0.000507041542455753,2.51482379593445,0.66456908550193,-1.44921696311222,0.308382472556357,-0.00743584763726617,0.00550627876412686,-240.417454819897,-360.57413235733,0.333237098157548,TRUE,1.45232446177117
"lc_centro","SMOTE",2,0,400,82,0.725,0.678102893530197,-50.595676662928,-0.6324459582866,0.638576482232233,0.150267687597878,80,0.714285714285714,0.8,0.754716981132076,0.5,0.625,0.555555555555556,0.8,0.96,0.872727272727273,0.75,0.409090909090909,0.529411764705882,-4.71189229883104,0.762379532627261,-2.67866904063588,0.471948322586807,0,NA,-2.12944729148932,0.635833851672831,-0.00597396429992733,0.0129209130676157,-0.00183454580041683,0.000694163918714898,-0.00303177754890068,0.000502311970646967,2.9957254222141,0.707879639652818,-1.33867531647233,0.298571097364487,0.00333488416200872,0.00308467900071699,-232.558226398565,-361.097380501094,0.355968115648347,TRUE,0.30709018472694
"lc_centro","SMOTE",2,1,400,82,0.7625,0.704299668585383,-45.4729893176493,-0.568412366470617,0.644177328838169,0.182710736934555,80,0.724137931034483,0.84,0.777777777777778,0.4,0.5,0.444444444444444,1,0.96,0.979591836734694,0.705882352941177,0.545454545454545,0.615384615384615,-4.3790908426018,0.775659157870906,-2.38241903591043,0.447582026068661,0,NA,-1.02055489337241,0.61498765427219,0.000915233813146681,0.0131325698758672,-0.00288743293707714,0.000760344429680719,-0.0024860994175395,0.000496351495497795,2.86017365287131,0.708800542907374,-1.20359308532489,0.284430613928477,0.000789336993929961,0.00316815198622909,-236.658906401519,-358.664589852445,0.340166514628943,TRUE,-3.15485824015811
"lc_centro","SMOTE",2,2,400,82,0.7625,0.718521168753727,-41.0061270091006,-0.512576587613758,0.682543988444191,0.184209654334555,80,0.72,0.72,0.72,0.571428571428571,0.5,0.533333333333333,0.888888888888889,0.96,0.923076923076923,0.714285714285714,0.681818181818182,0.697674418604651,-5.01490331106654,0.725196320871593,-2.95266617657004,0.452859062372812,0,NA,-1.87683738450374,0.591392618937924,-0.00323064612315572,0.0126755786144056,-0.00192694588156201,0.00066179177838102,-0.00298598967686136,0.000490260199894448,3.17580925484207,0.649460578635458,-0.715535952225385,0.278342390909261,0.001045925534096,0.0030442440518386,-247.533098570029,-364.68089943955,0.321233717064854,TRUE,0.596458357896456
"lc_centro","SMOTE",2,3,400,81,0.746835443037975,0.704441842310695,-61.1481112970098,-0.774026725278605,0.623101505013364,0.19279696634286,79,0.76,0.76,0.76,0.666666666666667,0.5,0.571428571428572,0.694444444444444,1,0.819672131147541,0.916666666666667,0.523809523809524,0.666666666666667,-4.86753512520594,0.798707230287739,-3.64367265280484,0.605192450496966,0,NA,-2.61918989540004,0.718055059630453,-0.0126482242918792,0.0151621301407238,-0.0018499378742082,0.00072401467044518,-0.00315824003354318,0.000543604237742169,2.39480004899267,0.684431558707045,-1.16067323484284,0.296299283943332,-0.00173604333643277,0.00440230791114682,-214.870842157524,-350.059141613274,0.38618702780543,TRUE,0.146260679089629
"lc_centro","SMOTE",2,4,400,81,0.69620253164557,0.642229437229437,-53.6654713191705,-0.679309763533804,0.637343383675608,0.171006522306586,79,0.72,0.72,0.72,0.416666666666667,0.555555555555556,0.476190476190476,0.774193548387097,1,0.872727272727273,0.727272727272727,0.380952380952381,0.5,-4.75428813052134,0.799634401131173,-3.1335151529131,0.563322173207931,0,NA,-2.1405879180534,0.672497606855882,-0.0122165387281898,0.0139289706708734,-0.00208387680856807,0.000719010730833378,-0.00298133044814326,0.000510630619377311,2.58277169938575,0.663800221317634,-1.33730164548363,0.292774718642978,-0.00112644077090933,0.00421766548044577,-224.944009959755,-355.434420020958,0.367129356952849,TRUE,0.170578332777639
"lc_centro","SMOTE",3,0,400,82,0.725,0.657397878152595,-47.4064635544249,-0.592580794430312,0.644565268863334,0.180660901614988,80,0.689655172413793,0.8,0.740740740740741,0.333333333333333,0.5,0.4,0.892857142857143,1,0.943396226415094,0.818181818181818,0.409090909090909,0.545454545454546,-4.52032010193441,0.751925595748576,-2.80241233939232,0.518996629022672,0,NA,-1.51678798239712,0.62241488146349,-0.00266367922123074,0.0112227683096154,-0.00247639694466276,0.000713913994702746,-0.00244623322837473,0.000493802877420795,2.67003883778542,0.651913543102503,-1.017777357343,0.294232453961666,-0.00204180842995514,0.00428227282717577,-234.911364590478,-355.02895491285,0.33833181395545,TRUE,0.929690378978349
"lc_centro","SMOTE",3,1,400,82,0.825,0.800712501981925,-42.4172823395786,-0.530216029244732,0.657869557476216,0.168608300630459,80,0.826086956521739,0.76,0.791666666666667,0.666666666666667,0.75,0.705882352941177,0.892857142857143,1,0.943396226415094,0.8,0.727272727272727,0.761904761904762,-4.04669578666111,0.732966108922872,-2.50636324562692,0.429197016948892,0,NA,-1.7982927494865,0.575444133647338,-0.0179393741831464,0.014789962280751,-0.00176144781846049,0.000644957286138344,-0.00260717585850186,0.000496400250305944,2.62505053969664,0.693026208083833,-1.12157957344362,0.304760615485645,0.00283441028926901,0.00264095405073135,-241.539339266928,-356.061900167001,0.3216366616208,TRUE,0.0981889223379556
"lc_centro","SMOTE",3,2,400,82,0.7625,0.700653594771242,-55.0037192256954,-0.687546490321193,0.630158062158366,0.0626362469030667,80,0.657142857142857,0.92,0.766666666666667,0.75,0.375,0.5,0.827586206896552,0.96,0.888888888888889,0.916666666666667,0.5,0.647058823529412,-4.77948604377944,0.842992159769778,-3.29516958617795,0.57242464123159,0,NA,-2.38775923011154,0.709728357810276,-0.00724633215576436,0.0139288256587168,-0.00180495360491208,0.000747343909829221,-0.00344831358583207,0.000543837672904974,2.56369357465559,0.71708305637813,-1.54875706083789,0.314796959477969,-0.00103073879729644,0.00440228386385376,-217.755623376522,-359.292069998488,0.39393145143048,TRUE,0.249085132466121
"lc_centro","SMOTE",3,3,400,81,0.759493670886076,0.737899159663866,-50.452110326835,-0.63863430793462,0.654723742587107,0.20430182828758,79,0.76,0.76,0.76,0.666666666666667,0.75,0.705882352941177,0.774193548387097,0.96,0.857142857142857,0.785714285714286,0.523809523809524,0.628571428571429,-4.77205459493549,0.725057478416971,-3.00291427131853,0.489744435374557,0,NA,-2.43373507000032,0.652310367544348,0.00229580277279054,0.0107634351327895,-0.00170699510953322,0.000701591951691399,-0.00316577876438015,0.000502169567340457,2.69674352497721,0.661302497031833,-0.832866036619713,0.27982594075828,0.00221011923518409,0.00319688524124255,-235.810469516915,-357.40962956036,0.34022351382368,TRUE,-0.743528638332626
"lc_centro","SMOTE",3,4,400,81,0.658227848101266,0.573153866809882,-59.8587399493181,-0.757705568978711,0.627819271300991,0.236798871856678,79,0.791666666666667,0.76,0.775510204081633,0.272727272727273,0.333333333333333,0.3,0.727272727272727,1,0.842105263157895,0.545454545454545,0.285714285714286,0.375,-5.053900325331,0.875456679988017,-3.18956025046532,0.616324476447133,0,NA,-2.13999719006797,0.719802417811703,-0.0117328279313628,0.0163817668328201,-0.00223698469736495,0.000762848433591874,-0.00300678024864732,0.000520333053538963,2.53315065877761,0.71304262339556,-1.43902484771336,0.29282145207844,-0.00230849467874525,0.00487960362676695,-233.17349672586,-366.3684269065,0.363554608963705,TRUE,0.190660317397591
"lc_centro","SMOTE",4,0,400,82,0.7,0.669029717150018,-63.905352648155,-0.798816908101938,0.610996649860338,0.212297345891959,80,0.666666666666667,0.64,0.653061224489796,0.545454545454545,0.75,0.631578947368421,0.78125,1,0.87719298245614,0.692307692307692,0.409090909090909,0.514285714285714,-5.41722843045155,0.812755775576932,-3.11057785364768,0.527778286531144,0,NA,-2.79284661309692,0.636183259001287,-0.0213517129860517,0.0145616199783615,-0.00126149919410121,0.00063290183141912,-0.00316111365425714,0.000558162745067286,3.5322829098705,0.701874385327584,-1.2691096462227,0.28681840443081,0.000313161817317551,0.00354735063231748,-229.92904461898,-360.469900355051,0.36214079346845,TRUE,0.0590818729591063
"lc_centro","SMOTE",4,1,400,82,0.7375,0.689241600790514,-50.9218723794745,-0.636523404743431,0.612150333830677,0.221015016259419,80,0.8,0.8,0.8,0.4,0.75,0.521739130434783,0.8,0.96,0.872727272727273,0.9,0.409090909090909,0.5625,-4.54481996472561,0.750812118747881,-2.88370451170903,0.503607051720749,0,NA,-2.6281089695488,0.644499144274125,-0.00243698446270928,0.0116934495443138,-0.00109924306033022,0.000669660167605796,-0.00292528502737894,0.00051546832492884,2.38678381717279,0.617538996483629,-1.10690062533077,0.283288571858843,-0.000146415018037125,0.00389145755693158,-238.570254520211,-358.900155923758,0.335274029329508,TRUE,0.45106691370045
"lc_centro","SMOTE",4,2,400,82,0.7625,0.70271531146279,-47.2967926351464,-0.59120990793933,0.658084098144622,0.148486586828057,80,0.791666666666667,0.76,0.775510204081633,0.6,0.375,0.461538461538462,0.75,0.96,0.842105263157895,0.789473684210526,0.681818181818182,0.731707317073171,-4.89474590278412,0.735142065156756,-3.18120979407656,0.477669581185465,0,NA,-1.87503913507495,0.625445337016622,0.00276289394066592,0.01206038700199,-0.00224071841366764,0.000709706432171323,-0.00305326002865398,0.000509724955087879,2.61969449468871,0.675324241706476,-0.929302534627636,0.295443513226776,0.000204430741839503,0.00331691491104144,-237.298921320646,-362.719240933527,0.345777961185869,TRUE,-0.811004136165853
"lc_centro","SMOTE",4,3,400,81,0.810126582278481,0.745915032679739,-40.2844880243546,-0.509930228156388,0.686930411503937,0.128359415111442,79,0.793103448275862,0.92,0.851851851851852,0.5,0.5,0.5,0.862068965517241,1,0.925925925925926,0.923076923076923,0.571428571428571,0.705882352941177,-4.01949413807019,0.72077013569102,-2.54297659625823,0.497329832728775,0,NA,-1.62973969146321,0.635400606503888,-0.00802562964132295,0.0129372620282704,-0.00213173726282052,0.000717803976168817,-0.00233867796740889,0.000450639765248428,2.24977625977018,0.656898051570921,-1.45027498501119,0.287294167162085,-0.00091803526320519,0.00413224119705228,-239.188988824316,-358.429023781132,0.332674049938624,TRUE,0.265616201854678
"lc_centro","SMOTE",4,4,400,81,0.708860759493671,0.650754612189703,-55.4014563041292,-0.701284257014293,0.643767475006285,0.155862446921206,79,0.666666666666667,0.88,0.758620689655172,0.5,0.444444444444444,0.470588235294118,0.916666666666667,0.916666666666667,0.916666666666667,0.571428571428571,0.380952380952381,0.457142857142857,-4.50934604108711,0.793854774288514,-2.7561236863481,0.478093542910505,0,NA,-1.02040671467999,0.60689131431238,-0.00102978942630188,0.0129245872023963,-0.00330535335796905,0.000714581946047047,-0.00314677276706472,0.00050247858244674,2.9262131056062,0.738446167284588,-1.13260130560733,0.303684760893661,0.00216926520261784,0.00300472136267241,-224.288096687755,-358.141341708681,0.373744188208813,TRUE,3.20973713027823
"lc_centro","SMOTE",5,0,400,82,0.7125,0.68940038934234,-55.7755204097027,-0.697194005121283,0.616074327161955,0.167392352946509,80,0.633333333333333,0.76,0.690909090909091,0.625,0.625,0.625,0.846153846153846,0.88,0.862745098039216,0.6875,0.5,0.578947368421053,-4.76733061954376,0.777826275006905,-2.8759057035132,0.535691291045514,0,NA,-1.39213175340232,0.659378935533677,0.00907701276966766,0.0104980157141851,-0.00286843053077506,0.000757480208580146,-0.00325434913863685,0.000524729469649014,2.66102454296549,0.663483381236728,-1.0161077989367,0.301479403378699,0.0014685740090859,0.00375346750581326,-231.950978121484,-360.168667249221,0.355993457473679,TRUE,-0.316010410424936
"lc_centro","SMOTE",5,1,400,82,0.725,0.66551724137931,-57.1891839099154,-0.714864798873942,0.613754497630931,0.166440664833728,80,0.8,0.8,0.8,0.5,0.5,0.5,0.757575757575758,1,0.862068965517241,0.642857142857143,0.409090909090909,0.5,-4.46220359501323,0.856987137331085,-3.35467547866822,0.570737212409731,0,NA,-2.62354321076491,0.714892211259312,-0.0344688736933,0.019128006194837,-0.00144628145523695,0.000721336344266077,-0.00287322818945166,0.000499523653132308,2.53537287375921,0.724581485191344,-0.99358473201381,0.283294346565416,-0.00173748169231108,0.00477494186615586,-218.575965748734,-349.823575541961,0.375182288929191,TRUE,0.0419590575574299
"lc_centro","SMOTE",5,2,400,82,0.6875,0.642577338322019,-55.2391984066096,-0.69048998008262,0.625862870189113,0.144517012928516,80,0.727272727272727,0.64,0.680851063829787,0.384615384615385,0.625,0.476190476190476,0.8,0.96,0.872727272727273,0.666666666666667,0.454545454545455,0.54054054054054,-4.49271996732161,0.754926637538895,-2.97302723073673,0.459705142558949,0,NA,-1.48697238152684,0.634159322369052,0.00142629008152483,0.0131678548224364,-0.00277593246760824,0.000725563115577657,-0.00318635764552702,0.000517631491350705,2.15893598012708,0.677922780035968,-1.13652707356212,0.284711386860944,0.000685282392736703,0.00320805665676609,-233.774969258447,-359.763202141113,0.350197663721173,TRUE,-1.94626079474698
"lc_centro","SMOTE",5,3,400,81,0.810126582278481,0.778796046720575,-42.0798933074155,-0.532656877309057,0.694341429881284,0.101599427720748,79,0.733333333333333,0.88,0.8,0.714285714285714,0.625,0.666666666666667,0.857142857142857,0.96,0.90566037735849,0.928571428571429,0.619047619047619,0.742857142857143,-4.92465222058643,0.738546696547542,-2.9318740766092,0.50947072530219,0,NA,-2.04509314836055,0.637439170891201,-0.00696911167039822,0.0126307827414987,-0.00177884041115726,0.000728615578579892,-0.00253568556563844,0.000478585881330893,3.18102497528412,0.67031984808052,-0.994609455387499,0.2762045540853,-0.00159011497957702,0.00399468494380857,-244.565318578236,-363.817853222195,0.327780876028444,TRUE,0.255246363566394
"lc_centro","SMOTE",5,4,400,81,0.708860759493671,0.645471038395567,-46.5732505871565,-0.589534817558943,0.649441554820063,0.130288632084256,79,0.703703703703704,0.76,0.730769230769231,0.363636363636364,0.444444444444444,0.4,0.827586206896552,1,0.905660377358491,0.75,0.428571428571429,0.545454545454545,-4.31297746850303,0.719656820180347,-2.36489958819426,0.432879513025477,0,NA,-1.86173362847223,0.600754533032095,-0.00787084722974074,0.0132906600224931,-0.00199314082869038,0.000676529366113551,-0.00257651474076738,0.00047536412882975,3.00131091777399,0.69003726637266,-1.54331698576356,0.301328795120963,0.00408609349532575,0.00292112663593634,-227.583326959623,-360.456349321673,0.368624446793898,TRUE,0.253230785773495
"lc_centro","SMOTE",6,0,400,82,0.65,0.530075823432821,-59.7543570606751,-0.746929463258439,0.60498032805303,0.159667062112104,80,0.645161290322581,0.8,0.714285714285714,0.25,0.125,0.166666666666667,0.727272727272727,0.96,0.827586206896552,0.583333333333333,0.318181818181818,0.411764705882353,-4.44923138294784,0.755248516176804,-2.79543042418245,0.471550972615847,0,NA,-1.65155026939976,0.652171111822501,-0.006071693911463,0.0130861092002532,-0.00258954158707652,0.000745140742322035,-0.00286890092544855,0.000512326886012031,2.70377197973111,0.693938396926832,-1.37775293454934,0.310754612202506,0.00251696369147297,0.00302901267329581,-219.72328049735,-355.72210209341,0.382317603532961,TRUE,0.426494092890227
"lc_centro","SMOTE",6,1,400,82,0.7625,0.716755793226381,-46.4419391220876,-0.580524239026095,0.651971006942512,0.166234665006234,80,0.7,0.84,0.763636363636364,0.555555555555556,0.625,0.588235294117647,0.833333333333333,1,0.909090909090909,0.909090909090909,0.454545454545455,0.606060606060606,-4.36745030912364,0.771490020494116,-3.01656465920107,0.515346036702085,0,NA,-1.85914020033302,0.676449064603212,-0.00912325320348327,0.0139473806861485,-0.00212485462240175,0.000747752203864088,-0.00250106083012064,0.000492498755436264,2.59175758306849,0.681198499565984,-0.82917623241444,0.273628399103113,-0.00121042892819136,0.00396886603914528,-232.036825373373,-354.963287878333,0.346307538561829,TRUE,0.232905365554305
"lc_centro","SMOTE",6,2,400,82,0.7625,0.757148281960312,-49.5628497620472,-0.61953562202559,0.655018122764647,0.126319335407862,80,0.708333333333333,0.68,0.693877551020408,0.7,0.875,0.777777777777778,0.8,0.96,0.872727272727273,0.8125,0.590909090909091,0.68421052631579,-4.72088432365813,0.744515150875224,-3.08313819361465,0.531245392351549,0,NA,-1.80982899406905,0.651619661595453,-0.00605521622037339,0.0133607668458389,-0.00243457247242844,0.000721927494614071,-0.00331182779106921,0.000531572157459497,2.56867079648714,0.632346999629858,-1.05273988154838,0.284036139768177,0.000473657698739131,0.00390464084725403,-231.042597230973,-361.267279537889,0.360466307586702,TRUE,0.402062021210253
"lc_centro","SMOTE",6,3,400,81,0.79746835443038,0.74174910204322,-45.0688290933778,-0.570491507511111,0.6534270928286,0.120330941327581,79,0.769230769230769,0.8,0.784313725490196,0.5,0.5,0.5,0.862068965517241,1,0.925925925925926,0.875,0.666666666666667,0.756756756756757,-4.14388522840397,0.72073371010205,-2.82968216625928,0.472222117100901,0,NA,-2.00149356160087,0.615375302163679,-0.0107169083268296,0.0130874113949905,-0.00190359057669472,0.00067639421323379,-0.00296410756042049,0.000523133432197169,2.3910276442811,0.663018427765977,-0.970769405486544,0.289790402542115,0.000954508937065741,0.00335660738633354,-237.691813771329,-361.842643682793,0.343107237576729,TRUE,0.177624975285933
"lc_centro","SMOTE",6,4,400,81,0.759493670886076,0.712927786499215,-48.3971873572586,-0.612622624775425,0.665756418986936,0.164675640180465,79,0.833333333333333,0.8,0.816326530612245,0.454545454545455,0.555555555555556,0.5,0.884615384615385,0.958333333333333,0.92,0.666666666666667,0.571428571428571,0.615384615384615,-5.71773562918548,0.871800369834893,-3.17984189675611,0.619816568031544,0,NA,-2.14234575899286,0.692172465947381,-0.00416551820978259,0.0141098899747452,-0.0018874330765486,0.00074932926772524,-0.00312315113735384,0.000526557422968739,3.47982299374679,0.713121729828443,-1.38862859621548,0.289232977970434,-0.00426806866636949,0.00490784873004636,-236.474718082508,-359.828869175631,0.342813380637656,TRUE,0.453108828600491
"lc_centro","SMOTE",7,0,400,82,0.725,0.636682220544843,-55.7616740739782,-0.697020925924727,0.636572352812675,0.181757301096556,80,0.76,0.76,0.76,0.4,0.25,0.307692307692308,0.735294117647059,1,0.847457627118644,0.75,0.545454545454545,0.631578947368421,-4.83045242864748,0.748867306506167,-3.11621934378271,0.477588932661595,0,NA,-2.05840506668812,0.632070122353996,-0.00982537911822087,0.0156068906631101,-0.00233976375384171,0.000704530157282671,-0.00321198639145684,0.00053073808312452,2.85354274454887,0.671669902491192,-1.0461411503849,0.287932773695592,0.00345515007288017,0.0030413782995211,-223.167081052182,-360.456349321673,0.380876265677799,TRUE,0.238134704594013
"lc_centro","SMOTE",7,1,400,82,0.6625,0.594765166109506,-58.9863982075401,-0.737329977594251,0.615282110689604,0.123391060344127,80,0.655172413793103,0.76,0.703703703703704,0.375,0.375,0.375,0.821428571428571,0.92,0.867924528301887,0.533333333333333,0.363636363636364,0.432432432432432,-5.10948578180263,0.913681050269251,-3.30667800062342,0.622249635156351,0,NA,-2.2909110597901,0.736286549927631,-0.00958766351538576,0.016515110825278,-0.00215232601660079,0.000803347736490622,-0.00371243523812923,0.000577199265446806,2.68951443856904,0.731511908285959,-1.77541672088599,0.295737080681701,-0.00191149513744732,0.00500896491677378,-216.255994079948,-360.286450284878,0.399766508263203,TRUE,0.224489106563539
"lc_centro","SMOTE",7,2,400,82,0.7375,0.717075700320381,-49.4057964129239,-0.617572455161549,0.641750380081985,0.19796614156469,80,0.727272727272727,0.64,0.680851063829787,0.583333333333333,0.875,0.7,0.806451612903226,1,0.892857142857143,0.733333333333333,0.5,0.594594594594595,-4.70159245353677,0.715702109470544,-2.71266406252089,0.492369534221187,0,NA,-2.17245531026757,0.605802251310664,-0.00207082168474677,0.0116566924999056,-0.0016692283840476,0.000648023229645272,-0.00277129995763963,0.000480107328822549,2.8120464707248,0.637169959365849,-1.17283328310861,0.290406567738631,0.000970480325355719,0.00341504252621302,-241.671178457533,-364.275434331442,0.33657020023578,TRUE,0.806070554670533
"lc_centro","SMOTE",7,3,400,81,0.822784810126582,0.789260414260414,-43.9295346688287,-0.556070059099097,0.65653399836975,0.124292757707854,79,0.777777777777778,0.84,0.807692307692308,0.714285714285714,0.625,0.666666666666667,0.862068965517241,1,0.925925925925926,0.875,0.666666666666667,0.756756756756757,-4.03317351161282,0.688891665509442,-2.7540015022191,0.452933515451904,0,NA,-2.07745889165022,0.615074873732866,-0.0178064512077293,0.0140168442372951,-0.00152247699711855,0.000640707400393164,-0.0025294986034761,0.000481780386866704,2.66722665761199,0.676196637761699,-0.623753849655773,0.282489568953998,0.00184023320352453,0.00307962102893348,-240.189795676359,-353.472761514935,0.320485701226484,TRUE,0.0855014275083448
"lc_centro","SMOTE",7,4,400,81,0.772151898734177,0.736537120590648,-44.1040632538803,-0.558279281694687,0.662117824745399,0.175054576452682,79,0.75,0.84,0.792452830188679,0.5,0.777777777777778,0.608695652173913,0.884615384615385,0.958333333333333,0.92,0.909090909090909,0.476190476190476,0.625,-4.29629545347136,0.734637550667807,-2.31419057317408,0.453928133089712,0,NA,-1.73026387365884,0.581039827515706,0.000538701680285225,0.0112525890420889,-0.00200108617490084,0.000639356962994019,-0.00267989549060349,0.000486076627396904,2.47116487544145,0.64567707751839,-1.5376988838234,0.308147607024564,0.000851217827227487,0.00337483870012047,-248.681632026209,-366.656108978952,0.321757838104138,TRUE,-3.7146462469568
"lc_centro","SMOTE",8,0,400,82,0.8125,0.760337995337995,-44.7266959192822,-0.559083698991027,0.710894138365412,0.147150548944958,80,0.657142857142857,0.92,0.766666666666667,1,0.375,0.545454545454545,0.96,0.96,0.96,0.882352941176471,0.681818181818182,0.769230769230769,-4.90474298351151,0.758826845935663,-2.90993347719011,0.469126818672887,0,NA,-1.40405262663077,0.612788330548967,9.93255920617696e-05,0.0117281006534837,-0.00288988282217219,0.000710974940276845,-0.0032771433879247,0.000520713430287491,3.35719941076678,0.675042744027564,-1.00942004211031,0.275688064677567,0.00313729433415761,0.00298713097367911,-230.888756689676,-360.456349321673,0.359454321933361,TRUE,-29.095047531909
"lc_centro","SMOTE",8,1,400,82,0.7875,0.760046888994258,-45.4273786219021,-0.567842232773776,0.650303707679547,0.194415722998496,80,0.8,0.8,0.8,0.545454545454545,0.75,0.631578947368421,0.793103448275862,0.92,0.851851851851852,0.933333333333333,0.636363636363636,0.756756756756757,-4.1841170413121,0.764047812418589,-2.7422674462849,0.470879151707801,0,NA,-1.81167040922849,0.606687501786261,-0.0119924246375901,0.0134873819612424,-0.0020564501137448,0.000667881097914221,-0.00272779634474141,0.000494977040241165,2.24782024947528,0.699963282124599,-1.07912966862319,0.283870014930267,0.000139175841762377,0.00348552738792356,-246.04465590767,-363.006923005979,0.322203957240734,TRUE,0.171479094169071
"lc_centro","SMOTE",8,2,400,82,0.7375,0.692054014440693,-54.855235703643,-0.685690446295538,0.640949134937724,0.211357994567959,80,0.818181818181818,0.72,0.765957446808511,0.4,0.75,0.521739130434783,0.833333333333333,1,0.909090909090909,0.769230769230769,0.454545454545455,0.571428571428571,-5.50107591108694,0.753051674938298,-3.30136665487745,0.561376082754607,0,NA,-2.47062093223172,0.690235061883328,-0.00627066379620424,0.014705099755373,-0.00169596603884185,0.0007065201898401,-0.00339775413428302,0.000518892484610098,3.22447505019702,0.638753612764557,-1.03820194641103,0.274478701717036,-0.000803604172553246,0.00399566006096535,-229.787303441084,-360.757582427503,0.363042345791136,TRUE,0.270460368146105
"lc_centro","SMOTE",8,3,400,81,0.734177215189873,0.680524449421426,-49.1054787596906,-0.621588338730261,0.632294935672264,0.193730945350491,79,0.818181818181818,0.72,0.765957446808511,0.5,0.5,0.5,0.78125,1,0.87719298245614,0.647058823529412,0.523809523809524,0.578947368421053,-4.37431866139785,0.800818605453165,-3.05891990512551,0.498885099884811,0,NA,-1.85452985902009,0.670194747837953,-0.0100466551090406,0.0155276128459775,-0.00226368292376639,0.000742043526042028,-0.00287075041480057,0.000505414921696538,2.33890342820351,0.70431755267331,-0.816761751561709,0.291334783188107,0.00110190179690955,0.00337091907806139,-234.196224571129,-359.18783799621,0.347983979976515,TRUE,0.225317073115149
"lc_centro","SMOTE",8,4,400,81,0.708860759493671,0.668737242083195,-56.1055897791452,-0.710197338976522,0.597159082917481,0.111050017452423,79,0.678571428571429,0.76,0.716981132075472,0.6,0.666666666666667,0.631578947368421,0.8,1,0.888888888888889,0.636363636363636,0.333333333333333,0.4375,-4.48513953794378,0.726713349409693,-2.588211598255,0.454644070636538,0,NA,-2.41560927203136,0.606748670393712,-0.000164309945933181,0.0115100819171176,-0.00141528869459408,0.000634926831711541,-0.00316553778101711,0.000519309115907904,2.63036919518699,0.670523668059879,-1.30839513534837,0.30205074957944,0.00367639978243164,0.0028225854671065,-233.92628938555,-360.352117319395,0.350839697777574,TRUE,8.61353027996025
"lc_centro","SMOTE",9,0,400,82,0.7375,0.705063742988271,-53.9092680534377,-0.673865850667971,0.600616605076764,0.155659548202171,80,0.72,0.72,0.72,0.5,0.75,0.6,0.857142857142857,0.96,0.90566037735849,0.733333333333333,0.5,0.594594594594595,-4.21126944066433,0.733158242911246,-2.62161937201089,0.482189771962365,0,NA,-1.69520523896945,0.609659810683248,-0.0026985827794214,0.0119029928265743,-0.0021747132267197,0.000674353160679346,-0.00282013828966352,0.000483710908846511,2.40394400122107,0.663820832141331,-1.25304930111152,0.306413100002305,0.00122124653595721,0.00348239342930674,-228.338145021343,-354.440039734568,0.355777791943764,TRUE,0.805872342810244
"lc_centro","SMOTE",9,1,400,82,0.7375,0.696975357100963,-54.039213091373,-0.675490163642163,0.635876185711735,0.143667863184953,80,0.642857142857143,0.72,0.679245283018868,0.571428571428571,0.5,0.533333333333333,0.923076923076923,0.96,0.941176470588235,0.684210526315789,0.590909090909091,0.634146341463415,-5.10912397414989,0.79473574132764,-2.84031135409079,0.545645306780328,0,NA,-2.09854440103308,0.636733154875286,-0.0256502454156999,0.0161474842415988,-0.00166062381704785,0.00067186523203728,-0.00272121127015247,0.000487879663935279,3.75256396216401,0.703996454999252,-1.22715133574972,0.311470079171719,-0.00140148306721303,0.00451112687125795,-232.183166406009,-359.985217179048,0.355020274928326,TRUE,0.0647410498470876
"lc_centro","SMOTE",9,2,400,82,0.775,0.71726032252348,-49.5256545297858,-0.619070681622323,0.668563317017914,0.105007074049263,80,0.758620689655172,0.88,0.814814814814815,1,0.375,0.545454545454545,0.78125,1,0.87719298245614,0.75,0.545454545454545,0.631578947368421,-4.63219112589342,0.76431553079047,-3.23668878805487,0.48649029809148,0,NA,-2.35857432112507,0.633069115580108,-0.00477429679880235,0.0120560904267792,-0.00176415584613554,0.000658122450007225,-0.00324119633808474,0.000526617004942715,2.66262336685155,0.693605823445544,-0.614006589552827,0.282503254079933,0.00364864909443574,0.00289806494706439,-234.914293546741,-356.938497417734,0.341863387540923,TRUE,0.369511138599109
"lc_centro","SMOTE",9,3,400,81,0.708860759493671,0.65093756800966,-51.7964699688108,-0.655651518592542,0.642195269265603,0.224026859189218,79,0.708333333333333,0.68,0.693877551020408,0.4,0.5,0.444444444444444,0.78125,1,0.87719298245614,0.769230769230769,0.476190476190476,0.588235294117647,-4.35623264253243,0.743748220776454,-3.07352056711309,0.46624373847038,0,NA,-1.93323735482785,0.650853878848725,-0.010973804012887,0.0164451783057598,-0.00226322496031687,0.000765186796987604,-0.00301225835352189,0.000501969734261167,2.2586109733793,0.678179646566202,-0.904171098508607,0.267688637460508,0.00125746885360621,0.00303505221576103,-232.760878590663,-358.207008743198,0.35020568300066,TRUE,0.20623887192254
"lc_centro","SMOTE",9,4,400,81,0.784810126582278,0.737777777777778,-46.3415970218872,-0.58660249394794,0.659375691497082,0.136906623789041,79,0.84,0.84,0.84,0.555555555555556,0.555555555555556,0.555555555555556,0.8,1,0.888888888888889,0.8,0.571428571428571,0.666666666666667,-5.13622551672352,0.779538556146986,-3.13006686454335,0.548225155622124,0,NA,-1.99065174644717,0.681958883234473,0.00873211145401644,0.0108496889096787,-0.00203032738704679,0.00074102733882027,-0.00279159798494818,0.000504658125634665,2.58209827054334,0.63902703746783,-1.32547750064925,0.297798185941658,-0.00394975379302562,0.00413672835366713,-238.037759893096,-364.053419293508,0.34614606736825,TRUE,-0.232512765983182
"lc_centro","CVAE",0,0,400,82,0.725,0.671155824472211,-54.2100536551227,-0.677625670689034,0.593225283463275,0.258473887495565,80,0.730769230769231,0.76,0.745098039215686,0.352941176470588,0.75,0.48,0.892857142857143,1,0.943396226415094,0.888888888888889,0.363636363636364,0.516129032258064,-4.34035355783254,0.697684921018652,-2.55421474969838,0.519985466394129,0,NA,-3.27618588675964,0.680460638884652,0.0136698254703671,0.0105386312852049,0.000484889077807274,0.000660303338832459,-0.00211071984571666,0.000478976748607667,2.62116069809607,0.587127829427926,-0.207507439813068,0.263780861147465,0.000311309439555417,0.00376011219014681,-278.768391007158,-370.82854309569,0.248255302356205,TRUE,0.0354714900243896
"lc_centro","CVAE",0,1,400,82,0.7,0.651898978214768,-56.537206559487,-0.706715081993587,0.592276580452402,0.190492430002152,80,0.666666666666667,0.72,0.692307692307692,0.461538461538462,0.75,0.571428571428571,0.78125,1,0.87719298245614,0.875,0.318181818181818,0.466666666666667,-3.68463315869454,0.611971148815967,-1.6429291201398,0.468552761556819,0,NA,-3.08337572239007,0.636785569816731,0.00475220216345796,0.0107611620088318,0.000504272507356445,0.000637727112749863,-0.00172454711023112,0.000466810496263739,2.45165111192588,0.565393095185629,-1.42593303705035,0.283543711686519,0.00297465430659761,0.00357595353832004,-271.076672490544,-370.932775097968,0.26920269469596,TRUE,0.106113437520408
"lc_centro","CVAE",0,2,400,82,0.7125,0.674445471968692,-57.1779513526756,-0.714724391908445,0.602815534341043,0.0967896615968187,80,0.625,0.8,0.701754385964912,0.666666666666667,0.5,0.571428571428572,0.766666666666667,0.92,0.836363636363636,0.833333333333333,0.454545454545455,0.588235294117647,-4.50092034633333,0.714123274376031,-3.01724046413291,0.582264979876935,0,NA,-3.98479214396895,0.726018365829785,0.0119071473059854,0.0101420301520295,0.000879597588759047,0.000691333845713129,-0.0026666361896999,0.000553673247726373,2.16631481446966,0.571441536196075,-0.899831457585551,0.274713404522009,-0.00133636582563206,0.00444440574806172,-257.579597794411,-365.779511728218,0.295806381889979,TRUE,0.0738713955707004
"lc_centro","CVAE",0,3,400,81,0.69620253164557,0.658292128445581,-53.0275769634889,-0.671235151436569,0.601140065356752,0.221816118201246,79,0.761904761904762,0.64,0.695652173913043,0.352941176470588,0.75,0.48,0.884615384615385,0.92,0.901960784313726,0.666666666666667,0.476190476190476,0.555555555555556,-4.10250059275496,0.605102399162564,-2.05927092220958,0.435571105606701,0,NA,-3.07413294885005,0.65580580289685,0.00494210241905539,0.00993632109514866,0.000663697385690362,0.000666742398185475,-0.00205553710599344,0.000469925374831837,2.97444600752839,0.577404737993545,-0.456114532024934,0.264262424566003,0.00220785234095273,0.00290121813334244,-287.480078407698,-373.771030854725,0.230865811750313,TRUE,0.134294542972507
"lc_centro","CVAE",0,4,400,81,0.759493670886076,0.699688367612896,-47.2296092326423,-0.597843154843574,0.627943211463807,0.119757637265281,79,0.8,0.8,0.8,0.444444444444444,0.444444444444444,0.444444444444444,0.827586206896552,1,0.905660377358491,0.75,0.571428571428571,0.648648648648649,-3.8633418684617,0.627825073924019,-1.82820622500837,0.456330788854528,0,NA,-2.78300589049821,0.598642015667756,0.0126911623228271,0.0103585492802982,4.83565494992595e-05,0.000633970930356608,-0.00186163829368588,0.000471120264393084,2.40593817679859,0.565742385525604,-1.19885376691083,0.262973002405682,0.00351887850592815,0.00348310391999452,-279.971382283593,-376.71351861376,0.256805587137308,TRUE,0.00381025380254434
"lc_centro","CVAE",1,0,400,82,0.7125,0.659352629940865,-52.3571331476823,-0.654464164346029,0.622297068866112,0.164171020946681,80,0.692307692307692,0.72,0.705882352941177,0.384615384615385,0.625,0.476190476190476,0.862068965517241,1,0.925925925925926,0.75,0.409090909090909,0.529411764705882,-4.20979416019264,0.606278647865097,-1.72031847252093,0.445926413496155,0,NA,-2.77037723988655,0.614820094111844,0.00877530268956094,0.0102065891809115,0.000162279394213813,0.000608693971940389,-0.00182127413446641,0.000452262701328119,3.21941686149454,0.568888921152857,-0.940881784043693,0.268879500078332,0.0044691272855252,0.00298594477343261,-280.003368683036,-376.831301649417,0.256952998709392,TRUE,0.0184927403594704
"lc_centro","CVAE",1,1,400,82,0.7125,0.679857397504456,-55.5604245102623,-0.694505306378279,0.581151171880796,0.198464663123894,80,0.666666666666667,0.8,0.727272727272727,0.5,0.75,0.6,0.846153846153846,0.88,0.862745098039216,0.75,0.409090909090909,0.529411764705882,-3.7305721439134,0.570806974848087,-2.23802580013148,0.450795901720471,0,NA,-4.05517789685095,0.715511206061874,0.0142137370403762,0.0100260895742755,0.00168786538632816,0.000664425579281324,-0.00219679343429595,0.000521562508656511,2.11507471993637,0.545281197453507,-0.627649461595232,0.268248744144683,0.00120539509158315,0.00343887141063673,-282.069956776791,-374.398511000768,0.246605025156705,TRUE,0.118748882263231
"lc_centro","CVAE",1,2,400,82,0.6875,0.61175320056899,-57.0033788899624,-0.71254223612453,0.60856061167508,0.243189083559479,80,0.782608695652174,0.72,0.75,0.3,0.375,0.333333333333333,0.78125,1,0.87719298245614,0.6,0.409090909090909,0.486486486486487,-4.40573817901201,0.689063849838154,-2.33384233793191,0.51055461591731,0,NA,-3.60691891294978,0.660250475700528,0.00958706550067404,0.0103573335562045,0.0004971888547173,0.000635025735243909,-0.002384385513485,0.000514134062361834,2.62542475372268,0.590524640990079,-1.08527531673646,0.261904668816618,0.00347770465034274,0.00350202572566817,-260.608391247264,-369.546480736848,0.294788599454038,TRUE,0.0518603794542078
"lc_centro","CVAE",1,3,400,81,0.746835443037975,0.713014108082257,-53.6987635650379,-0.679731184367568,0.629054950248042,0.208998736962901,79,0.866666666666667,0.52,0.65,0.555555555555556,0.625,0.588235294117647,0.714285714285714,1,0.833333333333333,0.8,0.761904761904762,0.780487804878049,-5.40040167875727,0.736823541784464,-3.07886472722876,0.512697905588869,0,NA,-2.60826292630286,0.671286533132335,0.00226736138829474,0.0142835893884104,-0.00116141034024351,0.000668727883535907,-0.00263382931017899,0.000515621815372017,3.16477674064333,0.642452229792883,-0.852370997142123,0.264891175468496,-0.000483328744164705,0.00374616843226354,-251.265939288056,-368.801217555149,0.318695472445173,TRUE,-0.512229918988343
"lc_centro","CVAE",1,4,400,81,0.759493670886076,0.730715764566696,-53.6090743468136,-0.678595877807768,0.601375637619123,0.239158834311092,79,0.645161290322581,0.8,0.714285714285714,0.571428571428571,0.888888888888889,0.695652173913043,0.96,1,0.979591836734694,0.888888888888889,0.380952380952381,0.533333333333333,-4.42568064839994,0.770796219502703,-2.89123737095212,0.697716691585699,0,NA,-3.29799909446769,0.7796726952084,0.00504341515216559,0.0104891387110418,0.000530331073577453,0.000783263094504531,-0.00212597100916121,0.000515291655926543,2.64375345216691,0.567536341177368,-0.187478206169675,0.276387121905471,-0.00474001948634713,0.00579313999040938,-276.946663742907,-367.571271197446,0.24654975662083,TRUE,0.105153166570024
"lc_centro","CVAE",2,0,400,82,0.6875,0.651366771882536,-56.8312531681491,-0.710390664601864,0.593218676051096,0.202767957621908,80,0.642857142857143,0.72,0.679245283018868,0.545454545454545,0.75,0.631578947368421,0.774193548387097,0.96,0.857142857142857,0.7,0.318181818181818,0.4375,-3.95317988662652,0.650266238356085,-2.21710840544615,0.470230256630129,0,NA,-3.53637545098143,0.661646015812985,0.00898797105195876,0.0100648598180263,0.000778315289916543,0.000645080662740953,-0.00222703420108794,0.000463323114090681,2.23033733769998,0.594364936655064,-0.918281575908912,0.274053335418262,0.00184794721146841,0.00346954077008617,-274.345175056588,-371.847937316462,0.262211383942394,TRUE,0.0865952154737885
"lc_centro","CVAE",2,1,400,82,0.75,0.698269068392907,-48.4075522364483,-0.605094402955604,0.612020862554937,0.218034413545891,80,0.633333333333333,0.76,0.690909090909091,0.444444444444444,0.5,0.470588235294118,1,1,1,0.75,0.545454545454545,0.631578947368421,-4.5448656670258,0.657987071810367,-2.37003542109884,0.511003075831225,0,NA,-3.38580513424527,0.696624991985432,0.0199698645954995,0.0102326985417227,0.000772622524167376,0.000701844854959082,-0.002158680769828,0.00049269175066784,2.91544584907758,0.570222094716751,-0.646827662727831,0.262037240230224,-0.000163197583284799,0.00399375438101698,-275.086656390904,-373.012216639648,0.262526415705429,TRUE,0.0386894222778805
"lc_centro","CVAE",2,2,400,82,0.7625,0.737109810479376,-47.2011093064041,-0.590013866330051,0.6254890447031,0.26551843668976,80,0.75,0.6,0.666666666666667,0.466666666666667,0.875,0.608695652173913,0.888888888888889,0.96,0.923076923076923,0.833333333333333,0.681818181818182,0.75,-4.0289681823516,0.579990768646382,-1.80367154073159,0.405604026489343,0,NA,-2.73183009802436,0.601606167915095,0.0125162681639396,0.0101107581397773,0.000281917479390002,0.000615506187983668,-0.00204490832418562,0.000457614084938858,2.80736393246584,0.52591975412842,-0.64494685006973,0.273828257113367,0.00349975934760971,0.00280790025848735,-291.581036556979,-379.486107336,0.231642395017083,TRUE,0.0225240843115067
"lc_centro","CVAE",2,3,400,81,0.721518987341772,0.689077920146084,-62.3093534963431,-0.788725993624596,0.601051405766693,0.236447192873739,79,0.772727272727273,0.68,0.723404255319149,0.625,0.625,0.625,0.694444444444444,1,0.819672131147541,0.769230769230769,0.476190476190476,0.588235294117647,-4.79540325807149,0.716238025524132,-3.0994119848227,0.613482525795547,0,NA,-3.80017811906232,0.745378302242843,0.000894620275560769,0.0109505842784448,0.000351040633480217,0.000690766840072587,-0.00256136524018568,0.000533889613521178,2.55672694307124,0.559705587381401,-0.740767519616505,0.270537776627285,-0.000202871313769294,0.00453921091184868,-258.12778508286,-369.258798664396,0.30095698188776,TRUE,0.392390652291193
"lc_centro","CVAE",2,4,400,81,0.670886075949367,0.600147683720284,-55.3185769594147,-0.700235151384996,0.594025878683887,0.14839983277455,79,0.689655172413793,0.8,0.740740740740741,0.357142857142857,0.555555555555556,0.434782608695652,0.793103448275862,0.958333333333333,0.867924528301887,0.714285714285714,0.238095238095238,0.357142857142857,-4.13137723065925,0.644460698313318,-2.3512222547137,0.54293745378316,0,NA,-3.66709465159516,0.71136384065768,0.00849808573826619,0.0105604971233992,0.000999004348520098,0.00072378956103911,-0.00197446378350614,0.000494243228249109,2.41144062200617,0.528792052757333,-0.930357811145632,0.271081406452276,-0.000575544647085425,0.00416095491915984,-275.554045682758,-371.691589313045,0.258648692610902,TRUE,0.117556397909904
"lc_centro","CVAE",3,0,400,82,0.7125,0.648742386645612,-48.0301870032683,-0.600377337540854,0.616047138608613,0.23465104256552,80,0.666666666666667,0.8,0.727272727272727,0.357142857142857,0.625,0.454545454545455,0.925925925925926,1,0.961538461538461,0.777777777777778,0.318181818181818,0.451612903225806,-4.50730915769767,0.701089621786081,-2.28227905328614,0.546125007169144,0,NA,-2.85143624851725,0.675731639012602,0.01325801489986,0.00966611051199274,9.60963252805866e-05,0.000710527230108841,-0.00172276598749189,0.000470487475193784,2.83353269369597,0.590606463313857,-0.818146806904893,0.266668217878216,-0.00188143834525176,0.00444137799940818,-281.048363050284,-372.436852494744,0.245379824344181,TRUE,0.00724816844802322
"lc_centro","CVAE",3,1,400,82,0.7125,0.673880284220191,-53.8639679561099,-0.673299599451374,0.590144308771713,0.224721693744435,80,0.681818181818182,0.6,0.638297872340426,0.416666666666667,0.625,0.5,0.888888888888889,0.96,0.923076923076923,0.684210526315789,0.590909090909091,0.634146341463415,-3.64427723657827,0.590024231325224,-1.75146538623133,0.411780118228321,0,NA,-3.3807381836513,0.658486874202702,0.00446007647279501,0.0104320423603197,0.00116164194491581,0.000652700678498905,-0.00173215683475964,0.000483231778445095,2.73981129885858,0.583762780295855,-0.491862314703026,0.265946223584506,0.00446995569945857,0.00276148634588482,-285.337073134894,-372.371185460227,0.233729449870737,TRUE,0.260453369353964
"lc_centro","CVAE",3,2,400,82,0.7375,0.698015614834092,-58.9986928497005,-0.737483660621257,0.580989830457591,0.11573009165013,80,0.636363636363636,0.84,0.724137931034483,0.666666666666667,0.5,0.571428571428572,0.821428571428571,0.92,0.867924528301887,0.846153846153846,0.5,0.628571428571429,-3.60675335619086,0.614156271712214,-2.1075442886986,0.456096670423255,0,NA,-3.60496953692353,0.681629615469672,0.00998577784618798,0.0101330972964028,0.00113706503160315,0.000667830352323075,-0.00233809437676812,0.000474300842833179,2.20296675105774,0.57679966913206,-0.77334833553269,0.2601170325429,0.00274564118595131,0.00331517673526908,-279.522524928773,-372.658867532679,0.249923859911207,TRUE,0.113868448619375
"lc_centro","CVAE",3,3,400,81,0.721518987341772,0.681355480551817,-57.3647681398211,-0.726136305567356,0.579547001931486,0.241517442188078,79,0.772727272727273,0.68,0.723404255319149,0.466666666666667,0.875,0.608695652173913,0.78125,1,0.87719298245614,0.8,0.380952380952381,0.516129032258065,-3.51696580649798,0.566965411829387,-1.77187781004499,0.419933923538618,0,NA,-3.10238556559544,0.670868856230146,0.0105233654103393,0.00974507986328177,0.000631912901595078,0.000675370074762552,-0.0017762153774844,0.000441449291271412,2.52451057870349,0.553749440741974,-0.337217034134998,0.2746878532556,0.00550551095496879,0.00282381219471617,-287.593494272569,-372.332620492466,0.227589852610327,TRUE,0.0600485564222843
"lc_centro","CVAE",3,4,400,81,0.69620253164557,0.634982571898956,-58.8821469548264,-0.745343632339575,0.614167252337236,0.258592053103775,79,0.826086956521739,0.76,0.791666666666667,0.384615384615385,0.555555555555556,0.454545454545455,0.727272727272727,1,0.842105263157895,0.7,0.333333333333333,0.451612903225806,-5.16632291673973,0.755984100941409,-2.84548478172235,0.605741910194418,0,NA,-3.41253827755972,0.718152737673151,0.0113764064212405,0.011951167364017,-9.08799898309644e-05,0.000672715359087696,-0.00267205044236767,0.000531175631037199,2.58347339311268,0.557275312099167,-1.33376998052548,0.271319515393515,-0.00097004264773456,0.00455008396517972,-261.193844248319,-376.439387574687,0.306146346876368,TRUE,-0.0079884619506284
"lc_centro","CVAE",4,0,400,82,0.675,0.631111189535103,-63.1116826684372,-0.788896033355464,0.585200785726664,0.204431193390363,80,0.652173913043478,0.6,0.625,0.4,0.75,0.521739130434783,0.806451612903226,1,0.892857142857143,0.727272727272727,0.363636363636364,0.484848484848485,-4.5679570985527,0.688269282261765,-2.17611831709922,0.493767010329358,0,NA,-3.2780574705531,0.652374844131238,-0.00192084905418272,0.0121277287126298,0.000435727489461528,0.000688476651361876,-0.00211615044687541,0.000505074975336625,3.24850730066134,0.587006052514717,-0.984267357803105,0.273960889736268,0.00118615180067367,0.00343461789144954,-265.444079755687,-368.683434519493,0.280021680112529,TRUE,-0.22684108806609
"lc_centro","CVAE",4,1,400,82,0.65,0.588237326861078,-62.798453953803,-0.784980674422537,0.556108415481012,0.224542212094901,80,0.666666666666667,0.72,0.692307692307692,0.307692307692308,0.5,0.380952380952381,0.821428571428571,0.92,0.867924528301887,0.583333333333333,0.318181818181818,0.411764705882353,-3.68710891316206,0.616561273171379,-2.27984301077209,0.496249720073456,0,NA,-4.18010822722677,0.773259349637221,0.00703505193825359,0.00988153232105066,0.00168461595967931,0.000748944372650714,-0.00233683730808958,0.00050500064146129,2.07805902811211,0.538044544513504,-0.711706786316614,0.263660228060484,0.00217600255227132,0.00393476609440689,-272.980130299306,-372.488968495883,0.267145732123009,TRUE,0.239460344353549
"lc_centro","CVAE",4,2,400,82,0.75,0.743295019157088,-54.4031552618241,-0.680039440772801,0.602266898747447,0.188845097030027,80,0.75,0.6,0.666666666666667,0.7,0.875,0.777777777777778,0.757575757575758,1,0.862068965517241,0.764705882352941,0.590909090909091,0.666666666666667,-3.76696755118245,0.604073869204142,-2.13738363321262,0.458006759119041,0,NA,-3.74985335364941,0.7020490113023,0.0132098576615846,0.0106691120067464,0.00138186866897176,0.000678080123974438,-0.00187542105312267,0.000474361525162033,2.07053298963979,0.567626083905576,-0.691617921612874,0.260767174204229,0.0012378273781757,0.00335645824772639,-293.476835904527,-379.211976296927,0.226087638976014,TRUE,0.104608899230637
"lc_centro","CVAE",4,3,400,81,0.784810126582278,0.726857598661223,-43.5135201003935,-0.550804051903715,0.646994156075806,0.190808366552286,79,0.785714285714286,0.88,0.830188679245283,0.454545454545455,0.625,0.526315789473684,0.862068965517241,1,0.925925925925926,0.909090909090909,0.476190476190476,0.625,-3.95754595044273,0.630826361660356,-2.02579497038255,0.477684425966453,0,NA,-2.86543135741403,0.622435561068717,0.00993197380951104,0.00977465623123515,5.70808333920646e-05,0.000646060374451535,-0.00190673043999316,0.00047235098756236,2.53350294707573,0.583033270453136,-0.886722257423447,0.263516217054463,0.00240389905782057,0.00351733941102931,-277.001422959469,-371.625922278528,0.254622978770945,TRUE,0.00574717920997767
"lc_centro","CVAE",4,4,400,81,0.708860759493671,0.639807513914657,-52.4610036450338,-0.664063337278909,0.591331657144422,0.186928321452454,79,0.6,0.84,0.7,0.428571428571429,0.333333333333333,0.375,0.92,0.958333333333333,0.938775510204082,0.75,0.428571428571429,0.545454545454545,-3.48984336750501,0.601169060869083,-1.75547364849539,0.432624066374629,0,NA,-2.8855765548953,0.625569423902826,0.0157278369663245,0.0100171245263076,0.000509474592571647,0.000607613438903298,-0.00176489800493765,0.00047106143053569,2.4269097993306,0.570131500458202,-0.57361693985632,0.266271354737241,0.00331655761890374,0.00292920899800878,-289.07189773199,-372.319069459088,0.223590942704174,TRUE,0.0323931761031414
"lc_centro","CVAE",5,0,400,82,0.725,0.691470342522974,-55.9092257688368,-0.698865322110459,0.579478287621486,0.222603666312978,80,0.625,0.8,0.701754385964912,0.5,0.625,0.555555555555556,0.88,0.88,0.88,0.846153846153846,0.5,0.628571428571429,-3.71819919582292,0.59653022831422,-1.95198287607099,0.506457793663403,0,NA,-3.41408688444903,0.68547133708342,0.02033935113612,0.0101816721500469,0.00108934409967249,0.000671202845718578,-0.0021815843155276,0.000483547815387588,2.15802605540202,0.527562980275636,-0.858542805713041,0.270809795468494,0.00155948495720347,0.0038574023084328,-286.892425225877,-374.751860107737,0.234446961401608,TRUE,0.0535584489584801
"lc_centro","CVAE",5,1,400,82,0.7125,0.666906130268199,-60.0062597453675,-0.750078246817093,0.582576658095058,0.203492558712746,80,0.782608695652174,0.72,0.75,0.5,0.625,0.555555555555556,0.757575757575758,1,0.862068965517241,0.642857142857143,0.409090909090909,0.5,-4.57840575921752,0.72321354209767,-3.02594244503379,0.555480850432089,0,NA,-3.62616974250905,0.722936504223974,-0.00757108586461832,0.0135170898586753,0.000365058118070988,0.000686839155149816,-0.00259840627638389,0.000524403551495356,2.63916095512395,0.57177895224811,-0.526846651561138,0.259319356935449,0.000294336608763267,0.00413847188706871,-256.418659604485,-363.765737221056,0.295099473734487,TRUE,-0.0482174056137708
"lc_centro","CVAE",5,2,400,82,0.6875,0.642222222222222,-52.8542928704609,-0.660678660880761,0.606489779154319,0.212976989501645,80,0.68,0.68,0.68,0.375,0.75,0.5,0.827586206896552,0.96,0.888888888888889,0.8,0.363636363636364,0.5,-4.17528551849461,0.656010841654889,-2.13110326206756,0.487131768950792,0,NA,-2.8132116994801,0.642656877725548,0.016968891585539,0.0103429276332166,-4.09437701175352e-05,0.000663514680119906,-0.0021307922019198,0.000511683459866439,2.50176393978313,0.554573620551613,-0.823008363103336,0.260406704783651,0.00159046230018466,0.00323769000017649,-282.366756068755,-374.921759144532,0.246864847980448,TRUE,-0.00241287239718284
"lc_centro","CVAE",5,3,400,81,0.810126582278481,0.780384157742648,-46.2138092972203,-0.584984927812915,0.66019701775938,0.118341793705151,79,0.75,0.84,0.792452830188679,0.714285714285714,0.625,0.666666666666667,0.857142857142857,0.96,0.90566037735849,0.875,0.666666666666667,0.756756756756757,-4.85832388222307,0.681944998377481,-2.55706316190587,0.525153643231334,0,NA,-3.31149179896967,0.663018242958621,0.00776442610037961,0.0109045131453837,0.00035392716275685,0.000689997111418122,-0.00231891221588722,0.000488530610175096,3.2360106383455,0.604001791763571,-0.807710967609484,0.263393316296373,0.000164426713201117,0.00374027117638407,-271.52019534757,-375.039542180189,0.276022486137963,TRUE,0.0455831710137013
"lc_centro","CVAE",5,4,400,81,0.708860759493671,0.665481577246283,-54.3978368446416,-0.688580213223311,0.589240200878276,0.173545363030189,79,0.692307692307692,0.72,0.705882352941177,0.454545454545455,0.555555555555556,0.5,0.821428571428571,0.958333333333333,0.884615384615385,0.714285714285714,0.476190476190476,0.571428571428571,-3.89805988838343,0.596600136441755,-1.71828410019045,0.421077892179044,0,NA,-3.24737259064187,0.630399454465775,0.0122345849725428,0.0102897894588945,0.00081190928297664,0.000657506321125819,-0.00165982538416374,0.000461863185555481,2.77932166829756,0.564187856782994,-0.807126040119885,0.258844046207851,0.00464218830798855,0.00293325980973586,-286.860094662758,-380.532603623529,0.24616158528546,TRUE,0.0663618165061378
"lc_centro","CVAE",6,0,400,82,0.6375,0.560516367563975,-61.5745285773632,-0.769681607217039,0.579852635513971,0.197689267480612,80,0.653846153846154,0.68,0.666666666666667,0.375,0.375,0.375,0.735294117647059,1,0.847457627118644,0.5,0.272727272727273,0.352941176470588,-4.39838143767191,0.72596798667916,-2.77104593084444,0.562723917945862,0,NA,-4.03569840555324,0.723684939545016,0.0117083450314521,0.00983064159267188,0.00106845292089377,0.000686050267083788,-0.0022991613916517,0.000522492295845925,2.28907192843756,0.614217659101417,-1.00370822042023,0.273975532673183,-2.07574977580046e-06,0.00374002500434213,-259.776684357562,-366.3684269065,0.290941398659719,TRUE,0.0912556743095274
"lc_centro","CVAE",6,1,400,82,0.7125,0.657407407407407,-52.3444468201846,-0.654305585252307,0.59642383691314,0.202753839737987,80,0.655172413793103,0.76,0.703703703703704,0.416666666666667,0.625,0.5,0.862068965517241,1,0.925925925925926,0.8,0.363636363636364,0.5,-3.42014306126472,0.581757200122858,-1.6560628013198,0.415505475025531,0,NA,-2.6938140898761,0.604611417843813,0.00718553611479744,0.0103693835081088,0.000179647252528337,0.000624942873991971,-0.0014448768647839,0.000451470875647955,2.44945737779842,0.534348895846002,-0.787872794849585,0.269732748699459,0.00378619137639452,0.00291244344460502,-285.520134915393,-372.201286423432,0.232887834271013,TRUE,0.0250012315933369
"lc_centro","CVAE",6,2,400,82,0.7875,0.788785689714482,-50.2876360058839,-0.628595450073549,0.627427133742683,0.175188645197335,80,0.692307692307692,0.72,0.705882352941177,0.777777777777778,0.875,0.823529411764706,0.827586206896552,0.96,0.888888888888889,0.875,0.636363636363636,0.736842105263158,-4.01918807225012,0.609279958520306,-1.86539572416779,0.476752740643416,0,NA,-2.77682038273324,0.612697270555022,0.0117368046776905,0.010356923297231,0.000147263490568821,0.000625967359582415,-0.00219742662382386,0.00046588380064309,2.78409556139434,0.538666514181915,-0.867678601643517,0.277786388377508,0.00473353737265968,0.0032995715174713,-281.953302604976,-377.982029939224,0.254056330005129,TRUE,0.0125471535577943
"lc_centro","CVAE",6,3,400,81,0.759493670886076,0.73409174990751,-51.54663487037,-0.652489048992025,0.612643848263411,0.161049733646225,79,0.678571428571429,0.76,0.716981132075472,0.6,0.75,0.666666666666667,0.857142857142857,0.96,0.90566037735849,0.846153846153846,0.523809523809524,0.647058823529412,-3.86710705267905,0.605602920331585,-2.37026734275653,0.464457156280097,0,NA,-3.35541803372067,0.635171401762125,0.0072098789900723,0.0104567812300233,0.00063920582307907,0.00061765617103889,-0.00241570314446885,0.000532213139472026,2.35873232037035,0.538635711450503,-0.404737332166519,0.258240864403722,0.0031693603427968,0.00304668332968133,-283.914578205572,-376.425836541309,0.245762244126897,TRUE,0.0886569419485721
"lc_centro","CVAE",6,4,400,81,0.734177215189873,0.688113890717577,-52.4595960090909,-0.664045519102416,0.590717541581607,0.285447222899525,79,0.833333333333333,0.8,0.816326530612245,0.368421052631579,0.777777777777778,0.5,0.884615384615385,0.958333333333333,0.92,0.8,0.380952380952381,0.516129032258065,-4.13893644551139,0.686470192080508,-2.05187788081686,0.505793941148433,0,NA,-3.01813855342483,0.678877540058894,0.00878398702248284,0.0109908079696319,0.000419703682366134,0.000721892570694648,-0.00188657954362509,0.000478538602700599,2.50267182967603,0.604137564235841,-0.842564033934982,0.268123806997784,-0.000137716466603974,0.00370642939533419,-282.673626453592,-369.494364735709,0.234971752124604,TRUE,0.0477805444488809
"lc_centro","CVAE",7,0,400,82,0.7,0.615455140370395,-58.7797897909542,-0.734747372386927,0.584000421687922,0.182029458239872,80,0.68,0.68,0.68,0.333333333333333,0.25,0.285714285714286,0.735294117647059,1,0.847457627118644,0.8,0.545454545454545,0.648648648648649,-3.65903535322921,0.581499170455963,-2.12162654102879,0.434219124370585,0,NA,-3.43615718064538,0.674217326554896,0.0126930374045818,0.0109771205848694,0.000960186537578016,0.000667007019487018,-0.00174962238691295,0.00047116423890716,2.45527609526133,0.549843382130399,-0.246553851822539,0.267575746643527,0.00482552731232397,0.00289606606510686,-282.366038632859,-371.508139242872,0.239946561579196,TRUE,0.0756467114192396
"lc_centro","CVAE",7,1,400,82,0.6625,0.609375665646476,-59.3284659398795,-0.741605824248493,0.58620356413332,0.173590797870762,80,0.6,0.72,0.654545454545455,0.4,0.5,0.444444444444444,0.821428571428571,0.92,0.867924528301887,0.666666666666667,0.363636363636364,0.470588235294118,-4.2828357598427,0.760775894529612,-2.35204197424435,0.551204299441015,0,NA,-3.36273279464212,0.685849480125993,0.00599342226714235,0.0107999379172318,0.000518305351608384,0.000738668538328166,-0.0023950206473631,0.000544369707916875,2.71971689090526,0.618178990869841,-0.899586241518818,0.266888819581904,0.00056648769835319,0.00408813977503172,-267.171771430967,-368.212302376867,0.274408351632111,TRUE,0.0864790312623026
"lc_centro","CVAE",7,2,400,82,0.725,0.688835168454734,-51.5490511795821,-0.644363139744776,0.609030332562757,0.20789008473441,80,0.739130434782609,0.68,0.708333333333333,0.466666666666667,0.875,0.608695652173913,0.806451612903226,1,0.892857142857143,0.818181818181818,0.409090909090909,0.545454545454546,-4.17526843657295,0.702692607452384,-2.24748207820542,0.536310431809986,0,NA,-2.62995588867409,0.601574300892392,0.00660168214731308,0.0106872179082388,-0.000290530727018278,0.000621903150381083,-0.00180636531178442,0.000485552511145579,2.61731606899213,0.604625509028874,-0.740732014333608,0.26968713473,3.12029478750026e-06,0.00378694766096221,-276.214237499985,-370.579425990999,0.254642276048281,TRUE,-0.044008590619063
"lc_centro","CVAE",7,3,400,81,0.784810126582278,0.747843665768194,-50.2855697807694,-0.636526199756575,0.608864299538853,0.192373388397218,79,0.8,0.8,0.8,0.5,0.75,0.6,0.857142857142857,0.96,0.90566037735849,0.857142857142857,0.571428571428571,0.685714285714286,-4.2160463515202,0.636851735747648,-2.29974550956883,0.502116961866445,0,NA,-3.15636366156941,0.630397649095614,0.00812523764441789,0.00952509940605076,0.000548727365842735,0.000604073009435554,-0.00196432370297555,0.000488726899035378,2.70020016837457,0.56327389297242,-0.516653013948443,0.260428074853716,0.000571188090524881,0.00384712886020301,-283.296566428416,-371.809372348702,0.238059641587716,TRUE,0.0675337005336348
"lc_centro","CVAE",7,4,400,81,0.69620253164557,0.670912364945978,-47.355605638063,-0.599438046051431,0.620567201469853,0.22099750088627,79,0.666666666666667,0.64,0.653061224489796,0.5,0.888888888888889,0.64,0.884615384615385,0.958333333333333,0.92,0.615384615384615,0.380952380952381,0.470588235294118,-4.10148129824937,0.654433972574894,-1.75059716760214,0.443159314968008,0,NA,-2.72774455761181,0.632090906881814,0.0147314410666472,0.00977575783614248,8.06281721745177e-05,0.000682741630218044,-0.00189006419795251,0.000467983435304774,2.75548751525812,0.582634772469257,-1.04017958681439,0.279073019454073,0.00290667762680221,0.00301728332721894,-284.06241847636,-376.661402612621,0.245841446705105,TRUE,0.00547320332136848
"lc_centro","CVAE",8,0,400,82,0.7625,0.71421052631579,-45.3352270914844,-0.566690338643555,0.65245664258559,0.129067595270476,80,0.6,0.84,0.7,0.75,0.375,0.5,0.92,0.92,0.92,0.875,0.636363636363636,0.736842105263158,-4.24819665951851,0.689090690858138,-2.3785375274967,0.497714420253226,0,NA,-2.90281369028313,0.630928207353995,0.0188759564432632,0.00943127170647836,1.74978073354139e-05,0.000638717828012719,-0.00221351978294303,0.000519278990615128,2.49026695134232,0.597692584288442,-0.673991731634179,0.265002261719814,0.00139510266784399,0.00336337811070547,-281.327542507759,-372.60675153154,0.24497465128743,TRUE,0.000926989177370074
"lc_centro","CVAE",8,1,400,82,0.7375,0.693924426637193,-51.0457261061995,-0.638071576327494,0.606222037294595,0.255762996166526,80,0.818181818181818,0.72,0.765957446808511,0.428571428571429,0.75,0.545454545454545,0.806451612903226,1,0.892857142857143,0.769230769230769,0.454545454545455,0.571428571428571,-4.08934088301476,0.631412794366924,-1.71505487616212,0.447939154865033,0,NA,-2.67299185132227,0.567583326583618,0.00227644297138718,0.0107582285749201,6.29932138143702e-05,0.000581418261363623,-0.00163815448363755,0.000465129415305025,2.96961255950874,0.584216976221161,-1.12836647845212,0.275294810201272,0.00183577240406673,0.00328034192250038,-275.560337968335,-369.258798664396,0.253747401646127,TRUE,0.0276717732911115
"lc_centro","CVAE",8,2,400,82,0.75,0.700339795008913,-56.5261683434151,-0.706577104292688,0.611871227302623,0.213693750242975,80,0.769230769230769,0.8,0.784313725490196,0.428571428571429,0.75,0.545454545454545,0.833333333333333,1,0.909090909090909,0.9,0.409090909090909,0.5625,-5.01734302132608,0.713087658042285,-2.91042228748023,0.609884736440546,0,NA,-3.7068089556498,0.718586538472575,0.0139490992491461,0.0105052847479341,0.000843935292180539,0.000693862616973704,-0.00230236408365373,0.000510381621644383,2.73151165245255,0.547809274352386,-0.76585737955164,0.255730968949065,-0.00415903073451141,0.00463184059977883,-275.194321624797,-376.37372054017,0.268826948837343,TRUE,0.0605010601119781
"lc_centro","CVAE",8,3,400,81,0.721518987341772,0.686251562567352,-52.12963650938,-0.65986881657443,0.606343200260326,0.228093786283774,79,0.842105263157895,0.64,0.727272727272727,0.5,0.75,0.6,0.78125,1,0.87719298245614,0.625,0.476190476190476,0.54054054054054,-4.3139499405734,0.691479089536038,-2.69388117508708,0.537303153601621,0,NA,-3.61145727249019,0.709456541257988,0.00580970746839623,0.0111500798639075,0.000654793513193495,0.000684172507232383,-0.00235472312457891,0.000513517308155705,2.3839947099861,0.556238022047159,-0.560943383162509,0.258557691146155,0.00117724651268817,0.00381489912732552,-275.46587152241,-372.842317602853,0.261173266775385,TRUE,0.112706795781966
"lc_centro","CVAE",8,4,400,81,0.670886075949367,0.619323671497584,-60.3946628699625,-0.764489403417247,0.568127944619936,0.126570695687255,79,0.653846153846154,0.68,0.666666666666667,0.428571428571429,0.666666666666667,0.521739130434783,0.8,1,0.888888888888889,0.666666666666667,0.285714285714286,0.4,-4.44320967947497,0.680519457864377,-2.22972518446478,0.486935077390769,0,NA,-3.26711816671799,0.646516752003561,0.0138764186284471,0.009889967788025,0.000386598624146115,0.000659981317129566,-0.00223992593729926,0.000508010040300051,2.87202624715693,0.618545030017378,-0.965845245279174,0.282480316704144,0.00231186969109709,0.00317622651802565,-264.680324598241,-369.14101562874,0.282983159843606,TRUE,0.0278601153869468
"lc_centro","CVAE",9,0,400,82,0.7125,0.678121513352899,-57.1517414326636,-0.714396767908295,0.563996931805765,0.234961745097913,80,0.678571428571429,0.76,0.716981132075472,0.466666666666667,0.875,0.608695652173913,0.884615384615385,0.92,0.901960784313726,0.727272727272727,0.363636363636364,0.484848484848485,-3.92526991688516,0.640396083115194,-1.97185435182087,0.471282795248869,0,NA,-2.87978725610064,0.659265999530692,0.0114130263438557,0.0101223477527108,0.000222532347919578,0.000709326650506438,-0.00224798061832963,0.000482921244301224,2.79333411069528,0.619612241550767,-0.622813075617079,0.267387281984566,0.00330562436040268,0.00331600240248282,-270.42083259944,-366.930240018025,0.263018407569365,TRUE,0.0194981016616491
"lc_centro","CVAE",9,1,400,82,0.6875,0.644305214305214,-60.4845686037757,-0.756057107547197,0.578447959273529,0.184115734782298,80,0.566666666666667,0.68,0.618181818181818,0.4,0.5,0.444444444444444,0.92,0.92,0.92,0.733333333333333,0.5,0.594594594594595,-3.8473562859252,0.590472493636216,-1.64456661947974,0.430201838528504,0,NA,-2.96762164947351,0.668632083983101,-0.00473499233598024,0.00991909206171598,0.000667043902164832,0.000702002153225071,-0.00152419278181096,0.000461758699381792,3.37856026483758,0.585753621621763,-0.607928150944636,0.269165003072006,0.00472304693702179,0.00314228785975225,-278.805025534602,-370.579425990999,0.247651094528454,TRUE,-0.140875392151345
"lc_centro","CVAE",9,2,400,82,0.75,0.717161493477283,-54.8410189441537,-0.685512736801921,0.624074613732098,0.131558657502588,80,0.740740740740741,0.8,0.769230769230769,0.714285714285714,0.625,0.666666666666667,0.78125,1,0.87719298245614,0.714285714285714,0.454545454545455,0.555555555555556,-3.8362361450315,0.622443364933798,-2.0669074160542,0.431869201292486,0,NA,-3.53756078736112,0.655454478811302,0.00901972018006212,0.00998624279568002,0.000937095723466005,0.000640847813229162,-0.0020184614248477,0.000496371911277416,2.58851490493993,0.573260129269396,-0.66917979503771,0.269129415586349,0.00439689806986348,0.00291930915464367,-280.679858752345,-373.940929891521,0.249400543466132,TRUE,0.103894101453106
"lc_centro","CVAE",9,3,400,81,0.683544303797468,0.61089699169554,-52.8949235108069,-0.669555993807683,0.608655746362239,0.258371590697067,79,0.72,0.72,0.72,0.285714285714286,0.5,0.363636363636364,0.78125,1,0.87719298245614,0.875,0.333333333333333,0.482758620689655,-4.06870448687521,0.648223694548454,-2.0298788910591,0.462773200782823,0,NA,-3.00500392510149,0.647563803548844,0.0087431980095215,0.0113936850976659,0.000103730059999522,0.000667696898549217,-0.00207377058344202,0.000484307965677867,2.40877990310265,0.590801962779798,-0.958709267316674,0.270522255890599,0.00268021791040977,0.00302266851509958,-277.183174182796,-373.60113181793,0.258077263219112,TRUE,0.0118640867891311
"lc_centro","CVAE",9,4,400,81,0.759493670886076,0.721153846153846,-48.0939490955544,-0.608784165766512,0.620116792514321,0.184941702431939,79,0.8,0.8,0.8,0.5,0.666666666666667,0.571428571428572,0.821428571428571,0.958333333333333,0.884615384615385,0.785714285714286,0.523809523809524,0.628571428571429,-4.15232455290967,0.666207689005412,-2.13494138940042,0.522809150346006,0,NA,-2.7322622115461,0.633358279101282,0.0149349371856749,0.0101100354231085,-5.80632446683565e-05,0.00065543067527745,-0.00192081797254141,0.00047345003613543,2.39111890742043,0.56032255367366,-0.971314290568922,0.272410132283938,0.000258566181068997,0.00366681824541622,-282.414394678697,-373.940929891521,0.244762014255502,TRUE,-0.00388774615831988
"lc_centro","class_weights",0,0,318,0,0.7125,0.643353929898121,-57.6085604572754,-0.720107005715943,0.594037280724959,0.214495440224715,80,0.655172413793103,0.76,0.703703703703704,0.428571428571429,0.375,0.4,0.892857142857143,1,0.943396226415094,0.625,0.454545454545455,0.526315789473684,-4.10450630061907,0.849041755154666,-2.65374030038068,0.550799451532493,0,NA,-1.08306453093124,0.716449465864088,-0.00767940167829057,0.0143998143826038,-0.00282572911102409,0.000830094169842397,-0.00281143660107944,0.000516378684993764,2.38716777783162,0.763763474420635,-0.502850191920339,0.435477044101128,0.00100067016440006,0.00338104388289142,-201.722427399867,-293.217214605702,0.312037570266368,TRUE,0.367962144630661
"lc_centro","class_weights",0,1,318,0,0.7375,0.703524436090226,-50.5453366949457,-0.631816708686821,0.61964730328171,0.191807980488234,80,0.739130434782609,0.68,0.708333333333333,0.5,0.75,0.6,0.78125,1,0.87719298245614,0.846153846153846,0.5,0.628571428571429,-4.07169270993819,0.799805224881857,-2.52672385004122,0.576517238694012,0,NA,-2.07348219464302,0.701786419404512,-0.0155332305355061,0.0154232401462323,-0.00140641604336047,0.000730454410962387,-0.00267935391400276,0.000544657391014976,2.3004324579346,0.718251516671527,-0.988141894016427,0.419534519420149,8.41216360921717e-05,0.00418788549681784,-209.557731463575,-296.065791638047,0.292192014808085,TRUE,0.0905424045658541
"lc_centro","class_weights",0,2,318,0,0.7375,0.688685739547809,-53.2883556371062,-0.666104445463828,0.619031539971133,0.124484259533711,80,0.703703703703704,0.76,0.730769230769231,0.571428571428571,0.5,0.533333333333333,0.757575757575758,1,0.862068965517241,0.846153846153846,0.5,0.628571428571429,-4.09605870434573,0.796259698272906,-2.62378531479343,0.541052205286391,0,NA,-1.97278190421549,0.718131085419559,-0.00556566974516218,0.0131915177899839,-0.00175354111150199,0.000768391525685898,-0.00293930248703409,0.0005758030281763,2.24707760698573,0.724292779919189,-0.94769816021693,0.427878995469635,0.00153124764862276,0.00343578350200925,-201.681151067323,-293.96693076166,0.31393252110102,TRUE,0.315063809351285
"lc_centro","class_weights",0,3,319,0,0.746835443037975,0.720904556154446,-50.5154830456143,-0.639436494248282,0.63409357159819,0.196624425762838,79,0.75,0.72,0.73469387755102,0.545454545454545,0.75,0.631578947368421,0.884615384615385,0.92,0.901960784313726,0.666666666666667,0.571428571428571,0.615384615384615,-4.60560211897161,0.803911075337236,-2.76594797415766,0.558463322858897,0,NA,-2.08660733450024,0.717527549771889,-0.00926562082932768,0.0137290260513028,-0.00145215918170232,0.000737749334128065,-0.00315569414251157,0.000549781774563269,2.8451439941441,0.732864933911901,-0.617219055302565,0.423917371435902,0.000364727279772431,0.00353479206997371,-210.240565662181,-297.643418422514,0.293649539517996,TRUE,0.156725513427651
"lc_centro","class_weights",0,4,319,0,0.79746835443038,0.740902273826802,-42.8496472422567,-0.542400598003249,0.663745138749599,0.102377205661018,79,0.84,0.84,0.84,0.571428571428571,0.444444444444444,0.5,0.827586206896552,1,0.905660377358491,0.777777777777778,0.666666666666667,0.717948717948718,-4.37410115522053,0.809700870946008,-2.66164238320479,0.546979656634566,0,NA,-2.02776240326709,0.659375887357026,-0.00850326768053724,0.0138977154451249,-0.0016093228479183,0.000742195729032437,-0.00279410797539823,0.000526670493729765,2.63490111510658,0.712298188892969,-0.899352950454778,0.415698193416852,0.0011037326016035,0.00456517474167223,-208.27565864638,-299.098745094517,0.303655859269607,TRUE,0.189259342217558
"lc_centro","class_weights",1,0,318,0,0.7625,0.704474452254696,-50.3291841479396,-0.629114801849246,0.646066291229005,0.158645152129146,80,0.714285714285714,0.8,0.754716981132076,0.444444444444444,0.5,0.470588235294118,0.862068965517241,1,0.925925925925926,0.857142857142857,0.545454545454545,0.666666666666667,-4.46253110304764,0.809082880348215,-2.45605710113221,0.528834054296868,0,NA,-1.60410730881997,0.708517743774342,-0.0106442787253783,0.0128458382721376,-0.00202775025707561,0.000773239597751092,-0.00269906222837445,0.000506798902497254,3.1485078793058,0.723788234527917,-0.705760821821871,0.425709600130782,0.00256662652090322,0.00336965612551162,-205.947109330231,-297.822533812633,0.308490507102471,TRUE,0.190501424229055
"lc_centro","class_weights",1,1,318,0,0.7125,0.676648481973435,-55.8174202260865,-0.697717752826082,0.599645981223585,0.175226290062847,80,0.621621621621622,0.92,0.741935483870968,0.625,0.625,0.625,0.807692307692308,0.84,0.823529411764706,0.888888888888889,0.363636363636364,0.516129032258064,-3.83321718807545,0.793944245957049,-2.78993444272993,0.554659529505716,0,NA,-1.57469560096603,0.722020859302672,-0.00464000989260065,0.0131339452640234,-0.00232721023999515,0.000838290311915194,-0.00320111721162264,0.000594416045927528,1.83978191324934,0.720399642167311,-0.621323864253276,0.431925823807965,0.000417413389504038,0.00377630720117227,-204.120692751247,-293.626620165698,0.304829062718977,TRUE,0.501552861709695
"lc_centro","class_weights",1,2,318,0,0.725,0.655041882941713,-50.0493261509123,-0.625616576886404,0.631179047922135,0.214874468759375,80,0.857142857142857,0.72,0.782608695652174,0.375,0.375,0.375,0.78125,1,0.87719298245614,0.631578947368421,0.545454545454545,0.585365853658537,-4.33363526235998,0.769978936403809,-2.52953677274061,0.497519280464552,0,NA,-2.5414884627019,0.64156699354803,-0.00673695500640482,0.0131675160716914,-0.000999365414169552,0.000658020769254186,-0.00290127905323014,0.000526176254732178,2.50431137443121,0.725879150178772,-1.06364600718915,0.419637149102907,0.00346999152197148,0.00323170934433141,-204.854259269758,-295.012982586704,0.305609341414147,TRUE,0.148340817657155
"lc_centro","class_weights",1,3,319,0,0.708860759493671,0.658397974574445,-56.0897701678833,-0.709997090732701,0.619268174602172,0.221232018963669,79,0.857142857142857,0.48,0.615384615384615,0.444444444444444,0.5,0.470588235294118,0.714285714285714,1,0.833333333333333,0.714285714285714,0.714285714285714,0.714285714285714,-4.33840791755819,0.832344122934795,-2.70347392571842,0.542069629840281,0,NA,-1.48645030276002,0.700244755326591,-0.0207019212141645,0.0203700572770084,-0.00245993910729357,0.000797224599824036,-0.00273676197461244,0.000560344578897636,2.57230675137946,0.774495463058651,-0.837261283303409,0.403242576352291,0.00160950587747793,0.00316552909385699,-201.016195327477,-296.853671433297,0.322844166430851,TRUE,0.118826609465138
"lc_centro","class_weights",1,4,319,0,0.772151898734177,0.758936529157117,-52.0876758586532,-0.659337669096876,0.613274217611163,0.224882559583342,79,0.666666666666667,0.8,0.727272727272727,0.666666666666667,0.888888888888889,0.761904761904762,0.958333333333333,0.958333333333333,0.958333333333333,0.769230769230769,0.476190476190476,0.588235294117647,-4.64313993346549,0.942606688422475,-3.0991404072407,0.752723854382626,0,NA,-2.27546364187494,0.791478964441613,-0.00730961942842847,0.0136588860155664,-0.00122997664703725,0.000768917348024783,-0.00296782376701743,0.000566090546591143,2.38309648434112,0.727052809575008,-0.756660397818744,0.433101847571718,-0.00648409369426178,0.00613894719817284,-211.832342511929,-296.672935977676,0.285973485198971,TRUE,0.168268219581124
"lc_centro","class_weights",2,0,318,0,0.7375,0.687908496732026,-51.8564785126916,-0.648205981408645,0.616622772993206,0.196835546278491,80,0.724137931034483,0.84,0.777777777777778,0.5,0.625,0.555555555555556,0.827586206896552,0.96,0.888888888888889,0.75,0.409090909090909,0.529411764705882,-4.16369475647858,0.809515967597532,-2.474653726134,0.526472419344834,0,NA,-1.85012321665526,0.707267547642238,-0.00619567173547857,0.0131961422269079,-0.00182432850565729,0.000775789688340748,-0.00287469001865733,0.000542770780897481,2.53969857010904,0.777057642778861,-0.741318075372159,0.410841301930588,0.00300926954760176,0.00339580340495526,-204.655146527869,-295.173553282369,0.306661642779047,TRUE,0.294452092290583
"lc_centro","class_weights",2,1,318,0,0.775,0.719489462451647,-46.7860208539407,-0.584825260674258,0.622042585802673,0.229571430685452,80,0.724137931034483,0.84,0.777777777777778,0.444444444444444,0.5,0.470588235294118,1,0.96,0.979591836734694,0.722222222222222,0.590909090909091,0.65,-4.10361163009008,0.801367561125231,-2.26900757789892,0.517855509134241,0,NA,-1.10657635115216,0.691904551599708,-0.00371094219222106,0.0142751371168737,-0.0023954608701862,0.00082781557552183,-0.00251495570189723,0.0005442535750981,2.68872233175263,0.735539767829455,-0.749794961109536,0.411452440529347,0.000348287377007078,0.00360324964204879,-210.987257255353,-295.873027707005,0.286899319987058,TRUE,0.645512849865354
"lc_centro","class_weights",2,2,318,0,0.775,0.746586134453782,-42.8981301301729,-0.536226626627161,0.660499203509939,0.231480814073253,80,0.730769230769231,0.76,0.745098039215686,0.625,0.625,0.625,0.884615384615385,0.92,0.901960784313726,0.75,0.681818181818182,0.714285714285714,-4.32441163992199,0.773493128162018,-2.52929797370493,0.494720396239114,0,NA,-1.77980981505887,0.65832243380784,-0.00377438091030624,0.0133871155388311,-0.00162919390162256,0.000714372648928597,-0.00298137961292759,0.000522161728140574,2.59967358114278,0.708607839683762,-0.677673760287367,0.428278924320178,0.00155371381910636,0.00311380261242769,-216.145691544786,-300.646890884691,0.281064604031827,TRUE,0.431645332132197
"lc_centro","class_weights",2,3,319,0,0.734177215189873,0.684501366120219,-60.5381091515898,-0.766305179134048,0.603098792941955,0.203982361990208,79,0.76,0.76,0.76,0.571428571428571,0.5,0.533333333333333,0.694444444444444,1,0.819672131147541,0.909090909090909,0.476190476190476,0.625,-4.39112268463312,0.864980713017144,-3.18261627022353,0.674353888141054,0,NA,-2.38655140283659,0.77366390651813,-0.0201602470403434,0.0168326699634043,-0.00157598981281249,0.00075152707432867,-0.00300773922616178,0.000566559276266807,2.31124683489438,0.700909703948435,-0.717659444115869,0.427063887454838,-0.000390975916456679,0.00458987968440135,-197.147925478711,-294.359809223861,0.330248494186311,TRUE,0.0781731399252558
"lc_centro","class_weights",2,4,319,0,0.708860759493671,0.652544351073763,-53.5449073942422,-0.6777836379018,0.621789693118494,0.184693068783733,79,0.730769230769231,0.76,0.745098039215686,0.416666666666667,0.555555555555556,0.476190476190476,0.8,1,0.888888888888889,0.727272727272727,0.380952380952381,0.5,-4.35456707114114,0.831139616264286,-2.88791683230593,0.583574627068052,0,NA,-2.26156718976921,0.696097881793692,-0.0134283878103049,0.0142709711283403,-0.001563448727185,0.000748431036999822,-0.00291828394799151,0.000542140335515968,2.25541491452745,0.731048993872759,-1.04031754259561,0.431291342713772,-0.0011152376574184,0.00453122831705475,-202.450716325655,-293.905291467817,0.311170223187955,TRUE,0.116428624885648
"lc_centro","class_weights",3,0,318,0,0.7375,0.675684221438938,-47.7778761315142,-0.597223451643927,0.627187196478937,0.217067935184816,80,0.703703703703704,0.76,0.730769230769231,0.333333333333333,0.5,0.4,0.892857142857143,1,0.943396226415094,0.846153846153846,0.5,0.628571428571429,-4.14431747874649,0.808331583934873,-2.46028196699904,0.54485621126599,0,NA,-1.26921145781661,0.691985703725948,-0.00553952240705382,0.0124282845431766,-0.00231340403502956,0.000796139873140829,-0.00241023902706329,0.000525116409835715,2.55926934595055,0.724015667234477,-0.690610165915171,0.430449551478657,-0.000565925432883721,0.00421177778292112,-210.264143740181,-294.783496639381,0.286716705184469,TRUE,0.417617957837622
"lc_centro","class_weights",3,1,318,0,0.775,0.748674130212962,-46.084955001956,-0.57606193752445,0.630458079412284,0.225679105373978,80,0.739130434782609,0.68,0.708333333333333,0.545454545454545,0.75,0.631578947368421,0.888888888888889,0.96,0.923076923076923,0.789473684210526,0.681818181818182,0.731707317073171,-3.88180096652805,0.748477332360628,-2.2634054043125,0.494142685651799,0,NA,-1.90333028610201,0.648666281418427,-0.0162219721704147,0.0141221098855108,-0.00127644601964077,0.000689427729687285,-0.00263275037828154,0.000537392453374618,2.64775268668864,0.723161331750594,-0.628341813701798,0.416135829883777,0.00305476930196023,0.0029391498850138,-214.638083445228,-296.23013915102,0.275434687164618,TRUE,0.0786862414897198
"lc_centro","class_weights",3,2,318,0,0.7,0.653689096747173,-55.1327164462176,-0.68915895557772,0.604387547708757,0.0913096857073834,80,0.606060606060606,0.8,0.689655172413793,0.75,0.375,0.5,0.814814814814815,0.88,0.846153846153846,0.6875,0.5,0.578947368421053,-4.21787872255658,0.85020467920001,-2.92228462033538,0.626562600178239,0,NA,-2.04271125665032,0.759453351624314,-0.00939073396089662,0.015275997548584,-0.00171220987133589,0.000785284316988057,-0.00331194902573893,0.000583191938371193,2.19580547889219,0.698548856846838,-0.908827985241203,0.4280875408737,-0.000477234727225448,0.00442872745377563,-199.205325974162,-294.705270375531,0.324052380467023,TRUE,0.182329717620113
"lc_centro","class_weights",3,3,319,0,0.746835443037975,0.727207549686541,-50.8422751682455,-0.643573103395513,0.630351059841354,0.205576171429852,79,0.75,0.72,0.73469387755102,0.666666666666667,0.75,0.705882352941177,0.774193548387097,0.96,0.857142857142857,0.733333333333333,0.523809523809524,0.611111111111111,-4.18286962046019,0.790039090428057,-2.65786253884847,0.545161107329894,0,NA,-2.0809135462632,0.692267619988932,-0.0022798554985534,0.0122547281614593,-0.00159289335229061,0.00074161215195079,-0.00299977684520748,0.000539554265536728,2.2879464223909,0.714729259094372,-0.632188604684181,0.423144828922862,0.00180480047093326,0.00335991419010635,-210.385625224951,-295.589434095679,0.288250522659576,TRUE,0.698681716144431
"lc_centro","class_weights",3,4,319,0,0.658227848101266,0.573153866809882,-59.0502912675431,-0.747472041361305,0.62562870110591,0.238526059959163,79,0.791666666666667,0.76,0.775510204081633,0.272727272727273,0.333333333333333,0.3,0.727272727272727,1,0.842105263157895,0.545454545454545,0.285714285714286,0.375,-5.01362896510868,0.883456691161388,-3.11294247939873,0.602159047339115,0,NA,-2.15550998905464,0.771462850491102,-0.0144931643814923,0.017279964929168,-0.00205233698097351,0.00084424812645607,-0.00303409698128028,0.000542803162586274,2.71292990286499,0.7924592827826,-1.13229486656854,0.418639138153284,-0.000902883635933964,0.0045636313645934,-194.958625085783,-298.697988702592,0.347305196353701,TRUE,0.141607238209092
"lc_centro","class_weights",4,0,318,0,0.6875,0.654119674185464,-63.5801690552868,-0.794752113191085,0.600969070715716,0.213540663028338,80,0.652173913043478,0.6,0.625,0.5,0.75,0.6,0.78125,1,0.87719298245614,0.692307692307692,0.409090909090909,0.514285714285714,-5.10161023347458,0.868342094639441,-2.99207034874036,0.584579264915354,0,NA,-2.40122929623659,0.708024491976153,-0.0249385437773363,0.0155670656048366,-0.00151235282107591,0.000753486270263376,-0.00316521783067442,0.000576704891673913,3.20770714741051,0.764278035012712,-1.06983158507434,0.419107872470324,-0.000857001227768974,0.004291148398676,-196.030294315238,-295.140087141294,0.335805934686903,TRUE,0.0606431888958293
"lc_centro","class_weights",4,1,318,0,0.7375,0.689020641194554,-53.9383310576921,-0.674229138221151,0.590993416267811,0.269996568808223,80,0.8,0.8,0.8,0.4,0.75,0.521739130434783,0.827586206896552,0.96,0.888888888888889,0.818181818181818,0.409090909090909,0.545454545454546,-4.23211630052227,0.821603900080714,-2.80053575874227,0.578268078716491,0,NA,-2.58203759729302,0.719839372128602,-0.00862208988823491,0.0133363412039158,-0.000880459303683099,0.000721657934086089,-0.00318655267897338,0.000566584827734958,2.15580364669307,0.679348269857145,-0.758052578870267,0.41641838578058,-0.000539572872326414,0.00425896060962565,-207.823940510765,-295.714091820824,0.297213266939314,TRUE,0.102116692715592
"lc_centro","class_weights",4,2,318,0,0.775,0.734761009667025,-48.2519129713478,-0.603148912141847,0.63929050985795,0.175087483863163,80,0.791666666666667,0.76,0.775510204081633,0.666666666666667,0.5,0.571428571428572,0.75,0.96,0.842105263157895,0.833333333333333,0.681818181818182,0.75,-4.46206604867389,0.818625627802927,-2.82499872206184,0.539341759944439,0,NA,-1.73679886628325,0.698406987856704,-0.00177234405172778,0.0134087744619343,-0.00196028402142041,0.000788379283459928,-0.00285763989169151,0.000537867215621061,2.45740869064618,0.743156808789991,-0.596443910841789,0.42631009575988,0.000782792780952119,0.00341952327059559,-209.923870734764,-298.02830816314,0.295624392096834,TRUE,1.10604034217251
"lc_centro","class_weights",4,3,319,0,0.822784810126582,0.763492063492064,-41.1742724091625,-0.521193321634969,0.66713083541604,0.170584296041386,79,0.793103448275862,0.92,0.851851851851852,0.571428571428571,0.5,0.533333333333333,0.862068965517241,1,0.925925925925926,0.928571428571429,0.619047619047619,0.742857142857143,-3.82198347527971,0.747497716541174,-2.41228814373442,0.53050634264802,0,NA,-1.53981578322783,0.683823628650344,-0.008652058709016,0.0132729439307507,-0.00199672985230655,0.000767884174782007,-0.00242666883468664,0.000517705201298647,2.29790554555507,0.71942756674312,-0.716306710804916,0.404007818610746,0.00113317294040967,0.00370883788007014,-212.394875406401,-296.67928829994,0.284092675887532,TRUE,0.23078089498235
"lc_centro","class_weights",4,4,319,0,0.721518987341772,0.676872328779886,-54.3365554454898,-0.687804499309997,0.62314548381345,0.166467140966684,79,0.666666666666667,0.88,0.758620689655172,0.555555555555556,0.555555555555556,0.555555555555556,0.956521739130435,0.916666666666667,0.936170212765957,0.571428571428571,0.380952380952381,0.457142857142857,-3.90471181203494,0.823676351087071,-2.28511197326875,0.523707123186244,0,NA,-1.09002363481553,0.675680664020568,-0.00432997423812318,0.0137331781826544,-0.0026723168972977,0.00075301586015667,-0.00285017870338371,0.000524450064985645,2.52125478817214,0.779504181013015,-0.861828963459724,0.445714808009536,0.00285730835831135,0.00310653000004228,-203.047684246094,-294.389994482298,0.310276544543693,TRUE,0.617166927638815
"lc_centro","class_weights",5,0,318,0,0.7125,0.68940038934234,-56.2689427146854,-0.703361783933567,0.598972301603902,0.219375452926464,80,0.633333333333333,0.76,0.690909090909091,0.625,0.625,0.625,0.846153846153846,0.88,0.862745098039216,0.6875,0.5,0.578947368421053,-4.28989604118556,0.83209287368,-2.54360322871216,0.627711360415514,0,NA,-1.60774260009175,0.747519427264068,0.00209896017882045,0.012022172193916,-0.00215057585314027,0.000800419709744521,-0.0031822601554899,0.000576473267451334,2.30628505245174,0.697515773174026,-0.961342994279564,0.439191971104129,0.000267086938432192,0.00437028492189705,-205.540603519227,-295.247436628753,0.30383611161483,TRUE,-1.02459106887337
"lc_centro","class_weights",5,1,318,0,0.725,0.66551724137931,-58.00042583186,-0.72500532289825,0.591157640859485,0.184550343813611,80,0.8,0.8,0.8,0.5,0.5,0.5,0.757575757575758,1,0.862068965517241,0.642857142857143,0.409090909090909,0.5,-4.20333433330241,0.867238373401934,-2.97105800385742,0.584450192997351,0,NA,-2.37689344539308,0.734735300607796,-0.0311113042593521,0.0187398645498177,-0.00126509981045863,0.000722716131341688,-0.00274661518328335,0.000532683616948522,2.48219203504972,0.748542710895791,-0.656767058623843,0.404293377301634,6.11882479106305e-05,0.0040846184462624,-197.489445352903,-289.72318273,0.318351250003531,TRUE,0.0406636700252879
"lc_centro","class_weights",5,2,318,0,0.7,0.65348830973831,-56.3066932742516,-0.703833665928145,0.610285066737637,0.169302410979231,80,0.739130434782609,0.68,0.708333333333333,0.384615384615385,0.625,0.476190476190476,0.827586206896552,0.96,0.888888888888889,0.666666666666667,0.454545454545455,0.54054054054054,-4.18745183717831,0.860424098021929,-2.81242641128287,0.552911701319726,0,NA,-1.22667989048314,0.728688101462077,-0.00422789983312518,0.0153889579981549,-0.00281537410868597,0.000827260549788274,-0.00325372677931466,0.000595302953158745,2.03765987231208,0.766835777236249,-0.779109433612335,0.422798228694034,0.000382817833176179,0.00364435726403135,-202.540308530934,-295.6083761102,0.314835691748367,TRUE,0.665903692095018
"lc_centro","class_weights",5,3,319,0,0.810126582278481,0.788620156544685,-42.9861466505511,-0.544128438614571,0.678725541677729,0.128400947703585,79,0.724137931034483,0.84,0.777777777777778,0.833333333333333,0.625,0.714285714285714,0.857142857142857,0.96,0.90566037735849,0.875,0.666666666666667,0.756756756756757,-4.54836446699051,0.768625088416329,-2.79673126513063,0.516995822300488,0,NA,-2.15226243981562,0.657550775214052,-0.0111122540093644,0.0137879175073771,-0.00142188063370207,0.00073846359358461,-0.00278847088378234,0.000514398714463093,2.88183240878287,0.735168239424086,-0.651162445724418,0.408200062177401,-3.17197269106264e-05,0.00371215847882585,-211.76555532198,-300.106351219806,0.294364966082052,TRUE,0.127956095361376
"lc_centro","class_weights",5,4,319,0,0.746835443037975,0.707061898515839,-47.2415294023381,-0.597994043067571,0.62988199360643,0.166371961040175,79,0.730769230769231,0.76,0.745098039215686,0.5,0.666666666666667,0.571428571428572,0.827586206896552,1,0.905660377358491,0.833333333333333,0.476190476190476,0.606060606060606,-4.10498639043624,0.762228600442003,-2.17362649039816,0.493262477270885,0,NA,-1.79914360552174,0.64436692938183,-0.00558956076421301,0.0130854205514071,-0.00157235601482355,0.000715137335124706,-0.00246205737502363,0.000515139790575269,2.77632994068968,0.727450154586508,-0.865948922809856,0.432593371573296,0.00340086693803641,0.00304284829736247,-211.77420180974,-299.273839179156,0.292373157671945,TRUE,0.281302249166073
"lc_centro","class_weights",6,0,318,0,0.6375,0.514838609666196,-58.9698999114117,-0.737123748892647,0.592163570532311,0.187265382865397,80,0.645161290322581,0.8,0.714285714285714,0.2,0.125,0.153846153846154,0.727272727272727,0.96,0.827586206896552,0.545454545454545,0.272727272727273,0.363636363636364,-4.17592032396994,0.863028394387212,-2.70843949434903,0.555997138601619,0,NA,-1.68480897434666,0.72663831014476,-0.00929152185022112,0.0145209042893982,-0.00227811149336553,0.00077050120065119,-0.00286659205720852,0.000560702239115,2.26540765208778,0.772962817350351,-1.065258551751,0.444478860754311,0.00125265352959099,0.00330727264491099,-194.916776764425,-291.875507839292,0.332192076658425,TRUE,0.245181739879492
"lc_centro","class_weights",6,1,318,0,0.725,0.672143010291595,-47.7893610900157,-0.597367013625196,0.628476192839959,0.204077190786657,80,0.678571428571429,0.76,0.716981132075472,0.416666666666667,0.625,0.5,0.833333333333333,1,0.909090909090909,0.9,0.409090909090909,0.5625,-4.00487418203049,0.788373506713945,-2.50972386756983,0.541053467927646,0,NA,-1.69666596334412,0.706831490386491,-0.0104128539594117,0.0147303415246895,-0.00185889246663864,0.000769363474459179,-0.00242520248410093,0.000531475756332484,2.48166672468996,0.736114701564526,-0.647833759178911,0.414653260934759,0.000552344052233438,0.00364261099104916,-207.341191924425,-292.779670191088,0.29181834316194,TRUE,0.178519018309911
"lc_centro","class_weights",6,2,318,0,0.7625,0.758092243186583,-51.5509416288433,-0.644386770360541,0.628824558297028,0.19206051681352,80,0.72,0.72,0.72,0.7,0.875,0.777777777777778,0.821428571428571,0.92,0.867924528301887,0.764705882352941,0.590909090909091,0.666666666666667,-4.20714363148254,0.786919464157607,-2.73045104225653,0.576078908198864,0,NA,-1.83314957960286,0.695549585266063,-0.00866093171091401,0.0137037294561261,-0.00181248878294672,0.000750631176724092,-0.00318493196500317,0.000549149242405887,2.34957109874628,0.685742003593181,-0.568644718677945,0.417377437534376,0.00135835770931023,0.00395684224033765,-211.152145290219,-300.168589613906,0.296554827532704,TRUE,0.209271801631079
"lc_centro","class_weights",6,3,319,0,0.784810126582278,0.746424300714438,-47.0832330217437,-0.595990291414477,0.632991161605273,0.155385817659956,79,0.75,0.72,0.73469387755102,0.555555555555556,0.625,0.588235294117647,0.862068965517241,1,0.925925925925926,0.823529411764706,0.666666666666667,0.736842105263158,-3.88363849008174,0.761461764116209,-2.57700315853408,0.517650288959455,0,NA,-1.98564106708563,0.671227036840638,-0.0104861087374704,0.013531864792816,-0.00151430044170069,0.000712866996941953,-0.00294202360531767,0.000536156634869022,2.27288079231011,0.720001201865731,-0.616734798013322,0.419741178467952,0.00217356554064807,0.00329689815352275,-210.727213100998,-298.447631125719,0.293922312915828,TRUE,0.144410141036359
"lc_centro","class_weights",6,4,319,0,0.79746835443038,0.755476343036451,-48.4972222840801,-0.6138888896719,0.645797914900399,0.210912898290099,79,0.909090909090909,0.8,0.851063829787234,0.461538461538462,0.666666666666667,0.545454545454546,0.888888888888889,1,0.941176470588235,0.764705882352941,0.619047619047619,0.684210526315789,-4.99486088270553,0.853969163394395,-2.7551990365845,0.580033439858222,0,NA,-2.11263018636459,0.715512694142555,-0.00745251458313493,0.0148361412751486,-0.00152963635189406,0.000806976127895684,-0.00299380331816826,0.000555065049697824,3.01123257682101,0.740908921725798,-1.03492757538126,0.41891543277173,-0.00166128469312131,0.00450587916704255,-207.926550968929,-296.756810870703,0.299336886796769,TRUE,0.205251037731028
"lc_centro","class_weights",7,0,318,0,0.7125,0.624861184438093,-56.2016456133312,-0.70252057016664,0.614382837624846,0.195190276395396,80,0.75,0.72,0.73469387755102,0.333333333333333,0.25,0.285714285714286,0.735294117647059,1,0.847457627118644,0.75,0.545454545454545,0.631578947368421,-4.39877865542392,0.768574947811685,-2.97670576717551,0.511096901967623,0,NA,-1.97519375582938,0.688263370756751,-0.016449325978232,0.0168458351927832,-0.00199839604965717,0.000800757800473517,-0.00305916381570806,0.000570006924791898,2.57783977422801,0.722002164873047,-0.556015583790084,0.411160213446507,0.00260050475293574,0.00329268949087912,-197.85566351085,-293.798573566061,0.326560162939789,TRUE,0.121488020378569
"lc_centro","class_weights",7,1,318,0,0.6625,0.594765166109506,-57.6919086636825,-0.721148858296032,0.602327487946484,0.143645471250932,80,0.655172413793103,0.76,0.703703703703704,0.375,0.375,0.375,0.821428571428571,0.92,0.867924528301887,0.533333333333333,0.363636363636364,0.432432432432432,-4.84332353244711,0.940856472366286,-2.88614705581567,0.628263173104581,0,NA,-2.07395388726084,0.753181503526105,-0.0100716513672782,0.0166999922048695,-0.00186044849309261,0.000789898957225322,-0.00344246165561472,0.000612018491938675,2.79701674017573,0.772830976747085,-1.24764739141933,0.414009919976433,-0.000783018422405163,0.00456695922408913,-195.210608329178,-295.834252373959,0.340135204890286,TRUE,0.184721295967116
"lc_centro","class_weights",7,2,318,0,0.75,0.728075396825397,-50.3358632212318,-0.629198290265397,0.624609316968925,0.205060471495995,80,0.739130434782609,0.68,0.708333333333333,0.583333333333333,0.875,0.7,0.806451612903226,1,0.892857142857143,0.785714285714286,0.5,0.611111111111111,-4.25096371964607,0.814790138523429,-2.6885806410505,0.606244476194123,0,NA,-2.00663500306931,0.717672526550366,-0.00597156608807634,0.0133041361958036,-0.00157458344515027,0.000749755062655348,-0.00268799483023562,0.000529986939428671,2.29077995230079,0.704455111542092,-0.809321374011119,0.425521348914395,-0.00105017034893167,0.00424134700861731,-209.721736832279,-296.39850250923,0.292433210502647,TRUE,0.263680150554526
"lc_centro","class_weights",7,3,319,0,0.822784810126582,0.789260414260414,-45.6300123598836,-0.577595093163083,0.635537050376597,0.167054103985689,79,0.777777777777778,0.84,0.807692307692308,0.714285714285714,0.625,0.666666666666667,0.862068965517241,1,0.925925925925926,0.875,0.666666666666667,0.756756756756757,-4.09655071361562,0.773138522042167,-2.60574738681379,0.55197961941485,0,NA,-1.82348805778951,0.700815415116594,-0.0123314713034795,0.0135374209786669,-0.00152564837270104,0.000737711020922781,-0.00250561972816537,0.000513954082897039,2.55954265130647,0.72917823078729,-0.515004014883498,0.420627325043251,3.29920814420839e-05,0.00384516013132355,-212.081491322015,-294.15307769013,0.279009782976235,TRUE,0.123719898068495
"lc_centro","class_weights",7,4,319,0,0.759493670886076,0.729316770186335,-44.8584915159443,-0.567829006530941,0.64839960367188,0.209952336473626,79,0.76,0.76,0.76,0.5,0.777777777777778,0.608695652173913,0.884615384615385,0.958333333333333,0.92,0.785714285714286,0.523809523809524,0.628571428571429,-3.8474640202858,0.783214916784653,-2.21810070914934,0.495000225260663,0,NA,-1.50047652713442,0.660260871106093,-0.00311732793754264,0.0123358593490241,-0.00199948376602518,0.000737168917955133,-0.00272324689047418,0.000525894756714501,2.26117137840552,0.715595705734246,-0.820811726807803,0.429939538755983,0.00244857494701699,0.00314823287066841,-216.693322712393,-299.851865338924,0.277332083735869,TRUE,0.641409503936038
"lc_centro","class_weights",8,0,318,0,0.8,0.751889796386284,-44.7143360469613,-0.558929200587016,0.686175387637882,0.165789049110327,80,0.638888888888889,0.92,0.754098360655738,1,0.375,0.545454545454545,0.958333333333333,0.92,0.938775510204082,0.882352941176471,0.681818181818182,0.769230769230769,-4.42920447342799,0.822426637750915,-2.50024818773624,0.532025246877873,0,NA,-1.41368276175079,0.675117325344747,-0.00208577005500017,0.0120480918425379,-0.00229637543292045,0.00075984820871794,-0.00293000432285022,0.000568237151546515,3.0909059117187,0.710605680047859,-0.743607100594805,0.409589935687822,0.00207272516726623,0.00340756244867234,-207.869355328553,-296.997821242536,0.300098046312598,TRUE,1.1009724813219
"lc_centro","class_weights",8,1,318,0,0.7625,0.723731099520573,-47.9857454963365,-0.599821818704206,0.628244739811748,0.23310257689098,80,0.76,0.76,0.76,0.454545454545455,0.625,0.526315789473684,0.793103448275862,0.92,0.851851851851852,0.933333333333333,0.636363636363636,0.756756756756757,-3.88065056446467,0.771395152199513,-2.48633595200111,0.527097053533229,0,NA,-1.93312951828361,0.669496319513001,-0.0179350834502912,0.0143088673485634,-0.00145526124987605,0.000711869347534052,-0.00254483562285713,0.000519785599111068,2.31787868854418,0.722885418496166,-0.654442958703313,0.412342383370755,0.000622454316609648,0.00373625513630469,-213.16705481456,-295.289725859587,0.27810879909881,TRUE,0.0811404783205747
"lc_centro","class_weights",8,2,318,0,0.7375,0.692054014440693,-56.300943702687,-0.703761796283587,0.617512089677909,0.221738697516736,80,0.818181818181818,0.72,0.765957446808511,0.4,0.75,0.521739130434783,0.833333333333333,1,0.909090909090909,0.769230769230769,0.454545454545455,0.571428571428571,-4.85781788882377,0.838816741759759,-3.05035010825432,0.635380605169055,0,NA,-2.02931713323106,0.768326490483914,-0.0107631621256744,0.0153945588852671,-0.00183742403594385,0.000798648990120008,-0.0030864075721369,0.000549904544282985,2.56848096761176,0.715232942389517,-0.894984299794226,0.417722207159454,-0.00299157170594951,0.00455894485049462,-202.61053430085,-297.557959493384,0.319088843579212,TRUE,0.170714146501692
"lc_centro","class_weights",8,3,319,0,0.721518987341772,0.663569801274827,-50.3622056741177,-0.63749627435592,0.616235711215206,0.2143388740982,79,0.818181818181818,0.72,0.765957446808511,0.444444444444444,0.5,0.470588235294118,0.78125,1,0.87719298245614,0.625,0.476190476190476,0.54054054054054,-4.05438276713117,0.828938754907274,-2.76708784453011,0.518551373660088,0,NA,-1.8973518523714,0.720587846243559,-0.0143654347133748,0.0173816195923797,-0.00192295758753617,0.000823588592000273,-0.00285400094603027,0.000543346553783914,2.04150787478473,0.760266169579066,-0.87513861469629,0.429030941329364,0.00101588031580372,0.0036466369426884,-204.07852923849,-296.10506441639,0.310790142543763,TRUE,0.133860034583277
"lc_centro","class_weights",8,4,319,0,0.708860759493671,0.668869872817241,-55.76113134447,-0.705837105626202,0.583977480555443,0.134948285493399,79,0.703703703703704,0.76,0.730769230769231,0.6,0.666666666666667,0.631578947368421,0.8,1,0.888888888888889,0.583333333333333,0.333333333333333,0.424242424242424,-4.25697805280457,0.816086139996794,-2.58311744320067,0.539764420189058,0,NA,-2.14735350744619,0.686625014879391,-0.00201592238499285,0.0123542628556987,-0.00139318684268438,0.000718551045154231,-0.00299631915279895,0.000555086266380008,2.53140421548689,0.759534381744761,-0.755433763069427,0.437478259722248,0.00205806996555566,0.00318085856045953,-203.880052719501,-294.038082069831,0.306620246995484,TRUE,0.691091508807927
"lc_centro","class_weights",9,0,318,0,0.75,0.728059831181728,-56.235051326238,-0.702938141577974,0.58002088210665,0.206839140196168,80,0.739130434782609,0.68,0.708333333333333,0.538461538461538,0.875,0.666666666666667,0.857142857142857,0.96,0.90566037735849,0.75,0.545454545454545,0.631578947368421,-4.07388183491583,0.80077496292376,-2.49155258785919,0.567035720958345,0,NA,-1.64353031721718,0.711991997102776,-0.00262481034751617,0.0127247446386384,-0.00193637366691478,0.000784967126185319,-0.0030273193710439,0.000535400338755148,2.35682792454112,0.731236519684818,-0.739517271282137,0.431354297428371,0.00123006006340014,0.00383757856554395,-204.305476207199,-293.775453893812,0.304552257517584,TRUE,0.737719457997089
"lc_centro","class_weights",9,1,318,0,0.725,0.685917818270759,-55.7924032628115,-0.697405040785144,0.615881044440091,0.191304272272876,80,0.62962962962963,0.68,0.653846153846154,0.416666666666667,0.625,0.5,0.923076923076923,0.96,0.941176470588235,0.8,0.545454545454545,0.648648648648649,-4.63850557568473,0.82041473502496,-2.61576097158222,0.550118819953254,0,NA,-1.92878512700003,0.710219274402161,-0.0264072170489791,0.0161624997713991,-0.00153016868210645,0.000769255849660397,-0.00272059665830959,0.000542580110253471,3.50095331084527,0.741816653930546,-0.611462191339813,0.423129175568627,0.000544301513882559,0.00405935267980565,-203.989478131622,-294.533303496368,0.307414558183781,TRUE,0.0579450943001057
"lc_centro","class_weights",9,2,318,0,0.7625,0.708199208199208,-49.1993437053917,-0.614991796317397,0.651047312289965,0.112474440797228,80,0.758620689655172,0.88,0.814814814814815,1,0.375,0.545454545454545,0.774193548387097,0.96,0.857142857142857,0.705882352941177,0.545454545454545,0.615384615384615,-4.11502700801625,0.830901213670269,-2.83176612227134,0.552996198772613,0,NA,-2.02912619025101,0.710466210810976,-0.00732819489849966,0.0130783477999295,-0.00174239849283557,0.000733103662987865,-0.00314119378590626,0.000589474441966439,2.24810085399792,0.746300802320971,-0.594145291894115,0.42204273272231,0.00267644677844911,0.0032154055886553,-207.500599371344,-295.666584021895,0.29819394349962,TRUE,0.237766396359396
"lc_centro","class_weights",9,3,319,0,0.670886075949367,0.606203007518797,-53.6372660108354,-0.678952734314372,0.624481996767946,0.253683423888304,79,0.695652173913043,0.64,0.666666666666667,0.307692307692308,0.5,0.380952380952381,0.78125,1,0.87719298245614,0.727272727272727,0.380952380952381,0.5,-4.09396988454924,0.805744989837766,-2.62647583050183,0.54379189730759,0,NA,-1.63409986471863,0.700293475019283,-0.0162624752703208,0.0180718010981129,-0.00231264112554613,0.000790836210400378,-0.00281703170811955,0.000547832396010668,2.21501192433276,0.731163857673708,-0.948217590918413,0.399121184834111,0.0011567865944354,0.00337131313140156,-202.347133715437,-296.411511224211,0.31734387480526,TRUE,0.142207203215043
"lc_centro","class_weights",9,4,319,0,0.79746835443038,0.761069340016708,-45.984223816533,-0.582078782487759,0.644844787754149,0.175223096435214,79,0.875,0.84,0.857142857142857,0.6,0.666666666666667,0.631578947368421,0.8,1,0.888888888888889,0.8,0.571428571428571,0.666666666666667,-4.60892873493073,0.822377017046515,-2.83143956140767,0.578383948735061,0,NA,-2.14081690952528,0.698553327290428,0.000663672444573794,0.012526952510706,-0.00148574165933421,0.000750929628937422,-0.00275249117825313,0.000534666623640614,2.26700413777124,0.710365889094069,-1.0516831675354,0.432725235725462,-0.00283924821307899,0.00442916756415079,-211.744175819916,-299.617132439028,0.293284152023562,TRUE,-2.2386670886846
