"dataset","metodo","repeticion","fold","n_train","n_sinteticos","accuracy","f1_macro","loglik_holdout","loglik_media","prob_media_observada","l1_market_share","n_valid","precision_1","recall_1","f1_1","precision_4","recall_4","f1_4","precision_5","recall_5","f1_5","beta_asc_car_driver","se_asc_car_driver","beta_asc_metro","se_asc_metro","beta_asc_bus","se_asc_bus","beta_b_tcw","se_b_tcw","beta_b_ivt","se_b_ivt","beta_b_wkt","se_b_wkt","beta_b_autlic","se_b_autlic","beta_b_mi_cd","se_b_mi_cd","beta_b_wt","se_b_wt","beta_b_mi_bus","se_b_mi_bus","loglik_train","loglik_nula","rho2","convergio","vot"
"sm_centro","original",0,0,456,0,0.815789473684211,0.682879053096607,-45.4090971253809,-0.398325413380534,0.755378394364295,0.0232599631988773,114,0.375,0.3,0.333333333333333,0.755102040816326,1,0.86046511627907,0.929824561403509,0.791044776119403,0.854838709677419,-5.05931352592415,1.10083970211698,0,NA,-1.63769501231757,0.590179179207072,-0.00207503079301534,0.0130811085554989,-0.0013927265185319,0.00110756326066167,-0.00102794817788054,0.00041728616636585,1.23132661571247,0.834758775538618,1.74040922703432e-05,6.4758917216292e-06,-0.00398926064266278,0.00229870670665764,-6.58851302448183e-06,5.5972029439843e-06,-172.812827413201,-231.60601554067,0.253850004673756,TRUE,0.671183542538207
"sm_centro","original",0,1,456,0,0.771929824561403,0.630443521939123,-49.984270828244,-0.438458516037228,0.724622066706516,0.080424332313735,114,0.5,0.2,0.285714285714286,0.660714285714286,1,0.795698924731183,0.907407407407407,0.73134328358209,0.809917355371901,-4.68051324335121,1.12653838553605,0,NA,-2.23051541408526,0.675708471318505,-0.0036065760668951,0.0141821428367186,0.000436159831073542,0.0010720274780143,-0.000394658206167834,0.000418093862199078,0.954557535197207,0.802452218749149,1.11739365389443e-05,7.28431654354386e-06,-0.00637083322442693,0.00271935092800548,-5.65847911325433e-06,5.69213314574236e-06,-168.94040781543,-227.447132457311,0.257232192860739,TRUE,-0.120934599183161
"sm_centro","original",0,2,456,0,0.815789473684211,0.711803083611051,-48.7866180438682,-0.427952789858493,0.742176547421744,0.0656103230577886,114,0.571428571428571,0.363636363636364,0.444444444444444,0.711538461538462,1,0.831460674157303,0.945454545454545,0.787878787878788,0.859504132231405,-5.91736844183045,1.18435907359747,0,NA,-2.08012108887222,0.661086507329042,0.00476297341649383,0.013583636279879,-0.00136930635961861,0.00116290371025731,-0.000746191905871276,0.000416361472669344,1.89499954412258,0.832130750547075,1.68422135088911e-05,7.21502375955697e-06,-0.00578728970135967,0.00287472299037339,-2.15816604105354e-06,5.27332851599332e-06,-169.089346214636,-227.041667349202,0.255249716103575,TRUE,-0.28748981778416
"sm_centro","original",0,3,456,0,0.859649122807018,0.74176671691139,-39.2323513652056,-0.344143433028119,0.781567347642632,0.0658507657508751,114,0.571428571428571,0.363636363636364,0.444444444444444,0.782608695652174,0.972972972972973,0.867469879518072,0.950819672131147,0.878787878787879,0.913385826771654,-4.57990306945523,1.07890402563816,0,NA,-1.62926626968294,0.633803553869151,-0.00905059762005238,0.0166195144387103,-0.00217137948080722,0.00112886630848489,-0.000983025059634145,0.000403367688437953,0.729838528368758,0.796667149879191,1.32841331485773e-05,6.79656603724427e-06,-0.00619251277262713,0.00260034885146387,-6.16660092523267e-06,5.3047433578001e-06,-179.008359111096,-234.090922190458,0.23530413979294,TRUE,0.239915591429713
"sm_centro","original",0,4,456,0,0.824561403508772,0.662243322525861,-43.6476907967901,-0.382874480673597,0.758948516702365,0.0504592695908426,114,0.4,0.181818181818182,0.25,0.770833333333333,1,0.870588235294118,0.901639344262295,0.833333333333333,0.866141732283465,-5.62722461133996,1.15749870501654,0,NA,-1.92104010316591,0.678403900238525,0.00320452680350148,0.0121074710925216,-0.00104821541130884,0.00116979784440047,-0.0005179043866975,0.000400589298330571,1.43353721160731,0.852533074425548,1.48262984628122e-05,6.41841506261401e-06,-0.00753749679748154,0.00292118000856845,-7.62609219225139e-06,5.12986919279599e-06,-174.183454946057,-231.60601554067,0.247932077500507,TRUE,-0.327104585352038
"sm_centro","original",1,0,456,0,0.807017543859649,0.616722002635046,-51.0559425726061,-0.447859145373737,0.748494950525467,0.0881536511642287,114,1,0.1,0.181818181818182,0.672727272727273,1,0.804347826086956,0.931034482758621,0.805970149253731,0.864,-6.2303844889469,1.2244350394101,0,NA,-2.50763290000184,0.665733463007105,0.00495693560758264,0.016209266634296,-0.00107213927616044,0.00112011232562591,-0.000830957681502003,0.00042465342263007,1.35370238631354,0.839758434453977,1.58006847959938e-05,7.12041971813527e-06,-0.00841040306018218,0.00295303876107098,-3.85975535883887e-06,5.27902172869703e-06,-167.33625998433,-232.29916272123,0.279651902210509,TRUE,-0.216290741102302
"sm_centro","original",1,1,456,0,0.850877192982456,0.766296415195292,-42.6306082567738,-0.373952704006787,0.763064311700121,0.0179419754131699,114,1,0.4,0.571428571428572,0.711538461538462,1,0.831460674157303,0.96551724137931,0.835820895522388,0.896,-4.98831188860109,NA,0,NA,-1.68178904909676,NA,0.0068491239602746,NA,-0.00121960554700876,NA,-0.000749355868194625,NA,1.46738410427538,NA,1.08576313833596e-05,NA,-0.00422934715034523,NA,-5.81666576796893e-06,NA,-175.679821760972,-230.507403252002,0.237856054588796,FALSE,-0.178067378263638
"sm_centro","original",1,2,456,0,0.789473684210526,0.667203226561515,-48.6410845068017,-0.426676179884225,0.736496438795607,0.0436500584818781,114,0.5,0.272727272727273,0.352941176470588,0.69811320754717,1,0.822222222222222,0.909090909090909,0.757575757575758,0.826446280991736,-5.38090511588448,NA,0,NA,-2.36989551444957,NA,-0.00193610258517011,NA,9.11433650402992e-05,NA,-0.000622020190270144,NA,1.25998820784376,NA,1.30301962804162e-05,NA,-0.00761341079284557,NA,-6.56190535992153e-06,NA,-169.353143572169,-227.447132457311,0.255417548058315,FALSE,-0.0470756899652045
"sm_centro","original",1,3,456,0,0.807017543859649,0.737504396519222,-54.0855129483423,-0.474434324108266,0.712337716096072,0.173426036934608,114,0.4375,0.636363636363636,0.518518518518518,0.777777777777778,0.945945945945946,0.853658536585366,0.943396226415094,0.757575757575758,0.840336134453782,-4.66011800455419,1.13320674793813,0,NA,-1.36935900076132,0.712922101746999,-0.0169990995243141,0.0141333582207259,-0.00248617629601207,0.00119866229801437,-0.000969532824672165,0.000426704578418274,1.43910414368707,0.848923100833007,2.11563240926821e-05,8.61956093789275e-06,-0.00362470022192026,0.00287313433039873,-2.74809089220007e-06,6.50354281784168e-06,-168.002215550417,-224.151295591306,0.25049634396611,TRUE,0.146253411391354
"sm_centro","original",1,4,456,0,0.850877192982456,0.646950991395436,-36.7921189417072,-0.322737885453572,0.790500443848359,0.13128557817495,114,0.25,0.0909090909090909,0.133333333333333,0.840909090909091,1,0.91358024691358,0.893939393939394,0.893939393939394,0.893939393939394,-4.71577832357292,1.09078095550388,0,NA,-1.47955092646792,0.607575513422916,-0.00133362559234349,0.0142026136886622,-0.00125981045213268,0.00113638659157789,-0.000576344614579165,0.00038967641770993,0.736728231129571,0.809798128261344,1.58310531068156e-05,6.22786971208971e-06,-0.00556298689191631,0.00239177450611389,-8.45242604574244e-06,5.21204565307698e-06,-181.410134176415,-237.386759056463,0.235803484164563,TRUE,0.944650777073719
"sm_centro","original",2,0,456,0,0.824561403508772,0.718068664789976,-41.7971902165349,-0.366642019443288,0.756971612865453,0.0411219870472159,114,0.5,0.4,0.444444444444444,0.725490196078431,1,0.840909090909091,0.963636363636364,0.791044776119403,0.868852459016393,-4.29364765790918,NA,0,NA,-1.75752285125249,NA,0.00365980779609978,NA,8.55431445708306e-05,NA,-0.000433027472543243,NA,0.76444438937863,NA,9.99057209825066e-06,NA,-0.00501964496745466,NA,-9.92789742715127e-06,NA,-177.22659564094,-231.436116503875,0.234231033953714,FALSE,0.0233736713337768
"sm_centro","original",2,1,456,0,0.824561403508772,0.625641025641026,-41.9850950280711,-0.368290307263782,0.764149281020343,0.0468028737225408,114,0.25,0.1,0.142857142857143,0.765957446808511,0.972972972972973,0.857142857142857,0.904761904761905,0.850746268656716,0.876923076923077,-5.42264479356503,NA,0,NA,-1.86070262444772,NA,-0.00375859760157556,NA,-0.0011184547973004,NA,-0.00100861405299431,NA,1.60700881624494,NA,1.57992406200475e-05,NA,-0.00512359984333661,NA,-5.13259803905202e-06,NA,-175.867880322372,-235.019635442331,0.251688566398419,FALSE,0.297572370298846
"sm_centro","original",2,2,456,0,0.807017543859649,0.695762232347598,-52.0430948728093,-0.456518376077275,0.737070175081272,0.0604625697622321,114,1,0.272727272727273,0.428571428571429,0.685185185185185,1,0.813186813186813,0.912280701754386,0.787878787878788,0.845528455284553,-6.12035244763627,1.21818204423144,0,NA,-1.91642834574362,0.612742610761262,0.00208509470296674,0.0117283752347439,-0.00149661930859898,0.00110261794230671,-0.000651007563362261,0.000400239955888147,2.08078919278809,0.888442800956038,1.82302794985296e-05,7.30655374564457e-06,-0.00536603716027525,0.00241221103794178,-2.29725678783839e-06,5.31443794167828e-06,-166.332910560264,-228.715643782774,0.272752367047351,TRUE,-0.717770423793962
"sm_centro","original",2,3,456,0,0.789473684210526,0.68026048026048,-54.902168280039,-0.481597967368763,0.725764661479745,0.0793969050431679,114,0.4,0.363636363636364,0.380952380952381,0.69811320754717,1,0.822222222222222,0.96078431372549,0.742424242424242,0.837606837606838,-5.9042069578228,1.33227196459362,0,NA,-2.64472426863942,0.865879539324151,-0.00642545990195964,0.0196068809275512,-0.00137160243332523,0.00116457378947341,-0.000899936407854553,0.000430573221403069,1.14091295024287,0.835606170210481,1.2316540915767e-05,7.01892175926679e-06,-0.0113850522657175,0.00402835217661848,-7.50733184814751e-06,5.64698339998789e-06,-165.04473941986,-226.688318242233,0.271930990094082,TRUE,0.213463698202663
"sm_centro","original",2,4,456,0,0.868421052631579,0.76359702375393,-39.175221558395,-0.343642294371886,0.777149851669197,0.0629492654852186,114,0.8,0.363636363636364,0.5,0.804347826086957,1,0.891566265060241,0.920634920634921,0.878787878787879,0.89922480620155,-4.60320331063126,1.16123886769612,0,NA,-1.68835956115664,0.607363507939844,-0.0032549970311122,0.0139575332570275,-0.00150640714640176,0.00114972971286854,-0.00069423933791278,0.000418829649031641,0.701838409290082,0.876183775260008,1.74287834745152e-05,6.64965141649583e-06,-0.00510162493443829,0.00258715139850189,-3.01334444403795e-06,5.27901276283991e-06,-178.701508803271,-229.932039107099,0.222807271673721,TRUE,0.462798316558536
"sm_centro","original",3,0,456,0,0.736842105263158,0.65030981572335,-59.3071936117393,-0.520238540453854,0.696210570449181,0.208740103435422,114,0.444444444444444,0.4,0.421052631578947,0.60655737704918,1,0.755102040816326,0.977272727272727,0.641791044776119,0.774774774774775,-4.35755680874344,1.05323905337181,0,NA,-1.85759185598511,0.631976265666154,-0.00819450637118802,0.0143030966022231,-0.00117842569542081,0.00112342187292217,-0.000570581204685828,0.000440815098602713,0.916711631812574,0.763036452467737,9.36350380298196e-06,7.85494226952424e-06,-0.00568393049266407,0.00264053926593392,-7.4740941478335e-06,5.94156689939443e-06,-159.78237952504,-220.855458725302,0.276529634145127,TRUE,0.143806794703848
"sm_centro","original",3,1,456,0,0.885964912280702,0.809275793650794,-40.4183578660316,-0.354546998824838,0.77891270503348,0.0636423063884878,114,0.833333333333333,0.5,0.625,0.787234042553192,1,0.880952380952381,0.967213114754098,0.880597014925373,0.921875,-4.9181276614557,NA,0,NA,-1.75481961828647,NA,-0.0136577923680579,NA,-0.00133450028705717,NA,-0.00082997102111414,NA,1.5995566381813,NA,8.88536114218144e-06,NA,-0.00678815174996626,NA,-7.42069905563051e-06,NA,-177.704852888924,-234.326488261771,0.24163565883168,FALSE,0.097709809249863
"sm_centro","original",3,2,456,0,0.868421052631579,0.69908140639848,-34.9922456171594,-0.306949522957539,0.792968004751055,0.0921477000206092,114,0.666666666666667,0.181818181818182,0.285714285714286,0.822222222222222,1,0.902439024390244,0.909090909090909,0.909090909090909,0.909090909090909,-4.827528627964,1.07989360084154,0,NA,-1.91106473545695,0.632192391460807,-0.00326938370737043,0.0142143796728986,-0.000818109319063113,0.00110415132184508,-0.000825234376289376,0.000402267688584627,0.879733406802053,0.794238381500927,1.40353523332264e-05,7.45508260448875e-06,-0.00620218943988297,0.00263553349893846,-5.74402011376406e-06,5.31840562163698e-06,-182.613228799619,-235.594999587234,0.224884954606169,TRUE,0.25023349728537
"sm_centro","original",3,3,456,0,0.807017543859649,0.705555555555555,-49.7649859372265,-0.436534964361636,0.744045440159296,0.0434960389910685,114,0.571428571428571,0.363636363636364,0.444444444444444,0.69811320754717,1,0.822222222222222,0.944444444444444,0.772727272727273,0.85,-6.15195414646979,NA,0,NA,-1.85350651709446,NA,0.0130426046556363,NA,-0.00148135930688779,NA,-0.000638658712344473,NA,1.64812405432795,NA,2.1594635117805e-05,NA,-0.00503980750513748,NA,-4.36042992814234e-06,NA,-168.524175718145,-230.101938143894,0.267610794252595,FALSE,-0.113578487273064
"sm_centro","original",3,4,456,0,0.824561403508772,0.627203707151575,-42.4875246199226,-0.372697584385286,0.752957228372978,0.0739892978334398,114,0.25,0.0909090909090909,0.133333333333333,0.8,0.972972972972973,0.878048780487805,0.876923076923077,0.863636363636364,0.870229007633588,-5.82809798815429,1.16587556054105,0,NA,-2.18751191823563,0.647738462331279,0.0086360783323263,0.0138528178656844,-0.000694709701088476,0.00115163442395862,-0.000773352690452668,0.000396631156832847,1.28346787138771,0.876572458130082,2.08025426853909e-05,7.42922523040793e-06,-0.00614763773802822,0.00261671670907265,-2.08639577856181e-06,5.39885230105191e-06,-175.464783559782,-230.91286836011,0.240125572879968,TRUE,-0.0804427280943087
"sm_centro","original",4,0,456,0,0.868421052631579,0.701558407665278,-36.60605092187,-0.321105709840965,0.788144791281146,0.0762632665120012,114,0.666666666666667,0.2,0.307692307692308,0.787234042553192,1,0.880952380952381,0.9375,0.895522388059702,0.916030534351145,-4.53304624721875,NA,0,NA,-1.68424355194403,NA,0.00407818769675793,NA,-0.00159568015780447,NA,-0.000762455563636471,NA,0.488408409191059,NA,1.30944356362859e-05,NA,-0.00555559702737532,NA,-5.62414106085171e-06,NA,-181.845878643664,-236.000464695343,0.229468133130956,FALSE,-0.39127187771985
"sm_centro","original",4,1,456,0,0.833333333333333,0.715095957832857,-42.7957676461883,-0.375401470580599,0.759191654295269,0.0258608640973957,114,0.75,0.3,0.428571428571428,0.74,1,0.850574712643678,0.916666666666667,0.82089552238806,0.866141732283465,-5.14609211353133,1.13295075241714,0,NA,-2.14042613013997,0.656799166901921,0.0018791100614389,0.0142311871692586,2.19989318244225e-05,0.00110613884507139,-0.000456352221377458,0.000400349066881595,1.05228378323646,0.8570883806676,1.49380392636936e-05,6.44167100924554e-06,-0.00659211223215077,0.00279383253063083,-5.44977343074212e-06,5.17097862135456e-06,-175.052003360212,-231.148434431423,0.242685749566923,TRUE,0.0117071012900528
"sm_centro","original",4,2,456,0,0.815789473684211,0.70118228654814,-51.2688449070642,-0.449726709711089,0.736072850061467,0.0700490338902812,114,1,0.272727272727273,0.428571428571429,0.685185185185185,1,0.813186813186813,0.929824561403509,0.803030303030303,0.861788617886179,-5.86302727324545,NA,0,NA,-2.19209123509252,NA,0.00411079210464959,NA,-0.000706680609147655,NA,-0.000421101832704467,NA,1.68707292309461,NA,1.57455247889767e-05,NA,-0.00702441351527798,NA,-3.98043490939384e-06,NA,-166.733011725764,-225.589705953565,0.260901506915019,FALSE,-0.171908622756269
"sm_centro","original",4,3,456,0,0.824561403508772,0.708369201339072,-46.1416327975197,-0.404751164890524,0.756470827814244,0.0305629056585115,114,0.444444444444444,0.363636363636364,0.4,0.75,0.972972972972973,0.847058823529412,0.947368421052632,0.818181818181818,0.878048780487805,-5.66536573932232,1.17651433414624,0,NA,-1.42185865164525,0.624470627293838,-0.00171080772475472,0.013253440640926,-0.00182169943972651,0.00118584540843062,-0.000663952295551111,0.000394634104525319,2.02006041710371,0.870648795417799,1.77216384971857e-05,6.63314647577995e-06,-0.00484949027186942,0.00258042748733919,-7.85159957929986e-06,5.5477881814714e-06,-172.419842754651,-231.893697613122,0.256470337359894,TRUE,1.06481833894437
"sm_centro","original",4,4,456,0,0.780701754385965,0.700020439978157,-52.3458487083704,-0.459174111476933,0.716656978630456,0.0643683724029193,114,0.5,0.454545454545455,0.476190476190476,0.714285714285714,0.945945945945946,0.813953488372093,0.890909090909091,0.742424242424242,0.809917355371901,-5.01779775838668,1.10495445341527,0,NA,-2.15233193539614,0.620796617787092,-0.0130798333340315,0.0161233993581241,-0.00149385707152868,0.00114930701496388,-0.00146544840174551,0.000467951443073105,1.17975427577314,0.806149726116171,1.35173434319778e-05,6.56055182823501e-06,-0.00600062884527034,0.00254244467096369,-4.54910476634004e-06,5.35135885865734e-06,-167.215036659849,-227.159450384859,0.263886946475043,TRUE,0.114210711511279
"sm_centro","original",5,0,456,0,0.824561403508772,0.687318942154939,-40.2188844649814,-0.352797232148959,0.771332924323034,0.0348762405890891,114,0.375,0.3,0.333333333333333,0.74,1,0.850574712643678,0.964285714285714,0.805970149253731,0.878048780487805,-4.63945294410105,1.05297851007441,0,NA,-1.93073076870347,0.669850106890151,-0.00339058323616751,0.0126836793284973,-0.00130313770879334,0.001107290519291,-0.000727097012399362,0.000394115641404589,0.893980989436102,0.760781801258937,1.09722067611527e-05,7.21108706188329e-06,-0.00659792498329585,0.00282101352336511,-5.37890823105739e-06,5.50612830120719e-06,-177.457408349388,-231.200550432562,0.232452483277499,TRUE,0.384340279540318
"sm_centro","original",5,1,456,0,0.815789473684211,0.734019298577319,-43.1682932632918,-0.378669239151682,0.755149865222408,0.038032165115876,114,0.555555555555556,0.5,0.526315789473684,0.714285714285714,0.945945945945946,0.813953488372093,0.946428571428571,0.791044776119403,0.861788617886179,-5.22694335836682,1.14948050897092,0,NA,-2.12244989086476,0.613271150851914,0.00723071597310372,0.0135877977906686,-0.000725765317071181,0.00107676827169069,-0.000738594641614694,0.000399797494767299,0.837477847114644,0.816733333866533,2.15237989746242e-05,7.90518721867886e-06,-0.00487398578733947,0.00237195961033316,-9.67972939325724e-07,5.54649456515409e-06,-175.131971322355,-230.625186287658,0.240620791937647,TRUE,-0.100372538455504
"sm_centro","original",5,2,456,0,0.771929824561403,0.623671497584541,-56.7657269511225,-0.497944973255461,0.717975947211934,0.0722195758957431,114,0.4,0.181818181818182,0.25,0.672727272727273,1,0.804347826086956,0.907407407407407,0.742424242424242,0.816666666666667,-5.26759286195816,1.22378078710874,0,NA,-1.62500943607447,0.671542279819731,-0.00887185655454534,0.015324203344347,-0.000896148238935204,0.00118334529958052,-0.000673404735368308,0.000439351676061426,1.45820411458767,0.86521639483079,1.6735095009501e-05,6.14067050235613e-06,-0.0050112587225435,0.00264569850035966,-1.0001924032433e-05,5.90285119236877e-06,-162.048894540566,-228.14027963787,0.289696257066976,TRUE,0.10101022637433
"sm_centro","original",5,3,456,0,0.850877192982456,0.691380290616932,-38.3769737174532,-0.336640120328537,0.77049824123106,0.0758592082061229,114,1,0.181818181818182,0.307692307692308,0.787234042553192,1,0.880952380952381,0.892307692307692,0.878787878787879,0.885496183206107,-5.12851931980448,NA,0,NA,-1.87773073586866,NA,0.00268130522886566,NA,-0.00106454476249053,NA,-0.000641845898332653,NA,1.37885954349789,NA,1.22194466843539e-05,NA,-0.00599332227881379,NA,-4.07519668157356e-06,NA,-179.316854957734,-231.60601554067,0.225767713592717,FALSE,-0.397024833663155
"sm_centro","original",5,4,456,0,0.833333333333333,0.697802097583219,-46.8198765048014,-0.41070067109475,0.755434529045563,0.0318263338024245,114,0.5,0.272727272727273,0.352941176470588,0.755102040816326,1,0.86046511627907,0.932203389830508,0.833333333333333,0.88,-5.78210783584557,NA,0,NA,-1.97877887153914,NA,-0.00360044673387772,NA,-0.00146505222711279,NA,-0.000868606303404968,NA,1.67114470289857,NA,1.42962302823788e-05,NA,-0.00737137867029017,NA,-6.92511928280692e-06,NA,-170.844614240199,-230.21972117955,0.257906258573931,FALSE,0.406908457588792
"sm_centro","original",6,0,456,0,0.807017543859649,0.658572610185513,-45.2881883408033,-0.397264810007046,0.753741891734807,0.0519568591804706,114,0.666666666666667,0.2,0.307692307692308,0.685185185185185,1,0.813186813186813,0.929824561403509,0.791044776119403,0.854838709677419,-4.94020114174532,NA,0,NA,-1.65986161193186,NA,0.00375712030379545,NA,-0.0012297189132923,NA,-0.000566199597904089,NA,1.08949288892093,NA,1.2293778900991e-05,NA,-0.00524956348272886,NA,-7.7706056922396e-06,NA,-172.52837244194,-229.696473035786,0.248885408810517,FALSE,-0.327303576638212
"sm_centro","original",6,1,456,0,0.850877192982456,0.708799119241192,-40.8473311714643,-0.358309922556704,0.769233531696004,0.077585562399485,114,0.375,0.3,0.333333333333333,0.822222222222222,1,0.902439024390244,0.934426229508197,0.850746268656716,0.890625,-5.66980575036361,1.17609979383584,0,NA,-2.41081934136486,0.716929476399497,-0.00171076077994144,0.0130141773313049,-0.000526321966407834,0.00110013567727494,-0.000829850753007951,0.000390996457947012,1.46491640298664,0.824346870089362,1.03444676631427e-05,7.23565657434988e-06,-0.00957101676847146,0.00334533985762832,-7.71725275839106e-06,5.39823419837098e-06,-177.894667596652,-233.227875973103,0.23724954894685,TRUE,0.307653748308311
"sm_centro","original",6,2,456,0,0.815789473684211,0.682875193338098,-47.1493801532942,-0.413591053976264,0.740703706955333,0.0720105192424166,114,0.375,0.272727272727273,0.315789473684211,0.804347826086957,1,0.891566265060241,0.883333333333333,0.803030303030303,0.841269841269841,-4.3945887381305,1.04633849070286,0,NA,-1.3103203613096,0.604783059470316,-0.019166025710901,0.0136315234580498,-0.00179682471291015,0.00118086182715735,-0.000956178568537046,0.000402354224010673,1.12550954516546,0.872404852717207,1.4864417973248e-05,6.37267341818015e-06,-0.00454539323970175,0.00242798291906657,-8.58471339616757e-06,5.54396824559188e-06,-171.999237869789,-230.742969323315,0.254585141318931,TRUE,0.0937505114525739
"sm_centro","original",6,3,456,0,0.859649122807018,0.755075673680325,-40.4393166381156,-0.354730847702769,0.777566486816957,0.0276560253886767,114,0.8,0.363636363636364,0.5,0.755102040816326,1,0.86046511627907,0.95,0.863636363636364,0.904761904761905,-5.50702130899374,1.09687724761866,0,NA,-2.05250702603797,0.659232419400148,0.00176370235170756,0.0137131125604083,-0.00119363858949853,0.0010997338225104,-0.00100673985119819,0.000423240183426743,1.4761382201538,0.803975117125681,1.58564315012579e-05,6.46428537898099e-06,-0.00537981811266064,0.00277230369786021,-2.62170645211153e-06,5.32639089098119e-06,-177.262575532304,-235.019635442331,0.245754189012005,TRUE,-0.676780063451683
"sm_centro","original",6,4,456,0,0.763157894736842,0.64537927436329,-55.3046543011418,-0.485128546501244,0.717811338728823,0.114592943107795,114,0.5,0.272727272727273,0.352941176470588,0.625,0.945945945945946,0.752688172043011,0.942307692307692,0.742424242424242,0.830508474576271,-5.47325586798158,1.14150994649965,0,NA,-2.18715721522353,0.671393562216194,0.0091075394843877,0.0153103812517562,-0.000667177565980726,0.00117030833287715,-0.00029076948650381,0.000431603361968028,1.0570144699763,0.7729083816134,2.11379061996562e-05,7.05731768122026e-06,-0.00553138276621791,0.00258887314938103,-6.55576095017286e-07,5.14729971473797e-06,-163.706971843267,-223.104799303777,0.266232854003442,TRUE,-0.0732555227594032
"sm_centro","original",7,0,456,0,0.842105263157895,0.769547325102881,-38.7229999942524,-0.339675438546073,0.777449798234387,0.0640246534039289,114,0.545454545454545,0.6,0.571428571428571,0.795454545454545,0.945945945945946,0.864197530864197,0.932203389830508,0.82089552238806,0.873015873015873,-5.08082702112149,NA,0,NA,-1.91921715859348,NA,-0.00132149788766667,NA,-0.000637939320859672,NA,-0.000668870051051337,NA,0.961283890293921,NA,1.83579996534683e-05,NA,-0.00620774430542474,NA,-6.58334841269045e-06,NA,-179.215870476772,-232.704627829338,0.229856869850451,FALSE,0.482739569100683
"sm_centro","original",7,1,456,0,0.798245614035088,0.651476827492301,-56.137204614208,-0.492431619422878,0.721785229617338,0.104804491025801,114,0.666666666666667,0.2,0.307692307692308,0.649122807017544,1,0.787234042553192,0.962962962962963,0.776119402985075,0.859504132231405,-4.59153310379211,1.21715012372606,0,NA,-1.76997567497757,0.690468826772245,-0.0180007780985681,0.0165799149784205,-0.00201322514473689,0.00116865047682674,-0.00109786419754111,0.000422659054120022,1.10274088608721,0.839834100605767,1.13036262173833e-05,7.08115699382348e-06,-0.00526783120861288,0.00267015395000313,-5.40228563755161e-06,5.42770470821604e-06,-162.666100211661,-227.734814529762,0.285721418802208,TRUE,0.111841006744983
"sm_centro","original",7,2,456,0,0.842105263157895,0.638914027149321,-42.9673844827487,-0.37690688142762,0.756009584222315,0.0631160592148693,114,0.5,0.0909090909090909,0.153846153846154,0.770833333333333,1,0.870588235294118,0.90625,0.878787878787879,0.892307692307692,-5.49711316688536,NA,0,NA,-1.70132891188107,NA,0.00826937582937287,NA,-0.00116813925531667,NA,-0.000521661024495923,NA,1.43877779729462,NA,1.77536752601681e-05,NA,-0.00511819697270547,NA,-4.99255960338809e-06,NA,-174.699440906735,-231.436116503875,0.245150482362982,FALSE,-0.14126087378535
"sm_centro","original",7,3,456,0,0.807017543859649,0.645317753587004,-46.6938100835568,-0.409594825294358,0.747575153425759,0.0283002354235316,114,0.25,0.181818181818182,0.210526315789474,0.770833333333333,1,0.870588235294118,0.913793103448276,0.803030303030303,0.854838709677419,-5.81889570041333,1.19246293390465,0,NA,-2.23056358690467,0.64903822754218,0.000299090226310232,0.0190193890237884,-0.00149669383963802,0.00123871950972612,-0.00109882055703514,0.00043554818714982,1.43501745715099,0.876678476935922,1.51100377749963e-05,7.0440738289508e-06,-0.00745433995909613,0.0027324952458575,-4.15873980067355e-06,5.64733453101705e-06,-171.121347671302,-228.022496602214,0.249541820560697,TRUE,-5.00415496053546
"sm_centro","original",7,4,456,0,0.824561403508772,0.757384994889464,-41.0080549560103,-0.35971978031588,0.769977723942592,0.0386624888542216,114,0.833333333333333,0.454545454545455,0.588235294117647,0.711538461538462,1,0.831460674157303,0.928571428571429,0.787878787878788,0.852459016393443,-4.92254093160471,1.07129243999841,0,NA,-1.88858993883578,0.683210960346232,0.00439396812324326,0.0116025788115677,-0.00037392073499886,0.00101857869625725,-0.000328040600182184,0.000405490395136628,1.24768068943903,0.789205749895266,1.28999486823962e-05,6.63037341767191e-06,-0.00538065589230594,0.00302004707377402,-5.27878327406736e-06,5.05621021764575e-06,-176.978227644606,-231.893697613122,0.236813119691307,TRUE,-0.0850986453499491
"sm_centro","original",8,0,456,0,0.824561403508772,0.703619605688824,-39.7319724929887,-0.348526074499901,0.767628751368225,0.0239038362080771,114,0.6,0.3,0.4,0.755102040816326,1,0.86046511627907,0.9,0.805970149253731,0.850393700787402,-5.2898285380601,1.07877434163051,0,NA,-1.97395015534493,0.621976082991916,0.0021542582373087,0.0125150375712388,-0.00039017915981007,0.0010300441462098,-0.0005157656734678,0.000426545437931122,1.48949505993073,0.821833034492163,1.59979401573923e-05,6.24150636757779e-06,-0.00542285413737094,0.00244329482113476,-3.60962871385225e-06,5.17811913799278e-06,-177.862639649585,-233.110092937446,0.237001549747082,TRUE,-0.181119957232944
"sm_centro","original",8,1,456,0,0.807017543859649,0.61364388274995,-55.6222352803283,-0.487914344564283,0.746590343789854,0.0185953252835873,114,0.142857142857143,0.1,0.117647058823529,0.765957446808511,0.972972972972973,0.857142857142857,0.916666666666667,0.82089552238806,0.866141732283465,-5.71601539550019,1.27155012463452,0,NA,-1.81932851272608,0.743128289027465,-0.0271284880226543,0.0163623116673814,-0.00238406691248576,0.00137782403298801,-0.00100255321053562,0.000425849485326675,1.88723959492701,0.891823027547652,1.63009201571795e-05,6.34968429441669e-06,-0.00819587433554947,0.00320287497532503,-6.86408927401609e-06,5.64975479843186e-06,-166.122682959345,-232.534728792543,0.285600547402309,TRUE,0.0878805671180379
"sm_centro","original",8,2,456,0,0.824561403508772,0.661921910923925,-43.5824844439152,-0.382302495122063,0.754916922251542,0.0285945657624674,114,0.5,0.181818181818182,0.266666666666667,0.73469387755102,0.972972972972973,0.837209302325581,0.918032786885246,0.848484848484849,0.881889763779528,-5.13733092440611,NA,0,NA,-1.84221832418957,NA,0.0103506055481076,NA,-0.000885966527249056,NA,-0.000578732065225838,NA,0.764540243990496,NA,1.62924764239845e-05,NA,-0.00592146722678931,NA,-7.32785946833145e-06,NA,-174.500035187882,-229.814256071442,0.240690990320307,FALSE,-0.085595622703547
"sm_centro","original",8,3,456,0,0.780701754385965,0.659260685543539,-52.389986831938,-0.459561287999456,0.724724193220018,0.093378651593508,114,0.5,0.272727272727273,0.352941176470588,0.649122807017544,1,0.787234042553192,0.96078431372549,0.742424242424242,0.837606837606838,-5.08897892409907,1.05479009994818,0,NA,-2.00573504118492,0.606005633002462,0.00819737317368103,0.0160998479690351,-0.0015015685202421,0.00113769711647869,-0.000779901268695301,0.000401609667738509,0.629067470414232,0.811868618095636,1.69602587205821e-05,7.22576656920415e-06,-0.00537274437920694,0.00244622726816805,-3.58109378521768e-06,5.56906144031074e-06,-166.040889997947,-226.230737132986,0.266055125390222,TRUE,-0.183176791934169
"sm_centro","original",8,4,456,0,0.850877192982456,0.768714596949891,-39.9350339109434,-0.350307315008276,0.767661399797601,0.0293782916521266,114,0.714285714285714,0.454545454545455,0.555555555555556,0.770833333333333,1,0.870588235294118,0.932203389830508,0.833333333333333,0.88,-4.70525831204672,1.13423602676208,0,NA,-1.84209991011255,0.62048466457583,-0.00375437829432581,0.0138478232587819,-0.000795136235133739,0.00105196313632763,-0.000876747400430655,0.00039685263867246,1.34455405427675,0.81566813892662,8.77924403574626e-06,7.36076122899826e-06,-0.00545293200869952,0.00261756709551222,-6.94733300137973e-06,5.1474778579169e-06,-177.991332417014,-230.101938143894,0.226467478489003,TRUE,0.211789056082992
"sm_centro","original",9,0,456,0,0.842105263157895,0.754486215538847,-41.6674555139888,-0.365503995736744,0.771379622873373,0.0360238865628269,114,0.555555555555556,0.5,0.526315789473684,0.765957446808511,0.972972972972973,0.857142857142857,0.948275862068966,0.82089552238806,0.88,-5.24637764085244,1.14638741279868,0,NA,-1.97620819398331,0.610429031843615,0.00491603502465533,0.0143390436209536,-0.00146479341608846,0.00115495105602983,-0.000983939866021419,0.00039698941816476,0.804815461671538,0.811903410174467,2.07541797076077e-05,7.28775273834401e-06,-0.00507099187013806,0.00268100891278202,-2.48930487383005e-06,5.43251954521769e-06,-176.534385769638,-231.723798576327,0.238168945726607,TRUE,-0.29796236372241
"sm_centro","original",9,1,456,0,0.842105263157895,0.680007817080321,-39.5785933799871,-0.347180643684097,0.777528491781798,0.0701674962642632,114,0.5,0.2,0.285714285714286,0.770833333333333,1,0.870588235294118,0.919354838709677,0.850746268656716,0.883720930232558,-5.42454257592234,1.14284852664709,0,NA,-1.78876587457396,0.634551975673307,-0.00040181175068868,0.0161764983894481,-0.000883073466157264,0.00114136428815091,-0.000612068135121072,0.000414033744349326,1.67557307004858,0.831596237444795,1.46869636877266e-05,6.51407349613147e-06,-0.00568948053413415,0.002473056163732,-5.77695006414512e-06,5.23126117777923e-06,-177.891880282007,-234.953968407814,0.242864968455278,TRUE,2.19772932136438
"sm_centro","original",9,2,456,0,0.815789473684211,0.655869324473976,-45.4929679769798,-0.399061122605086,0.746189436725761,0.0289773571922479,114,0.4,0.181818181818182,0.25,0.755102040816326,1,0.86046511627907,0.9,0.818181818181818,0.857142857142857,-5.09069206578285,NA,0,NA,-2.14646159362867,NA,-0.00669286114137595,NA,-0.000471794592357028,NA,-0.000666962800557195,NA,1.25098174898674,NA,1.21509002005711e-05,NA,-0.00755234283273852,NA,-6.13279612967493e-06,NA,-172.164474966414,-227.617031494106,0.243622176089788,FALSE,0.0704922128804295
"sm_centro","original",9,3,456,0,0.815789473684211,0.656672567091904,-44.2542095463979,-0.388194820582438,0.754006992821598,0.035227220841244,114,0.5,0.181818181818182,0.266666666666667,0.73469387755102,0.972972972972973,0.837209302325581,0.901639344262295,0.833333333333333,0.866141732283465,-4.96282981645171,1.11514842102213,0,NA,-1.56686700054764,0.595977929564792,-0.0018593496524587,0.0129844225014475,-0.0013353122845465,0.00104346712163671,-0.000658203766208806,0.000410610789442293,1.24836815033991,0.842031396258756,1.58390910208698e-05,7.46038330627279e-06,-0.0044389153767013,0.00229703887986481,-5.90736351818797e-06,5.67962347921996e-06,-173.155621350889,-231.959364647639,0.2535088134341,TRUE,0.718160934808987
"sm_centro","original",9,4,456,0,0.771929824561403,0.67103007635967,-51.9186241611,-0.455426527728947,0.725663105703518,0.103975858805,114,0.444444444444444,0.363636363636364,0.4,0.660714285714286,1,0.795698924731183,0.959183673469388,0.712121212121212,0.817391304347826,-5.27955407252646,1.1422011544164,0,NA,-2.15395716522234,0.757493632156667,-0.000127602578622113,0.0127733406866079,-0.00122324064247732,0.00114004817123753,-0.000693710486267888,0.000426577026477257,1.19791901789185,0.806720225056654,1.12169406364628e-05,7.07236535191289e-06,-0.00761469403662642,0.00348397797905228,-6.6534195972034e-06,5.39283066254905e-06,-166.113893648266,-225.537589952426,0.263475797168422,TRUE,9.5863316845647
"sm_centro","ROS",0,0,795,339,0.771929824561403,0.70942535652227,-59.3069307185429,-0.520236234373183,0.728056859520586,0.220668579299557,114,0.347826086956522,0.8,0.484848484848485,0.755555555555556,0.918918918918919,0.829268292682927,1,0.686567164179104,0.814159292035398,-2.87221609278996,NA,0,NA,-1.44741352860156,NA,-0.00739397954697535,NA,-0.00243833120968503,NA,-0.000975883918496189,NA,0.826163203881221,NA,2.03748056280534e-05,NA,-0.00112874362603513,NA,-6.36785184131877e-06,NA,-337.335178741215,-510.085459353722,0.338669290497677,FALSE,0.329772512108514
"sm_centro","ROS",0,1,795,339,0.736842105263158,0.706512965391989,-60.1414727266457,-0.527556778303909,0.699600331399635,0.257136309492889,114,0.416666666666667,1,0.588235294117647,0.686274509803922,0.945945945945946,0.795454545454546,1,0.582089552238806,0.735849056603774,-2.87411761195324,NA,0,NA,-1.94265312654454,NA,0.000380378606715458,NA,0.000103076000467931,NA,5.65583146836671e-05,NA,0.980905354210947,NA,1.67657754035741e-05,NA,-0.00339877924400323,NA,-5.35762459522641e-06,NA,-352.885509000152,-511.079839640112,0.309529584949694,FALSE,0.270982643734843
"sm_centro","ROS",0,2,798,342,0.701754385964912,0.646275946275946,-66.8879760526277,-0.586736632040594,0.693815587792003,0.276819847340244,114,0.285714285714286,0.727272727272727,0.41025641025641,0.702127659574468,0.891891891891892,0.785714285714286,1,0.590909090909091,0.742857142857143,-4.79693697994647,0.797484356742211,0,NA,-1.83421017860054,0.526665344446903,0.0225539705693423,0.0100766602631205,-0.00258993211542291,0.00103363899730194,-0.000579723971186934,0.0002888434626155,2.28044664356751,0.524480341279856,2.15854509253114e-05,4.17391581753006e-06,-0.00216689844500322,0.00240520029405772,-2.22044880282608e-06,4.51583676425701e-06,-345.018145042817,-519.646722911522,0.33605249522268,TRUE,-0.114832645873158
"sm_centro","ROS",0,3,798,342,0.824561403508772,0.77403304380992,-48.3021680773414,-0.423703228748609,0.763836609912616,0.1904769581214,114,0.434782608695652,0.909090909090909,0.588235294117647,0.829268292682927,0.918918918918919,0.871794871794872,1,0.757575757575758,0.862068965517241,-3.04272049331395,NA,0,NA,-1.76738372412409,NA,-0.00463191566593442,NA,-0.00274209918847478,NA,-0.000860168987033285,NA,0.507318743258489,NA,1.98829493953033e-05,NA,-0.00400233530167204,NA,-4.05567825426087e-06,NA,-357.958625286876,-518.534559589476,0.30967257887252,FALSE,0.592001104130985
"sm_centro","ROS",0,4,798,342,0.807017543859649,0.740276628986306,-51.0363649076098,-0.447687411470262,0.749398876798996,0.193797465855999,114,0.4,0.727272727272727,0.516129032258065,0.790697674418605,0.918918918918919,0.85,0.980392156862745,0.757575757575758,0.854700854700855,-3.71195932452355,NA,0,NA,-1.67526263684078,NA,0.0110940413825656,NA,-0.00189154407204524,NA,-0.000569191195591592,NA,1.35453952182969,NA,1.99262492941732e-05,NA,-0.0025231375697374,NA,-5.45123527171019e-06,NA,-348.982320465772,-512.858048075961,0.319534280928194,FALSE,-0.170500902855637
"sm_centro","ROS",1,0,795,339,0.771929824561403,0.697026085813785,-54.3240671902657,-0.476526905177769,0.740811319210719,0.162277200044601,114,0.4,0.6,0.48,0.673076923076923,0.945945945945946,0.786516853932584,1,0.701492537313433,0.824561403508772,-4.94624331299924,NA,0,NA,-2.6199616744792,NA,0.0329834440593426,NA,-0.00158026326865604,NA,-0.000630170254343374,NA,0.874390757158692,NA,2.43300355534709e-05,NA,-0.00502556718539534,NA,-9.40481247136526e-08,NA,-337.818099409313,-511.471753714842,0.339517584391072,FALSE,-0.0479108023350409
"sm_centro","ROS",1,1,795,339,0.763157894736842,0.696530084902178,-54.0123393806202,-0.473792450707194,0.733996237491406,0.199974711225424,114,0.35,0.7,0.466666666666667,0.73469387755102,0.972972972972973,0.837209302325581,0.977777777777778,0.656716417910448,0.785714285714286,-3.88311525335674,NA,0,NA,-1.65536193217877,NA,0.0185362546641448,NA,-0.00229778840107506,NA,-0.000683523842326641,NA,1.56638786464275,NA,1.9442700385339e-05,NA,-0.00131948275444646,NA,-2.5025193746681e-06,NA,-349.928254586915,-511.707319786154,0.31615546415644,FALSE,-0.123961848966163
"sm_centro","ROS",1,2,798,342,0.754385964912281,0.715377894276977,-60.2752624187118,-0.528730372093963,0.720374152557546,0.257131145957993,114,0.416666666666667,0.909090909090909,0.571428571428572,0.702127659574468,0.891891891891892,0.785714285714286,1,0.651515151515151,0.788990825688073,-4.34780013165423,0.659681315219576,0,NA,-2.70168420672957,0.5523790899751,0.00690738088061546,0.00789950222096305,-0.000402672189958069,0.000967451412736801,-0.000876568580844664,0.000277615510836283,1.49339657536253,0.517960399969273,2.14542788905764e-05,4.55595504357633e-06,-0.00393736136942957,0.00229870754015989,-1.16303573340885e-06,4.71814980992342e-06,-337.325945178642,-511.655203785015,0.340716281817828,TRUE,-0.0582959296609962
"sm_centro","ROS",1,3,798,342,0.657894736842105,0.621704422869471,-84.3790587603431,-0.740167182108273,0.649290330755696,0.432622675044866,114,0.256410256410256,0.909090909090909,0.4,0.736842105263158,0.756756756756757,0.746666666666667,1,0.560606060606061,0.718446601941747,-3.32027123855992,NA,0,NA,-1.41063109802988,NA,-0.00501700742532742,NA,-0.00308740146425779,NA,-0.000834259282077671,NA,1.53624727391211,NA,2.34813595714464e-05,NA,-0.00136785729340619,NA,-3.86614961861344e-06,NA,-322.531621231021,-504.592397910381,0.360807609138208,FALSE,0.61538706294745
"sm_centro","ROS",1,4,798,342,0.868421052631579,0.819664838640171,-39.9888716254291,-0.350779575661659,0.788138026467575,0.140613569977835,114,0.5,0.909090909090909,0.645161290322581,0.878048780487805,0.972972972972973,0.923076923076923,1,0.803030303030303,0.890756302521008,-4.57286689839246,0.754717579725079,0,NA,-2.19843747583312,0.60570371778296,0.0169241196974726,0.00960316824886661,-0.00159048988271985,0.000974262831848364,-0.000717088751386432,0.000258408856025766,0.735127406478287,0.507837491301105,2.73281764460893e-05,5.47734351835845e-06,-0.00557720221963042,0.00263622341214668,-5.2892277797009e-06,4.50469135428973e-06,-357.443139078595,-527.153558862025,0.321937350000608,TRUE,-0.09397770230598
"sm_centro","ROS",2,0,795,339,0.754385964912281,0.696096420219464,-56.380422841988,-0.494565112649017,0.724819107582509,0.232349877775718,114,0.333333333333333,0.8,0.470588235294118,0.75,0.972972972972973,0.847058823529412,1,0.626865671641791,0.770642201834862,-2.97608996623388,NA,0,NA,-1.54680122616461,NA,0.0184717197130075,NA,-0.0003729172555704,NA,-0.000120567736606804,NA,1.06782254240811,NA,1.42300200719882e-05,NA,-0.00130509009791374,NA,-1.01841494684952e-05,NA,-362.537257061649,-516.285219011001,0.297796559513891,FALSE,-0.0201885510046906
"sm_centro","ROS",2,1,795,339,0.798245614035088,0.74022274022274,-50.9177909633089,-0.446647289151832,0.753240430343707,0.182167713563123,114,0.391304347826087,0.9,0.545454545454545,0.780487804878049,0.864864864864865,0.820512820512821,1,0.746268656716418,0.854700854700855,-4.19413049861555,0.700375230682443,0,NA,-1.63623422042848,0.478829249212258,0.0058163827256519,0.0110071262273696,-0.00209654470219639,0.00099731716134673,-0.000904123575765193,0.000274997962331032,2.27070676013687,0.495622377925334,1.65989077191442e-05,4.37977435096389e-06,-0.00182790857569149,0.00182628036893798,-6.10468374901624e-06,4.69364152441254e-06,-343.554857011171,-515.120939687815,0.333059810732253,TRUE,-0.360455080259769
"sm_centro","ROS",2,2,798,342,0.745614035087719,0.682759562069907,-60.1010673214596,-0.527202344925084,0.719685847896075,0.205452378802765,114,0.388888888888889,0.636363636363636,0.482758620689655,0.666666666666667,0.918918918918919,0.772727272727273,0.977777777777778,0.666666666666667,0.792792792792793,-4.83041613011592,NA,0,NA,-1.58934759883616,NA,0.0166588996134799,NA,-0.00249730472529524,NA,-0.000578017938520614,NA,3.06520398974826,NA,1.80516031642447e-05,NA,-0.000233968311842446,NA,-1.62263947819183e-06,NA,-334.028296188789,-514.022327399147,0.35016772933015,FALSE,-0.149908144189457
"sm_centro","ROS",2,3,798,342,0.754385964912281,0.703703703703704,-69.5414079327616,-0.610012350287382,0.695264787425693,0.26061486564449,114,0.36,0.818181818181818,0.5,0.74468085106383,0.945945945945946,0.833333333333333,1,0.636363636363636,0.777777777777778,-4.58031473128144,NA,0,NA,-2.61116544587265,NA,0.0153056826429564,NA,-0.0013502696423037,NA,-0.000470178532988778,NA,1.0270010454627,NA,2.07011173130218e-05,NA,-0.0077000599624186,NA,-6.03201489016366e-06,NA,-337.605992398368,-508.751280993741,0.33640266863029,FALSE,-0.0882201515477712
"sm_centro","ROS",2,4,798,342,0.754385964912281,0.697620697620698,-51.726579553063,-0.453741925904061,0.733823606590966,0.240113078711796,114,0.321428571428571,0.818181818181818,0.461538461538462,0.780487804878049,0.864864864864865,0.820512820512821,1,0.681818181818182,0.810810810810811,-3.10446593877151,0.700605850909575,0,NA,-1.58216004557772,0.468563643680988,0.00654791960777993,0.00856751418043529,-0.00186062032472229,0.000946084796908574,-0.000457747737890791,0.000298175622941188,0.656875838926703,0.533327191133418,2.82198225657738e-05,5.53827670713731e-06,-0.000422775490189419,0.00206845558234756,2.64708644584921e-07,4.48425631967322e-06,-358.907636547777,-523.060342813183,0.313831297900622,TRUE,-0.284154424026769
"sm_centro","ROS",3,0,795,339,0.675438596491228,0.622777777777778,-79.9676269516357,-0.701470411856453,0.647120085212956,0.406143031184733,114,0.318181818181818,0.7,0.4375,0.627118644067797,1,0.770833333333333,1,0.492537313432836,0.66,-2.65946028793523,0.728641505658605,0,NA,-1.19013235860741,0.495866175054758,0.0100562171149544,0.00993706385012425,-0.0024837297088541,0.000973115845795024,-0.000139113882213711,0.000302984574424207,1.28633933070412,0.515376416605635,1.53873373160213e-05,4.51721265835249e-06,7.94852595324666e-05,0.00180156773930054,-5.05157480566056e-06,5.04965728518448e-06,-337.237928821749,-504.082700799995,0.330986902969409,TRUE,-0.246984495308936
"sm_centro","ROS",3,1,795,339,0.824561403508772,0.761491257706565,-45.3924467598191,-0.398179357542273,0.770550411541494,0.156016715407266,114,0.421052631578947,0.8,0.551724137931034,0.8,0.972972972972973,0.878048780487805,1,0.746268656716418,0.854700854700855,-4.44977092032167,0.755836940415063,0,NA,-2.13624685958597,0.597252013860145,-0.00243049392046049,0.00712130426334084,-0.00200151381096669,0.000941601583939093,-0.000716984915016024,0.000317065385806839,1.88652996908185,0.520492773410808,1.7092482428466e-05,3.85036659017126e-06,-0.00565727904435568,0.00282315475357049,-5.42619341007083e-06,4.64351893201763e-06,-344.195572118547,-518.600226623993,0.336298839745584,TRUE,0.823500850636761
"sm_centro","ROS",3,2,798,342,0.833333333333333,0.780862815345574,-42.6760278920412,-0.374351121860011,0.774924434651431,0.199946460875189,114,0.416666666666667,0.909090909090909,0.571428571428572,0.875,0.945945945945946,0.909090909090909,1,0.757575757575758,0.862068965517241,-3.30147382656855,0.71294387069484,0,NA,-1.89066230640514,0.537937274270011,0.0102026992529503,0.00910882322161573,-0.00178737415451692,0.000934571440286207,-0.000728345739910697,0.000272502175907603,0.811934024706857,0.502526236551402,2.00008903286042e-05,5.09666856614175e-06,-0.00239719189125076,0.00209953272269747,-1.93051715601266e-06,4.727724549514e-06,-364.949105442227,-518.468892554958,0.296102214264394,TRUE,-0.175186400206796
"sm_centro","ROS",3,3,798,342,0.763157894736842,0.704676063973977,-61.5137165702609,-0.539594005002288,0.727499725305649,0.207771545756687,114,0.4,0.727272727272727,0.516129032258065,0.6875,0.891891891891892,0.776470588235294,1,0.696969696969697,0.821428571428572,-5.1389609403239,0.739633643368425,0,NA,-2.01682892634524,0.54012843870794,0.0244826227804451,0.00852019290748018,-0.00180941778074802,0.00100163562019338,-0.000652438894131401,0.00030159148005454,2.07773255936558,0.495509844295108,2.47702305849861e-05,4.76804947445419e-06,-0.00183546153450795,0.00246425609577266,-4.22828300789297e-06,4.64865431364023e-06,-328.269388150928,-511.87721882295,0.358695061863124,TRUE,-0.0739062067399597
"sm_centro","ROS",3,4,798,342,0.763157894736842,0.713608652900688,-56.9824340729311,-0.499845912920449,0.71381665485725,0.271529025919588,114,0.344827586206897,0.909090909090909,0.5,0.815789473684211,0.837837837837838,0.826666666666667,0.978723404255319,0.696969696969697,0.814159292035398,-5.2037579218125,0.833291213901546,0,NA,-2.8226201297535,0.609766070223927,0.027769572727226,0.0100441899518005,-0.000912405884288472,0.000936206035963013,-0.000695057590716226,0.00027080093960051,1.33046361691352,0.607989846735062,2.73848436354994e-05,6.23116611843051e-06,-0.00619121506038459,0.0025970507549145,2.20425630888307e-06,4.45265142483565e-06,-356.807552554289,-523.112458814322,0.31791425239035,TRUE,-0.0328563169930925
"sm_centro","ROS",4,0,795,339,0.842105263157895,0.789427033871478,-42.5953755051059,-0.37364364478163,0.772340021314666,0.161899271703038,114,0.45,0.9,0.6,0.840909090909091,1,0.91358024691358,1,0.746268656716418,0.854700854700855,-3.29391020505415,0.695997520195059,0,NA,-1.94483965533174,0.562215773330745,0.0126014363254584,0.00826102620056424,-0.00132175139069311,0.000964091514675066,-0.000569804589045886,0.00027971304209446,0.60466781584313,0.49138823367987,1.5253782078687e-05,3.63718030639715e-06,-0.00429424236679752,0.00254765599885485,-6.77505698211975e-06,4.7511346410767e-06,-367.954454703009,-518.36466055268,0.290162924473485,TRUE,-0.104888947303793
"sm_centro","ROS",4,1,795,339,0.780701754385965,0.733134920634921,-50.6665832213521,-0.444443712468001,0.739645450090918,0.193749690701457,114,0.409090909090909,0.9,0.5625,0.74468085106383,0.945945945945946,0.833333333333333,1,0.671641791044776,0.803571428571429,-3.64236460543488,0.641584443744453,0,NA,-1.3204680189674,0.43215019137167,0.0150834329543467,0.00968517724267937,-0.00186815271130717,0.000969228801303943,-0.000365931268390661,0.000254200260601091,2.01005737925077,0.481338587467488,1.78413969122837e-05,4.01836421672091e-06,0.000108874510564764,0.00166513606576238,-4.67504795031301e-06,4.06393679267841e-06,-348.064377892366,-514.375676506116,0.323326522248127,TRUE,-0.123854610350412
"sm_centro","ROS",4,2,798,342,0.728070175438597,0.660225036798538,-61.4562204593827,-0.53908965315248,0.70720174446297,0.221872206233942,114,0.318181818181818,0.636363636363636,0.424242424242424,0.673469387755102,0.891891891891892,0.767441860465116,1,0.651515151515151,0.788990825688073,-5.56141778592807,0.862437927216279,0,NA,-2.43827212176094,0.536513967708473,0.0249600264344537,0.0113793266543392,-0.00157820952775998,0.000917238915303595,-0.000506090685809661,0.000294158945939531,2.33981945181109,0.53693543231219,2.72196606261173e-05,5.68682959538446e-06,-0.00338212948268366,0.00217850924708607,2.56095465819916e-06,4.66135810545351e-06,-332.63782397898,-510.085459353722,0.347878246910955,TRUE,-0.0632294814232044
"sm_centro","ROS",4,3,798,342,0.789473684210526,0.733212470458739,-58.9650705051646,-0.517237460571619,0.738101965847508,0.22152512197569,114,0.391304347826087,0.818181818181818,0.529411764705882,0.785714285714286,0.891891891891892,0.835443037974683,0.979591836734694,0.727272727272727,0.834782608695652,-3.47334591656809,NA,0,NA,-1.35570893064418,NA,-0.000404603161888483,NA,-0.00255313884261412,NA,-0.000732719542224477,NA,1.66747556849711,NA,1.95989610520805e-05,NA,-0.001375350827315,NA,-5.86344764500758e-06,NA,-350.883610509606,-518.534559589476,0.323316828125398,FALSE,6.31022958569419
"sm_centro","ROS",4,4,798,342,0.701754385964912,0.663028677805996,-70.4632959760253,-0.618099087508994,0.681872517461477,0.28313540321351,114,0.333333333333333,0.909090909090909,0.48780487804878,0.704545454545455,0.837837837837838,0.765432098765432,0.975,0.590909090909091,0.735849056603774,-3.96394614936328,0.670190719644086,0,NA,-1.86507848764467,0.442877475860665,0.00766765552838568,0.00988602320622155,-0.00282554923584797,0.00100779853002988,-0.00144856740945296,0.000308279741901188,1.38876472998196,0.540036099205346,2.40478929233773e-05,4.92191000473479e-06,-0.00078960776073112,0.0019117792752663,-1.12702909757444e-06,4.07450706657153e-06,-333.74067330708,-517.33171529853,0.354880701419026,TRUE,-0.368502370168793
"sm_centro","ROS",5,0,795,339,0.780701754385965,0.727351557907113,-54.399925088526,-0.477192325337948,0.735798606300209,0.245884949044237,114,0.36,0.9,0.514285714285714,0.795454545454545,0.945945945945946,0.864197530864197,1,0.671641791044776,0.803571428571429,-3.61656848715925,0.766553736111603,0,NA,-1.70223470871858,0.585971878137524,0.0171050891584205,0.00880513388779131,-0.00202304508803876,0.000986633561563527,-0.000204944169637703,0.000281460583631641,1.27698956774302,0.497439673392729,1.60728033950795e-05,5.06094680469383e-06,-0.00376345490991713,0.00239485325572312,-5.94781134065705e-06,5.00608341254065e-06,-354.464135309887,-510.726490533143,0.305960936273611,TRUE,-0.118271531314577
"sm_centro","ROS",5,1,795,339,0.745614035087719,0.702711323763955,-59.002697176363,-0.517567519090903,0.713226156422868,0.250966502342658,114,0.357142857142857,1,0.526315789473684,0.744186046511628,0.864864864864865,0.8,1,0.641791044776119,0.781818181818182,-4.01109251115865,0.764880425728846,0,NA,-2.11591871770383,0.526806615892326,0.0267131127739166,0.0100754871179954,-0.00140639203287541,0.000905786073970286,-0.000539610132952528,0.000292331904929738,0.894704942016964,0.512419863031853,2.37349470553943e-05,4.77269556529306e-06,-0.00290575099645312,0.00217514569021216,-1.51541201657938e-06,4.6361118197227e-06,-359.528842144054,-518.71800965965,0.306889609674523,TRUE,-0.0526480026786187
"sm_centro","ROS",5,2,798,342,0.736842105263158,0.664059504639215,-65.052410126851,-0.570635176551324,0.707010079461332,0.235066550433497,114,0.352941176470588,0.545454545454545,0.428571428571429,0.672727272727273,1,0.804347826086956,0.976190476190476,0.621212121212121,0.759259259259259,-3.75537071095327,0.73841956749903,0,NA,-1.4574076927975,0.508295695857784,0.00701953299864024,0.00825215103346218,-0.00177179558241749,0.000941942125751887,-0.000594049450552755,0.000309275332490433,1.14061128528767,0.474705088715602,2.21881438257503e-05,4.82219078297642e-06,-0.000906385246090427,0.00227501171894395,-1.19763299136106e-05,5.20341873608858e-06,-321.891337728275,-508.581381956945,0.367079981399073,TRUE,-0.252409324489351
"sm_centro","ROS",5,3,798,342,0.815789473684211,0.778476611883692,-47.7955428438507,-0.419259147753076,0.744176360620664,0.215612684391725,114,0.458333333333333,1,0.628571428571429,0.813953488372093,0.945945945945946,0.875,1,0.712121212121212,0.831858407079646,-3.04355000720802,0.677851730580085,0,NA,-1.61118865450359,0.506598366376193,0.00429755424750237,0.00841578535086044,-0.00196214620253609,0.000913146737563321,-0.000699600110686955,0.000260829471098617,1.50483869902902,0.497272739379862,1.14106845916398e-05,3.67418186251178e-06,-0.00239647088610879,0.00194882089933443,-4.05041621365773e-06,4.22763919292154e-06,-368.557704852431,-519.7509549138,0.290895569564552,TRUE,-0.456572759651943
"sm_centro","ROS",5,4,798,342,0.798245614035088,0.735043432160189,-56.1417212695714,-0.492471239206767,0.740488504555418,0.187681057607883,114,0.4,0.727272727272727,0.516129032258065,0.765957446808511,0.972972972972973,0.857142857142857,1,0.712121212121212,0.831858407079646,-5.02732660053323,NA,0,NA,-2.4656529560654,NA,0.0136176077490054,NA,-0.00240753409797851,NA,-0.00121040753745844,NA,1.70882974839383,NA,2.30952590947812e-05,NA,-0.00442405354069022,NA,-3.31255441546985e-07,NA,-336.4401832227,-515.120939687815,0.346871467840937,FALSE,-0.176795670895598
"sm_centro","ROS",6,0,795,339,0.824561403508772,0.803032579570781,-50.0241318357694,-0.438808173997977,0.742320764111404,0.154686037656763,114,0.588235294117647,1,0.740740740740741,0.729166666666667,0.945945945945946,0.823529411764706,1,0.73134328358209,0.844827586206896,-3.39137952733551,0.719653062144133,0,NA,-1.57946650824055,0.522436529081241,0.00917947979192365,0.00804561932295867,-0.00242477769511476,0.000980470708866333,-0.000766758688624507,0.000274493233350689,1.23309171316621,0.517723950746108,1.5277437410544e-05,4.79139928790088e-06,-0.00260503838445925,0.00220305242487552,-5.74532078124603e-06,4.61323386620391e-06,-353.997265309023,-510.321025425034,0.306324357272587,TRUE,-0.264151972669317
"sm_centro","ROS",6,1,795,339,0.789473684210526,0.733816773373736,-52.31547519225,-0.458907677125,0.745365305053309,0.248206908087348,114,0.333333333333333,0.9,0.486486486486486,0.857142857142857,0.972972972972973,0.911392405063291,1,0.671641791044776,0.803571428571429,-4.53056488500731,0.71738058336222,0,NA,-2.38049778911302,0.559893886566392,0.0150071546386886,0.010046207073746,-0.00118360588800254,0.0010046065109888,-0.000977147399530946,0.000281269255909295,1.61908838196875,0.475926541552103,1.45455130320163e-05,4.13241973690467e-06,-0.00555406759279061,0.00239372926344963,-8.47650342402756e-06,5.01334155783811e-06,-349.363419157465,-515.64418783158,0.322471914932987,TRUE,-0.0788694403768714
"sm_centro","ROS",6,2,798,342,0.736842105263158,0.684110334110334,-64.0909039683436,-0.562200912003014,0.706141348391878,0.279163237028451,114,0.310344827586207,0.818181818181818,0.45,0.780487804878049,0.864864864864865,0.820512820512821,0.977272727272727,0.651515151515151,0.781818181818182,-2.56793274750402,NA,0,NA,-1.18594026727387,NA,-0.0158433386024747,NA,-0.00251389476763557,NA,-0.000873802317668978,NA,1.17862354721313,NA,1.90013117982171e-05,NA,-0.00105948467251382,NA,-6.54031869291911e-06,NA,-348.929230223569,-523.348024885635,0.333274964972268,FALSE,0.158672034393238
"sm_centro","ROS",6,3,798,342,0.789473684210526,0.733592114875012,-48.8834936461655,-0.428802575843557,0.761224683209658,0.156522231210574,114,0.391304347826087,0.818181818181818,0.529411764705882,0.772727272727273,0.918918918918919,0.839506172839506,1,0.712121212121212,0.831858407079646,-4.04432106243198,0.707844278152796,0,NA,-1.77679015015912,0.524975031753424,0.0153767915653182,0.00967538007852821,-0.00170739443247332,0.000870457813371806,-0.000794609668384102,0.000296402310034906,1.65459293787078,0.505536787257661,2.25406072508968e-05,4.4487895864639e-06,7.72396881914262e-05,0.00187331600131493,-2.36005505762513e-06,4.8614451288275e-06,-350.107814704019,-519.920853950596,0.326613248836357,TRUE,-0.111037105837104
"sm_centro","ROS",6,4,798,342,0.675438596491228,0.614796569968984,-74.1588202293468,-0.650515966924095,0.675158860100278,0.316054184938743,114,0.28,0.636363636363636,0.388888888888889,0.62,0.837837837837838,0.71264367816092,1,0.590909090909091,0.742857142857143,-5.55592181538652,0.888047572824966,0,NA,-2.80150239201589,0.656882140364713,0.0328837381438992,0.009885789555544,-0.00157356671973494,0.00109531604484617,-0.000466377548088354,0.00031983164641782,1.74097049220225,0.615168168758857,3.06118678588882e-05,4.67430962987283e-06,-0.00380555207089877,0.0031157458094884,5.6073306269353e-06,4.3555711253344e-06,-317.380220644856,-501.636359117968,0.367310174240742,TRUE,-0.0478524282382075
"sm_centro","ROS",7,0,795,339,0.815789473684211,0.768971768971769,-54.2215202985411,-0.475627371039834,0.749196388204078,0.256060540624844,114,0.434782608695652,1,0.606060606060606,0.804878048780488,0.891891891891892,0.846153846153846,1,0.746268656716418,0.854700854700855,-3.81443567853818,0.840216584265202,0,NA,-1.89187919402491,0.54730773858356,0.0199055378601812,0.0124924097958389,-0.00106866722168776,0.000904901644770594,-0.000270579903560032,0.000290309938401517,1.04988422133942,0.5133330319803,2.53048375218628e-05,5.64191506270013e-06,-0.00260736238810541,0.00215993412170326,-3.80946161403133e-06,4.80146770370406e-06,-363.033238598268,-516.97836619156,0.297778664757995,TRUE,-0.0536869301997367
"sm_centro","ROS",7,1,795,339,0.736842105263158,0.675308641975309,-67.8888415224825,-0.595516153705987,0.698257747099727,0.287552959095521,114,0.35,0.7,0.466666666666667,0.679245283018868,0.972972972972973,0.8,1,0.611940298507463,0.759259259259259,-3.0373504369796,0.649443219305442,0,NA,-1.64946569246834,0.55490750236398,-0.0138625719199227,0.00713296174998681,-0.00273383280634068,0.0010647258234383,-0.00084529025585975,0.000305085090937076,1.5652111492645,0.50614718788381,1.3819919502535e-05,3.59619634016166e-06,-0.00145536455010017,0.0021474539297892,-3.361248478785e-06,4.71649587568913e-06,-328.623239312317,-507.836118775246,0.3528951030406,TRUE,0.197209639173214
"sm_centro","ROS",7,2,798,342,0.736842105263158,0.66539039039039,-55.2113397016867,-0.484309997383217,0.723831554214523,0.209741698926368,114,0.269230769230769,0.636363636363636,0.378378378378378,0.767441860465116,0.891891891891892,0.825,0.977777777777778,0.666666666666667,0.792792792792793,-4.43098134358356,NA,0,NA,-1.62375452575653,NA,0.0317072099066579,NA,-0.00229055717593352,NA,-9.41813753411455e-05,NA,1.49558848666307,NA,2.58606016123769e-05,NA,-0.00185198219954106,NA,-1.85517515126223e-06,NA,-349.217039901139,-520.391986093221,0.328934631521051,FALSE,-0.0722408935594345
"sm_centro","ROS",7,3,798,342,0.754385964912281,0.698993833171048,-62.3750027278381,-0.547149146735422,0.708514041480116,0.252730924381059,114,0.321428571428571,0.818181818181818,0.461538461538462,0.785714285714286,0.891891891891892,0.835443037974683,1,0.666666666666667,0.8,-5.42785913283957,0.864312493703123,0,NA,-2.85672154605768,0.636458927312092,0.0194568048394097,0.00967604363745626,-0.00226972421802362,0.000956347323511875,-0.00125561622495065,0.000298466209335753,1.43900154814442,0.554964834188378,2.27567971275262e-05,6.22285512997301e-06,-0.00785731317247649,0.00307199496340383,-1.55570117549209e-06,4.82858408784913e-06,-340.123851595233,-516.572901083452,0.34157627920113,TRUE,-0.116654519421725
"sm_centro","ROS",7,4,798,342,0.798245614035088,0.76835456145801,-52.1262565741649,-0.457247864685657,0.746030993409184,0.194305948309988,114,0.526315789473684,0.909090909090909,0.666666666666667,0.72,0.972972972972973,0.827586206896552,1,0.681818181818182,0.810810810810811,-3.149390210196,0.698404795085799,0,NA,-1.92246609562646,0.558017232247177,0.0106101765627088,0.00859145625813635,-0.00054721088845708,0.000949172072428807,-3.35416809058356e-06,0.000296291530613782,1.47754159578695,0.505753966985263,1.26947497232217e-05,3.55147160870844e-06,-0.00347895164055399,0.00237397626655782,-3.94140845724973e-06,4.4342468397875e-06,-377.456454346957,-523.687822959226,0.27923385307291,TRUE,-0.0515741547959101
"sm_centro","ROS",8,0,795,339,0.780701754385965,0.731568706387547,-49.3961453831378,-0.433299520904717,0.752813969571055,0.182912675313901,114,0.409090909090909,0.9,0.5625,0.75,0.891891891891892,0.814814814814815,0.979166666666667,0.701492537313433,0.817391304347826,-4.45295501554996,0.69499171212492,0,NA,-1.85331915602819,0.518515225468896,0.0214973529154061,0.00828249964411607,-0.00104957287463478,0.000922096788090866,-9.91080772223344e-05,0.000284800418370128,2.00967872839115,0.48894045170246,2.03858780119223e-05,4.4003781215945e-06,-0.00291587081797948,0.00203198235226117,-3.8410870029163e-06,4.43550157641305e-06,-364.875709208047,-524.276738137507,0.304039865464435,TRUE,-0.0488233541480637
"sm_centro","ROS",8,1,795,339,0.728070175438597,0.589578535010532,-65.0320281784614,-0.570456387530364,0.716450906040287,0.180960194545402,114,0.111111111111111,0.2,0.142857142857143,0.755555555555556,0.918918918918919,0.829268292682927,0.92156862745098,0.701492537313433,0.796610169491525,-3.84695575061264,NA,0,NA,-1.6723603292101,NA,-0.0207528423423925,NA,-0.00309025811453836,NA,-0.000750310198347366,NA,1.4875420537481,NA,2.72646177591512e-05,NA,-0.0032297593757388,NA,-1.83368443466581e-06,NA,-325.536287426288,-517.907079443433,0.371438815286858,FALSE,0.148907704475053
"sm_centro","ROS",8,2,798,342,0.763157894736842,0.708541875208542,-56.0787673472022,-0.491919011817564,0.720878212036923,0.221209334420222,114,0.36,0.818181818181818,0.5,0.75,0.891891891891892,0.814814814814815,1,0.681818181818182,0.810810810810811,-2.77110053420706,0.744761939755257,0,NA,-1.73007691187773,0.522390570418908,0.0211161514390083,0.0109321245584186,-0.00166270555364388,0.00100215977295568,-0.000406453362394109,0.00026300813144608,-0.112918304544261,0.551130081530519,2.04078112888209e-05,4.5483350542721e-06,-0.00233241581763953,0.00216881836939254,-4.45304351252303e-06,4.34653513715556e-06,-358.347545087108,-514.022327399147,0.30285607066861,TRUE,-0.0787409371658667
"sm_centro","ROS",8,3,798,342,0.719298245614035,0.655966694669047,-71.0522052948451,-0.623264958726712,0.694253859357251,0.285371371302607,114,0.333333333333333,0.636363636363636,0.4375,0.653846153846154,0.918918918918919,0.764044943820225,1,0.621212121212121,0.766355140186916,-3.7494277863354,NA,0,NA,-2.00206145547202,NA,0.0334390360411032,NA,-0.00180113601786334,NA,-0.000139515610558718,NA,-0.148781717799374,NA,2.82800761738973e-05,NA,-0.00227835410772276,NA,-4.21201954215253e-06,NA,-318.560038735118,-497.869390109338,0.360153395521748,FALSE,-0.0538632757131334
"sm_centro","ROS",8,4,798,342,0.771929824561403,0.725438596491228,-54.9197427356226,-0.481752129259848,0.73089587781043,0.264044365025914,114,0.37037037037037,0.909090909090909,0.526315789473684,0.790697674418605,0.918918918918919,0.85,1,0.666666666666667,0.8,-3.46384015908159,0.731630775500409,0,NA,-1.7571093651383,0.506778230637297,0.0106044178720957,0.0100949228453624,-0.00148815264734233,0.000988484926431298,-0.000573466522287657,0.000257319082123771,1.97516679309729,0.52918717753317,8.57150704389265e-06,3.95739799887484e-06,-0.00301172843646399,0.00212970494324595,-7.03354290572147e-06,4.3502939614447e-06,-361.956170599722,-516.219551976483,0.298832891520909,TRUE,-0.140333271028317
"sm_centro","ROS",9,0,795,339,0.763157894736842,0.70952380952381,-58.474266985878,-0.51293216654279,0.722767210419843,0.248291308854656,114,0.346153846153846,0.9,0.5,0.767441860465116,0.891891891891892,0.825,1,0.671641791044776,0.803571428571429,-3.52138846984673,NA,0,NA,-1.77226593424404,NA,0.0180152477252386,NA,-0.00248555724976093,NA,-0.00094207662290156,NA,0.620101312994596,NA,2.51498815601152e-05,NA,-0.00135735272690916,NA,-1.11358885519021e-06,NA,-350.289801480193,-513.329180218587,0.31761174899305,FALSE,-0.137969640366298
"sm_centro","ROS",9,1,795,339,0.807017543859649,0.748769748769749,-46.1243425447796,-0.404599496006839,0.763897563408829,0.175733198176905,114,0.391304347826087,0.9,0.545454545454545,0.804878048780488,0.891891891891892,0.846153846153846,1,0.746268656716418,0.854700854700855,-3.65265380435877,NA,0,NA,-1.86518403590996,NA,0.00344269211763172,NA,-0.000729405517303661,NA,-0.00041211945702417,NA,1.64345994270863,NA,1.63447312476304e-05,NA,-0.00342607180043402,NA,-6.04188449037867e-06,NA,-359.844309846364,-519.397605806831,0.307189124818196,FALSE,-0.211870679218748
"sm_centro","ROS",9,2,798,342,0.754385964912281,0.699099099099099,-58.7565362719688,-0.515408212912007,0.719839791741432,0.257266731543158,114,0.346153846153846,0.818181818181818,0.486486486486487,0.744186046511628,0.864864864864865,0.8,1,0.681818181818182,0.810810810810811,-4.26047341433324,0.701252298490381,0,NA,-2.15740379875759,0.557394916049965,0.00130220927798373,0.00781262903690512,-0.00196912544501644,0.00106029590743151,-0.000811389836295694,0.000294041130163295,1.96945123395735,0.537309205259773,1.80294119971168e-05,4.57170486270406e-06,-0.00423141254597629,0.00248699404627139,-2.32568362905932e-06,4.17405330980385e-06,-335.846569969183,-510.203242389378,0.341739640076864,TRUE,-1.51214207908679
"sm_centro","ROS",9,3,798,342,0.771929824561403,0.712403100775194,-53.4991896035993,-0.469291136873678,0.737161684779098,0.190664131691155,114,0.380952380952381,0.727272727272727,0.5,0.73469387755102,0.972972972972973,0.837209302325581,1,0.666666666666667,0.8,-3.54973508018558,0.723163562908921,0,NA,-1.28196015989149,0.486387469948454,0.018927414546582,0.010887524723375,-0.00186688985576684,0.00101422831831667,-0.000196928169125706,0.000297245933393372,1.33404801749806,0.524233633067537,2.07554498819024e-05,4.97931242510382e-06,-0.000683993413145556,0.00195091415779304,-7.37734693088199e-06,4.846947162086e-06,-353.06553061418,-516.455118047796,0.316367447477779,TRUE,-0.0986341716758126
"sm_centro","ROS",9,4,798,342,0.719298245614035,0.665151515151515,-65.5615994742543,-0.57510174977416,0.69203039278687,0.278516696128384,114,0.333333333333333,0.727272727272727,0.457142857142857,0.686274509803922,0.945945945945946,0.795454545454546,1,0.590909090909091,0.742857142857143,-4.13686112443586,0.770548642912909,0,NA,-2.08490528293292,0.616299158176777,0.00764164160623477,0.00898566140999619,-0.00257434512589961,0.00101128797620959,-0.000934382722488559,0.000303342680485342,1.50779133156952,0.524329363496447,1.34102561248138e-05,4.00160853147091e-06,-0.00551714794573374,0.00276793488074913,-7.8131258111116e-06,4.69028531229317e-06,-325.528575264386,-501.518576082311,0.350914221747673,TRUE,-0.336883782118128
"sm_centro","SMOTE",0,0,795,339,0.763157894736842,0.690312133489711,-60.0421349761456,-0.526685394527593,0.735654617457769,0.215214580121919,114,0.318181818181818,0.7,0.4375,0.739130434782609,0.918918918918919,0.819277108433735,1,0.686567164179104,0.814159292035398,-4.08206981012679,NA,0,NA,-1.81796608663463,NA,0.00609850769661684,NA,-0.00255891652813394,NA,-0.00133338839148366,NA,1.21302504076678,NA,1.93620116061138e-05,NA,-0.0015785379190559,NA,-1.03533722555173e-05,NA,-295.017236367685,-483.848010362347,0.390268782656043,FALSE,-0.419597163016373
"sm_centro","SMOTE",0,1,795,339,0.736842105263158,0.691830703045656,-60.1175720885281,-0.527347123583579,0.716331816947164,0.279106746868364,114,0.4,0.8,0.533333333333333,0.685185185185185,1,0.813186813186813,0.975,0.582089552238806,0.728971962616823,-4.31584419146842,0.895205463228565,0,NA,-2.97120396519477,0.742030413811886,0.00624412996108915,0.0107584359290294,0.000371196845498348,0.00100073800231397,-0.000238105158682657,0.000376341944355834,0.913811630810796,0.563514534527631,1.72493555958856e-05,5.63212623502695e-06,-0.0068741319352782,0.00308567255769832,-7.03570383000742e-06,5.80603687762344e-06,-294.95111553891,-481.31098771142,0.38719222484122,TRUE,0.0594473285808422
"sm_centro","SMOTE",0,2,798,342,0.745614035087719,0.687439833814663,-66.4564859246029,-0.582951630917569,0.706835337305765,0.274057661562452,114,0.347826086956522,0.727272727272727,0.470588235294118,0.714285714285714,0.945945945945946,0.813953488372093,1,0.636363636363636,0.777777777777778,-6.32500560596231,1.21006904078383,0,NA,-2.61354293301041,0.765206814529057,0.0374597657401845,0.0150934523743652,-0.00266809748004832,0.00119238860870099,-0.000791028455619284,0.000335150139982646,2.06793751311594,0.643584066318917,2.87559766196025e-05,6.37779481219097e-06,-0.00435872892811719,0.00339032753537022,-6.20301417358351e-07,4.98560149533831e-06,-295.875027158184,-489.23683980341,0.395231505303086,TRUE,-0.0712256851405281
"sm_centro","SMOTE",0,3,798,342,0.815789473684211,0.748783908596449,-48.0588297154194,-0.421568681714205,0.771437042334973,0.170870590322647,114,0.4,0.727272727272727,0.516129032258065,0.8,0.972972972972973,0.878048780487805,1,0.742424242424242,0.852173913043478,-3.6119833259869,0.864747901877197,0,NA,-1.93218961034591,0.699672810169477,0.00146996185717536,0.0104735237811575,-0.00335472295046186,0.00117119372317974,-0.00102579687756827,0.000329271928980602,0.498107325563022,0.604806876001627,1.73877836212233e-05,5.5017194080064e-06,-0.00491068872586539,0.00307333303129684,-7.41692954044304e-06,5.14588065491489e-06,-311.569467406125,-491.01504823926,0.365458414108919,TRUE,-2.28218367305681
"sm_centro","SMOTE",0,4,798,342,0.824561403508772,0.754583542818837,-50.4135441045327,-0.442224071092392,0.763878922582983,0.15204559247269,114,0.466666666666667,0.636363636363636,0.538461538461539,0.770833333333333,1,0.870588235294118,0.980392156862745,0.757575757575758,0.854700854700855,-4.87262029569066,0.90819627094532,0,NA,-2.26725404846601,0.750601944132754,0.0203374190591187,0.00989817780746766,-0.00191563892335846,0.00123398176756721,-0.000596072923127126,0.000357639319969849,1.46887925618326,0.643661827246831,1.68794746847467e-05,4.69141111655397e-06,-0.00573864261482535,0.00331045956958716,-9.80380334367396e-06,5.04376830408547e-06,-306.945275055733,-487.026064192695,0.369755958411524,TRUE,-0.0941928234743013
"sm_centro","SMOTE",1,0,795,339,0.780701754385965,0.694484894713728,-54.5529810417459,-0.478534921418823,0.754122418870617,0.182439689277238,114,0.416666666666667,0.5,0.454545454545455,0.672727272727273,1,0.804347826086956,1,0.701492537313433,0.824561403508772,-5.5956487869571,0.97451711572056,0,NA,-2.89365020910104,0.756876295699245,0.0186179465749576,0.0111112091124691,-0.00218508132087529,0.00107499562243752,-0.00107413106987209,0.000361704122624763,1.35498753327168,0.60520882258919,1.90464060337551e-05,5.79637405398379e-06,-0.00691070872944596,0.00377868580026622,-6.27288378771362e-06,5.29220139453684e-06,-289.561604665419,-482.683731039162,0.400100757400655,TRUE,-0.117364249170979
"sm_centro","SMOTE",1,1,795,339,0.771929824561403,0.706349206349206,-53.1461044662817,-0.466193898827033,0.749594894889818,0.212196780879506,114,0.368421052631579,0.7,0.482758620689655,0.74,1,0.850574712643678,0.977777777777778,0.656716417910448,0.785714285714286,-4.89337937506831,0.944307631108909,0,NA,-1.8965879175924,0.623534118800418,0.0179750607384851,0.0115019579253534,-0.00337277201970204,0.00114708640268895,-0.00112308976668879,0.000361357056534754,1.70384755749898,0.590301068013641,1.68968728566874e-05,5.42454993943968e-06,-0.00308078528261372,0.00263558129277118,-8.73992206872211e-06,5.14853095256882e-06,-297.200125650334,-486.568483083448,0.389191581487279,TRUE,-0.18763619599242
"sm_centro","SMOTE",1,2,798,342,0.771929824561403,0.729272601720071,-60.0140471119528,-0.526439009753972,0.725864694835754,0.26919960693114,114,0.45,0.818181818181818,0.580645161290323,0.705882352941177,0.972972972972973,0.818181818181818,1,0.651515151515151,0.788990825688073,-4.45972212230876,0.908802831779173,0,NA,-2.83253989106244,0.705614266455465,0.0137374352600145,0.0105636459215354,-0.00077815325573246,0.0010978890198153,-0.000680159320369876,0.000344327425192383,0.799376218217966,0.62827058627726,1.865890934274e-05,5.61155644723174e-06,-0.00630123659301411,0.00309294040204631,-6.42283649556259e-06,4.83075452793446e-06,-297.423244582377,-482.343932965571,0.383379318666362,TRUE,-0.0566447259625986
"sm_centro","SMOTE",1,3,798,342,0.657894736842105,0.616565452091768,-82.0416424446143,-0.719663530215915,0.661908135546535,0.408226343868329,114,0.243243243243243,0.818181818181818,0.375,0.743589743589744,0.783783783783784,0.763157894736842,0.973684210526316,0.560606060606061,0.711538461538461,-3.48881415351896,0.972876447123015,0,NA,-1.9417304671222,0.764301161184701,-0.0161795720468918,0.0104110187556656,-0.00325011776768531,0.00125062739524768,-0.0012773220498363,0.000414859271834176,1.21329127718301,0.662598599740738,1.93589558927658e-05,5.87901603324567e-06,-0.00368809908719897,0.00379305030043133,-6.25453344823366e-06,5.17830088489263e-06,-291.586506771422,-483.220530216305,0.396576741801722,TRUE,0.200877857477675
"sm_centro","SMOTE",1,4,798,342,0.859649122807018,0.791921706954387,-39.1874729546574,-0.343749762760153,0.795873557845982,0.115666604627331,114,0.470588235294118,0.727272727272727,0.571428571428571,0.840909090909091,1,0.91358024691358,1,0.803030303030303,0.890756302521008,-3.66644753126212,0.812366905425731,0,NA,-1.98500221253088,0.715518891853792,0.011031261335812,0.00889105824953866,-0.0016768310100367,0.00119306495075217,-0.000707216559299277,0.000323575822079598,0.158611708069856,0.579138326621863,1.47341315740388e-05,4.74438742542863e-06,-0.00573542891456622,0.0030384499670485,-1.5125899226848e-05,4.84364235732262e-06,-311.95191920946,-492.283559564723,0.366316601177404,TRUE,-0.152007187482089
"sm_centro","SMOTE",2,0,795,339,0.763157894736842,0.694668599229222,-55.0820271372415,-0.48317567664247,0.738654540814549,0.243265286483289,114,0.333333333333333,0.7,0.451612903225806,0.74,1,0.850574712643678,1,0.641791044776119,0.781818181818182,-4.08807227144977,0.889658526320141,0,NA,-2.29841365190213,0.715210926679371,0.0189939597454587,0.0101931313292533,-0.000268711798570152,0.00106278192268804,-0.000470643824951779,0.000329226083585498,0.970820443965048,0.55840671415529,1.17952663181681e-05,4.91656507807759e-06,-0.00500325133483586,0.00320786547910899,-1.56928280709759e-05,5.13786840264213e-06,-309.058662039858,-490.335452092078,0.369699537895495,TRUE,-0.014147223758037
"sm_centro","SMOTE",2,1,795,339,0.815789473684211,0.754673867885334,-49.3412185893505,-0.432817706924127,0.765935007833663,0.161661933955166,114,0.421052631578947,0.8,0.551724137931034,0.782608695652174,0.972972972972973,0.867469879518072,1,0.73134328358209,0.844827586206896,-4.79881062617897,0.876181133089972,0,NA,-2.35487110928598,0.605664430018573,0.016294617614655,0.0122205386241624,-0.00178167212450537,0.00107303122261895,-0.00101680070616853,0.000361938035180426,1.462933679766,0.564094841005275,2.1127379213989e-05,5.72468907963367e-06,-0.00305990500380389,0.0025783127102929,-4.86406614969696e-06,4.87827245046652e-06,-301.496801178348,-485.927451904027,0.379543592367581,TRUE,-0.10934114359965
"sm_centro","SMOTE",2,2,798,342,0.754385964912281,0.693939393939394,-58.3469809725014,-0.511815622565802,0.732457641506458,0.212586505966669,114,0.411764705882353,0.636363636363636,0.5,0.679245283018868,0.972972972972973,0.8,0.977272727272727,0.651515151515151,0.781818181818182,-5.86785181975919,0.94449199458818,0,NA,-2.73150890640608,0.717554468098173,0.0122760733849599,0.0122120394255266,-0.00249207517290723,0.00124193276941136,-0.00101064737760809,0.000346020807997154,2.19588477142315,0.646016402460991,2.17045556586767e-05,6.00904584731202e-06,-0.00556523643739431,0.00308583830047226,-1.74280711001535e-06,5.11885619248089e-06,-281.972157101805,-481.585118750494,0.414491548589787,TRUE,-0.203002629159941
"sm_centro","SMOTE",2,3,798,342,0.754385964912281,0.686261849031899,-71.909856294143,-0.630788213106518,0.709454053152071,0.268745649424618,114,0.35,0.636363636363636,0.451612903225806,0.705882352941177,0.972972972972973,0.818181818181818,1,0.651515151515151,0.788990825688073,-5.49299032002375,1.17379115594116,0,NA,-3.65665804777086,1.03241518593898,0.00692638646442483,0.0108680009459472,-0.00132766311727457,0.00124747687918169,-0.000903475504135124,0.00038843727388105,0.569937416159856,0.618373766977057,1.74724448070247e-05,6.02026053500716e-06,-0.0131249292819497,0.00487132010135601,-9.85344211785412e-06,5.87868688189142e-06,-280.144839703785,-477.360568632617,0.413137870800157,TRUE,-0.191681928823015
"sm_centro","SMOTE",2,4,798,342,0.807017543859649,0.751787244340665,-48.3170508943534,-0.42383377977503,0.757941718178589,0.201437173569152,114,0.409090909090909,0.818181818181818,0.545454545454546,0.8,0.972972972972973,0.878048780487805,1,0.712121212121212,0.831858407079646,-4.38525217673156,0.893398383132125,0,NA,-2.1064735554469,0.642655827160467,0.019110591956742,0.0102802885535964,-0.00253278647209228,0.00113103255617103,-0.000817729684980971,0.000376657815974753,0.773966356356614,0.612447511947253,2.34379017527505e-05,6.09411229774811e-06,-0.00380025543419567,0.00286434052895432,-5.4552683626269e-06,5.20089419038973e-06,-309.082007863388,-488.595808623989,0.367407574097203,TRUE,-0.132533124972026
"sm_centro","SMOTE",3,0,795,339,0.657894736842105,0.58281179138322,-81.3314126199184,-0.713433444034372,0.66464805252106,0.431833381312864,114,0.25,0.5,0.333333333333333,0.60655737704918,1,0.755102040816326,1,0.492537313432836,0.66,-4.12729004761514,1.04605749188915,0,NA,-2.54208184081161,0.808606854869547,0.00710865111026236,0.0122291726909229,-0.00192319916295863,0.00127821085317994,-0.000649770508125477,0.000381425039000933,1.37762359728129,0.643008241766245,8.22924922968094e-06,5.24838266411761e-06,-0.00544804496453028,0.00358993823983055,-9.51711908720522e-06,5.94925719620044e-06,-272.23101194823,-467.538725069121,0.417735906457838,TRUE,-0.270543473456198
"sm_centro","SMOTE",3,1,795,339,0.815789473684211,0.741926655719759,-47.4500487785084,-0.416228498057091,0.768324694322861,0.162336569174714,114,0.388888888888889,0.7,0.5,0.787234042553192,1,0.880952380952381,1,0.73134328358209,0.844827586206896,-3.96716316258787,1.0055914828982,0,NA,-2.58546126904475,0.910643819620029,-0.012406876968559,0.00810200225618315,-0.00180891552964342,0.00125417747273538,-0.000991051559341714,0.000400521381105006,1.31770345581804,0.566513330402737,8.04278709919818e-06,3.95582430078762e-06,-0.00826240519599111,0.00457331078089165,-9.82678418617756e-06,4.98996458279289e-06,-309.662366426718,-490.099886020765,0.368164785874694,TRUE,0.145799425127492
"sm_centro","SMOTE",3,2,798,342,0.824561403508772,0.764533153446292,-40.8599009333648,-0.358420183626007,0.784023377594579,0.174817986650348,114,0.409090909090909,0.818181818181818,0.545454545454546,0.833333333333333,0.945945945945946,0.886075949367089,1,0.757575757575758,0.862068965517241,-3.47679951228351,0.810576010181138,0,NA,-2.18666199608746,0.646062217777417,0.00766429538411407,0.00999468760811523,-0.00131244245419987,0.00109542452813973,-0.000738814301977775,0.000321024485739147,0.504990063661529,0.580694215185565,1.47788060774294e-05,5.0747615835948e-06,-0.00475661670660569,0.00265699852098199,-9.16671383421328e-06,4.92875083138529e-06,-321.166422972842,-491.302730311711,0.346296278937682,TRUE,-0.171241110685816
"sm_centro","SMOTE",3,3,798,342,0.771929824561403,0.706599858285252,-61.9462667928991,-0.54338830520087,0.733516767830863,0.218893114910994,114,0.411764705882353,0.636363636363636,0.5,0.692307692307692,0.972972972972973,0.808988764044944,1,0.681818181818182,0.810810810810811,-4.73709003209311,NA,0,NA,-1.79221337600009,NA,0.0240403599833136,NA,-0.00235595520111357,NA,-0.000582051646686683,NA,1.62851435059623,NA,2.3030723014414e-05,NA,-0.00132098113098059,NA,-7.46737392750993e-06,NA,-296.219414900332,-485.809668868371,0.390256238435238,FALSE,-0.0979999967866052
"sm_centro","SMOTE",3,4,798,342,0.780701754385965,0.724972928568761,-52.9912244817739,-0.464835302471701,0.733467661782167,0.233630852481978,114,0.36,0.818181818181818,0.5,0.80952380952381,0.918918918918919,0.860759493670886,0.978723404255319,0.696969696969697,0.814159292035398,-4.2888439527106,NA,0,NA,-2.47727213335681,NA,0.0138445855642302,NA,-0.00179579126305922,NA,-0.00112317521960079,NA,0.344787240926767,NA,2.25013943613034e-05,NA,-0.00547261803030539,NA,-6.50961836834903e-06,NA,-310.115271412753,-492.297110598101,0.370064815054495,FALSE,-0.129710727325702
"sm_centro","SMOTE",4,0,795,339,0.815789473684211,0.726699226699227,-42.7037338528954,-0.374594156604345,0.783841829978973,0.132671667309998,114,0.352941176470588,0.6,0.444444444444444,0.787234042553192,1,0.880952380952381,1,0.746268656716418,0.854700854700855,-3.88656074214668,0.928285202780851,0,NA,-2.1739648468198,0.765563449273802,0.0177656404324514,0.00893630542961485,-0.00178531205554705,0.00107557318021153,-0.000674381696471606,0.000376541796735059,0.431415727355089,0.601986530760464,1.37400112486238e-05,4.74955936367722e-06,-0.00563303510121948,0.00361462290947441,-1.16174103281136e-05,5.42452149965084e-06,-311.988323881189,-486.908281157039,0.359246215447779,TRUE,-0.100492411874211
"sm_centro","SMOTE",4,1,795,339,0.798245614035088,0.745387525369216,-48.9881509996088,-0.429720622803586,0.749499900224058,0.192708257950087,114,0.444444444444444,0.8,0.571428571428571,0.74,1,0.850574712643678,1,0.686567164179104,0.814159292035398,-4.5987372536108,0.872704910587044,0,NA,-2.62556809809589,0.69613034932847,0.00814554671708646,0.0104908480523096,-0.000691753298119604,0.00107602805715686,-0.000640183054510275,0.000349022950199182,1.0704343046537,0.535214944548953,1.65417741882908e-05,4.55562294925551e-06,-0.00702191085921677,0.00298086014889434,-1.01437848318875e-05,4.86805544242653e-06,-302.788059301476,-488.256010550398,0.379857999166972,TRUE,-0.0849241091047396
"sm_centro","SMOTE",4,2,798,342,0.754385964912281,0.690583148792576,-61.5628092704967,-0.540024642723655,0.71545117467998,0.239570259195385,114,0.388888888888889,0.636363636363636,0.482758620689655,0.679245283018868,0.972972972972973,0.8,1,0.651515151515151,0.788990825688073,-5.38694115443302,1.0938612503174,0,NA,-2.46561928123692,0.756554337926027,0.0221884608626157,0.0137152923780638,-0.00104889778172181,0.00107964460256531,-0.000284202742576385,0.000382856855443685,2.29319728473233,0.621559389712295,1.47708908465353e-05,5.40710227580352e-06,-0.00554461447602431,0.00325568099371483,-8.6567224901546e-06,5.06194808700785e-06,-286.042091538769,-476.144173308292,0.399253193520519,TRUE,-0.0472722190248468
"sm_centro","SMOTE",4,3,798,342,0.789473684210526,0.703470953598831,-57.8868131397742,-0.507779062629598,0.758641434348473,0.180887264504742,114,0.352941176470588,0.545454545454545,0.428571428571429,0.75,0.972972972972973,0.847058823529412,0.979591836734694,0.727272727272727,0.834782608695652,-4.85516095443657,0.896642654718531,0,NA,-1.67440590497713,0.661213117518443,0.00625879524781232,0.0104894692682252,-0.00373862346995995,0.00128629595307596,-0.00111900655497014,0.000342437046349358,1.77233357338627,0.664187104986345,1.87376833869072e-05,5.59248076191811e-06,-0.00348084746169813,0.00285777803438859,-1.29327655360081e-05,5.44376573284817e-06,-283.849400172825,-481.755017787289,0.410801362326123,TRUE,-0.597339155849002
"sm_centro","SMOTE",4,4,798,342,0.701754385964912,0.664034068912118,-72.1712990010454,-0.633081570184608,0.685264303370284,0.303995901566876,114,0.333333333333333,0.909090909090909,0.48780487804878,0.711111111111111,0.864864864864865,0.780487804878049,0.974358974358974,0.575757575757576,0.723809523809524,-3.97798009388831,0.847628425412412,0,NA,-2.75501245739615,0.69035676625589,-0.00357619361858116,0.0086428429011585,-0.00243552561509482,0.00118337406752066,-0.0017514055375969,0.000367744448947336,0.859117249902495,0.640481472114415,1.76471827563669e-05,5.45262323348754e-06,-0.00460348208499005,0.00317438074339891,-1.99975513849394e-06,4.95008733180879e-06,-293.965526239304,-484.489041541768,0.393246284159844,TRUE,0.681038521639412
"sm_centro","SMOTE",5,0,795,339,0.780701754385965,0.696139170587581,-53.7889150256461,-0.471832587944264,0.756922374077077,0.232422917529516,114,0.315789473684211,0.6,0.413793103448276,0.755102040816326,1,0.86046511627907,1,0.686567164179104,0.814159292035398,-4.32817608497268,1.03791146954039,0,NA,-2.78899285932306,0.908483113725785,0.00487844243856803,0.00940065063880385,-0.00248463854471537,0.00128383791601174,-0.00131869753269523,0.000377217291610494,0.573445745467386,0.614477992628312,1.12960815348253e-05,5.37518064184946e-06,-0.00791860098290469,0.00421010584213392,-1.03266901747183e-05,5.66438751216438e-06,-296.557710914409,-481.00975460559,0.383468405630205,TRUE,-0.509309800413405
"sm_centro","SMOTE",5,1,795,339,0.754385964912281,0.706917918682625,-58.6734086819514,-0.514679023525889,0.731482730284461,0.244077146019279,114,0.375,0.9,0.529411764705882,0.723404255319149,0.918918918918919,0.80952380952381,1,0.641791044776119,0.781818181818182,-4.8073798935829,0.890151781506233,0,NA,-2.57209836455803,0.657131977592181,0.0191259111439696,0.0114391830899556,-0.00229761353341836,0.00113239858737481,-0.000971039996897664,0.000331648309514493,0.711230253591897,0.603887635656342,2.94469562782508e-05,5.94933235127402e-06,-0.00376787956220154,0.00261594866664034,-6.53139147518232e-07,5.24236066511164e-06,-305.025483830413,-491.146382308294,0.37895198902443,TRUE,-0.120130932122562
"sm_centro","SMOTE",5,2,798,342,0.745614035087719,0.673144824122088,-66.2953633349882,-0.581538274868318,0.710848037089437,0.244169774414688,114,0.375,0.545454545454545,0.444444444444444,0.672727272727273,1,0.804347826086956,0.976744186046512,0.636363636363636,0.770642201834862,-4.95525364367672,NA,0,NA,-1.88460084371923,NA,0.00886544440683105,NA,-0.00140642466404806,NA,-0.000586886458618828,NA,1.98516692440056,NA,1.89347417421934e-05,NA,-0.00329613957523163,NA,-1.65661422142582e-05,NA,-275.795069380965,-479.793359281266,0.425179477694089,FALSE,-0.15864119151933
"sm_centro","SMOTE",5,3,798,342,0.824561403508772,0.774352548036759,-45.9916434227346,-0.403435468620479,0.758732127606182,0.187648756393163,114,0.473684210526316,0.818181818181818,0.6,0.787234042553192,1,0.880952380952381,1,0.727272727272727,0.842105263157895,-3.82112254947811,0.896938420622536,0,NA,-2.36633937243775,0.709785913371602,0.0109033107269735,0.00989409111642775,-0.0015248327295888,0.00120982084025777,-0.0005246315506599,0.000317123376686656,1.0161946397528,0.609560613806783,1.3356775145518e-05,5.09556389658094e-06,-0.00551686146812003,0.00277084802680147,-4.34801152099122e-06,4.96065765545934e-06,-320.430509573516,-487.667095372116,0.342931863530775,TRUE,-0.139850433301561
"sm_centro","SMOTE",5,4,798,342,0.807017543859649,0.745259991902366,-57.3276714142779,-0.502874310651561,0.745405975696881,0.200345035697998,114,0.421052631578947,0.727272727272727,0.533333333333333,0.770833333333333,1,0.870588235294118,1,0.712121212121212,0.831858407079646,-5.41520339406104,NA,0,NA,-2.95213514894612,NA,0.0195441820661337,NA,-0.00175913225965119,NA,-0.00101190447168689,NA,1.31598043413558,NA,1.67669537569171e-05,NA,-0.00822639294376749,NA,-7.98865361784686e-06,NA,-301.524572208678,-486.973948191556,0.380819911766471,FALSE,-0.0900079754526756
"sm_centro","SMOTE",6,0,795,339,0.807017543859649,0.728986743259714,-50.6510982484845,-0.444307879372671,0.758343402510308,0.164551169446594,114,0.555555555555556,0.5,0.526315789473684,0.685185185185185,1,0.813186813186813,0.980392156862745,0.746268656716418,0.847457627118644,-4.78497156854153,0.948701995844335,0,NA,-2.07288901560265,0.643144472208592,0.0223226074215112,0.0109165471790901,-0.00167749604085679,0.00111801661173228,-0.000552494205574129,0.000376343699910887,1.35598823803868,0.60407586541783,1.39959708645656e-05,5.64749382245622e-06,-0.00460075020860774,0.00279976267615331,-1.46205676490058e-05,5.62279872538115e-06,-288.183916566093,-478.864646029393,0.398193374775878,TRUE,-0.0751478538855757
"sm_centro","SMOTE",6,1,795,339,0.789473684210526,0.724764844209289,-53.2818510215626,-0.467384658083883,0.751381170080569,0.24309827008264,114,0.32,0.8,0.457142857142857,0.840909090909091,1,0.91358024691358,1,0.671641791044776,0.803571428571429,-4.94740668558221,0.987497110085062,0,NA,-2.84843890870612,0.77878766782547,0.0218639773190256,0.0121952575158012,-0.00139573257234466,0.00113573897914651,-0.00084746816009826,0.000344417848772719,1.16435549000388,0.594037529031689,1.50351986979987e-05,5.52803238453028e-06,-0.00785582305150829,0.00348978078481088,-8.24023566276099e-06,5.56384728709426e-06,-317.951245303035,-492.127211561306,0.353924680786674,TRUE,-0.0638370847160604
"sm_centro","SMOTE",6,2,798,342,0.745614035087719,0.692933227110442,-62.5202598217303,-0.548423331769564,0.722571058753982,0.253916333763277,114,0.321428571428571,0.818181818181818,0.461538461538462,0.785714285714286,0.891891891891892,0.835443037974683,0.977272727272727,0.651515151515151,0.781818181818182,-3.425632350453,0.855278795312522,0,NA,-1.80496137968006,0.684146307975629,-0.0166906422338404,0.00981259154738878,-0.00347133632855593,0.00128396182289883,-0.00144832899568766,0.000349835883212016,0.844059463914592,0.619057185788502,1.54023521251832e-05,5.42555356262051e-06,-0.00475133867231448,0.003155660624203,-1.12225027636637e-05,5.29196558841566e-06,-294.098272484239,-489.288955804549,0.398927220826706,TRUE,0.207980991978713
"sm_centro","SMOTE",6,3,798,342,0.807017543859649,0.746641739371278,-48.1367750577138,-0.422252412786963,0.774324337372015,0.16305885641952,114,0.444444444444444,0.727272727272727,0.551724137931034,0.760869565217391,0.945945945945946,0.843373493975904,0.98,0.742424242424242,0.844827586206896,-4.97641342254585,1.02618773790347,0,NA,-2.40798677447949,0.732817392735629,0.0154077194545706,0.0114202345667639,-0.00251428734372804,0.00101322927306739,-0.00135010761478938,0.000380744903381489,1.46176116513094,0.632349939667517,1.96934353727208e-05,5.87967848039113e-06,-0.00312909400914741,0.00279159978136691,-5.00918757252803e-06,5.84927425872135e-06,-299.066634569764,-489.510970842483,0.389050190121278,TRUE,-0.163183613976187
"sm_centro","SMOTE",6,4,798,342,0.710526315789474,0.651779870433447,-73.298000265647,-0.642964914610939,0.685154476742453,0.322062971393856,114,0.35,0.636363636363636,0.451612903225806,0.636363636363636,0.945945945945946,0.760869565217391,1,0.590909090909091,0.742857142857143,-5.75894791890678,0.982621884111319,0,NA,-3.06362252780456,0.792741580929798,0.0320463410511999,0.0100506807286478,-0.00104887022480902,0.00129174944331508,-0.000353441469372852,0.000380253754010861,1.22614912126095,0.624935239254597,3.03924614373904e-05,5.58863018836182e-06,-0.00588604491245268,0.00358471347596056,-3.62397105896193e-07,4.92451975163043e-06,-289.709146023428,-481.650785785011,0.398507892909902,TRUE,-0.0327297966133875
"sm_centro","SMOTE",7,0,795,339,0.815789473684211,0.77466004651995,-50.380008418132,-0.441929898404666,0.767548335572107,0.217663983895459,114,0.454545454545455,1,0.625,0.795454545454545,0.945945945945946,0.864197530864197,1,0.716417910447761,0.834782608695652,-3.50141282318645,0.995584113350225,0,NA,-1.90003403213089,0.684093690410442,0.0149701391191524,0.0129360399465757,-0.00147735010850085,0.00117325880462465,-0.000448412472298188,0.000354784895079701,0.738981206468226,0.583189317466035,1.53501665974359e-05,5.70380853151605e-06,-0.00314015343414561,0.00281325442310691,-1.13832377992851e-05,5.36586268892575e-06,-314.45268624441,-485.234304723467,0.35195701708762,TRUE,-0.0986864648846693
"sm_centro","SMOTE",7,1,795,339,0.719298245614035,0.61806186983492,-67.4662624320731,-0.591809319579589,0.706432588136023,0.294046430347526,114,0.25,0.4,0.307692307692308,0.649122807017544,1,0.787234042553192,1,0.611940298507463,0.759259259259259,-3.25864964385345,0.837523712278038,0,NA,-2.18872523998082,0.731827476173773,-0.0144085072525337,0.00846388544521074,-0.00257761719477027,0.00126686458403517,-0.000996339009459425,0.000359396701269538,0.815352713135194,0.602858034261715,6.59722960130722e-06,4.06131575660713e-06,-0.00544510302574059,0.00343309438305968,-1.13329639447271e-05,5.18193060483832e-06,-281.694966901043,-478.067266846555,0.410762906318248,TRUE,0.178895505939174
"sm_centro","SMOTE",7,2,798,342,0.798245614035088,0.735241852365213,-52.4343616642911,-0.459950540914835,0.740470580373754,0.179175790266245,114,0.380952380952381,0.727272727272727,0.5,0.804347826086957,1,0.891566265060241,0.978723404255319,0.696969696969697,0.814159292035398,-5.46791630822986,NA,0,NA,-1.92218671753857,NA,0.0249353162523404,NA,-0.00223798197085821,NA,-0.000586343388810712,NA,2.27424727320861,NA,2.12339052413439e-05,NA,-0.00320318571496065,NA,-8.92429395490913e-06,NA,-299.780642144275,-489.694420912657,0.387820997458854,FALSE,-0.0897514973626272
"sm_centro","SMOTE",7,3,798,342,0.780701754385965,0.7171802054155,-59.8024828393063,-0.524583182800933,0.720511608281053,0.226620135456306,114,0.347826086956522,0.727272727272727,0.470588235294118,0.787234042553192,1,0.880952380952381,1,0.666666666666667,0.8,-5.15959396023854,1.00398459191375,0,NA,-3.08266348095345,0.765979500728873,0.0166186375959331,0.00959676638735163,-0.00148056245364946,0.00114842212774313,-0.00118600261697378,0.000367448934748564,1.30639094501915,0.628170703052505,1.52904227155714e-05,5.66796738092354e-06,-0.0076713536553838,0.00358030585156357,-5.25022964543578e-06,5.23854602126984e-06,-295.29965872904,-480.891971569934,0.385933481557208,TRUE,-0.0890904832061432
"sm_centro","SMOTE",7,4,798,342,0.807017543859649,0.780458358044565,-50.8389249815485,-0.445955482294285,0.766061647318118,0.219936331541238,114,0.555555555555556,0.909090909090909,0.689655172413793,0.725490196078431,1,0.840909090909091,1,0.681818181818182,0.810810810810811,-4.21279790489415,NA,0,NA,-2.50305895018961,NA,0.0151690370539142,NA,-0.00121187031618947,NA,-0.000374143119724974,NA,1.24360439226007,NA,1.59920323017418e-05,NA,-0.00499240449319326,NA,-4.51640724829108e-06,NA,-318.688670098762,-489.62875387814,0.349121824291229,FALSE,-0.0798910512171741
"sm_centro","SMOTE",8,0,795,339,0.815789473684211,0.775961220881662,-47.506575683542,-0.416724348101245,0.763334864948958,0.179296546533457,114,0.5,0.9,0.642857142857143,0.755102040816326,1,0.86046511627907,1,0.701492537313433,0.824561403508772,-4.15058831437473,0.888815138258006,0,NA,-2.43843249994711,0.696349761714257,0.0124064085135504,0.00994979353474002,-0.000802512081354782,0.0010302684975564,-0.000686320410492076,0.000364028023556313,1.3073409343227,0.560273546508716,1.08868160571809e-05,4.08233917352293e-06,-0.00552497178359489,0.00305633226974248,-9.91021772652505e-06,4.89276441176497e-06,-319.385097939315,-489.982102985109,0.348169869892123,TRUE,-0.0646852858728834
"sm_centro","SMOTE",8,1,795,339,0.736842105263158,0.596043937205192,-66.2031843667314,-0.580729687427468,0.729627902253247,0.18589735500507,114,0.117647058823529,0.2,0.148148148148148,0.760869565217391,0.945945945945946,0.843373493975904,0.92156862745098,0.701492537313433,0.796610169491525,-4.66246761627848,0.951725622443991,0,NA,-1.97148639919429,0.762312036487418,-0.0264497804617003,0.0105424999301793,-0.00461887023046991,0.00131319817418478,-0.00150191189078129,0.000375897276027654,1.70496270596276,0.635443408619961,1.70612398838068e-05,5.14451295596604e-06,-0.0067431593489649,0.00328764386661075,-1.03228049436163e-05,5.48491055614909e-06,-270.715579409408,-480.198824389374,0.4362427276792,TRUE,0.174627923175321
"sm_centro","SMOTE",8,2,798,342,0.780701754385965,0.70843484680694,-54.416769297735,-0.477340081559079,0.737348452198243,0.186973645718424,114,0.368421052631579,0.636363636363636,0.466666666666667,0.73469387755102,0.972972972972973,0.837209302325581,1,0.696969696969697,0.821428571428572,-4.48047916013056,NA,0,NA,-2.16619416066263,NA,0.0291097620897348,NA,-0.00121437600016086,NA,-0.000352959190318571,NA,1.14687379744358,NA,1.47563910384479e-05,NA,-0.00475741920865657,NA,-1.22770132159055e-05,NA,-305.107284779246,-485.521986795919,0.371589149252075,FALSE,-0.0417171393025259
"sm_centro","SMOTE",8,3,798,342,0.736842105263158,0.649875734982118,-67.7455813121572,-0.594259485194361,0.706607527925083,0.284587781041929,114,0.333333333333333,0.454545454545455,0.384615384615385,0.649122807017544,1,0.787234042553192,1,0.636363636363636,0.777777777777778,-4.13461823041329,0.865340875765595,0,NA,-2.23002183227931,0.639987437078855,0.0224322012833154,0.0103674116042505,-0.00260329256046242,0.00113931013261818,-0.000853116545619758,0.000346756166880816,0.477939417776202,0.610907038993661,1.58319822275092e-05,5.07387692660428e-06,-0.00397249321732689,0.00290446422942901,-8.95154204385284e-06,5.28439085672008e-06,-284.336453671174,-476.497522415261,0.403278211752424,TRUE,-0.116051587072674
"sm_centro","SMOTE",8,4,798,342,0.798245614035088,0.756395891690009,-52.6610626824319,-0.461939146337122,0.747483830326338,0.229356166611604,114,0.434782608695652,0.909090909090909,0.588235294117647,0.787234042553192,1,0.880952380952381,1,0.666666666666667,0.8,-4.10427669738752,0.927711730578671,0,NA,-2.66243618947608,0.713201220149685,-0.00119434624409121,0.00995690524145701,-0.00162281479971308,0.00112846405851313,-0.00122752842367135,0.000355697272144805,1.48548551158093,0.626982526790217,9.53307827182948e-06,5.11180799707569e-06,-0.00617850513927745,0.00337754199310248,-6.41877740627863e-06,4.7622754402389e-06,-308.896245997941,-485.809668868371,0.364162004602598,TRUE,1.35874735466506
"sm_centro","SMOTE",9,0,795,339,0.789473684210526,0.730205485211929,-55.0557260992358,-0.48294496578277,0.748852092248751,0.20723935464329,114,0.380952380952381,0.8,0.516129032258065,0.782608695652174,0.972972972972973,0.867469879518072,0.978723404255319,0.686567164179104,0.807017543859649,-4.99040719883296,0.970261744573634,0,NA,-2.4542590815153,0.671842030398155,0.0183460692198064,0.0118592488799108,-0.00214942902704132,0.00120636496589474,-0.0010453239173218,0.00033677582346706,0.921753551825596,0.586688827092899,2.59867379808562e-05,6.4829038094529e-06,-0.0045500239972809,0.00309041390462726,-6.00376602140514e-06,5.43911359575789e-06,-296.115975923002,-482.226149929915,0.385939613672883,TRUE,-0.117160193897056
"sm_centro","SMOTE",9,1,795,339,0.842105263157895,0.786914591999338,-43.9889819145031,-0.385868262407922,0.783194574608408,0.126939991394544,114,0.5,0.8,0.615384615384615,0.787234042553192,1,0.880952380952381,1,0.761194029850746,0.864406779661017,-5.62246883750509,0.899871217979701,0,NA,-2.54926410551195,0.688473285281119,0.0124855130223914,0.00914955626632891,-0.00211240864101273,0.00105295274138089,-0.00100349688186293,0.000349118413515226,2.12964991966341,0.586560740612787,1.77512817228496e-05,5.10379443222663e-06,-0.00626883916575292,0.00300273269182131,-7.07811869336955e-06,5.00404403586371e-06,-299.69309449314,-488.176792482502,0.38609721087083,TRUE,-0.169188773999462
"sm_centro","SMOTE",9,2,798,342,0.763157894736842,0.711640211640212,-60.0806008928017,-0.527022814849138,0.714276757977309,0.256589858811138,114,0.36,0.818181818181818,0.5,0.765957446808511,0.972972972972973,0.857142857142857,1,0.636363636363636,0.777777777777778,-3.25053023942885,0.924037941170709,0,NA,-3.03763248044373,0.890432950595413,-0.015278319061188,0.00864263294695071,-0.000796791892029042,0.00125755575512695,-0.000955008700928446,0.000348232228275245,0.273441642578052,0.650377367740354,9.45931492901058e-06,5.15132860279481e-06,-0.00980838630674867,0.00422962168956507,-7.41397962466553e-06,5.12268086227571e-06,-310.939351946006,-486.398584046653,0.360731379275186,TRUE,0.0521518034044176
"sm_centro","SMOTE",9,3,798,342,0.771929824561403,0.712403100775194,-52.8565637562831,-0.463654068037571,0.750989286172845,0.211283914989865,114,0.380952380952381,0.727272727272727,0.5,0.73469387755102,0.972972972972973,0.837209302325581,1,0.666666666666667,0.8,-4.27596339026231,0.915165209569516,0,NA,-1.87584597507696,0.665295927130326,0.0129825055834286,0.0115426229552128,-0.00211792162741689,0.00117040714047565,-0.000527944882639426,0.000378869249085143,1.32222088958895,0.612097442878921,1.84352199317604e-05,5.52091736897865e-06,-0.00309786510483828,0.00297059297542248,-1.03604658236885e-05,5.5521594826518e-06,-303.609007230498,-490.910816236982,0.381539381108413,TRUE,-0.163136585138103
"sm_centro","SMOTE",9,4,798,342,0.719298245614035,0.646185355862775,-68.5436170134251,-0.601259798363378,0.705711182371982,0.309659879865045,114,0.315789473684211,0.545454545454545,0.4,0.660714285714286,1,0.795698924731183,1,0.590909090909091,0.742857142857143,-5.81093792214451,1.19397587374771,0,NA,-3.1152583875459,0.99378361610602,0.0218568425623493,0.0110222142437092,-0.00199906887947764,0.00125107490467734,-0.000758176159284439,0.000395782277087417,1.37301500770926,0.617821165076818,1.39969216830868e-05,4.49027145248685e-06,-0.00967492853827571,0.0046876527695647,-1.09636350902688e-05,5.21018917857371e-06,-276.770790140223,-478.119382847694,0.421126187163198,TRUE,-0.0914619242818378
"sm_centro","CVAE",0,0,795,339,0.789473684210526,0.714112508056999,-70.1301398875007,-0.615176665679831,0.741568002304302,0.183364482335665,114,0.368421052631579,0.7,0.482758620689655,0.733333333333333,0.891891891891892,0.804878048780488,1,0.746268656716418,0.854700854700855,-2.57901539460555,NA,0,NA,0.993940149222054,NA,0.00753389265761727,NA,0.000165046300317755,NA,0.00113287504658934,NA,1.41372179248732,NA,3.51942448347826e-05,NA,0.00915080810080033,NA,-3.3529338559633e-05,NA,-288.123840898254,-514.140110434803,0.439600538743047,FALSE,0.02190717439422
"sm_centro","CVAE",0,1,795,339,0.763157894736842,0.687186996010525,-66.6440982691573,-0.584597353238222,0.729980007254295,0.163904338949865,114,0.454545454545455,0.5,0.476190476190476,0.686274509803922,0.945945945945946,0.795454545454546,0.903846153846154,0.701492537313433,0.789915966386555,-1.19347205902158,0.839848121717354,0,NA,0.832725814278116,0.547516307791004,-0.0734996378623487,0.0230717837046164,-0.00137358718510363,0.000584296985886635,0.000910047123785634,0.000517352806020414,1.70934986318121,0.410181218239831,2.34749592842934e-05,8.5479883132505e-06,0.00676942952529846,0.00156511207832649,-1.44898109876679e-05,8.26587164657817e-06,-283.914096235996,-516.350886045518,0.450152785811298,TRUE,0.0186883531001351
"sm_centro","CVAE",0,2,798,342,0.771929824561403,0.706622879036672,-64.181065279084,-0.562991800693719,0.712923666406847,0.186783478219722,114,0.411764705882353,0.636363636363636,0.5,0.723404255319149,0.918918918918919,0.80952380952381,0.94,0.712121212121212,0.810344827586207,-3.28880554311159,0.944204931979702,0,NA,0.290362303778253,0.599912236756491,0.0129891215696395,0.0128281329198682,0.000405479167603121,0.00085944008204012,0.00103885847149401,0.000438798443843285,1.48157587036148,0.454908394072703,3.78867754322481e-05,9.62209130823407e-06,0.00774251405718306,0.00215268933006723,-2.41197370796175e-05,9.04093321720117e-06,-277.611635627387,-504.239048803412,0.449444392920034,TRUE,0.0312168275144087
"sm_centro","CVAE",0,3,798,342,0.850877192982456,0.7746617667075,-43.2974494421213,-0.379802188088783,0.797644452246006,0.0638794251755972,114,0.5,0.636363636363636,0.56,0.80952380952381,0.918918918918919,0.860759493670886,0.96551724137931,0.848484848484849,0.903225806451613,-1.85006836684636,0.767475685990183,0,NA,0.904515102728519,0.537030299186941,-0.0420688699986818,0.0176326382668617,-0.00240949674361354,0.000743939131196657,0.000501100241383887,0.000449349897593423,1.32097936213596,0.394173091661518,3.13991513899215e-05,1.01139930452711e-05,0.00724884777966332,0.00161059203166704,-1.2229486214732e-05,9.16640738825153e-06,-312.136313315329,-519.397605806831,0.399041678618335,TRUE,0.0572750526384245
"sm_centro","CVAE",0,4,798,342,0.824561403508772,0.74083699853392,-54.0965685502056,-0.474531303071979,0.764335660646458,0.115204604172933,114,0.461538461538462,0.545454545454545,0.5,0.777777777777778,0.945945945945946,0.853658536585366,0.946428571428571,0.803030303030303,0.868852459016393,-1.79235862325938,0.768281257549241,0,NA,1.54277624211706,0.609058172208609,-0.0341778388158168,0.0165974069020235,-0.00223797752185326,0.000565865106621509,0.00100602138568433,0.00050098923454987,1.78216178627407,0.403599920152952,2.86237813877608e-05,9.22992004420171e-06,0.00778196975985338,0.0017090931618711,-2.46647842631386e-05,9.47405880109252e-06,-309.078097962591,-521.896063489997,0.407778445586005,TRUE,0.0654803697189178
"sm_centro","CVAE",1,0,795,339,0.815789473684211,0.722950819672131,-49.9101652348233,-0.437808466972134,0.775306057249139,0.130061537576897,114,0.666666666666667,0.4,0.5,0.679245283018868,0.972972972972973,0.8,0.963636363636364,0.791044776119403,0.868852459016393,-3.26621722094053,1.00042160101712,0,NA,0.396137545379989,0.580033866244355,-0.00369312596769666,0.0163048491412805,-0.00123224167775816,0.000799010467835432,0.000882307160992456,0.000521806853142901,1.22895956560752,0.412186305853165,4.02915245730945e-05,1.02709668021046e-05,0.00743428166387619,0.00189355537446612,-1.67167281434988e-05,9.48887882243752e-06,-286.015487038049,-507.129420561308,0.436010857501667,TRUE,0.333658176985142
"sm_centro","CVAE",1,1,795,339,0.850877192982456,0.817366729358848,-43.9256304533105,-0.385312547836057,0.776735206639687,0.0741263964378621,114,0.777777777777778,0.7,0.736842105263158,0.73469387755102,0.972972972972973,0.837209302325581,0.964285714285714,0.805970149253731,0.878048780487805,-3.26529753383827,0.864887641809955,0,NA,0.627252507757388,0.503013428476707,-0.0225894407665688,0.0186013885886442,-0.00417828248764612,0.000662300861731858,-0.000249747762945758,0.00040348987854541,1.82215547457292,0.462683046440964,3.31952335301054e-05,9.28014888702833e-06,0.00673534827408065,0.00154369281488149,-3.81226900777659e-06,7.15671497140886e-06,-267.028780996715,-505.219878056424,0.471460263946913,TRUE,0.18496617649029
"sm_centro","CVAE",1,2,798,342,0.745614035087719,0.698981410746117,-68.8785403483478,-0.604197722353928,0.720351412010489,0.223084797292197,114,0.391304347826087,0.818181818181818,0.529411764705882,0.702127659574468,0.891891891891892,0.785714285714286,0.977272727272727,0.651515151515151,0.781818181818182,-2.31332843825212,NA,0,NA,0.489974039338184,NA,-0.00232287041907536,NA,0.00153542928765778,NA,0.00139550079004526,NA,1.35782676717621,NA,2.95818130697495e-05,NA,0.00671845243159212,NA,-3.25535984881524e-05,NA,-282.104830773558,-513.682529325556,0.45081871648633,FALSE,-0.661005140471406
"sm_centro","CVAE",1,3,798,342,0.701754385964912,0.638811269719968,-96.6194269353085,-0.847538832765864,0.674610093286344,0.326259467134983,114,0.266666666666667,0.727272727272727,0.390243902439024,0.72972972972973,0.72972972972973,0.72972972972973,0.957446808510638,0.681818181818182,0.79646017699115,-2.42129024498955,0.998330224698924,0,NA,1.03249873879462,0.691642149413354,-0.0129507531469313,0.0125288678661779,-0.000526883128466311,0.000714373386035096,0.00136550696415341,0.000502866390904071,1.51398751912983,0.411281156490888,4.5752658463441e-05,1.35175090897539e-05,0.00954420740275443,0.00203957872284736,-2.47279706910854e-05,1.09619536662685e-05,-282.181866053786,-513.224948216309,0.450178977007067,TRUE,0.0406835897872979
"sm_centro","CVAE",1,4,798,342,0.885964912280702,0.804795810729355,-42.2791960063414,-0.370870140406503,0.798986308180521,0.0629597660317049,114,0.6,0.545454545454545,0.571428571428571,0.880952380952381,1,0.936708860759494,0.935483870967742,0.878787878787879,0.90625,-3.81316750132927,NA,0,NA,0.867778481138996,NA,-0.0231668118051349,NA,-0.00285407017695023,NA,0.000565797393930348,NA,1.80142809299876,NA,4.21880117185165e-05,NA,0.00571978141271254,NA,-1.40621494339363e-05,NA,-288.589390806341,-523.90983799716,0.449162107912344,FALSE,0.123196502002819
"sm_centro","CVAE",2,0,795,339,0.780701754385965,0.727115357983659,-71.0948767320421,-0.623639269579317,0.726411742350193,0.186534558603635,114,0.421052631578947,0.8,0.551724137931034,0.739130434782609,0.918918918918919,0.819277108433735,0.959183673469388,0.701492537313433,0.810344827586207,-1.40298533033708,0.727365506890758,0,NA,1.28673302941408,0.579603109557869,0.00140984663582183,0.0115794909764779,0.000843905627538869,0.000770011097729608,0.0012420111746532,0.000433553782876808,1.2186263304442,0.409465971072979,2.23287792668757e-05,7.38904465987464e-06,0.009563162277723,0.00214755499936773,-4.17820103045122e-05,9.80900611723022e-06,-293.063934006259,-519.528939875866,0.435904505962109,TRUE,0.598579736332056
"sm_centro","CVAE",2,1,795,339,0.807017543859649,0.731649056735363,-52.8327690847125,-0.463445342848355,0.760374888149537,0.1290913017837,114,0.388888888888889,0.7,0.5,0.785714285714286,0.891891891891892,0.835443037974683,0.962962962962963,0.776119402985075,0.859504132231405,-2.81461442861705,NA,0,NA,0.577979972625539,NA,0.00667951256418308,NA,0.000508057645326615,NA,0.00103406649083131,NA,1.5728284906941,NA,3.49556370722456e-05,NA,0.00813082077249787,NA,-2.71373076680821e-05,NA,-300.387469895524,-518.246877517024,0.42037765604163,FALSE,0.076062083938718
"sm_centro","CVAE",2,2,798,342,0.789473684210526,0.745133521449311,-63.8620275458901,-0.560193224086756,0.740484595199645,0.192267681579801,114,0.533333333333333,0.727272727272727,0.615384615384615,0.686274509803922,0.945945945945946,0.795454545454546,0.979166666666667,0.712121212121212,0.824561403508772,-3.18009313955294,0.912071154086668,0,NA,0.440713325197696,0.649626353712163,0.0056023522500873,0.0119532236570961,0.000268755641728485,0.000798847568738736,0.00160141794880563,0.00048253478969529,1.99576491147,0.481269818864495,3.53958976717176e-05,9.43760382330693e-06,0.00743705900295031,0.0019200747387326,-2.27881181555962e-05,8.32207524831268e-06,-286.413039345524,-513.734645326695,0.442488370307617,TRUE,0.0479719285277531
"sm_centro","CVAE",2,3,798,342,0.789473684210526,0.707558236970002,-61.3980483168682,-0.538579371200598,0.736195631567292,0.145316200654248,114,0.4,0.545454545454545,0.461538461538462,0.729166666666667,0.945945945945946,0.823529411764706,0.96078431372549,0.742424242424242,0.837606837606838,-1.95809950313572,0.731892373411746,0,NA,1.1922996480923,0.550423918491118,-0.0498681487846208,0.0193614676071391,-0.00277373116079492,0.000692076778524245,0.000402802991720052,0.000458158756623125,2.09908292847689,0.436482033809519,2.19210042757815e-05,8.66093401130916e-06,0.00533339450903564,0.00178372608512707,-2.30504058987829e-05,8.86509917274217e-06,-277.396211680801,-498.209188182929,0.443213376508527,TRUE,0.0556212979305607
"sm_centro","CVAE",2,4,798,342,0.807017543859649,0.702136926636722,-53.4292434529957,-0.468677574149085,0.755903521289718,0.0983336194869422,114,0.357142857142857,0.454545454545455,0.4,0.785714285714286,0.891891891891892,0.835443037974683,0.931034482758621,0.818181818181818,0.870967741935484,-1.92997927356814,1.01232141281803,0,NA,0.880019663678278,0.614507624057118,-0.00918972104109406,0.0174038232037058,-0.000117983381958105,0.000927083724770797,0.00152033707181142,0.000518274324640804,0.655969832660705,0.415559552823933,3.77279825237648e-05,1.09463618510945e-05,0.00798394480470074,0.00197810925327659,-2.33080184687893e-05,9.47045270799208e-06,-292.857082697518,-518.194761515885,0.434851325318654,TRUE,0.0128386249626635
"sm_centro","CVAE",3,0,795,339,0.675438596491228,0.59981684981685,-93.5706000560139,-0.820794737333455,0.667560979368937,0.396439600839807,114,0.277777777777778,0.5,0.357142857142857,0.610169491525424,0.972972972972973,0.75,0.972972972972973,0.537313432835821,0.692307692307692,-0.735605166990613,0.75408363332234,0,NA,1.21283053177006,0.606473154473508,-0.0260891643237091,0.0156247138854472,-0.000128599107043525,0.00068694812135144,0.00161468193679131,0.000501921431664634,0.952561447818017,0.396918040079798,1.953471445671e-05,7.61246931781371e-06,0.00799006667426379,0.0020088974456751,-3.7184223922372e-05,1.01546757869238e-05,-269.566054009843,-492.441995700515,0.452593287405602,TRUE,0.00492921526530681
"sm_centro","CVAE",3,1,795,339,0.850877192982456,0.734784327009937,-44.8375336192755,-0.393311698414697,0.783047134219293,0.0418665896409761,114,0.5,0.4,0.444444444444444,0.777777777777778,0.945945945945946,0.853658536585366,0.950819672131147,0.865671641791045,0.90625,-2.52457871291066,0.71920201519708,0,NA,0.618426464642011,0.488325249500469,-0.0596586761622249,0.0209199930467687,-0.00326177038614889,0.00072386177226508,-0.000227589406005124,0.000370899159142289,2.17252321902651,0.449302455072693,2.31007089327002e-05,8.19588106656625e-06,0.00434713316785755,0.00149258050361178,-6.93424932116314e-06,6.94820178475561e-06,-271.834601192451,-513.093614147274,0.4702046689,TRUE,0.054673864657664
"sm_centro","CVAE",3,2,798,342,0.868421052631579,0.804961120750594,-42.5145051052517,-0.372934255309226,0.802466742871521,0.113894285479723,114,0.533333333333333,0.727272727272727,0.615384615384615,0.871794871794872,0.918918918918919,0.894736842105263,0.95,0.863636363636364,0.904761904761905,-1.94777138036405,0.822125341025614,0,NA,0.895170845995634,0.563388610359305,-0.00391089373768552,0.0144030092817614,0.000553578110159551,0.00084285776533508,0.00104845307672124,0.000462523656314979,1.26960192588855,0.354364927649589,2.79929219716503e-05,8.73969502349721e-06,0.00782189729009804,0.00187940715892551,-3.30516271493864e-05,8.83036275153496e-06,-317.163365077347,-522.52354363604,0.393016125416417,TRUE,-0.141547724711938
"sm_centro","CVAE",3,3,798,342,0.780701754385965,0.702768170675147,-64.3269333840914,-0.564271345474486,0.736431816028466,0.125161777918214,114,0.428571428571429,0.545454545454545,0.48,0.693877551020408,0.918918918918919,0.790697674418605,0.96078431372549,0.742424242424242,0.837606837606838,-2.72151578704598,0.866807355718761,0,NA,1.20790632917867,0.602428451781488,-0.0290827977003342,0.0188289054996735,-0.00195481765091323,0.00062943278828095,0.000802737128141215,0.000485423163516919,2.10745552951096,0.407656607757703,3.11874183842627e-05,9.66615097988374e-06,0.00758572359559653,0.00180227254435556,-2.50047547910181e-05,9.27323161840646e-06,-280.115285944283,-507.822567741868,0.448399295860618,TRUE,0.0672155984116605
"sm_centro","CVAE",3,4,798,342,0.807017543859649,0.735983854597838,-57.2028416143953,-0.501779312406976,0.745731469379819,0.166570348190298,114,0.4,0.727272727272727,0.516129032258065,0.794871794871795,0.837837837837838,0.815789473684211,0.963636363636364,0.803030303030303,0.87603305785124,-3.28933167497021,1.14751062934349,0,NA,0.643251339080957,0.739443712725659,0.00572944365469356,0.0142007438824765,-0.000447134797832203,0.000732913264358425,0.00112946626711244,0.000461959356892625,1.29897845515066,0.468386098298645,4.7096522383574e-05,1.35899436716587e-05,0.00799947677555802,0.00210940572372622,-2.07492424834844e-05,1.01267378414612e-05,-295.077798269044,-522.537094669418,0.435297893146276,TRUE,-0.0780415734546775
"sm_centro","CVAE",4,0,795,339,0.859649122807018,0.809587813620072,-43.8790297922854,-0.384903770107766,0.788024589154784,0.0931211127380697,114,0.571428571428571,0.8,0.666666666666667,0.813953488372093,0.945945945945946,0.875,0.964912280701754,0.82089552238806,0.887096774193548,-2.08126993639514,0.853232059247182,0,NA,1.10244427047816,0.64844652605635,0.0119964885174442,0.0117629718343221,-0.000383295129532176,0.000689111578103004,0.00146209338749361,0.000449550527256045,1.00965031600269,0.407686038995241,3.14748432901037e-05,8.6069452777611e-06,0.00888806274646434,0.00206289811243187,-2.86531466595842e-05,8.46721176260038e-06,-307.085724617706,-521.660497418685,0.411330307475364,TRUE,-0.0319506102952397
"sm_centro","CVAE",4,1,795,339,0.815789473684211,0.743748965060441,-53.0967945571458,-0.465761355764437,0.750890392476104,0.119844038388667,114,0.5,0.6,0.545454545454545,0.74468085106383,0.945945945945946,0.833333333333333,0.945454545454545,0.776119402985075,0.852459016393443,-3.24497835619578,NA,0,NA,0.567744774486552,NA,0.0166164036230172,NA,-0.000128512600870729,NA,0.00146452602784877,NA,1.21145288947002,NA,3.97503741933624e-05,NA,0.00728025615506311,NA,-2.37022631254652e-05,NA,-285.039633218304,-516.403002046657,0.44802870609077,FALSE,-0.00773408035735916
"sm_centro","CVAE",4,2,798,342,0.754385964912281,0.643761222791574,-62.2571077508828,-0.546114980270902,0.718472824117846,0.114272382852304,114,0.307692307692308,0.363636363636364,0.333333333333333,0.673469387755102,0.891891891891892,0.767441860465116,0.942307692307692,0.742424242424242,0.830508474576271,-1.7536363380155,0.759920900344763,0,NA,1.25493897453571,0.542649945600167,-0.0627153650114739,0.017748619191622,-0.00299251822191085,0.000681433078645493,0.000641729475865647,0.000479687863760022,2.68517812570547,0.488864681776124,2.14308990491317e-05,8.62521633749319e-06,0.00680288708694565,0.00165079870012295,-1.35472934891144e-05,7.86851794851154e-06,-264.466537581077,-497.921506110477,0.468858978100861,TRUE,0.0477158702873428
"sm_centro","CVAE",4,3,798,342,0.807017543859649,0.730555555555556,-67.5052935972283,-0.592151698221301,0.75589982603479,0.130315271627001,114,0.411764705882353,0.636363636363636,0.5,0.767441860465116,0.891891891891892,0.825,0.962962962962963,0.787878787878788,0.866666666666666,-4.38961998635365,0.975513074157974,0,NA,0.708808418389281,0.582398509180706,-0.0148394466889738,0.0164086870559059,-0.00286462804048796,0.000746356375997651,0.000546343941473533,0.000487006624390334,2.19784512688748,0.452936102204734,5.09384310947854e-05,1.13253807220277e-05,0.00731367822470077,0.00180713624911521,-1.14371440135944e-05,9.74349113056498e-06,-279.015108608052,-518.534559589476,0.461916079751852,TRUE,0.19304143210518
"sm_centro","CVAE",4,4,798,342,0.771929824561403,0.707843137254902,-66.3498759642992,-0.582016455827186,0.727836162013634,0.21733130589166,114,0.411764705882353,0.636363636363636,0.5,0.729166666666667,0.945945945945946,0.823529411764706,0.938775510204082,0.696969696969697,0.8,-2.80161558892061,1.02746406970153,0,NA,0.524576629063558,0.626093731834187,-0.0155977679103167,0.0166015540640857,-0.000949978060235326,0.00078077974499261,0.000262999071324041,0.00050495296289156,1.55770460241485,0.43504202249341,3.73953196348242e-05,1.11102305715924e-05,0.0095523089710476,0.00191379023155908,-1.89282524724931e-05,1.02281114089743e-05,-277.775556834857,-509.222413136366,0.454510348191468,TRUE,0.0609047439157617
"sm_centro","CVAE",5,0,795,339,0.833333333333333,0.774331403363661,-45.1848578988202,-0.39635840262123,0.768057959396857,0.124710433315793,114,0.5,0.8,0.615384615384615,0.780487804878049,0.864864864864865,0.820512820512821,0.964912280701754,0.82089552238806,0.887096774193548,-2.24668849146729,0.75243008886524,0,NA,0.759661236478541,0.542043734911784,-0.0489451310444606,0.0169326547274787,-0.00295491128081295,0.000641029862643798,7.54822401836758e-05,0.000411395136692214,2.09403222422593,0.407331585195235,2.56393550704912e-05,9.08957512704547e-06,0.00576257955134829,0.00168899256401873,-1.1241203591603e-05,8.17986493992777e-06,-283.62259577806,-505.625343164532,0.439065704256504,TRUE,0.0603719147902327
"sm_centro","CVAE",5,1,795,339,0.763157894736842,0.704669380494646,-66.037443663344,-0.579275821608281,0.736548075870348,0.224256163813001,114,0.380952380952381,0.8,0.516129032258065,0.711111111111111,0.864864864864865,0.780487804878049,0.979166666666667,0.701492537313433,0.817391304347826,-2.43123659593468,0.793591483142366,0,NA,0.862149465522866,0.535794844518561,0.00162126462702046,0.0141139904117932,-0.00167941696275938,0.000795658789877467,0.00106918408214214,0.000483651298058723,1.02862897401038,0.393766221752515,4.32843079041629e-05,8.71971249817873e-06,0.0103926348359126,0.00192393914846277,-1.62301857377003e-05,9.57485378609231e-06,-291.486640342895,-511.014172605594,0.429591866588273,TRUE,-1.0358685033706
"sm_centro","CVAE",5,2,798,342,0.754385964912281,0.608441667265197,-79.2844422030775,-0.69547756318489,0.708042013389908,0.144449058535107,114,0.285714285714286,0.181818181818182,0.222222222222222,0.685185185185185,1,0.813186813186813,0.886792452830189,0.712121212121212,0.789915966386555,-3.48374860319395,0.971541696933296,0,NA,0.954905791308272,0.588530058202374,-0.0366662665997714,0.0198067045314264,-0.00199545503483022,0.000806609805356599,0.000424644169872462,0.000496206356047695,1.94978315057022,0.418372286221277,3.92064679680384e-05,1.02546340750616e-05,0.00773450233703596,0.00171949873270781,-2.12701204174112e-05,1.03796045195713e-05,-254.96903290441,-510.608707497486,0.500656708041618,TRUE,0.0544220947447827
"sm_centro","CVAE",5,3,798,342,0.842105263157895,0.800886356441912,-43.0604654534798,-0.377723381170876,0.776603893257461,0.143290837370652,114,0.526315789473684,0.909090909090909,0.666666666666667,0.795454545454545,0.945945945945946,0.864197530864197,1,0.772727272727273,0.871794871794872,-1.1998878733377,0.751554971703692,0,NA,1.13384464295242,0.627201820283638,-0.0107254034959982,0.0137096117854453,-0.000711257616889223,0.000772264723789614,0.00130175167061914,0.00045940851349756,1.38873335031138,0.419258032999126,2.41211589523636e-05,8.07726985730585e-06,0.0088665591500747,0.0018234275058973,-2.41642973723308e-05,8.43066723146248e-06,-313.315805454537,-512.975831111618,0.389219166962345,TRUE,0.0663152316045361
"sm_centro","CVAE",5,4,798,342,0.842105263157895,0.764025279533301,-56.9640416739627,-0.499684576087392,0.765338079745447,0.0825609300094567,114,0.545454545454545,0.545454545454545,0.545454545454545,0.770833333333333,1,0.870588235294118,0.963636363636364,0.803030303030303,0.87603305785124,-2.8733749692545,NA,0,NA,0.728532192817117,NA,0.00093460454185945,NA,0.00138565793792759,NA,0.0013143708592794,NA,1.77625195757985,NA,2.93759181093125e-05,NA,0.00645562818103721,NA,-3.65015216350205e-05,NA,-288.139844307862,-514.715474579707,0.440195878037,FALSE,1.48261417087781
"sm_centro","CVAE",6,0,795,339,0.807017543859649,0.756762874929259,-57.8797030649382,-0.507716693552089,0.742183412098154,0.0842452271709355,114,0.666666666666667,0.6,0.631578947368421,0.708333333333333,0.918918918918919,0.8,0.912280701754386,0.776119402985075,0.838709677419355,-2.91578120304647,0.978308727313994,0,NA,1.16831028129773,0.61450898990866,0.0180387883639672,0.0119830617607204,-0.00082724263830127,0.000881319849768368,0.00144475126250838,0.000481065852698645,1.44796822706375,0.430368869953716,3.52988897957001e-05,1.01310871079807e-05,0.00944023989030122,0.00200169538082521,-2.8430132696908e-05,9.66484531703937e-06,-285.348593221574,-511.707319786154,0.442359758815209,TRUE,-0.0458591021530969
"sm_centro","CVAE",6,1,795,339,0.859649122807018,0.759553203997648,-41.1709652322844,-0.361148817827056,0.80085897125598,0.0856908881923408,114,0.454545454545455,0.5,0.476190476190476,0.840909090909091,1,0.91358024691358,0.949152542372881,0.835820895522388,0.888888888888889,-2.16829214878481,0.746428038668266,0,NA,0.886292415173612,0.54840069907029,-0.0553216080688632,0.0195973853954816,-0.00166323066885135,0.000568672935920083,0.00034388750874206,0.00042876451495744,2.10739070719985,0.400598386127455,2.41784619220775e-05,8.50215079067379e-06,0.00507842558057262,0.00160655559707225,-2.0603403296702e-05,8.81724556968274e-06,-302.726087205718,-518.887908696445,0.416586738422505,TRUE,0.0300647563747784
"sm_centro","CVAE",6,2,798,342,0.780701754385965,0.704153952730803,-66.5370582418758,-0.583658405630489,0.739530815573025,0.122310979186431,114,0.35,0.636363636363636,0.451612903225806,0.780487804878049,0.864864864864865,0.820512820512821,0.943396226415094,0.757575757575758,0.840336134453782,-3.43322842422969,NA,0,NA,0.838827538645536,NA,-0.0378885138644053,NA,-0.00261256563591081,NA,0.000235920433310483,NA,2.16099993613083,NA,4.26241131724506e-05,NA,0.0076885441397134,NA,-1.2911291261073e-05,NA,-272.688372349475,-520.104304020769,0.475704449585586,FALSE,0.0689540277367598
"sm_centro","CVAE",6,3,798,342,0.798245614035088,0.710130306851618,-50.927991867741,-0.446736770769658,0.771995892474346,0.118395036691212,114,0.4,0.545454545454545,0.461538461538462,0.744186046511628,0.864864864864865,0.8,0.946428571428571,0.803030303030303,0.868852459016393,-2.80675584267862,NA,0,NA,0.652978497126662,NA,0.00437724144564182,NA,-8.89961643744636e-05,NA,0.000987606556297944,NA,1.67557233797402,NA,3.44025387159852e-05,NA,0.00926780465602464,NA,-2.48091080000766e-05,NA,-302.624419319395,-520.326319058704,0.41839494133824,FALSE,-0.0203315639494989
"sm_centro","CVAE",6,4,798,342,0.763157894736842,0.715428108686536,-78.972161444878,-0.692738258288403,0.696750076482015,0.253707620307944,114,0.470588235294118,0.727272727272727,0.571428571428571,0.653846153846154,0.918918918918919,0.764044943820225,1,0.681818181818182,0.810810810810811,-3.24203997047383,NA,0,NA,0.172314691938964,NA,0.0142739406447381,NA,0.000679556710841106,NA,0.00169250257686057,NA,1.11713186829362,NA,4.06840247909832e-05,NA,0.00604942118119962,NA,-2.414413006593e-05,NA,-269.455163281996,-502.734971406636,0.464021445478381,FALSE,0.047608206293867
"sm_centro","CVAE",7,0,795,339,0.780701754385965,0.704945559491014,-61.6254863123109,-0.540574441336061,0.742277446860468,0.18723740707792,114,0.35,0.7,0.466666666666667,0.775,0.837837837837838,0.805194805194805,0.944444444444444,0.761194029850746,0.84297520661157,-0.822035202520889,0.805256573031534,0,NA,1.0688719081144,0.628884692487418,-0.0140018745082049,0.0146636308693626,0.000940179877070707,0.000742655787650823,0.00135650799906414,0.000411658083449602,0.878528809197257,0.405255161028499,2.51554345998029e-05,8.82731938520433e-06,0.00871017848530196,0.00197017621247312,-3.31528844050436e-05,9.75275939301075e-06,-306.804725310012,-515.238722723471,0.404538689001692,TRUE,-0.0671467150001789
"sm_centro","CVAE",7,1,795,339,0.736842105263158,0.649964433498291,-73.1952655490755,-0.642063732886627,0.719225820639186,0.26314928298388,114,0.3125,0.5,0.384615384615385,0.673076923076923,0.945945945945946,0.786516853932584,0.956521739130435,0.656716417910448,0.778761061946903,-1.70796452898827,0.814097118275367,0,NA,0.663650897949628,0.660525709175012,-0.0267770384006359,0.0156112070251911,0.000581421345817842,0.000773684299130019,0.00109382695389882,0.000488166432415441,1.49066119921709,0.396696199282085,2.5554697919222e-05,8.39750997943114e-06,0.0081315439266008,0.0019626156156192,-2.96571666842434e-05,8.8281543528572e-06,-280.909737110638,-509.863444315787,0.449049073350207,TRUE,-0.0217134298841666
"sm_centro","CVAE",7,2,798,342,0.807017543859649,0.686100000577171,-51.0769543054851,-0.448043458820045,0.759246054137212,0.0410768008380715,114,0.333333333333333,0.363636363636364,0.347826086956522,0.772727272727273,0.918918918918919,0.839506172839506,0.931034482758621,0.818181818181818,0.870967741935484,-3.96718403993558,0.983126268062446,0,NA,0.653142585093176,0.541251236104062,-0.0177476673990058,0.0184689565550425,-0.00356555048554526,0.000755543716263816,0.000363661831707427,0.000487895491903643,1.81671820818752,0.437476176678331,4.50777423834088e-05,1.14060591540694e-05,0.00672835494746772,0.00168140381446283,-6.72796502915351e-06,8.57048104647059e-06,-275.852222522672,-513.904544363491,0.463222838660951,TRUE,0.200902485120101
"sm_centro","CVAE",7,3,798,342,0.815789473684211,0.757686875271621,-53.7631674453338,-0.471606731976612,0.746720680174372,0.195038455663775,114,0.428571428571429,0.818181818181818,0.5625,0.804878048780488,0.891891891891892,0.846153846153846,0.980769230769231,0.772727272727273,0.864406779661017,-2.67637160169616,1.06393444994778,0,NA,0.534393454294291,0.657490689006042,0.0043378162658993,0.0157019637086888,0.00018997485420997,0.000743573880695454,0.00110048101566321,0.000473267957094519,1.49941135996354,0.399900326206047,3.23597702832768e-05,1.17786949826112e-05,0.00672828394832231,0.00186576122377983,-2.75324287419288e-05,9.22848713035468e-06,-301.418312353443,-510.085459353722,0.409082719716535,TRUE,0.0437950439956186
"sm_centro","CVAE",7,4,798,342,0.824561403508772,0.798398356207687,-54.0600927910724,-0.474211340272565,0.771375543491496,0.111514928822678,114,0.727272727272727,0.727272727272727,0.727272727272727,0.72,0.972972972972973,0.827586206896552,0.943396226415094,0.757575757575758,0.840336134453782,-1.34290265896623,0.649929964169761,0,NA,1.47008553579917,0.537356522163143,-0.0410719025781516,0.0169498768151954,-0.00257607455348886,0.000732134867828238,0.000872975381415653,0.000496883208792929,2.16690508699587,0.415708930318626,2.12802589392299e-05,7.28430016129791e-06,0.0100513674449958,0.00173628761881061,-1.69760194812475e-05,9.41058716931544e-06,-302.660645144417,-518.011311445711,0.415725798921794,TRUE,0.0627210913491797
"sm_centro","CVAE",8,0,795,339,0.824561403508772,0.773490212907994,-55.770279401891,-0.48921297720957,0.76891554063331,0.109823845367145,114,0.583333333333333,0.7,0.636363636363636,0.755555555555556,0.918918918918919,0.829268292682927,0.929824561403509,0.791044776119403,0.854838709677419,-1.82289860633265,NA,0,NA,1.29113925794001,NA,-0.011668681905792,NA,-0.000684179059772091,NA,0.00157338539873834,NA,1.68834097904228,NA,3.08008266736974e-05,NA,0.00956589023458677,NA,-2.57514304857596e-05,NA,-302.003431825472,-517.383831299669,0.416287457095752,FALSE,0.0586337913138658
"sm_centro","CVAE",8,1,795,339,0.754385964912281,0.603583258054803,-69.1414227894761,-0.606503708679615,0.72058302432707,0.100265494442205,114,0.142857142857143,0.2,0.166666666666667,0.75,0.891891891891892,0.814814814814815,0.910714285714286,0.761194029850746,0.829268292682927,-2.1135558644884,0.883618346069225,0,NA,1.28607732323148,0.659515375752785,-0.0324274713097167,0.0158066324169043,-0.000480014044442369,0.000747865417237776,0.00155412385111612,0.000507895335686731,1.92484093945912,0.418241304303686,3.27325300299221e-05,1.00263720688095e-05,0.00757881186822524,0.00192848351198201,-2.87913943733345e-05,9.87933836669319e-06,-287.731438497926,-514.663358578568,0.440932730683214,TRUE,0.0148026973752509
"sm_centro","CVAE",8,2,798,342,0.833333333333333,0.774253804556835,-57.7951937299064,-0.50697538359567,0.752280936816545,0.114069691787406,114,0.533333333333333,0.727272727272727,0.615384615384615,0.75,0.891891891891892,0.814814814814815,0.981818181818182,0.818181818181818,0.892561983471074,-3.55950350426343,0.972703865452351,0,NA,0.23291884586433,0.619398285669108,0.0192224832528274,0.0112086803709876,0.00104877257225014,0.000815117412397186,0.00149752345056258,0.000456056845736291,1.01040776546454,0.476768386903791,3.89189768129304e-05,9.24330141761962e-06,0.00469963884225049,0.0022201151580075,-2.89794881188357e-05,7.51361310091957e-06,-276.022796672734,-509.849893282409,0.458619487206907,TRUE,0.0545596819337003
"sm_centro","CVAE",8,3,798,342,0.789473684210526,0.733629397422501,-59.8098340592808,-0.524647667186674,0.731835734560529,0.204127713429333,114,0.538461538461538,0.636363636363636,0.583333333333333,0.666666666666667,0.918918918918919,0.772727272727273,0.98,0.742424242424242,0.844827586206896,-2.37164007576324,0.937004591751098,0,NA,0.228554573211426,0.588083104253693,-0.0396011340291263,0.0206168484102266,-0.00126208555711771,0.000686258002295239,0.000346624723726035,0.000470012309240414,1.29462019145091,0.410012636118236,3.0949346519527e-05,1.0932158103989e-05,0.00556948071343135,0.00170419228229597,-1.611561345467e-05,9.10869518523592e-06,-282.742038301516,-503.428118587196,0.438366615088975,TRUE,0.0318699347394815
"sm_centro","CVAE",8,4,798,342,0.842105263157895,0.807468269200818,-56.7710020589847,-0.497991246131445,0.770990529519724,0.154577107136099,114,0.555555555555556,0.909090909090909,0.689655172413793,0.8,0.972972972972973,0.878048780487805,0.980392156862745,0.757575757575758,0.854700854700855,-2.21461782942646,0.871087015114196,0,NA,1.03675746788022,0.571867995318497,0.00617921391589336,0.0124365215054425,0.000298317563083376,0.000765491542924861,0.00107293291268514,0.000422684261040759,1.61686386902527,0.464509730015883,2.80095606953885e-05,8.56788332060558e-06,0.00944016265366851,0.00193350369788367,-3.25429605365257e-05,8.54058240632902e-06,-294.314464939829,-510.137575354861,0.423068444360134,TRUE,0.0482775911538008
"sm_centro","CVAE",9,0,795,339,0.798245614035088,0.714988430651967,-55.9985411473192,-0.491215273222099,0.757541469375889,0.127444105197741,114,0.4,0.6,0.48,0.761904761904762,0.864864864864865,0.810126582278481,0.929824561403509,0.791044776119403,0.854838709677419,-2.61951557713952,0.924474714244135,0,NA,0.613066268831695,0.572389903170055,-0.0310773947904964,0.0193998065005057,-0.00192563805489345,0.000674365539754731,5.50131759522562e-05,0.000431689444216769,1.07919886023989,0.412444595362749,4.05967030072837e-05,1.03551079169616e-05,0.00782653122043857,0.00180692672061442,-1.43771835076868e-05,8.59927414896819e-06,-288.190484945317,-509.915560316926,0.434827043194763,TRUE,0.0619626602511199
"sm_centro","CVAE",9,1,795,339,0.824561403508772,0.74987678987679,-54.7396140717591,-0.480172053261045,0.77700259743174,0.106502044521158,114,0.4375,0.7,0.538461538461538,0.8,0.864864864864865,0.831168831168831,0.948275862068966,0.82089552238806,0.88,-2.14040024374594,NA,0,NA,1.34071255209623,NA,-0.0159208966553789,NA,-0.00132416622358214,NA,0.00173675089775892,NA,1.85840029377562,NA,3.32364052652958e-05,NA,0.00875757255854846,NA,-2.25806822508896e-05,NA,-299.879528761637,-521.019466239264,0.424436996709207,FALSE,0.0831715858877064
"sm_centro","CVAE",9,2,798,342,0.842105263157895,0.78062385572267,-53.9335242875783,-0.473101090241915,0.753259138733416,0.0935538201453662,114,0.583333333333333,0.636363636363636,0.608695652173913,0.765957446808511,0.972972972972973,0.857142857142857,0.963636363636364,0.803030303030303,0.87603305785124,-2.20641252307893,0.819620936505822,0,NA,1.02043823897265,0.560018528737897,-0.0487046042501641,0.0180280090957901,-0.0022056628916417,0.000615889592745237,0.000597003866829366,0.000483108853116243,1.94484412435854,0.438280034629478,2.90644684476375e-05,8.89189738752624e-06,0.00632135907879432,0.00166032628153281,-1.6816505988885e-05,8.03928734188227e-06,-283.777940069764,-511.825102821811,0.445556815198726,TRUE,0.0452865375994564
"sm_centro","CVAE",9,3,798,342,0.807017543859649,0.695106009883628,-56.5380292829406,-0.495947625288953,0.758121747443161,0.0778288350803548,114,0.444444444444444,0.363636363636364,0.4,0.729166666666667,0.945945945945946,0.823529411764706,0.929824561403509,0.803030303030303,0.861788617886179,-1.66831193709292,0.740186767683286,0,NA,1.0884123405362,0.568489703373763,-0.0590443861251141,0.0195188503315283,-0.00159639038384353,0.000528596197074071,0.000649641704817269,0.000481578276913752,1.69709387092486,0.398433054223024,2.63391528459904e-05,8.52753003473514e-06,0.00701845870812541,0.00158082751317396,-2.01972213128507e-05,9.04047088079885e-06,-292.8645897532,-516.97836619156,0.433507069337051,TRUE,0.0270371239098126
"sm_centro","CVAE",9,4,798,342,0.771929824561403,0.688636941497353,-68.1233789859191,-0.597573499876484,0.726242038154874,0.241895643046535,114,0.454545454545455,0.454545454545455,0.454545454545455,0.672727272727273,1,0.804347826086956,0.958333333333333,0.696969696969697,0.807017543859649,-1.57218874784427,0.736733977889339,0,NA,0.92023791000382,0.644996229057585,-0.00732843532631918,0.0130575744457741,0.000580891625339778,0.000737445756266058,0.00153038751497816,0.000483688831857697,1.35473145359773,0.421320479780775,2.12122190488394e-05,7.6593100791232e-06,0.00739386184969136,0.00191049845984782,-3.5933007956133e-05,9.53397503884246e-06,-292.754317543648,-507.195087595825,0.422797411285382,TRUE,-0.0792654365459945
"sm_centro","class_weights",0,0,456,0,0.763157894736842,0.701142652182824,-60.1479107259265,-0.527613251981811,0.724939995217731,0.227169534552561,114,0.333333333333333,0.8,0.470588235294118,0.755555555555556,0.918918918918919,0.829268292682927,1,0.671641791044776,0.803571428571429,-3.57192580587238,1.18408807001217,0,NA,-1.59546084308627,0.649026575056851,0.00421735714547397,0.0137480813054694,-0.00266148458159044,0.00119054282276963,-0.00111945475789945,0.000461515686998705,1.19102370633162,0.972006033228977,2.21138975363836e-05,8.35192945029814e-06,-0.000918917129187984,0.00291933969847991,-4.63193853050577e-06,5.23538631019626e-06,-195.070264227268,-294.600191613205,0.337847463170067,TRUE,-0.631078775115529
"sm_centro","class_weights",0,1,456,0,0.736842105263158,0.706512965391989,-59.9951977394349,-0.526273664381008,0.700667575158194,0.262789743233306,114,0.416666666666667,1,0.588235294117647,0.686274509803922,0.945945945945946,0.795454545454546,1,0.582089552238806,0.735849056603774,-3.03940538634749,NA,0,NA,-2.13027306939479,NA,0.00418384454203891,NA,0.000102989511380404,NA,-0.000177279111279673,NA,1.03062230506399,NA,1.35933456275732e-05,NA,-0.00378821306737119,NA,-6.16548084646158e-06,NA,-202.542392124123,-292.398574010944,0.307307182296509,FALSE,0.0246159985978385
"sm_centro","class_weights",0,2,456,0,0.701754385964912,0.646275946275946,-66.7984698527343,-0.585951489936266,0.693954816907818,0.279091815369218,114,0.285714285714286,0.727272727272727,0.41025641025641,0.702127659574468,0.891891891891892,0.785714285714286,1,0.590909090909091,0.742857142857143,-4.94832332262995,NA,0,NA,-2.0381389545017,NA,0.0222425464378535,NA,-0.00228824871073898,NA,-0.000577731964546272,NA,2.35269618574697,NA,2.17488573380152e-05,NA,-0.00251280603337977,NA,-7.38904883187386e-07,NA,-190.137212094953,-291.792569132716,0.348382268060868,FALSE,-0.102877101645373
"sm_centro","class_weights",0,3,456,0,0.807017543859649,0.756485230169441,-49.2912045195997,-0.432378987014032,0.759181146020348,0.202634390541512,114,0.4,0.909090909090909,0.555555555555556,0.829268292682927,0.918918918918919,0.871794871794872,1,0.727272727272727,0.842105263157895,-3.39153577182725,NA,0,NA,-1.80704956407291,NA,0.00775257926540528,NA,-0.00274923178661702,NA,-0.000761591750866215,NA,0.689945269442362,NA,1.92079403545912e-05,NA,-0.00410117443548989,NA,-3.88129086694224e-06,NA,-205.491313897654,-295.689647248379,0.305043934375416,FALSE,-0.354621564320543
"sm_centro","class_weights",0,4,456,0,0.807017543859649,0.740276628986306,-50.7862703574964,-0.445493599627162,0.749352133284064,0.184190263998584,114,0.4,0.727272727272727,0.516129032258065,0.790697674418605,0.918918918918919,0.85,0.980392156862745,0.757575757575758,0.854700854700855,-4.04551091537208,1.30839691038616,0,NA,-1.78974005971122,0.785898717793919,0.0169410075063241,0.0173019771510534,-0.00160475524400898,0.0012641845655589,-0.000364144050666631,0.000460573042171137,1.39330543712261,0.967139387765253,2.07324656801481e-05,8.3093042947511e-06,-0.0033675457790412,0.00350307821333313,-5.57150661595511e-06,5.21571760292081e-06,-202.182724729568,-295.505403777973,0.315807013527651,TRUE,-0.0947260806897061
"sm_centro","class_weights",1,0,456,0,0.780701754385965,0.708187134502924,-52.4087837933604,-0.459726173625969,0.742843030894044,0.164592079065447,114,0.428571428571429,0.6,0.5,0.679245283018868,0.972972972972973,0.8,1,0.701492537313433,0.824561403508772,-4.47370978850717,NA,0,NA,-2.35518632452256,NA,0.0188084386791694,NA,-0.00159900364205918,NA,-0.000661627422116741,NA,1.1952908810346,NA,2.07657679747505e-05,NA,-0.00431735990427518,NA,-1.91117988193447e-06,NA,-196.195085484375,-292.964073602348,0.330310085219943,FALSE,-0.0850152247794018
"sm_centro","class_weights",1,1,456,0,0.754385964912281,0.686952200234933,-55.8230880125533,-0.489676210636432,0.733596157485862,0.209208447485596,114,0.333333333333333,0.7,0.451612903225806,0.729166666666667,0.945945945945946,0.823529411764706,0.977777777777778,0.656716417910448,0.785714285714286,-4.13210160059963,NA,0,NA,-1.49802135943113,NA,0.0228890274513192,NA,-0.00257881461560782,NA,-0.000556077622055861,NA,2.02550239657466,NA,1.84823853216012e-05,NA,-0.000633510534925246,NA,-3.21095982124346e-06,NA,-199.927341726931,-293.137050760499,0.317973141886191,FALSE,-0.112665975917609
"sm_centro","class_weights",1,2,456,0,0.745614035087719,0.706349206349206,-60.046972062031,-0.526727825105535,0.714822979481196,0.254450801169335,114,0.4,0.909090909090909,0.555555555555556,0.702127659574468,0.891891891891892,0.785714285714286,1,0.636363636363636,0.777777777777778,-3.79790246259704,NA,0,NA,-2.29409738122638,NA,0.00977151897241041,NA,-0.00058935826168139,NA,-0.000502899351374564,NA,1.27866826166279,NA,1.71429619784167e-05,NA,-0.00420984463456901,NA,-4.94775227988593e-06,NA,-200.606436258541,-293.498357713016,0.316498947995155,FALSE,-0.0603138839872721
"sm_centro","class_weights",1,3,456,0,0.649122807017544,0.611751620212539,-85.557387258037,-0.750503397000325,0.644979859009991,0.436723466481162,114,0.25,0.909090909090909,0.392156862745098,0.722222222222222,0.702702702702703,0.712328767123288,1,0.575757575757576,0.730769230769231,-2.87388461739626,NA,0,NA,-1.45262572805889,NA,-0.0116153778743404,NA,-0.00291212866259544,NA,-0.000845380790755633,NA,1.24372360872183,NA,2.38119349647849e-05,NA,-0.000997695836629944,NA,-1.82647177584769e-06,NA,-188.627012599811,-291.188162054151,0.352216067888318,FALSE,0.250713209169771
"sm_centro","class_weights",1,4,456,0,0.868421052631579,0.819664838640171,-40.4419759790254,-0.354754175254609,0.784368806542063,0.148970708069948,114,0.5,0.909090909090909,0.645161290322581,0.878048780487805,0.972972972972973,0.923076923076923,1,0.803030303030303,0.890756302521008,-3.56844946886717,NA,0,NA,-1.67668167804069,NA,0.0106286096530732,NA,-0.00186111472742891,NA,-0.000519509721256972,NA,0.72602710616601,NA,2.07440959512746e-05,NA,-0.00396878479969911,NA,-7.6892591834533e-06,NA,-207.599929506619,-299.309211849015,0.306403140003118,FALSE,-0.175104250525446
"sm_centro","class_weights",2,0,456,0,0.763157894736842,0.705318600987472,-55.7404744278305,-0.488951530068688,0.728479898564799,0.238065889768643,114,0.347826086956522,0.8,0.484848484848485,0.755102040816326,1,0.86046511627907,1,0.626865671641791,0.770642201834862,-3.11682653670042,NA,0,NA,-1.79466579514306,NA,0.0156165219480978,NA,-0.000474061389726493,NA,-0.000237615043626754,NA,0.940574064979681,NA,1.53098474270953e-05,NA,-0.00237484513474255,NA,-8.80212976902286e-06,NA,-205.235000734202,-294.167903750193,0.302320211968171,FALSE,-0.03035640018322
"sm_centro","class_weights",2,1,456,0,0.789473684210526,0.731584057141866,-50.7908048970322,-0.445533376289756,0.751651015533547,0.18818429303342,114,0.375,0.9,0.529411764705882,0.780487804878049,0.864864864864865,0.820512820512821,1,0.73134328358209,0.844827586206896,-3.87978890420249,NA,0,NA,-1.72688397044452,NA,0.0108037331722169,NA,-0.00188266116410879,NA,-0.000869251460357317,NA,1.65693910512419,NA,1.91901060309599e-05,NA,-0.00145548509108291,NA,-4.1241906759572e-06,NA,-203.148297176623,-297.293612297502,0.316674530587182,FALSE,-0.174260242649299
"sm_centro","class_weights",2,2,456,0,0.736842105263158,0.673737373737374,-59.0372259587263,-0.517870403146722,0.718869795519002,0.20304959900838,114,0.368421052631579,0.636363636363636,0.466666666666667,0.666666666666667,0.918918918918919,0.772727272727273,0.977272727272727,0.651515151515151,0.781818181818182,-4.82217009244735,NA,0,NA,-2.02460038249122,NA,0.011827241922563,NA,-0.00231125584163677,NA,-0.000713051117304345,NA,2.35160936519183,NA,2.19155020623904e-05,NA,-0.00242256951389656,NA,4.26840556253644e-07,NA,-192.365611502022,-293.669033496407,0.344957794113573,FALSE,-0.195417989821241
"sm_centro","class_weights",2,3,456,0,0.754385964912281,0.703703703703704,-71.2013196811562,-0.624572979659265,0.693642303372997,0.259901346007529,114,0.36,0.818181818181818,0.5,0.74468085106383,0.945945945945946,0.833333333333333,1,0.636363636363636,0.777777777777778,-4.61945871151066,NA,0,NA,-2.8742120257685,NA,0.0085605746941323,NA,-0.0017267508990803,NA,-0.000718036497360424,NA,0.836193616484988,NA,1.80711503174668e-05,NA,-0.0100716449680205,NA,-6.7801733578033e-06,NA,-190.587469611967,-289.300238277512,0.34121219274923,FALSE,-0.201709693656884
"sm_centro","class_weights",2,4,456,0,0.771929824561403,0.714452698629914,-51.6433561999235,-0.453011896490557,0.733154698113056,0.243243830018354,114,0.346153846153846,0.818181818181818,0.486486486486487,0.785714285714286,0.891891891891892,0.835443037974683,1,0.696969696969697,0.821428571428572,-2.99380242166127,1.23602377811205,0,NA,-1.52031336999692,0.680089473495108,0.00661072629862588,0.016640798557606,-0.00246904674769788,0.00122337399719295,-0.000505095096029501,0.000482835794099841,0.747800338542857,0.946261636411231,2.29702758308945e-05,8.37977192696961e-06,-0.00129067692013189,0.00320252178517789,-4.01308020693416e-07,5.1707722356033e-06,-203.308327179779,-295.599819725494,0.312217688872141,TRUE,-0.373490995718746
"sm_centro","class_weights",3,0,456,0,0.666666666666667,0.61404572036151,-79.3949188578001,-0.69644665664737,0.651345300732365,0.409859115099074,114,0.304347826086957,0.7,0.424242424242424,0.620689655172414,0.972972972972973,0.757894736842105,1,0.492537313432836,0.66,-2.89884365740018,NA,0,NA,-1.45204563113864,NA,0.00341242576307774,NA,-0.00210994595912697,NA,-0.000321322954627209,NA,1.43213350759568,NA,1.37739661783303e-05,NA,-0.00100407068476994,NA,-6.79786818102892e-06,NA,-187.537768759883,-286.032427807917,0.344347876228138,FALSE,-0.618312633187943
"sm_centro","class_weights",3,1,456,0,0.807017543859649,0.741718049776386,-47.9272694882377,-0.420414644633664,0.758801822583544,0.183001983051847,114,0.380952380952381,0.8,0.516129032258065,0.795454545454545,0.945945945945946,0.864197530864197,1,0.73134328358209,0.844827586206896,-3.4448752726834,NA,0,NA,-1.93144193088352,NA,-0.00864626874392419,NA,-0.00177501326099355,NA,-0.000676166745421148,NA,1.76367877239131,NA,1.03395239075083e-05,NA,-0.00491722153370122,NA,-6.33788811266799e-06,NA,-205.005852279921,-297.079888496092,0.309930223423329,FALSE,0.205292399943139
"sm_centro","class_weights",3,2,456,0,0.833333333333333,0.780862815345574,-42.5855985185266,-0.373557881741461,0.774317957482329,0.19860487121613,114,0.416666666666667,0.909090909090909,0.571428571428572,0.875,0.945945945945946,0.909090909090909,1,0.757575757575758,0.862068965517241,-3.4429507978725,NA,0,NA,-1.96059724592029,NA,0.0099309626543788,NA,-0.00166088800994974,NA,-0.000775342665196533,NA,0.770416589028771,NA,2.05905916705006e-05,NA,-0.00302838964873779,NA,-2.71425074459514e-06,NA,-209.56191732711,-298.100620018118,0.297009455014307,FALSE,-0.167243405070849
"sm_centro","class_weights",3,3,456,0,0.754385964912281,0.695760466348702,-62.5470629453379,-0.548658446888929,0.723149413385853,0.204531265926897,114,0.380952380952381,0.727272727272727,0.5,0.6875,0.891891891891892,0.776470588235294,1,0.681818181818182,0.810810810810811,-5.0086705017924,NA,0,NA,-2.04030290742643,NA,0.0306686592865718,NA,-0.00201240177766365,NA,-0.000453411198563141,NA,1.44527663366594,NA,2.96860405525101e-05,NA,-0.00256378343934524,NA,-1.85773378762295e-06,NA,-191.693417971582,-293.225498516146,0.346259384188492,FALSE,-0.0656175334845751
"sm_centro","class_weights",3,4,456,0,0.771929824561403,0.723028356004602,-55.7783404374082,-0.48928368804744,0.717600108242669,0.266347661739237,114,0.357142857142857,0.909090909090909,0.512820512820513,0.82051282051282,0.864864864864865,0.842105263157895,0.978723404255319,0.696969696969697,0.814159292035398,-4.38626024209252,1.30333579311578,0,NA,-2.15764100989077,0.740132055089465,0.0214802074603426,0.0189020833466955,-0.00148831831366939,0.00121807174242709,-0.0007125045068799,0.000455317401542784,1.19823272220836,1.04196364446725,2.5803416521364e-05,9.40371528753664e-06,-0.00344830798761008,0.00327995301346383,-6.53149505290973e-07,5.23946461578076e-06,-200.595114087842,-295.606105753198,0.321410788939121,TRUE,-0.0692878928854466
"sm_centro","class_weights",4,0,456,0,0.842105263157895,0.789427033871478,-43.1665681956497,-0.378654106979383,0.774316316485578,0.162103809544283,114,0.45,0.9,0.6,0.840909090909091,1,0.91358024691358,1,0.746268656716418,0.854700854700855,-3.54949034645355,NA,0,NA,-2.01239258783425,NA,0.0145894857544257,NA,-0.00197161668057352,NA,-0.000615374793856929,NA,0.586944520789813,NA,1.86318917304649e-05,NA,-0.00444470908307301,NA,-3.76859619730294e-06,NA,-207.391274509651,-296.471642849025,0.300468427547849,FALSE,-0.135139559663742
"sm_centro","class_weights",4,1,456,0,0.763157894736842,0.714854426619133,-51.5607416362388,-0.452287207335428,0.731687121671649,0.197976910447271,114,0.375,0.9,0.529411764705882,0.74468085106383,0.945945945945946,0.833333333333333,1,0.641791044776119,0.781818181818182,-3.58838368345447,NA,0,NA,-1.9801321847856,NA,0.0130617823558142,NA,-0.000774525521301277,NA,-0.000268402748488051,NA,1.13628200399025,NA,1.94835633505074e-05,NA,-0.00310470715671525,NA,-3.9082298611574e-06,NA,-204.885159960309,-296.089998216381,0.308030797411197,FALSE,-0.059297077550562
"sm_centro","class_weights",4,2,456,0,0.728070175438597,0.660225036798538,-62.6514748987524,-0.549574341217126,0.702711136130753,0.227621122424483,114,0.318181818181818,0.636363636363636,0.424242424242424,0.673469387755102,0.891891891891892,0.767441860465116,1,0.651515151515151,0.788990825688073,-5.39274685909012,NA,0,NA,-2.24072688630009,NA,0.0313823361705855,NA,-0.00137995529918586,NA,-0.000194637639529333,NA,2.38431630328486,NA,2.37013481280098e-05,NA,-0.00330319349717429,NA,-9.95250978614951e-07,NA,-188.951197331653,-288.672459826845,0.345447787277691,FALSE,-0.0439723573058683
"sm_centro","class_weights",4,3,456,0,0.789473684210526,0.733212470458739,-58.9588306533417,-0.517182725029313,0.739806165186759,0.21783330638647,114,0.391304347826087,0.818181818181818,0.529411764705882,0.785714285714286,0.891891891891892,0.835443037974683,0.979591836734694,0.727272727272727,0.834782608695652,-3.70132383592824,1.22931020166796,0,NA,-1.41586906357081,0.716891901595993,0.00154641920122944,0.0143301074118557,-0.00260740404919696,0.0012748836387554,-0.000623084938364672,0.000455144797631238,1.67691574607683,1.00663304522573,2.03103623830264e-05,8.35906894444393e-06,-0.00211329698222804,0.00329207969313469,-6.52169560797237e-06,5.5822633027495e-06,-197.002534207059,-294.434090347044,0.330911261074234,TRUE,-1.68609135680934
"sm_centro","class_weights",4,4,456,0,0.701754385964912,0.662482503945919,-70.4599372871874,-0.618069625326205,0.679507649260555,0.293052122310585,114,0.32258064516129,0.909090909090909,0.476190476190476,0.711111111111111,0.864864864864865,0.780487804878049,1,0.575757575757576,0.730769230769231,-3.32875028288526,NA,0,NA,-1.97688655072207,NA,0.000580344693532733,NA,-0.00239627928959102,NA,-0.001332019374785,NA,1.0613887655896,NA,1.8131531396246e-05,NA,-0.00212063353070908,NA,-2.61126397003725e-06,NA,-196.439387542707,-294.331280097751,0.33259085654278,FALSE,-4.12906211824588
"sm_centro","class_weights",5,0,456,0,0.780701754385965,0.727351557907113,-54.1128264688094,-0.474673916393065,0.736503540428277,0.246063134533358,114,0.36,0.9,0.514285714285714,0.795454545454545,0.945945945945946,0.864197530864197,1,0.671641791044776,0.803571428571429,-3.32234253579146,NA,0,NA,-1.81867941181938,NA,0.00759488653359385,NA,-0.00201103845193027,NA,-0.000600931703440179,NA,1.17203727687894,NA,1.47798203282098e-05,NA,-0.0034473384527361,NA,-5.13577282137495e-06,NA,-202.056620345845,-291.966216258874,0.307945203609825,FALSE,-0.264788478805445
"sm_centro","class_weights",5,1,456,0,0.745614035087719,0.702711323763955,-60.1294261706746,-0.527451106760304,0.713710367147987,0.256374374627533,114,0.357142857142857,1,0.526315789473684,0.744186046511628,0.864864864864865,0.8,1,0.641791044776119,0.781818181818182,-3.59043141817851,NA,0,NA,-1.87796068501261,NA,0.0178895452062786,NA,-0.00186665124091348,NA,-0.000552451945274807,NA,0.867876532656819,NA,2.55722166225305e-05,NA,-0.00146442243473311,NA,5.02556761484737e-07,NA,-201.790242416287,-295.368753272133,0.316819263443309,FALSE,-0.104343135579453
"sm_centro","class_weights",5,2,456,0,0.719298245614035,0.645679012345679,-64.6055059885669,-0.566714964811991,0.702437836127036,0.226933737857737,114,0.315789473684211,0.545454545454545,0.4,0.660377358490566,0.945945945945946,0.777777777777778,0.976190476190476,0.621212121212121,0.759259259259259,-3.87374881852617,NA,0,NA,-1.61212866569583,NA,-0.00164644051524395,NA,-0.00151117231230877,NA,-0.000625901329255649,NA,1.63147404301074,NA,1.96971103443245e-05,NA,-0.0023182286684682,NA,-1.08450153671777e-05,NA,-187.845207277419,-292.843467906631,0.358547388404405,FALSE,0.91784203456926
"sm_centro","class_weights",5,3,456,0,0.798245614035088,0.757535615942696,-47.7169045323286,-0.418569338002882,0.745240094301871,0.213418347148199,114,0.423076923076923,1,0.594594594594595,0.804878048780488,0.891891891891892,0.846153846153846,1,0.712121212121212,0.831858407079646,-3.31521257130667,NA,0,NA,-1.71941516034439,NA,0.0120723154365511,NA,-0.0018718376507271,NA,-0.000505485952488161,NA,1.34475380476084,NA,1.56853886641646e-05,NA,-0.00246406476769808,NA,-2.002795851254e-06,NA,-209.421136459021,-296.186919133428,0.292942655699528,FALSE,-0.155052082640235
"sm_centro","class_weights",5,4,456,0,0.798245614035088,0.735043432160189,-56.5904250226359,-0.496407237040666,0.740083666062925,0.19024756662378,114,0.4,0.727272727272727,0.516129032258065,0.765957446808511,0.972972972972973,0.857142857142857,1,0.712121212121212,0.831858407079646,-5.09760438265832,NA,0,NA,-2.46864667530685,NA,0.0200253578310527,NA,-0.00170924337431367,NA,-0.000641555227417104,NA,1.64303361294372,NA,2.30683056902411e-05,NA,-0.00568569010051785,NA,-2.82144631282146e-06,NA,-195.107800294518,-293.662261662056,0.335604789017642,FALSE,-0.0853539491645539
"sm_centro","class_weights",6,0,456,0,0.824561403508772,0.797471264367816,-50.9806231234897,-0.447198448451664,0.736844718995786,0.15963958155878,114,0.6,0.9,0.72,0.72,0.972972972972973,0.827586206896552,1,0.73134328358209,0.844827586206896,-2.98783818353657,NA,0,NA,-1.40975462838784,NA,0.0113743967587843,NA,-0.00170352831076849,NA,-0.000349517280844434,NA,1.0647725530878,NA,1.3882685198349e-05,NA,-0.00198908242669834,NA,-8.08380649871897e-06,NA,-203.752421550354,-292.120348552651,0.302505208692678,FALSE,-0.149768673178458
"sm_centro","class_weights",6,1,456,0,0.771929824561403,0.716075591075591,-52.1384988289084,-0.457355252885162,0.743505001618651,0.256468574244759,114,0.310344827586207,0.9,0.461538461538462,0.85,0.918918918918919,0.883116883116883,1,0.671641791044776,0.803571428571429,-4.11172876235794,NA,0,NA,-2.13887261235081,NA,0.0121864127714923,NA,-0.00152904686964304,NA,-0.000721927698630323,NA,1.48049809617402,NA,1.61376255513277e-05,NA,-0.00506248416974628,NA,-6.15098790593633e-06,NA,-204.661241933821,-296.082031152618,0.308768447929464,FALSE,-0.125471449089591
"sm_centro","class_weights",6,2,456,0,0.736842105263158,0.684110334110334,-63.4509927589225,-0.556587655780022,0.708936991323468,0.276813084181634,114,0.310344827586207,0.818181818181818,0.45,0.780487804878049,0.864864864864865,0.820512820512821,0.977272727272727,0.651515151515151,0.781818181818182,-2.69316378829179,1.15780444674982,0,NA,-1.20263500475254,0.697826163262764,-0.0143649694676717,0.0145708794379403,-0.00286558401957914,0.00128598115607535,-0.000957451883818735,0.000469890389768824,1.28308697488316,0.974834852401791,1.68076482448402e-05,7.81996752700813e-06,-0.0013676914191905,0.00300632758185436,-7.21591496291538e-06,5.85628992059897e-06,-197.98937940478,-297.29891160709,0.334039339954116,TRUE,0.199484170573986
"sm_centro","class_weights",6,3,456,0,0.798245614035088,0.742355327150649,-48.65697899206,-0.426815605193509,0.759323143016083,0.161451384315109,114,0.409090909090909,0.818181818181818,0.545454545454546,0.772727272727273,0.918918918918919,0.839506172839506,1,0.727272727272727,0.842105263157895,-3.94181663008944,1.20382688869041,0,NA,-1.86327501072227,0.749460199013583,0.0153097364199836,0.017480753651187,-0.00206688363840305,0.0011236210737603,-0.000849590732114781,0.000463692756902466,1.39756080352875,0.905161084849438,2.20010297101677e-05,8.25697408499993e-06,-0.00107221511377013,0.00310492710319624,-1.04408953400558e-06,5.93806686361079e-06,-202.989708354007,-297.275054428341,0.317165347949038,TRUE,-0.135004521417179
"sm_centro","class_weights",6,4,456,0,0.692982456140351,0.632064960815787,-73.8276105512102,-0.647610618870265,0.672853793807233,0.313274527067483,114,0.304347826086957,0.636363636363636,0.411764705882353,0.634615384615385,0.891891891891892,0.741573033707865,1,0.590909090909091,0.742857142857143,-5.01105551584868,NA,0,NA,-2.83986482751187,NA,0.0268259005934247,NA,-0.00084881024391254,NA,-9.29499714793208e-05,NA,1.18784445616516,NA,2.88093973221809e-05,NA,-0.00539492983180266,NA,2.56498964980784e-06,NA,-184.893215435457,-287.252513169823,0.356339085095669,FALSE,-0.0316414444673142
"sm_centro","class_weights",7,0,456,0,0.807017543859649,0.762110410080729,-53.4652853369851,-0.468993731026185,0.749378089273918,0.252886280603585,114,0.434782608695652,1,0.606060606060606,0.785714285714286,0.891891891891892,0.835443037974683,1,0.73134328358209,0.844827586206896,-3.61792313613254,NA,0,NA,-1.81675610899869,NA,0.01169619388211,NA,-0.001224693906814,NA,-0.000481740987786497,NA,1.07713254927035,NA,2.2898429764202e-05,NA,-0.0029196741546278,NA,-5.27725280173579e-06,NA,-208.683978183104,-297.447890768945,0.298418362814319,FALSE,-0.104708755613844
"sm_centro","class_weights",7,1,456,0,0.728070175438597,0.654753717972109,-67.6502574639938,-0.593423311087665,0.69862743699821,0.288186287503057,114,0.315789473684211,0.6,0.413793103448276,0.666666666666667,0.972972972972973,0.791208791208791,1,0.611940298507463,0.759259259259259,-2.98474671593533,NA,0,NA,-1.68799975984164,NA,-0.0111592359272492,NA,-0.00276356014469672,NA,-0.000938061207743739,NA,1.25431376464824,NA,1.52223893434718e-05,NA,-0.00132783372928532,NA,-3.56284265559168e-06,NA,-186.078951058137,-289.329183990031,0.356860761531236,FALSE,0.247647792618894
"sm_centro","class_weights",7,2,456,0,0.754385964912281,0.691741741741742,-54.11845605072,-0.474723298690527,0.725514886758944,0.205872639514646,114,0.307692307692308,0.727272727272727,0.432432432432432,0.790697674418605,0.918918918918919,0.85,0.977777777777778,0.666666666666667,0.792792792792793,-4.28502883322754,NA,0,NA,-1.53499261803813,NA,0.0266200994176528,NA,-0.00203877177146826,NA,-0.000238218623637972,NA,1.49539226295121,NA,2.52133897246876e-05,NA,-0.00139161782844937,NA,-4.04966558843052e-06,NA,-196.084965609266,-294.357344704527,0.333854007257424,FALSE,-0.0765876843463728
"sm_centro","class_weights",7,3,456,0,0.754385964912281,0.698993833171048,-60.7114365277485,-0.532556460769724,0.710144515566139,0.252428034698673,114,0.321428571428571,0.818181818181818,0.461538461538462,0.785714285714286,0.891891891891892,0.835443037974683,1,0.666666666666667,0.8,-4.65238507385083,NA,0,NA,-2.52149264042326,NA,0.0158780841653412,NA,-0.00215711632785622,NA,-0.000983952609508676,NA,1.23121244548395,NA,2.00889500322519e-05,NA,-0.00627594233640243,NA,-2.36932735039189e-06,NA,-194.340909701965,-291.667787652509,0.333690870472465,FALSE,-0.135854949841164
"sm_centro","class_weights",7,4,456,0,0.789473684210526,0.756641863168495,-50.413203316089,-0.442221081720079,0.754400292247893,0.194991556176365,114,0.5,0.909090909090909,0.645161290322581,0.714285714285714,0.945945945945946,0.813953488372093,1,0.681818181818182,0.810810810810811,-3.58475491688417,NA,0,NA,-1.95558748643401,NA,0.0133574260025614,NA,-0.00111957178355953,NA,-0.000347595533537947,NA,1.4510629490914,NA,1.69365695375397e-05,NA,-0.00275025140049749,NA,-2.95177057558806e-06,NA,-209.511449561314,-297.22129350524,0.295099462456179,FALSE,-0.0838164316496938
"sm_centro","class_weights",8,0,456,0,0.789473684210526,0.748478941461398,-49.743176144434,-0.436343650389772,0.749319591521083,0.196312801606205,114,0.434782608695652,1,0.606060606060606,0.75,0.891891891891892,0.814814814814815,1,0.701492537313433,0.824561403508772,-3.87334073881947,NA,0,NA,-2.02148223787467,NA,0.0129785506685825,NA,-0.00083571286904206,NA,-0.000420973217820975,NA,1.57461655581031,NA,1.90492286549593e-05,NA,-0.00303746729926516,NA,-2.93324280168074e-06,NA,-208.99858865371,-297.864314393488,0.298342975125191,FALSE,-0.0643918485493988
"sm_centro","class_weights",8,1,456,0,0.736842105263158,0.596043937205192,-65.652952730816,-0.575903094129965,0.718588521675055,0.178167390295014,114,0.117647058823529,0.2,0.148148148148148,0.760869565217391,0.945945945945946,0.843373493975904,0.92156862745098,0.701492537313433,0.796610169491525,-4.35191296009289,1.41404238150998,0,NA,-1.65355237790175,0.760440389876711,-0.0209978996102389,0.0185700792624394,-0.00393114708953864,0.0014161360207673,-0.00103888779285552,0.000521275610486051,2.04839812909094,0.974673501277342,2.12736936177953e-05,8.13603497523062e-06,-0.00460128457749812,0.0033641062535174,-5.65262624852875e-06,6.19254675926122e-06,-181.507522986497,-294.483749048174,0.383641631929899,TRUE,0.187216205549518
"sm_centro","class_weights",8,2,456,0,0.789473684210526,0.736752203619674,-55.1825137824906,-0.4840571384429,0.724487162314332,0.220806819320029,114,0.409090909090909,0.818181818181818,0.545454545454546,0.760869565217391,0.945945945945946,0.843373493975904,1,0.696969696969697,0.821428571428572,-3.67796975233678,1.30087431282831,0,NA,-1.99484270059833,0.788851377191627,0.023291507586202,0.0174420029962678,-0.00121445533157903,0.00124113754598481,-0.000373342352687182,0.000463120173553358,0.544353756591614,0.958018896748512,2.28016141919644e-05,8.35304031694556e-06,-0.00335166310589111,0.00363743897719877,-4.47615101174839e-06,5.40331992884792e-06,-200.848763167757,-293.245838037513,0.315084011040374,TRUE,-0.0521415510389065
"sm_centro","class_weights",8,3,456,0,0.728070175438597,0.6652486070635,-67.2979528201745,-0.590332919475215,0.694195448918557,0.271674926649353,114,0.35,0.636363636363636,0.451612903225806,0.660377358490566,0.945945945945946,0.777777777777778,1,0.621212121212121,0.766355140186916,-3.46059995676136,NA,0,NA,-1.64585708676268,NA,0.0211627264046227,NA,-0.00266943478280778,NA,-0.000585858179930401,NA,0.642383915221859,NA,2.2775631168634e-05,NA,-0.000892301925551617,NA,-2.77723023456786e-06,NA,-190.494194953874,-288.726706556593,0.340226620440686,FALSE,-0.126138510311445
"sm_centro","class_weights",8,4,456,0,0.771929824561403,0.725438596491228,-54.4909452263782,-0.477990747599808,0.731528313179659,0.265156418060754,114,0.37037037037037,0.909090909090909,0.526315789473684,0.790697674418605,0.918918918918919,0.85,1,0.666666666666667,0.8,-3.37344527660432,NA,0,NA,-1.88223395727346,NA,0.00799779259305054,NA,-0.00151826684450059,NA,-0.000763672586542061,NA,1.62345120982731,NA,1.13262605665454e-05,NA,-0.00305167242693741,NA,-5.29451096043939e-06,NA,-207.703315013017,-295.643243120236,0.29745285966659,FALSE,-0.189835736152979
"sm_centro","class_weights",9,0,456,0,0.736842105263158,0.674588134765126,-58.2550461043867,-0.511009176354269,0.723910851715429,0.246995643830224,114,0.296296296296296,0.8,0.432432432432432,0.75609756097561,0.837837837837838,0.794871794871795,0.978260869565217,0.671641791044776,0.79646017699115,-3.80528383876439,NA,0,NA,-1.76943192585166,NA,0.0193548229404382,NA,-0.0022560978986174,NA,-0.000862487456544208,NA,0.845817038894947,NA,2.72938446282336e-05,NA,-0.000999289690928731,NA,-1.10746168479455e-06,NA,-201.147451584988,-295.684598570113,0.319722932619055,FALSE,-0.116565153065995
"sm_centro","class_weights",9,1,456,0,0.815789473684211,0.757686875271621,-46.1901147404134,-0.405176445091345,0.76596324831335,0.174179077319984,114,0.409090909090909,0.9,0.5625,0.804878048780488,0.891891891891892,0.846153846153846,1,0.761194029850746,0.864406779661017,-3.93402264283216,1.17947280033944,0,NA,-1.84899216683337,0.686764194289841,0.0111805185375779,0.0179466299698616,-0.00146817412870843,0.00114084403688511,-0.000514031713821877,0.000456568356743755,1.62885036129755,0.900643339668414,1.82944072351519e-05,7.69023834416302e-06,-0.00307470286572854,0.0030690002572584,-4.25503332406054e-06,5.09579394516188e-06,-204.909965706002,-296.834828970633,0.309683548872647,TRUE,-0.13131538790208
"sm_centro","class_weights",9,2,456,0,0.728070175438597,0.675925925925926,-59.0151437562172,-0.51767669961594,0.714193676555997,0.264385673805805,114,0.310344827586207,0.818181818181818,0.45,0.744186046511628,0.864864864864865,0.8,1,0.636363636363636,0.777777777777778,-3.85225457263563,NA,0,NA,-2.58845247134232,NA,-0.00207051356707505,NA,-0.00102022804792169,NA,-0.000743808022692565,NA,1.18794278763693,NA,1.70332265798586e-05,NA,-0.00628731070222106,NA,-2.79558163212861e-06,NA,-197.041626251315,-292.671796491633,0.326748840806232,FALSE,0.492741542072064
"sm_centro","class_weights",9,3,456,0,0.780701754385965,0.730837789661319,-53.520588246831,-0.469478844270447,0.738518074114848,0.195325057559414,114,0.409090909090909,0.818181818181818,0.545454545454546,0.75,0.972972972972973,0.847058823529412,1,0.666666666666667,0.8,-3.7715402221569,1.22099886697251,0,NA,-1.54479286714859,0.676445123679403,0.0188938104933032,0.0187880537491052,-0.00181797466192793,0.00120438404190856,-0.000234508711573412,0.00047349966405102,1.36016620397469,0.952647324583733,2.28360446299742e-05,8.36471976190141e-06,-0.0010084261489499,0.00291714103262188,-3.77885962437528e-06,5.538128285937e-06,-200.617057392293,-295.210531474981,0.32042716636857,TRUE,-0.0962206465748294
"sm_centro","class_weights",9,4,456,0,0.719298245614035,0.667119155354449,-65.3657619911144,-0.573383877115039,0.691950490368249,0.280055699162847,114,0.347826086956522,0.727272727272727,0.470588235294118,0.679245283018868,0.972972972972973,0.8,1,0.575757575757576,0.730769230769231,-3.7950824460615,NA,0,NA,-1.77860225126271,NA,0.0110211397530412,NA,-0.00252548596958575,NA,-0.000568138346539462,NA,1.53923056608361,NA,1.3987866185567e-05,NA,-0.00381981429446663,NA,-6.65158448163863e-06,NA,-192.948004906586,-289.566325640031,0.333665596370326,FALSE,-0.229149255537646
