"dataset","metodo","repeticion","fold","n_train","n_sinteticos","accuracy","f1_macro","loglik_holdout","loglik_media","prob_media_observada","l1_market_share","n_valid","precision_1","recall_1","f1_1","precision_2","recall_2","f1_2","precision_3","recall_3","f1_3","beta_asc_train","se_asc_train","beta_asc_sm","se_asc_sm","beta_asc_car","se_asc_car","beta_b_time","se_b_time","beta_b_cost","se_b_cost","loglik_train","loglik_nula","rho2","convergio","vot"
"swissmetro","original",0,0,8568,0,0.567693744164332,0.254436813378254,-1989.82532020422,-0.928956732121483,0.448647670127709,0.00192235214139555,2142,NA,0,0,0.580318379160637,0.967041800643087,0.7253542357552,0.188405797101449,0.0211038961038961,0.037956204379562,-1.06123613360619,0.0426026530237423,0,NA,-0.385482339748941,0.0306908030783961,-0.00467231735746912,0.000344364339853983,0.000336822700437861,1.87165113568363e-05,-7874.09089939563,-9412.91008930837,0.163479643947795,TRUE,NA
"swissmetro","original",0,1,8568,0,0.580765639589169,0.256193437612986,-1967.98823798213,-0.918762015864674,0.448138130606227,0.00167357275620228,2142,NA,0,0,0.582978723404255,0.99195494770716,0.734365693865396,0.407407407407407,0.0178571428571429,0.0342146189735614,-1.12656490903401,0.0451544703558085,0,NA,-0.412322655476833,0.03119587489292,-0.00382949752076518,0.000386387759555149,0.000335757924234019,1.88816431081028e-05,-7894.54100290712,-9412.91008930837,0.1613070848436,TRUE,NA
"swissmetro","original",0,2,8568,0,0.572829131652661,0.2464505712592,-1978.37527182452,-0.923611238013314,0.448435088608465,0.00349472785001714,2142,NA,0,0,0.580094786729858,0.984714400643604,0.730092454518342,0.09375,0.00487012987012987,0.00925925925925926,-1.10212712196093,0.0453431860774427,0,NA,-0.399769202561701,0.0314169993673567,-0.0041902393773185,0.000393701688743979,0.00033861338358323,1.90347897052601e-05,-7883.70194120721,-9412.91008930837,0.162458595013895,TRUE,NA
"swissmetro","original",0,3,8568,0,0.574696545284781,0.248518494817321,-1961.71519505907,-0.915833424397324,0.450992817291002,0.000557632316233153,2142,NA,0,0,0.579395085066163,0.986323411102172,0.729979160464424,0.192307692307692,0.00811688311688312,0.0155763239875389,-1.12730791064112,0.0449560843202076,0,NA,-0.41578654029457,0.0311296536439598,-0.00384569233676846,0.000385372442718836,0.000327518415436312,1.81259968320922e-05,-7900.70083515061,-9412.91008930837,0.160652682306548,TRUE,NA
"swissmetro","original",0,4,8568,0,0.579831932773109,0.253771114226355,-1969.40148699787,-0.919421795984065,0.44836260585447,0.00172135011819374,2142,NA,0,0,0.581329561527581,0.99195494770716,0.733055885850178,0.428571428571429,0.0146103896103896,0.0282574568288854,-1.11346376224016,0.0448111457535371,0,NA,-0.410513000160409,0.0310415664149958,-0.00401948029716522,0.000381842406827072,0.000327744151254667,1.88363703543111e-05,-7892.67458118251,-9412.91008930837,0.161505368021374,TRUE,NA
"swissmetro","original",1,0,8568,0,0.57516339869281,0.255542962230742,-1982.68412014984,-0.925622838538674,0.448127837919174,0.000393722272623437,2142,NA,0,0,0.581783500238436,0.980707395498392,0.730320263394193,0.266666666666667,0.0194805194805195,0.0363086232980333,-1.09212399740374,0.0442631047414484,0,NA,-0.394368906258168,0.0309341714791841,-0.00426652675564763,0.000375906556700014,0.000347694040821077,1.88011703286056e-05,-7879.64512384622,-9412.91008930837,0.162889579408997,TRUE,NA
"swissmetro","original",1,1,8568,0,0.579365079365079,0.251692917308059,-1957.17165763852,-0.913712258468028,0.451016981144267,0.00513847446512156,2142,NA,0,0,0.580979284369115,0.992759452936444,0.732996732996733,0.388888888888889,0.0113636363636364,0.0220820189274448,-1.13857412674429,0.0448449512401443,0,NA,-0.424476621229496,0.0309418299119708,-0.00372186267917899,0.000379772916074331,0.000321619495440988,1.89073724502692e-05,-7905.75731473982,-9412.91008930837,0.160115496724062,TRUE,NA
"swissmetro","original",1,2,8568,0,0.572362278244631,0.248234872228351,-1979.45487734646,-0.924115255530562,0.44780008749845,0.00199326243196898,2142,NA,0,0,0.580047505938242,0.982300884955752,0.729390681003584,0.135135135135135,0.00811688311688312,0.0153139356814701,-1.09659141542118,0.0439958076762219,0,NA,-0.399304162406724,0.0310949111071051,-0.00422630258707573,0.000367586860595506,0.000335182876699314,1.86764157367161e-05,-7882.64051092252,-9412.91008930837,0.162571358258696,TRUE,NA
"swissmetro","original",1,3,8568,0,0.567226890756303,0.250561229540875,-1979.15205355646,-0.923973881212166,0.448457672148982,0.00377664029866356,2142,NA,0,0,0.578694817658349,0.970233306516492,0.72497745716862,0.155172413793103,0.0146103896103896,0.0267062314540059,-1.09516371410131,0.0453166246376438,0,NA,-0.395004144568923,0.0313187015627939,-0.00425673508948241,0.000396145096946669,0.000342795728077652,1.8777572832503e-05,-7883.05694500219,-9412.91008930837,0.162527117521696,TRUE,NA
"swissmetro","original",1,4,8568,0,0.581699346405229,0.255695320487078,-1966.68108263514,-0.918151765936105,0.449308117474906,0.00243386742493862,2142,NA,0,0,0.584120982986768,0.994368463395012,0.735933313486157,0.384615384615385,0.0162337662337662,0.0311526479750779,-1.10875808706009,0.0447846488539252,0,NA,-0.410719211522367,0.0312435782798933,-0.00407804804956717,0.000379408642921099,0.000319785623655396,1.8436116375942e-05,-7895.5431363519,-9412.91008930837,0.161200621121407,TRUE,NA
"swissmetro","original",2,0,8568,0,0.57609710550887,0.251859666418665,-1965.01083718154,-0.917372006153845,0.449369752521035,0.00351532658392645,2142,NA,0,0,0.58076740881099,0.985530546623794,0.730849478390462,0.258064516129032,0.012987012987013,0.0247295208655332,-1.11509742037796,0.0454892550330296,0,NA,-0.409077658767385,0.0314374245054512,-0.00399653956094801,0.000394980906268443,0.000326774288892009,1.84831585968051e-05,-7897.10033962351,-9412.91008930837,0.161035188406461,TRUE,NA
"swissmetro","original",2,1,8568,0,0.57609710550887,0.249828300109094,-1965.06492859469,-0.917397258914422,0.449665222351566,0.00126123123649682,2142,NA,0,0,0.579792256846081,0.98793242156074,0.730734900327283,0.25,0.00974025974025974,0.01875,-1.11617483957863,0.0442001408943296,0,NA,-0.412496077441153,0.0310443520657509,-0.00400567522696147,0.000373494938063505,0.000323238158293003,1.89833683851861e-05,-7897.09035487049,-9412.91008930837,0.16103624915738,TRUE,NA
"swissmetro","original",2,2,8568,0,0.57563025210084,0.25500647721199,-1995.24115499126,-0.931485133049139,0.446498292343039,0.000484560624810976,2142,NA,0,0,0.58273724368145,0.983105390185036,0.731736526946108,0.244444444444444,0.0178571428571429,0.0332829046898638,-1.08968590386871,0.0446800654127979,0,NA,-0.388089672931347,0.0309630849459899,-0.00425983785854644,0.000382296449299998,0.000366437290838087,1.87463159083032e-05,-7868.02594501305,-9412.91008930837,0.164123966938776,TRUE,NA
"swissmetro","original",2,3,8568,0,0.57889822595705,0.253897960470564,-1968.23508421387,-0.91887725686922,0.449316311187346,0.00095842548591285,2142,NA,0,0,0.582859848484849,0.990345937248592,0.733830104321908,0.3,0.0146103896103896,0.0278637770897833,-1.11249065992275,0.0453383752865251,0,NA,-0.410717785990791,0.0313008217081923,-0.00404380690377272,0.000388473801771963,0.000324141862711323,1.85946511627693e-05,-7893.87775786893,-9412.91008930837,0.161377546053991,TRUE,NA
"swissmetro","original",2,4,8568,0,0.573295985060691,0.249454925128821,-1971.66197729082,-0.920477113581147,0.4499386407135,0.00176531512776373,2142,NA,0,0,0.580522565320665,0.983105390185036,0.729988052568698,0.162162162162162,0.00974025974025974,0.0183767228177642,-1.09838719810087,0.0434371113136398,0,NA,-0.404042884198493,0.0307814847448989,-0.00423397903502042,0.000357974227487521,0.00032673615094099,1.87411682896504e-05,-7890.53448513097,-9412.91008930837,0.161732725558123,TRUE,NA
"swissmetro","original",3,0,8568,0,0.57609710550887,0.250966492864005,-1971.93823820592,-0.920606086930869,0.44775407991303,0.00769169461719141,2142,NA,0,0,0.580965909090909,0.986334405144695,0.731227651966627,0.233333333333333,0.0113636363636364,0.021671826625387,-1.10677023689884,0.0446487891389465,0,NA,-0.40315041477894,0.0312168140454797,-0.00409204363895806,0.000378443421197121,0.000328387715677079,1.8510909621883e-05,-7890.11506784557,-9412.91008930837,0.161777283222163,TRUE,NA
"swissmetro","original",3,1,8568,0,0.57609710550887,0.249049414357527,-1970.1053391212,-0.919750391746594,0.450175939034322,0.00529838949327593,2142,NA,0,0,0.580538497874351,0.988736926790024,0.731547619047619,0.2,0.00811688311688312,0.015600624024961,-1.11124762420161,0.0446636329218487,0,NA,-0.409451997740757,0.0311544072789062,-0.00405632412843179,0.000379664462559716,0.000333090795483547,1.85609102926171e-05,-7891.92914205661,-9412.91008930837,0.161584561290919,TRUE,NA
"swissmetro","original",3,2,8568,0,0.57889822595705,0.251800400747624,-1962.44187605558,-0.916172677897097,0.450366488003926,0.00314370985634202,2142,NA,0,0,0.581878244454932,0.99195494770716,0.733491969066032,0.304347826086957,0.0113636363636364,0.0219092331768388,-1.12199803232069,0.0451733508319082,0,NA,-0.415338801909164,0.0312455587118162,-0.00392138185109739,0.000389781827205523,0.00032562006704858,1.8548017124185e-05,-7899.79907618175,-9412.91008930837,0.16074848253839,TRUE,NA
"swissmetro","original",3,3,8568,0,0.57889822595705,0.257544449064855,-1971.69827303573,-0.920494058373357,0.44946752814844,0.00153873642393298,2142,NA,0,0,0.582621082621083,0.987127916331456,0.732756046581069,0.361111111111111,0.0211038961038961,0.0398773006134969,-1.10312503770703,0.0449886256901459,0,NA,-0.404328784122769,0.0309510895245296,-0.0041623326949404,0.000385828953036444,0.000331706359445519,1.91115450945322e-05,-7890.33804354773,-9412.91008930837,0.161753594936602,TRUE,NA
"swissmetro","original",3,4,8568,0,0.568627450980392,0.250129717668039,-1987.08413595042,-0.927677000910562,0.447143740667203,0.00231205093241771,2142,NA,0,0,0.579501915708812,0.973451327433628,0.726508555989193,0.148148148148148,0.012987012987013,0.0238805970149254,-1.08891537820927,0.0437400111214737,0,NA,-0.392174854755546,0.0309765827842019,-0.00430664000189496,0.000364952829197054,0.000347356911760608,1.88723277120686e-05,-7875.30328326109,-9412.91008930837,0.163350843836675,TRUE,NA
"swissmetro","original",4,0,8568,0,0.573295985060691,0.255072463768116,-1983.85795778439,-0.926170848638838,0.447569648304604,0.00234126893845488,2142,NA,0,0,0.581539933046389,0.977491961414791,0.729235382308846,0.235294117647059,0.0194805194805195,0.0359820089955022,-1.07984423239183,0.0436541043126236,0,NA,-0.393246170256336,0.0308480811752458,-0.00442052110743631,0.000363977971733382,0.000337740989752883,1.87083457771647e-05,-7878.73124610617,-9412.91008930837,0.162986667103598,TRUE,NA
"swissmetro","original",4,1,8568,0,0.57609710550887,0.250016750077421,-1966.37473364757,-0.918008745867212,0.449441301482454,0.00398876298396314,2142,NA,0,0,0.580614657210402,0.98793242156074,0.731387730792138,0.222222222222222,0.00974025974025974,0.0186625194401244,-1.11775706350022,0.0446490997163578,0,NA,-0.408123789426975,0.0310745785864468,-0.00395321709549091,0.000379991578372654,0.000332318743524166,1.8471823828425e-05,-7895.78320165167,-9412.91008930837,0.161175117287046,TRUE,NA
"swissmetro","original",4,2,8568,0,0.574696545284781,0.24979896861091,-1968.84625296993,-0.91916258308587,0.451486606802188,0.00612540365721873,2142,NA,0,0,0.580844001896633,0.985518905872888,0.73090692124105,0.181818181818182,0.00974025974025974,0.0184899845916795,-1.10536467453818,0.0448547053659298,0,NA,-0.407631964653689,0.031310430036852,-0.00415169367128058,0.000381557376278552,0.000329958753096974,1.87771201068701e-05,-7893.20474029914,-9412.91008930837,0.161449045469517,TRUE,NA
"swissmetro","original",4,3,8568,0,0.581232492997199,0.256117109450033,-1965.83326282098,-0.917755958366473,0.448934086284308,0.00256636949764177,2142,NA,0,0,0.582075471698113,0.992759452936444,0.733868569729408,0.5,0.0178571428571429,0.0344827586206896,-1.12587659866159,0.0450491438173952,0,NA,-0.413693670143972,0.0311292841696863,-0.00387519319054575,0.000386815089453701,0.000326643160090399,1.85705846911456e-05,-7896.50526419919,-9412.91008930837,0.161098407476725,TRUE,NA
"swissmetro","original",4,4,8568,0,0.57703081232493,0.250287868657603,-1979.14739313877,-0.923971705480286,0.447275548005918,0.000230892915708686,2142,NA,0,0,0.581010864430798,0.989541432019308,0.732142857142857,0.24,0.00974025974025974,0.0187207488299532,-1.10326771296757,0.0449932488853059,0,NA,-0.401842986156903,0.0311867713743173,-0.00413615960947207,0.000386290935716334,0.000339392138797322,1.90838284654576e-05,-7882.90804193721,-9412.91008930837,0.162542936547222,TRUE,NA
"swissmetro","original",5,0,8568,0,0.573295985060691,0.247672069102341,-1985.35524249405,-0.926869861108331,0.446485634212208,0.00644993020400994,2142,NA,0,0,0.581196581196581,0.983922829581994,0.730746268656716,0.111111111111111,0.00649350649350649,0.0122699386503067,-1.09313417546023,0.0453605934965892,0,NA,-0.392421588451861,0.0313647187779123,-0.00421788348193522,0.000390739127240565,0.00034960930823584,1.88256602796498e-05,-7876.99311204113,-9412.91008930837,0.163171321376139,TRUE,NA
"swissmetro","original",5,1,8568,0,0.57749766573296,0.249193867490397,-1963.6518995549,-0.916737581491549,0.450962636927682,0.0097839203098706,2142,NA,0,0,0.580037664783427,0.991150442477876,0.731808731808732,0.277777777777778,0.00811688311688312,0.0157728706624606,-1.12769575653108,0.0447037816455224,0,NA,-0.41955413008593,0.030796872340374,-0.00386207296842378,0.000382044409432832,0.000329205360844505,1.85935775530637e-05,-7898.73976613,-9412.91008930837,0.160861020535852,TRUE,NA
"swissmetro","original",5,2,8568,0,0.57563025210084,0.256784103750934,-1973.61515372841,-0.921388960657523,0.449833115758536,0.000873611244321365,2142,NA,0,0,0.58261700095511,0.981496379726468,0.731195684746779,0.270833333333333,0.0211038961038961,0.0391566265060241,-1.09389632529126,0.0438378000181323,0,NA,-0.402185478047725,0.0309535796274128,-0.00429781959928434,0.00036467438102165,0.000322836201967563,1.85484332197031e-05,-7888.8354012117,-9412.91008930837,0.161913231257545,TRUE,NA
"swissmetro","original",5,3,8568,0,0.580298786181139,0.256160652354125,-1970.52649327484,-0.919947008998525,0.448396519611382,0.000444633160116448,2142,NA,0,0,0.583333333333333,0.991150442477876,0.734426229508197,0.366666666666667,0.0178571428571429,0.0340557275541796,-1.11735449883081,0.045360335137541,0,NA,-0.40813186781778,0.0312884320256848,-0.0039482555699419,0.000391541324460554,0.000338329386338104,1.88343485470285e-05,-7891.7064960987,-9412.91008930837,0.161608214545417,TRUE,NA
"swissmetro","original",5,4,8568,0,0.571895424836601,0.248668518390989,-1971.62424260791,-0.920459497015831,0.449003478880682,0.0043126836496403,2142,NA,0,0,0.578273244781784,0.980691874497184,0.727544016711429,0.176470588235294,0.00974025974025974,0.0184615384615385,-1.09974766548651,0.0439617049090979,0,NA,-0.401689942445706,0.0311565825885583,-0.00421338860977521,0.000369531757179316,0.000326847835977537,1.87940806917828e-05,-7890.53894007276,-9412.91008930837,0.161732252278154,TRUE,NA
"swissmetro","original",6,0,8568,0,0.579831932773109,0.251879325895074,-1969.43728000087,-0.919438506069499,0.449511105561085,0.00330521042882362,2142,NA,0,0,0.581723975506359,0.992765273311897,0.733590733590734,0.368421052631579,0.0113636363636364,0.0220472440944882,-1.12199517719324,0.0450017882923337,0,NA,-0.411322920009625,0.0311234313651889,-0.0038868862627027,0.00038616001489152,0.000339943685564416,1.89021875202519e-05,-7892.99419609997,-9412.91008930837,0.16147141306861,TRUE,NA
"swissmetro","original",6,1,8568,0,0.574229691876751,0.252494622479857,-1971.17957967903,-0.920251904612059,0.450587207178895,0.000872696368849263,2142,NA,0,0,0.580875356803045,0.982300884955752,0.730044843049327,0.225,0.0146103896103896,0.0274390243902439,-1.09922155355488,0.043601670097908,0,NA,-0.40446418081763,0.030838540319852,-0.00422018074175999,0.000355996604376841,0.000323371778106067,1.85744596298233e-05,-7891.07530913994,-9412.91008930837,0.161675269999339,TRUE,NA
"swissmetro","original",6,2,8568,0,0.571895424836601,0.252715579787091,-1982.61903751471,-0.925592454488659,0.446966664735118,0.00345014031337307,2142,NA,0,0,0.579952267303103,0.977473853580048,0.72798082684242,0.212765957446809,0.0162337662337662,0.0301659125188537,-1.08406121873305,0.0443109104357458,0,NA,-0.393853446119139,0.0311055834321327,-0.00439638828287436,0.000376938430156009,0.000332924455723743,1.88048009005098e-05,-7879.91732853502,-9412.91008930837,0.162860661180073,TRUE,NA
"swissmetro","original",6,3,8568,0,0.57609710550887,0.253936889020622,-1971.45517247114,-0.920380566046284,0.448347495191799,0.00481725948723841,2142,NA,0,0,0.581472684085511,0.984714400643604,0.731182795698925,0.27027027027027,0.0162337662337662,0.0306278713629403,-1.10603563567179,0.0455583580645256,0,NA,-0.402530152006658,0.0315400104608597,-0.00412380504611264,0.000396347465028574,0.000331906731808117,1.8940381194841e-05,-7890.56661174494,-9412.91008930837,0.161729312520745,TRUE,NA
"swissmetro","original",6,4,8568,0,0.57843137254902,0.249589867886398,-1970.04194159141,-0.91972079439375,0.449338369979475,0.00514239944519146,2142,NA,0,0,0.580979284369115,0.992759452936444,0.732996732996733,0.277777777777778,0.00811688311688312,0.0157728706624606,-1.12025870188625,0.0446760147200754,0,NA,-0.411833663327269,0.0309229668412355,-0.0039166561359979,0.000381594084983801,0.000338535278368572,1.83521354652557e-05,-7892.27782256476,-9412.91008930837,0.161547518494924,TRUE,NA
"swissmetro","original",7,0,8568,0,0.57889822595705,0.253533735517823,-1973.03891541475,-0.921119941836952,0.449869675230201,0.00359861757555149,2142,NA,0,0,0.581483230987246,0.989549839228296,0.732520083308539,0.36,0.0146103896103896,0.0280811232449298,-1.10542384906743,0.0436279164898347,0,NA,-0.404751668990301,0.0307393243073017,-0.00409791146853943,0.000362276046153422,0.000339106866951787,1.86208578361874e-05,-7889.02086746788,-9412.91008930837,0.161893527865669,TRUE,NA
"swissmetro","original",7,1,8568,0,0.571895424836601,0.25196891852697,-1973.68824832265,-0.921423085117949,0.448236940196646,0.00559946831243668,2142,NA,0,0,0.580706781279847,0.978278358809332,0.728798321845969,0.1875,0.0146103896103896,0.0271084337349398,-1.09639357810519,0.0456411243228756,0,NA,-0.399364137335401,0.0315650142663049,-0.00425442944516937,0.000396916067494033,0.00032775898551346,1.866627254065e-05,-7888.53504082841,-9412.91008930837,0.161945140664991,TRUE,NA
"swissmetro","original",7,2,8568,0,0.572362278244631,0.247782909540002,-1964.8879250875,-0.917314624223858,0.448721888562514,0.000716029799912477,2142,NA,0,0,0.578125,0.982300884955752,0.727868852459016,0.166666666666667,0.00811688311688312,0.0154798761609907,-1.11554501646879,0.0448337274074523,0,NA,-0.411385878568922,0.0311756114988041,-0.00401201397249741,0.00038777861907049,0.000324649564684692,1.90108389046595e-05,-7897.23524696472,-9412.91008930837,0.161020856245638,TRUE,NA
"swissmetro","original",7,3,8568,0,0.579365079365079,0.25392129347031,-1973.27198584917,-0.921228751563572,0.448273685783695,0.00475776126590019,2142,NA,0,0,0.582505910165485,0.991150442477876,0.733770101250744,0.333333333333333,0.0146103896103896,0.0279937791601866,-1.11860796506342,0.0455216090537336,0,NA,-0.406141042490335,0.0314160936560915,-0.00390733109499192,0.000389345656005543,0.000341851214352384,1.87713366291072e-05,-7889.15340436096,-9412.91008930837,0.161879447534314,TRUE,NA
"swissmetro","original",7,4,8568,0,0.57516339869281,0.249871507626441,-1978.85740688858,-0.923836324411102,0.449804399119857,0.00635020427957336,2142,NA,0,0,0.58076740881099,0.986323411102172,0.731067382230173,0.193548387096774,0.00974025974025974,0.0185471406491499,-1.09611928279039,0.0435741389285808,0,NA,-0.402873266278963,0.0306840503956874,-0.0042681219219784,0.00036125957098038,0.000332928296166843,1.85414046641473e-05,-7883.32622018992,-9412.91008930837,0.162498510514385,TRUE,NA
"swissmetro","original",8,0,8568,0,0.580765639589169,0.250185275350515,-1961.85433571356,-0.915898382686068,0.450448579603619,0.00346438379206376,2142,NA,0,0,0.581963363081259,0.995980707395498,0.734657574859176,0.384615384615385,0.00811688311688312,0.0158982511923688,-1.12313375954149,0.0448602109848414,0,NA,-0.415858079286834,0.03111879696963,-0.00389070157078126,0.000383024868284699,0.000326861896513897,1.8498738175368e-05,-7900.44504162949,-9412.91008930837,0.160679857061081,TRUE,NA
"swissmetro","original",8,1,8568,0,0.5765639589169,0.251114910224364,-1966.71890924836,-0.918169425419404,0.44902832212039,0.0006179474851154,2142,NA,0,0,0.580889309366131,0.98793242156074,0.731605600238308,0.25,0.0113636363636364,0.0217391304347826,-1.12132283099087,0.0448937501835783,0,NA,-0.413475366418944,0.0311407162410517,-0.00391995298401848,0.000383491193779533,0.000326217472018045,1.85471114403305e-05,-7895.51632930841,-9412.91008930837,0.161203469023197,TRUE,NA
"swissmetro","original",8,2,8568,0,0.571428571428571,0.256360734356325,-1988.88244250978,-0.92851654645648,0.446741097814783,0.005139442175982,2142,NA,0,0,0.580892942870859,0.973451327433628,0.727600721587492,0.23728813559322,0.0227272727272727,0.0414814814814815,-1.07822217377768,0.0445435443735875,0,NA,-0.387192869352781,0.0311326550524633,-0.00444333874132044,0.000379897641470395,0.000344550379733393,1.87823066099933e-05,-7873.83714066869,-9412.91008930837,0.163506602531753,TRUE,NA
"swissmetro","original",8,3,8568,0,0.571895424836601,0.254820552432448,-1988.31282383511,-0.928250618036931,0.446683393906318,0.00766105995106056,2142,NA,0,0,0.581495685522531,0.97586484312148,0.728747371583058,0.214285714285714,0.0194805194805195,0.0357142857142857,-1.0846961478881,0.0448529029369178,0,NA,-0.388125956331276,0.0312088342782048,-0.00437272638600269,0.000385145188861603,0.00034539370625006,1.85690523020925e-05,-7874.20021274848,-9412.91008930837,0.163468030817338,TRUE,NA
"swissmetro","original",8,4,8568,0,0.57889822595705,0.251800400747624,-1959.81602061756,-0.914946788336862,0.451811902716709,0.00878636946119049,2142,NA,0,0,0.581878244454932,0.99195494770716,0.733491969066032,0.304347826086957,0.0113636363636364,0.0219092331768388,-1.12333920559478,0.0439121986332973,0,NA,-0.418962356222016,0.03088220277536,-0.00393071118849927,0.000364487307618599,0.000323168283390204,1.91956916072407e-05,-7902.46081464865,-9412.91008930837,0.160465707239184,TRUE,NA
"swissmetro","original",9,0,8568,0,0.57796451914099,0.250864443844056,-1963.57689750008,-0.916702566526649,0.452152753548689,0.00197748294274766,2142,NA,0,0,0.583057264552769,0.990353697749196,0.733988680369377,0.206896551724138,0.00974025974025974,0.0186046511627907,-1.11297776366321,0.0441382612616394,0,NA,-0.409995633793367,0.0310137995838059,-0.00401019775737045,0.000363376440500643,0.00032827291552321,1.87542486668313e-05,-7898.50399298697,-9412.91008930837,0.160886068384051,TRUE,NA
"swissmetro","original",9,1,8568,0,0.579831932773109,0.254061483585736,-1968.86343419777,-0.91917060420064,0.448303555778841,0.00201861517171764,2142,NA,0,0,0.582703213610586,0.99195494770716,0.734147067579637,0.346153846153846,0.0146103896103896,0.0280373831775701,-1.12199569241577,0.0450081475375285,0,NA,-0.410698522175083,0.03127190797728,-0.00389181540212331,0.00038627920772437,0.000334101676106372,1.81560233861523e-05,-7893.44603898896,-9412.91008930837,0.161423410603409,TRUE,NA
"swissmetro","original",9,2,8568,0,0.573762838468721,0.252236615365428,-1979.74509193976,-0.9242507432025,0.448987017929492,0.00550940636764599,2142,NA,0,0,0.580123632905373,0.981496379726468,0.72922893006575,0.230769230769231,0.0146103896103896,0.0274809160305344,-1.09607924027161,0.0438928423470213,0,NA,-0.400116048627841,0.0309162589248787,-0.00425515343267239,0.000369678574229401,0.000340017584400907,1.89930250429061e-05,-7882.42450269095,-9412.91008930837,0.162594306340588,TRUE,NA
"swissmetro","original",9,3,8568,0,0.572829131652661,0.254202366344419,-1983.43160979194,-0.925971806625557,0.447305361325535,0.00116851185347369,2142,NA,0,0,0.581818181818182,0.978278358809332,0.72967296729673,0.211538461538462,0.0178571428571429,0.0329341317365269,-1.0795500078487,0.0452012437963508,0,NA,-0.394050148706498,0.0311596190568093,-0.00446479112450328,0.000390058341777546,0.000329800725621346,1.87968123431564e-05,-7879.43607636444,-9412.91008930837,0.162911788001217,TRUE,NA
"swissmetro","original",9,4,8568,0,0.57749766573296,0.25396544574812,-1969.2665862485,-0.919358817109477,0.448082335956333,0.00228819687526499,2142,NA,0,0,0.580141843971631,0.987127916331456,0.730792138177487,0.37037037037037,0.0162337662337662,0.031104199066874,-1.12091988878409,0.0448791156543527,0,NA,-0.40952183554388,0.0311383831228942,-0.00392562453852334,0.000387210063689664,0.000334024427313329,1.88827510386848e-05,-7892.95792666669,-9412.91008930837,0.161475266226978,TRUE,NA
"swissmetro","ROS",0,0,14916,6348,0.393090569561158,0.347445243404141,-2338.70624383399,-1.09183298031466,0.343402455754303,0.506478137464479,2142,0.127705627705628,0.209219858156028,0.158602150537634,0.615533980582524,0.254823151125402,0.360432063672541,0.4,0.756493506493506,0.523301516002246,0.388004953256692,0.0277651251879875,0,NA,0.360835259357831,0.0249889687521736,-0.00381818667455201,0.000244488816872019,0.000370611370854614,1.12476455661322e-05,-15960.1118676609,-16386.9008977735,0.0260445237800025,TRUE,NA
"swissmetro","ROS",0,1,14919,6351,0.38608776844071,0.334225896599402,-2326.66102340795,-1.08620962810829,0.342590581593636,0.508246852861704,2142,0.132832080200501,0.187279151943463,0.155425219941349,0.596026490066225,0.217216411906677,0.318396226415094,0.390697674418605,0.818181818181818,0.528856243441763,0.329411318993044,0.0305202575092328,0,NA,0.336491081752324,0.0252123576868779,-0.00304758957468343,0.000291287520508303,0.000369966818101913,1.1142921713591e-05,-15996.9849588449,-16390.1967346395,0.0239906684563221,TRUE,NA
"swissmetro","ROS",0,2,14919,6351,0.400560224089636,0.342556013873202,-2323.91331651143,-1.08492685177938,0.343996020795325,0.501703708418407,2142,0.113456464379947,0.151943462897526,0.129909365558912,0.628252788104089,0.271922767497989,0.37956204379562,0.389387755102041,0.774350649350649,0.518196632265073,0.377406280596586,0.0297011898346152,0,NA,0.357753982450486,0.0252315956218118,-0.00372688611498143,0.00027787860962462,0.000376139367286428,1.14280675460838e-05,-15959.0223590247,-16390.1967346395,0.0263068456465535,TRUE,NA
"swissmetro","ROS",0,3,14919,6351,0.387488328664799,0.324379043020907,-2321.8594737471,-1.0839680082853,0.343805974025175,0.510148948119296,2142,0.0945273631840796,0.134275618374558,0.110948905109489,0.653562653562654,0.213998390989541,0.322424242424242,0.394598649662416,0.853896103896104,0.539763981528989,0.317184485330881,0.0302066447181324,0,NA,0.337147152513387,0.0252908997985306,-0.00286415810308434,0.00028766216364479,0.000363370000453444,1.09172191245707e-05,-16001.1568170084,-16390.1967346395,0.0237361347108729,TRUE,NA
"swissmetro","ROS",0,4,14919,6351,0.38608776844071,0.332927001686842,-2324.25892120331,-1.08508819850761,0.343006001268513,0.506545527448007,2142,0.118072289156627,0.173144876325088,0.140401146131805,0.58936170212766,0.222847948511665,0.323409223584355,0.398568019093079,0.813311688311688,0.534970635344367,0.338549043461768,0.0300044369733325,0,NA,0.337429570935029,0.0250546607716567,-0.0031744986759007,0.000284938403344265,0.000365092997901825,1.10099718899125e-05,-15992.5431242185,-16390.1967346395,0.0242616740274142,TRUE,NA
"swissmetro","ROS",1,0,14916,6348,0.391690009337068,0.334004787696722,-2334.71674578689,-1.08997046955504,0.342641183748941,0.506420089300028,2142,0.111688311688312,0.152482269503546,0.128935532233883,0.598790322580645,0.238745980707395,0.341379310344828,0.395717684377478,0.810064935064935,0.531699520511454,0.355719762854773,0.0303133640095603,0,NA,0.352372046606413,0.0252155810604881,-0.00341817383526702,0.000290565846189099,0.000373595784774356,1.12018658240861e-05,-15964.8126630372,-16386.9008977735,0.025757660790739,TRUE,NA
"swissmetro","ROS",1,1,14919,6351,0.389355742296919,0.328922996948136,-2311.18120689999,-1.07898282301587,0.344705469885151,0.503318888595694,2142,0.1025,0.144876325088339,0.120058565153734,0.598214285714286,0.215607401448109,0.316972205795387,0.405718701700155,0.852272727272727,0.549738219895288,0.314103182181645,0.0291023968980669,0,NA,0.324778874028795,0.0248661758793054,-0.00288771701061423,0.000269102131464264,0.00035723327125874,1.07898624563402e-05,-16015.7580974686,-16390.1967346395,0.0228452802143345,TRUE,NA
"swissmetro","ROS",1,2,14919,6351,0.38608776844071,0.335523858592528,-2335.3676583476,-1.09027435030233,0.342335922310201,0.510192580574735,2142,0.123515439429929,0.183745583038869,0.147727272727273,0.623678646934461,0.237329042638777,0.343822843822844,0.384615384615385,0.779220779220779,0.515021459227468,0.369412250603121,0.028791769244281,0,NA,0.360906883866591,0.0252541420293292,-0.00351795351933221,0.00026018061996123,0.000370897269670817,1.06751875509912e-05,-15961.4476005308,-16390.1967346395,0.0261588766169373,TRUE,NA
"swissmetro","ROS",1,3,14919,6351,0.391690009337068,0.335659114246395,-2332.29381545167,-1.08883931627062,0.343068370079611,0.508365349797927,2142,0.121134020618557,0.166077738515901,0.140089418777943,0.623126338329764,0.234111021721641,0.340350877192982,0.389277389277389,0.813311688311688,0.526537046768261,0.356583427894542,0.0295007961618732,0,NA,0.360321841672437,0.0253222603127817,-0.00335769907478076,0.000274397060353082,0.000378340223370849,1.09699680083423e-05,-15971.0482378581,-16390.1967346395,0.025573121760983,TRUE,NA
"swissmetro","ROS",1,4,14919,6351,0.380952380952381,0.334249948316966,-2324.26148163546,-1.08508939385409,0.343322795501329,0.510048117894494,2142,0.124168514412417,0.197879858657244,0.152588555858311,0.602536997885835,0.229283990345937,0.332167832167832,0.389983579638752,0.771103896103896,0.517993456924755,0.352216464841562,0.0300853175294047,0,NA,0.341531183510635,0.02526214568379,-0.00333201255213876,0.000283707805396494,0.00035989778818221,1.09619138168691e-05,-15994.3617617592,-16390.1967346395,0.0241507151676686,TRUE,NA
"swissmetro","ROS",2,0,14916,6348,0.397292250233427,0.342244572569532,-2324.19197739916,-1.0850569455645,0.34329896256597,0.511255167930437,2142,0.130982367758186,0.184397163120567,0.153166421207658,0.63882618510158,0.227491961414791,0.335506816834618,0.3963133640553,0.837662337662338,0.538060479666319,0.336872200215437,0.0310141283678539,0,NA,0.344302316243316,0.0254705548916004,-0.00310556092922378,0.000299275144176225,0.000368424776322258,1.08516736668201e-05,-15985.3372001654,-16386.9008977735,0.0245051642231321,TRUE,NA
"swissmetro","ROS",2,1,14919,6351,0.38608776844071,0.327817417913795,-2320.03169292144,-1.0831147025777,0.344033661046941,0.507887032686085,2142,0.10969387755102,0.151943462897526,0.127407407407407,0.608888888888889,0.220434432823813,0.323685764914353,0.392307692307692,0.827922077922078,0.532359081419624,0.332457652061627,0.0294966605536799,0,NA,0.340897266997454,0.0251154186813469,-0.00307746351327924,0.000277175166422496,0.000366385754418762,1.10081029364094e-05,-15990.7279912207,-16390.1967346395,0.0243724190677088,TRUE,NA
"swissmetro","ROS",2,2,14919,6351,0.373482726423903,0.314517509175335,-2353.48918065224,-1.09873444474895,0.340139392755152,0.508605042706905,2142,0.106267029972752,0.137809187279152,0.12,0.562363238512035,0.206757843925986,0.302352941176471,0.382397572078907,0.818181818181818,0.521199586349535,0.354050468560839,0.0298119042132953,0,NA,0.362714166782421,0.0251296002684635,-0.00324501782898423,0.000280992476394161,0.000402083423282661,1.0645197551225e-05,-15939.8306660809,-16390.1967346395,0.0274777707583458,TRUE,NA
"swissmetro","ROS",2,3,14919,6351,0.392623716153128,0.335530740790058,-2318.84009798006,-1.08255840241833,0.344196511094346,0.503891935008265,2142,0.0983213429256595,0.144876325088339,0.117142857142857,0.61598440545809,0.254223652453741,0.359908883826879,0.399339933993399,0.785714285714286,0.529540481400438,0.353122235689466,0.0302954826911503,0,NA,0.341710166368195,0.0252077909335762,-0.00341028707311197,0.000289720508112595,0.00036717879310673,1.13425117401125e-05,-15987.1380770083,-16390.1967346395,0.0245914472020555,TRUE,NA
"swissmetro","ROS",2,4,14919,6351,0.388888888888889,0.338164155845766,-2321.92175123422,-1.0839970827424,0.344117365484651,0.505180991207532,2142,0.123831775700935,0.187279151943463,0.149085794655415,0.625267665952891,0.234915526950925,0.341520467836257,0.391339214113873,0.792207792207792,0.523886205045625,0.34768041678769,0.0281409623906605,0,NA,0.339703893652109,0.0249299546923118,-0.00331320035974671,0.000248212679089467,0.000359403277270453,1.11613840382985e-05,-16001.7686672332,-16390.1967346395,0.0236988044558017,TRUE,NA
"swissmetro","ROS",3,0,14916,6348,0.392623716153128,0.33731341571534,-2329.97233474817,-1.08775552509252,0.342784631159732,0.512460938265518,2142,0.117647058823529,0.170212765957447,0.139130434782609,0.612419700214133,0.229903536977492,0.334307422559907,0.400157853196527,0.823051948051948,0.538502389803505,0.367036275673219,0.0286631879122367,0,NA,0.359680270286442,0.0251995097248069,-0.00352120558105579,0.000257187673199079,0.000374298409855132,1.12086319156679e-05,-15962.8928531291,-16386.9008977735,0.0258748159453412,TRUE,NA
"swissmetro","ROS",3,1,14919,6351,0.398692810457516,0.344331780393112,-2321.93382791419,-1.0840027207816,0.344152906883937,0.504058999709123,2142,0.118357487922705,0.173144876325088,0.140602582496413,0.625754527162978,0.250201126307321,0.357471264367816,0.401299756295695,0.801948051948052,0.534921494315106,0.34883725953168,0.0287996904061208,0,NA,0.345821173399959,0.0251242527147535,-0.00329761931286567,0.00026290462454921,0.000366590576349862,1.06646141628229e-05,-15988.4536083783,-16390.1967346395,0.0245111838964172,TRUE,NA
"swissmetro","ROS",3,2,14919,6351,0.405695611577965,0.358637491834477,-2314.44972764731,-1.08050874306597,0.345413875167223,0.504021040641114,2142,0.142857142857143,0.219081272084806,0.172942817294282,0.633204633204633,0.263877715205149,0.3725156161272,0.402521008403361,0.777597402597403,0.530454042081949,0.362918960369826,0.0293100753480416,0,NA,0.346408527245803,0.0251184995082507,-0.00349522532460616,0.000271562149425153,0.000365542109044716,1.07442915244993e-05,-15986.3531574641,-16390.1967346395,0.0246393367763514,TRUE,NA
"swissmetro","ROS",3,3,14919,6351,0.393090569561158,0.341131594637991,-2321.17866905061,-1.08365017229254,0.344134722960929,0.50306777118183,2142,0.113122171945701,0.176678445229682,0.137931034482759,0.615853658536585,0.243765084473049,0.349279538904899,0.404801324503311,0.793831168831169,0.536184210526316,0.34802660948755,0.0303547350617646,0,NA,0.343335179741439,0.0250824322703178,-0.00332164341992834,0.000291693445011448,0.000378692211601291,1.16631211999248e-05,-15982.1720511921,-16390.1967346395,0.0248944347681376,TRUE,NA
"swissmetro","ROS",3,4,14919,6351,0.366013071895425,0.3123397543731,-2342.593496253,-1.09364775735434,0.341525905029603,0.509805496884061,2142,0.0976190476190476,0.144876325088339,0.116642958748222,0.589912280701754,0.216411906677393,0.316656856974691,0.374407582938389,0.769480519480519,0.503719447396387,0.364770443543579,0.0287761914153196,0,NA,0.359057089622999,0.0251530899587457,-0.00346505334270178,0.00026153341922114,0.000377599703765927,1.08430895641514e-05,-15964.9491167885,-16390.1967346395,0.0259452418257016,TRUE,NA
"swissmetro","ROS",4,0,14916,6348,0.380952380952381,0.331541079657302,-2336.87913481977,-1.09097998824452,0.342275059219821,0.507257429234043,2142,0.108932461873638,0.177304964539007,0.134952766531714,0.608786610878661,0.233922829581994,0.337979094076655,0.394190871369295,0.771103896103896,0.521691378363537,0.362614003516694,0.0284956285444858,0,NA,0.35139066963032,0.0249163036082738,-0.00346324365193936,0.000259268607181224,0.000376943314680748,1.08845350212255e-05,-15970.9576793657,-16386.9008977735,0.0253826651544787,TRUE,NA
"swissmetro","ROS",4,1,14919,6351,0.392623716153128,0.338872124968672,-2325.16100549022,-1.08550933963129,0.343630904855066,0.510994515232648,2142,0.126520681265207,0.183745583038869,0.14985590778098,0.628378378378378,0.224456958970233,0.330764671013634,0.396270396270396,0.827922077922078,0.535995796111403,0.351637920397256,0.0289500942119104,0,NA,0.350102865759356,0.0251745320894344,-0.00331040075177693,0.000263902591486453,0.000369722055269255,1.10001398383968e-05,-15991.4147882661,-16390.1967346395,0.0243305161511949,TRUE,NA
"swissmetro","ROS",4,2,14919,6351,0.402427637721755,0.34784023096028,-2315.47020483025,-1.08098515631664,0.346057176387415,0.500197358680924,2142,0.110588235294118,0.166077738515901,0.132768361581921,0.638576779026217,0.274336283185841,0.383792909397862,0.400676246830093,0.769480519480519,0.526959421901056,0.363652195184914,0.0293870118152028,0,NA,0.351569768118583,0.0252133124328732,-0.0035011250848728,0.000271128575175741,0.000371776322602108,1.07916301897234e-05,-15979.4111621248,-16390.1967346395,0.0250628823537283,TRUE,NA
"swissmetro","ROS",4,3,14919,6351,0.390756302521008,0.33554195039243,-2320.71981628761,-1.08343595531634,0.343362589267551,0.507407758054675,2142,0.125964010282776,0.173144876325088,0.145833333333333,0.612691466083151,0.225261464199517,0.329411764705882,0.391975308641975,0.824675324675325,0.531380753138075,0.327589658490135,0.0296456687238315,0,NA,0.335025561185386,0.0249835021157744,-0.00306027944524307,0.000281453063326015,0.000368802528743603,1.12901454874325e-05,-15993.9521068955,-16390.1967346395,0.0241757090631269,TRUE,NA
"swissmetro","ROS",4,4,14919,6351,0.3828197945845,0.328662632026037,-2332.78678206878,-1.08906945941587,0.342273696719537,0.506234572646201,2142,0.11166253101737,0.159010600706714,0.131195335276968,0.588594704684318,0.232502011263073,0.333333333333333,0.389423076923077,0.788961038961039,0.521459227467811,0.359981261983779,0.0296599465184351,0,NA,0.352985740951105,0.0250448157474927,-0.0034353110022689,0.000280710159096806,0.000382831181247432,1.11216898608177e-05,-15957.3111501722,-16390.1967346395,0.0264112500585483,TRUE,NA
"swissmetro","ROS",5,0,14916,6348,0.370681605975724,0.319319402421812,-2346.97363847881,-1.09569264168012,0.340536010875756,0.512913399384535,2142,0.104910714285714,0.166666666666667,0.128767123287671,0.585421412300683,0.206591639871383,0.305407011289364,0.390438247011952,0.795454545454545,0.523784072688402,0.368513024060643,0.029262343123958,0,NA,0.364875184726966,0.0252328820804479,-0.00345395781848463,0.000269641150899439,0.000389507381343335,1.07080879069591e-05,-15945.6071491517,-16386.9008977735,0.0269296648203816,TRUE,NA
"swissmetro","ROS",5,1,14919,6351,0.407563025210084,0.351828317184903,-2313.66430464583,-1.08014206566098,0.344978237364042,0.500433804427549,2142,0.119331742243437,0.176678445229682,0.142450142450142,0.62753036437247,0.249396621078037,0.356937248128958,0.417412530512612,0.832792207792208,0.55609756097561,0.338059141795993,0.0295863990578585,0,NA,0.341119061393422,0.0249622395188842,-0.00316792649308456,0.000279884394345226,0.000376374144345277,1.09262097003638e-05,-15977.9297342878,-16390.1967346395,0.0251532673479408,TRUE,NA
"swissmetro","ROS",5,2,14919,6351,0.38655462184874,0.337776756932091,-2324.81596127483,-1.08534825456341,0.344279772581723,0.507719451508309,2142,0.120728929384966,0.187279151943463,0.146814404432133,0.618951612903226,0.246983105390185,0.353076480736055,0.387738193869097,0.75974025974026,0.513439385628085,0.369321207419534,0.0281426869965403,0,NA,0.354717614743857,0.0250015886952075,-0.00355562551659025,0.000250143727371671,0.000367715719602651,1.07263907288718e-05,-15971.9198347132,-16390.1967346395,0.0255199438236354,TRUE,NA
"swissmetro","ROS",5,3,14919,6351,0.378151260504202,0.322075978222877,-2327.60824893023,-1.08665184357153,0.342667192900599,0.506989720587139,2142,0.114503816793893,0.159010600706714,0.133136094674556,0.576923076923077,0.205148833467418,0.302670623145401,0.390206579954093,0.827922077922078,0.530421216848674,0.326130104308584,0.0289010354034839,0,NA,0.333966589214031,0.0248647144325759,-0.00301051880573303,0.00026810288824748,0.000367900274920855,1.09249204487608e-05,-16002.7184061116,-16390.1967346395,0.0236408589110452,TRUE,NA
"swissmetro","ROS",5,4,14919,6351,0.402427637721755,0.340321177054668,-2325.02207195551,-1.08544447803712,0.343657921259384,0.509123060954353,2142,0.125,0.148409893992933,0.135702746365105,0.646569646569647,0.250201126307321,0.360788863109049,0.384150943396226,0.826298701298701,0.524471921689851,0.339194108285504,0.028005275527342,0,NA,0.343178201813701,0.0249758400872496,-0.00317089208117206,0.000249650924292226,0.000362301800416903,1.06839733430147e-05,-15997.1563965831,-16390.1967346395,0.0239802086832677,TRUE,NA
"swissmetro","ROS",6,0,14916,6348,0.394024276377218,0.337862865084643,-2325.59034166898,-1.08570977668953,0.343489153071891,0.505378209276964,2142,0.128272251308901,0.173758865248227,0.147590361445783,0.607843137254902,0.22427652733119,0.327657075748679,0.396617986164489,0.837662337662338,0.538341158059468,0.339101284064517,0.0300946068607978,0,NA,0.346723480387968,0.0251908454714132,-0.00315134986217678,0.000286520991478075,0.000382388463179047,1.11759947928519e-05,-15971.3831382889,-16386.9008977735,0.0253567017996085,TRUE,NA
"swissmetro","ROS",6,1,14919,6351,0.401493930905696,0.340518481778009,-2323.92087795515,-1.08493038186515,0.344255121573377,0.508471798999372,2142,0.0793650793650794,0.123674911660777,0.0966850828729282,0.651750972762646,0.269509251810137,0.381331815594764,0.412805391743892,0.795454545454545,0.543538546866334,0.369706930742286,0.0290238323759843,0,NA,0.354122531721411,0.0252787426062156,-0.00359266600520212,0.000260820810749413,0.000355184840364019,1.0848457536258e-05,-15982.655018831,-16390.1967346395,0.0248649679077502,TRUE,NA
"swissmetro","ROS",6,2,14919,6351,0.379084967320261,0.329912161813603,-2337.16658039581,-1.09111418319132,0.341860750864153,0.511103729595414,2142,0.134292565947242,0.197879858657244,0.16,0.584862385321101,0.205148833467418,0.303752233472305,0.388673390224981,0.813311688311688,0.525984251968504,0.351450757123964,0.0292873658923328,0,NA,0.353928198751747,0.0251441565006224,-0.00326457518904504,0.000273525995648951,0.00037762580869878,1.06451651337585e-05,-15966.806956444,-16390.1967346395,0.0258318911633756,TRUE,NA
"swissmetro","ROS",6,3,14919,6351,0.3828197945845,0.323360657675641,-2327.18202255953,-1.08645285833778,0.342712897093151,0.50984582253413,2142,0.11878453038674,0.151943462897526,0.133333333333333,0.599537037037037,0.208366854384553,0.309253731343284,0.384272997032641,0.840909090909091,0.527494908350306,0.333687326380376,0.0297585153757253,0,NA,0.342375395279294,0.0252402007704475,-0.00309612848656765,0.000279705672606089,0.00036501990802702,1.10545172388909e-05,-15997.3414132495,-16390.1967346395,0.02396892043155,TRUE,NA
"swissmetro","ROS",6,4,14919,6351,0.391223155929038,0.339541290548131,-2326.54174034504,-1.08615394040385,0.343277710583668,0.50569953965149,2142,0.131840796019901,0.187279151943463,0.154744525547445,0.61864406779661,0.234915526950925,0.340524781341108,0.388801261829653,0.800324675324675,0.523354564755839,0.337415800077919,0.0286003459848715,0,NA,0.342396826468879,0.0248573607525939,-0.00311522778836187,0.000262940679300371,0.000372020972460453,1.04540495569552e-05,-15985.1614871286,-16390.1967346395,0.024712043062603,TRUE,NA
"swissmetro","ROS",7,0,14916,6348,0.392156862745098,0.342373925362759,-2327.08427738641,-1.08640722567059,0.344122190187917,0.504849422937764,2142,0.120805369127517,0.191489361702128,0.148148148148148,0.623700623700624,0.241157556270096,0.347826086956522,0.400329489291598,0.788961038961039,0.531147540983607,0.363132924398928,0.0281618317231452,0,NA,0.350580240097208,0.0248041868633256,-0.00346888197461489,0.000253709929334253,0.000380786005983011,1.0685240547697e-05,-15964.3977680005,-16386.9008977735,0.0257829794912848,TRUE,NA
"swissmetro","ROS",7,1,14919,6351,0.396358543417367,0.348070448262326,-2325.07629973977,-1.08546979446301,0.343829635662087,0.507889142564765,2142,0.138755980861244,0.204946996466431,0.165477888730385,0.622754491017964,0.251005631536605,0.357798165137615,0.391659852820932,0.777597402597403,0.520935290918978,0.363808964395159,0.0294905021955746,0,NA,0.349677991382687,0.0252121900646208,-0.00352730961864954,0.000276096799477813,0.000362387128569777,1.09171332091028e-05,-15986.8830566721,-16390.1967346395,0.0246070065232994,TRUE,NA
"swissmetro","ROS",7,2,14919,6351,0.38562091503268,0.323990066336738,-2322.26774241288,-1.08415860990331,0.342937733892294,0.508547791299573,2142,0.13109756097561,0.151943462897526,0.140752864157119,0.597619047619048,0.201930812550282,0.301864101022249,0.381635581061693,0.863636363636364,0.529353233830846,0.304250636989372,0.0291455749297473,0,NA,0.329075470371566,0.0250043933338482,-0.00269952827867855,0.000270320729151899,0.000363556031505518,1.10684049825494e-05,-16010.1921667165,-16390.1967346395,0.0231848692285601,TRUE,NA
"swissmetro","ROS",7,3,14919,6351,0.378151260504202,0.313329541681936,-2335.4402023424,-1.09030821771354,0.341363661162045,0.511668065981828,2142,0.0909090909090909,0.120141342756184,0.103500761035008,0.592417061611374,0.201126307320998,0.3003003003003,0.390787518573551,0.853896103896104,0.536187563710499,0.329027411791777,0.0309248834861889,0,NA,0.341521133653673,0.0254026710490581,-0.00301273232322965,0.000295258695428502,0.000368223950211575,1.10692357022834e-05,-15991.5226722372,-16390.1967346395,0.0243239339256812,TRUE,NA
"swissmetro","ROS",7,4,14919,6351,0.395891690009337,0.343846527729673,-2325.43500159459,-1.0856372556464,0.343721357481754,0.501475400388737,2142,0.11368909512761,0.173144876325088,0.137254901960784,0.617702448210923,0.263877715205149,0.36978579481398,0.399152542372881,0.76461038961039,0.524498886414254,0.35399571130474,0.027723165367447,0,NA,0.341014031377761,0.0246616326024347,-0.00340316924270011,0.0002470863543264,0.000367012803453387,1.07113577531358e-05,-15982.6376413699,-16390.1967346395,0.024866028142804,TRUE,NA
"swissmetro","ROS",8,0,14916,6348,0.395891690009337,0.340653088009033,-2317.58093677935,-1.08197055872052,0.344706099669465,0.506387520940594,2142,0.125964010282776,0.173758865248227,0.146050670640835,0.624737945492662,0.239549839228296,0.346310284718187,0.392633228840125,0.813311688311688,0.529598308668076,0.339459286834199,0.0300376288005545,0,NA,0.343537291266315,0.0253329444216797,-0.00317660423578598,0.000282242651207216,0.000366961678563805,1.10090544931846e-05,-15991.7881136842,-16386.9008977735,0.0241115014092118,TRUE,NA
"swissmetro","ROS",8,1,14919,6351,0.38655462184874,0.329909347634972,-2324.78388200286,-1.08533327824596,0.342902460239094,0.51004986093781,2142,0.105769230769231,0.15547703180212,0.125894134477825,0.630289532293987,0.227674979887369,0.33451536643026,0.392325763508222,0.813311688311688,0.52931854199683,0.342108425488575,0.0303168596836455,0,NA,0.346271732379358,0.0253118806533645,-0.00319035781024432,0.000289271404805086,0.000365425386719224,1.07014314618596e-05,-15979.3901395447,-16390.1967346395,0.0250641649850726,TRUE,NA
"swissmetro","ROS",8,2,14919,6351,0.389822595704949,0.341330396137802,-2344.82692288028,-1.09469044018687,0.341252454602931,0.512134893457946,2142,0.134751773049645,0.201413427561837,0.161473087818697,0.618143459915612,0.235720032180209,0.341292952824694,0.389558232931727,0.787337662337662,0.521225147770016,0.37261999593053,0.0294474706408403,0,NA,0.365563387989797,0.025398603012656,-0.00356778680555757,0.00027380200630058,0.000377892162093219,1.13175319927212e-05,-15962.7079001628,-16390.1967346395,0.0260819831145345,TRUE,NA
"swissmetro","ROS",8,3,14919,6351,0.38562091503268,0.333535571520385,-2342.09352304611,-1.09341434315878,0.341570829744006,0.510268070911225,2142,0.121359223300971,0.176678445229682,0.143884892086331,0.598739495798319,0.229283990345937,0.331588132635253,0.391547049441786,0.797077922077922,0.525133689839572,0.371104154995594,0.0282448132184543,0,NA,0.359387980295468,0.0249330446653508,-0.00357234262687601,0.000257151049182614,0.000374505585712138,1.05416383625753e-05,-15955.1189153533,-16390.1967346395,0.0265450028654446,TRUE,NA
"swissmetro","ROS",8,4,14919,6351,0.394491129785247,0.342847623802844,-2304.8387567889,-1.07602182856625,0.347190177539188,0.497891359772398,2142,0.0987124463519313,0.162544169611307,0.12283044058745,0.604436229205176,0.263073209975865,0.366591928251121,0.415859030837004,0.766233766233766,0.53912050256996,0.372751440734485,0.0287374249047907,0,NA,0.349806285687857,0.0251382082900753,-0.0036526714175112,0.000256744703447648,0.000367929207868346,1.13089994046623e-05,-15983.1818425147,-16390.1967346395,0.0248328252988325,TRUE,NA
"swissmetro","ROS",9,0,14916,6348,0.394957983193277,0.337550554201125,-2321.6921913575,-1.08388991193161,0.345037949991158,0.50992961188459,2142,0.103286384976526,0.156028368794326,0.124293785310734,0.65359477124183,0.241157556270096,0.352319436288902,0.399363564041368,0.814935064935065,0.536038441003737,0.370081392674197,0.0289670075846987,0,NA,0.363208838469215,0.0254328169588148,-0.00352592953988499,0.000258885354885935,0.000373825807561841,1.09215193695427e-05,-15968.6780627073,-16386.9008977735,0.0255217772826768,TRUE,NA
"swissmetro","ROS",9,1,14919,6351,0.38608776844071,0.329499044942553,-2329.03570460283,-1.0873182561171,0.342548018467032,0.510480850364102,2142,0.130434782608696,0.169611307420495,0.147465437788018,0.615384615384615,0.212389380530973,0.315789473684211,0.382899628252788,0.836038961038961,0.525242223355431,0.328323964032362,0.028773025096937,0,NA,0.33862982235928,0.0249849390636976,-0.00301061357893054,0.000262301824987033,0.000361996635035532,1.05305338546277e-05,-15996.206258986,-16390.1967346395,0.0240381785546762,TRUE,NA
"swissmetro","ROS",9,2,14919,6351,0.388422035480859,0.328797071929815,-2328.78522294368,-1.08720131790088,0.342888960902011,0.502889169465379,2142,0.10761154855643,0.144876325088339,0.123493975903614,0.591101694915254,0.224456958970233,0.32536443148688,0.397207137315749,0.831168831168831,0.53753280839895,0.321857791769989,0.0298389813993479,0,NA,0.333132751288894,0.0250636444667823,-0.00295589885060348,0.000284544288806713,0.000370950553285357,1.10428789098085e-05,-16001.2679822307,-16390.1967346395,0.0237293522894011,TRUE,NA
"swissmetro","ROS",9,3,14919,6351,0.390289449112979,0.345246151438147,-2333.72095020781,-1.08950557899524,0.343074047195215,0.506105442903247,2142,0.115463917525773,0.197879858657244,0.145833333333333,0.619307832422586,0.273531777956557,0.379464285714286,0.397111913357401,0.714285714285714,0.510440835266821,0.410272844423686,0.0293383095507366,0,NA,0.372382221221835,0.0252789075036463,-0.00410261265806883,0.000269703743587356,0.000378235621800409,1.10625039749924e-05,-15940.464016981,-16390.1967346395,0.0274391287023454,TRUE,NA
"swissmetro","ROS",9,4,14919,6351,0.38468720821662,0.321520564215532,-2327.22039664027,-1.08647077340815,0.342405805753571,0.508731010910737,2142,0.122324159021407,0.141342756183746,0.131147540983607,0.595794392523365,0.205148833467418,0.305206463195691,0.38139870223504,0.858766233766234,0.528207688467299,0.307757034947361,0.0295418613441241,0,NA,0.335308090554743,0.0249993545080086,-0.00277268651244327,0.000280152088281494,0.00037345705792684,1.12904325040525e-05,-15994.0875921586,-16390.1967346395,0.0241674428253703,TRUE,NA
"swissmetro","SMOTE",0,0,14916,6348,0.394957983193277,0.350545438396602,-2339.47594040085,-1.09219231578004,0.344108397728546,0.505174709315059,2142,0.127118644067797,0.212765957446809,0.159151193633952,0.613259668508287,0.267684887459807,0.372691662003358,0.401952085181899,0.73538961038961,0.519793459552496,0.41373282394407,0.0283691650228015,0,NA,0.374585355375973,0.0250964976396348,-0.00413001230760145,0.000254562734743705,0.000386581559285695,1.10423724755382e-05,-15934.4421615358,-16386.9008977735,0.0276110009488882,TRUE,NA
"swissmetro","SMOTE",0,1,14919,6351,0.38328664799253,0.336974951029704,-2325.19026658532,-1.08552300027326,0.343200491310838,0.507877867389361,2142,0.131519274376417,0.204946996466431,0.160220994475138,0.597894736842105,0.228479485116653,0.330616996507567,0.390701468189233,0.777597402597403,0.520086862106406,0.35405269165136,0.0296891155983994,0,NA,0.348774382169569,0.0251852295760747,-0.00335118718013956,0.000275856699694618,0.000376187472319258,1.11047490997592e-05,-15980.112459169,-16390.1967346395,0.0250200947621216,TRUE,NA
"swissmetro","SMOTE",0,2,14919,6351,0.400560224089636,0.342550526144024,-2323.98365820094,-1.08495969103685,0.344111198059711,0.501775820136714,2142,0.113756613756614,0.151943462897526,0.130105900151286,0.62708719851577,0.271922767497989,0.379349046015713,0.389387755102041,0.774350649350649,0.518196632265073,0.381318681346283,0.0297388146771847,0,NA,0.361833400161891,0.0252600999897768,-0.00377120266962743,0.000280567027630076,0.000380054916477179,1.1317855360934e-05,-15957.5973581656,-16390.1967346395,0.0263937879134608,TRUE,NA
"swissmetro","SMOTE",0,3,14919,6351,0.393090569561158,0.332226196000298,-2320.40449070946,-1.08328874449555,0.344069190427205,0.509178529905629,2142,0.0963855421686747,0.141342756183746,0.114613180515759,0.65675057208238,0.230893000804505,0.341666666666667,0.39922480620155,0.836038961038961,0.540398740818468,0.325763603764605,0.031270692763785,0,NA,0.336854791620556,0.0254853375588932,-0.0029871602069333,0.000304453514735588,0.000361098822711306,1.10852013645886e-05,-16010.6196655735,-16390.1967346395,0.0231587866339519,TRUE,NA
"swissmetro","SMOTE",0,4,14919,6351,0.38608776844071,0.332931251532302,-2323.34965462296,-1.08466370430577,0.343271094400394,0.505696940281743,2142,0.118357487922705,0.173144876325088,0.140602582496413,0.588110403397028,0.222847948511665,0.323220536756126,0.398568019093079,0.813311688311688,0.534970635344367,0.340174105424065,0.0300813927571983,0,NA,0.339627253921097,0.0250690151662299,-0.00320082923766537,0.000287477363059082,0.000372563838792639,1.11200246466685e-05,-15991.5847566103,-16390.1967346395,0.0243201460289258,TRUE,NA
"swissmetro","SMOTE",1,0,14916,6348,0.394024276377218,0.340780947495068,-2334.59428383732,-1.08991329777653,0.343392087676424,0.504962415912509,2142,0.111111111111111,0.166666666666667,0.133333333333333,0.605313092979127,0.256430868167203,0.360248447204969,0.401006711409396,0.775974025974026,0.528761061946903,0.387339538946661,0.0294243802821523,0,NA,0.366168239677002,0.0251466139954694,-0.00378749716441679,0.000276251364381267,0.000388275719932544,1.1066168708419e-05,-15942.8075384625,-16386.9008977735,0.0271005092470769,TRUE,NA
"swissmetro","SMOTE",1,1,14919,6351,0.401027077497666,0.348657724277311,-2305.8112426385,-1.07647583689939,0.346516951724547,0.501581447262295,2142,0.114349775784753,0.180212014134276,0.139917695473251,0.616600790513834,0.251005631536605,0.356775300171527,0.416806722689076,0.805194805194805,0.549280177187154,0.367196557688374,0.0302120146858304,0,NA,0.35535836835494,0.025317935038023,-0.00355893356447831,0.000286303063496416,0.000379297000145419,1.12872849028974e-05,-15971.3581012224,-16390.1967346395,0.0255542163525058,TRUE,NA
"swissmetro","SMOTE",1,2,14919,6351,0.393090569561158,0.344815759406755,-2333.93616543775,-1.0896060529588,0.343007749720604,0.508236559738163,2142,0.120087336244541,0.19434628975265,0.148448043184885,0.636,0.255832662912309,0.364888123924269,0.396114864864865,0.761363636363636,0.521111111111111,0.390689815083214,0.0294742142640973,0,NA,0.368400626816487,0.0253907239589212,-0.00379982082603014,0.000269759683414815,0.000380591370807147,1.11482595600029e-05,-15950.5149054491,-16390.1967346395,0.0268259030876151,TRUE,NA
"swissmetro","SMOTE",1,3,14919,6351,0.400093370681606,0.34885251154955,-2328.20831914586,-1.08693198839676,0.344028722991659,0.504108928106412,2142,0.125295508274232,0.187279151943463,0.15014164305949,0.636363636363636,0.264682220434433,0.373863636363636,0.395174708818636,0.771103896103896,0.522552255225523,0.372301185984727,0.0305749190371336,0,NA,0.358652556624451,0.0252718095082308,-0.0036195896033297,0.00029611358492827,0.000384409916886832,1.12659579692798e-05,-15968.7921411613,-16390.1967346395,0.0257107709139126,TRUE,NA
"swissmetro","SMOTE",1,4,14919,6351,0.381419234360411,0.335972428091133,-2324.28153797389,-1.08509875722404,0.343766181690103,0.510531850849249,2142,0.122317596566524,0.201413427561837,0.152202937249666,0.602484472049689,0.234111021721641,0.337195828505214,0.393126571668064,0.761363636363636,0.518518518518518,0.37515226448207,0.0296943279099022,0,NA,0.356702889739402,0.0254202433814612,-0.00361070294587099,0.000272820376823953,0.000366137864534617,1.09125073909767e-05,-15983.0885807992,-16390.1967346395,0.0248385153901127,TRUE,NA
"swissmetro","SMOTE",2,0,14916,6348,0.400093370681606,0.352316125365387,-2320.97789609103,-1.08355644075212,0.344371258125499,0.509353955323133,2142,0.135857461024499,0.216312056737589,0.166894664842681,0.642706131078224,0.244372990353698,0.354105998835178,0.40327868852459,0.798701298701299,0.535947712418301,0.369351284954475,0.0311005706405453,0,NA,0.359140227644723,0.0255603319512118,-0.00354213408625312,0.000300371426366612,0.000378659176799956,1.11080709364554e-05,-15965.9497963899,-16386.9008977735,0.0256882679653465,TRUE,NA
"swissmetro","SMOTE",2,1,14919,6351,0.390289449112979,0.336640197255935,-2317.35301659318,-1.08186415340485,0.344916672856119,0.506017141751416,2142,0.111627906976744,0.169611307420495,0.134642356241234,0.614736842105263,0.234915526950925,0.339930151338766,0.400970088924818,0.805194805194805,0.535348084187804,0.356891908899706,0.0294800839995057,0,NA,0.351558232142672,0.0251786199173036,-0.00340492047828633,0.000276035686506513,0.000375659280538153,1.12645787298563e-05,-15976.634450577,-16390.1967346395,0.0252322953017703,TRUE,NA
"swissmetro","SMOTE",2,2,14919,6351,0.380018674136321,0.32739009294464,-2350.65594807303,-1.0974117404636,0.340897001983439,0.507438440999987,2142,0.110294117647059,0.159010600706714,0.130246020260492,0.579256360078278,0.238133547868061,0.33751425313569,0.386753883892069,0.767857142857143,0.514410005437738,0.38014892524286,0.0293723681651374,0,NA,0.368964949652861,0.0251039578881355,-0.00362872974761175,0.000274595409494729,0.000391301007227293,1.08345662483367e-05,-15936.4408761907,-16390.1967346395,0.0276845888914687,TRUE,NA
"swissmetro","SMOTE",2,3,14919,6351,0.391223155929038,0.331314629423639,-2320.69149871089,-1.08342273515914,0.343763261253374,0.505990238493456,2142,0.0947630922693267,0.134275618374558,0.111111111111111,0.613682092555332,0.245374094931617,0.350574712643678,0.397909967845659,0.803571428571429,0.532258064516129,0.342588314131517,0.0316642171775023,0,NA,0.34248005785345,0.0254920617151317,-0.00326428493685044,0.000314495335965435,0.000362581083428456,1.11425093010106e-05,-15990.8109956349,-16390.1967346395,0.0243673547957192,TRUE,NA
"swissmetro","SMOTE",2,4,14919,6351,0.388888888888889,0.338334908160811,-2321.93280579206,-1.0840022436004,0.344253706216996,0.505445709840345,2142,0.123831775700935,0.187279151943463,0.149085794655415,0.624203821656051,0.236524537409493,0.343057176196033,0.390989541432019,0.788961038961039,0.522861753630984,0.352903755660194,0.0286018372723853,0,NA,0.344674946071253,0.0250352634088021,-0.0033803653216146,0.000259804326808089,0.000361319872445492,1.08424377176091e-05,-15999.7707449522,-16390.1967346395,0.0238207018505274,TRUE,NA
"swissmetro","SMOTE",3,0,14916,6348,0.390289449112979,0.334460017042236,-2329.92981572161,-1.08773567494006,0.342482260657768,0.51210849508947,2142,0.119402985074627,0.170212765957447,0.140350877192982,0.606194690265487,0.220257234726688,0.32311320754717,0.399068322981366,0.834415584415584,0.539915966386555,0.352134304814202,0.0296904633256847,0,NA,0.349482407993124,0.025239983226352,-0.0033425406259602,0.000278761957710656,0.000368693244888387,1.08932729473423e-05,-15981.9346865925,-16386.9008977735,0.0247128004073084,TRUE,NA
"swissmetro","SMOTE",3,1,14919,6351,0.400093370681606,0.350750665158561,-2319.24384368617,-1.08274689247721,0.345358857173227,0.501610961648261,2142,0.118421052631579,0.190812720848057,0.146143437077131,0.628301886792453,0.267900241351569,0.375634517766497,0.406574394463668,0.762987012987013,0.530474040632054,0.383233211813317,0.0300538786496106,0,NA,0.363643698315098,0.0253802811336124,-0.00373996526846876,0.000282567055638653,0.000385296415241871,1.10455448173855e-05,-15955.5073985232,-16390.1967346395,0.0265213006990748,TRUE,NA
"swissmetro","SMOTE",3,2,14919,6351,0.402894491129785,0.351445875552086,-2315.25780597302,-1.08088599718628,0.345306516572537,0.504877867202559,2142,0.134474327628362,0.19434628975265,0.158959537572254,0.628458498023715,0.255832662912309,0.363636363636364,0.399348003259984,0.795454545454545,0.53174172544764,0.356551794537363,0.0297710700713748,0,NA,0.349506648389398,0.0252768592621617,-0.0034028407347369,0.000280229737904899,0.000370422973575483,1.09763372629797e-05,-15987.6930182496,-16390.1967346395,0.0245575890824583,TRUE,NA
"swissmetro","SMOTE",3,3,14919,6351,0.401493930905696,0.353071073665189,-2320.79559396536,-1.08347133238345,0.344593319635248,0.503152027682482,2142,0.120950323974082,0.197879858657244,0.150134048257373,0.628083491461101,0.266291230893001,0.374011299435028,0.410590277777778,0.767857142857143,0.535067873303167,0.375670658271173,0.0295105836463478,0,NA,0.35427847782857,0.0251022363792921,-0.00368527046326928,0.000276040142497603,0.000372873118554705,1.15979066387653e-05,-15979.4386199355,-16390.1967346395,0.0250612070955778,TRUE,NA
"swissmetro","SMOTE",3,4,14919,6351,0.374416433239963,0.325588066441956,-2341.0714793878,-1.09293719859375,0.342521821768022,0.50747345598522,2142,0.101075268817204,0.166077738515901,0.125668449197861,0.60446247464503,0.239742558326629,0.34331797235023,0.38597972972973,0.741883116883117,0.507777777777778,0.398519364827485,0.0289407955042076,0,NA,0.372873839212425,0.025276119172346,-0.00391380183803838,0.000264083997690548,0.000387978107494698,1.11222631558624e-05,-15943.9168805476,-16390.1967346395,0.0272284623130086,TRUE,NA
"swissmetro","SMOTE",4,0,14916,6348,0.38608776844071,0.34190124922312,-2336.18098791774,-1.09065405598401,0.34265891460714,0.50616689627254,2142,0.117171717171717,0.205673758865248,0.149292149292149,0.621513944223108,0.2508038585209,0.357388316151203,0.399126637554585,0.741883116883117,0.519023282226008,0.384024184435981,0.0296739702501473,0,NA,0.354875484990137,0.0251687573487239,-0.00377981203109683,0.000277921698686882,0.000367685251451069,1.10778511745288e-05,-15974.9374046707,-16386.9008977735,0.0251398049986875,TRUE,NA
"swissmetro","SMOTE",4,1,14919,6351,0.391690009337068,0.336909458947485,-2327.04360284196,-1.0863882366209,0.343385381059301,0.512840719629808,2142,0.132992327365729,0.183745583038869,0.154302670623145,0.625581395348837,0.216411906677393,0.321578003586372,0.392127176381529,0.840909090909091,0.534847702632938,0.35174868278579,0.0302430657743587,0,NA,0.355915461359953,0.0254546124703069,-0.00328018275399384,0.000286393734626702,0.000370955308779234,1.08345743612126e-05,-15983.7186991687,-16390.1967346395,0.0248000705575313,TRUE,NA
"swissmetro","SMOTE",4,2,14919,6351,0.406162464985994,0.35730761906909,-2314.22627169751,-1.08040442189426,0.346864100699732,0.498840941623941,2142,0.123076923076923,0.197879858657244,0.151761517615176,0.645796064400716,0.290426387771521,0.400665926748058,0.401595744680851,0.73538961038961,0.519495412844037,0.394628645828017,0.02963139371745,0,NA,0.365071720005315,0.0253804225719629,-0.00390348263743612,0.000273957028847621,0.000379281819469035,1.08800992751164e-05,-15960.9963068713,-16390.1967346395,0.0261864109819473,TRUE,NA
"swissmetro","SMOTE",4,3,14919,6351,0.396358543417367,0.344873822041572,-2318.3952903327,-1.08235074245224,0.34403465025746,0.507014293099789,2142,0.124705882352941,0.187279151943463,0.149717514124294,0.621181262729124,0.245374094931617,0.351787773933103,0.400489396411093,0.797077922077922,0.533116178067318,0.353589992500286,0.029242264311918,0,NA,0.345668767551948,0.0251171608164769,-0.00342132697021371,0.000270779770216038,0.000362812192250143,1.11842002838582e-05,-15993.5300377097,-16390.1967346395,0.0242014603821978,TRUE,NA
"swissmetro","SMOTE",4,4,14919,6351,0.38562091503268,0.333756170686288,-2332.31437656536,-1.08884891529662,0.342591417345027,0.505964301718574,2142,0.114285714285714,0.169611307420495,0.136557610241821,0.595238095238095,0.241351568785197,0.343445907269605,0.392446633825944,0.775974025974026,0.521264994547437,0.373432894648876,0.0294876577106504,0,NA,0.360022962201825,0.0251398091843903,-0.00360956028614027,0.000276757327322463,0.000385137510493736,1.1165496956267e-05,-15953.9682565803,-16390.1967346395,0.0266152069509508,TRUE,NA
"swissmetro","SMOTE",5,0,14916,6348,0.373482726423903,0.325406670921617,-2345.71925184501,-1.09510702700514,0.34180419064959,0.510843936954994,2142,0.1,0.170212765957447,0.125984251968504,0.6,0.231511254019293,0.334106728538283,0.392554991539763,0.753246753246753,0.516129032258065,0.415406578688714,0.0298842631126712,0,NA,0.390583986336649,0.0254621131243081,-0.00406882163536042,0.000279723116905107,0.000410986090524599,1.136360419088e-05,-15890.9318534725,-16386.9008977735,0.0302661892810046,TRUE,NA
"swissmetro","SMOTE",5,1,14919,6351,0.408963585434174,0.3545759806095,-2312.47536778379,-1.07958700643501,0.345090936134615,0.499456537257112,2142,0.117782909930716,0.180212014134276,0.142458100558659,0.631163708086785,0.257441673370877,0.365714285714286,0.420133111480865,0.819805194805195,0.555555555555556,0.341221342712808,0.0300387603968656,0,NA,0.336745782854624,0.025071940938637,-0.00323056878397329,0.000285021755078999,0.000369869213748081,1.1244734303234e-05,-15997.6755270364,-16390.1967346395,0.0239485354543407,TRUE,NA
"swissmetro","SMOTE",5,2,14919,6351,0.395891690009337,0.347365366087323,-2323.30182670849,-1.0846413756809,0.344949751552694,0.506207946266158,2142,0.119733924611973,0.190812720848057,0.147138964577657,0.628731343283582,0.271118262268705,0.378864530635188,0.395670995670996,0.741883116883117,0.516092603049125,0.390917365512527,0.0294702644875025,0,NA,0.362331202285311,0.0253330984504046,-0.00388389503907446,0.000273202223504102,0.000365026612085773,1.09087368169813e-05,-15971.7244668382,-16390.1967346395,0.0255318636241235,TRUE,NA
"swissmetro","SMOTE",5,3,14919,6351,0.380952380952381,0.32838782748568,-2326.44871112711,-1.08611050939641,0.343492391421389,0.506213481741933,2142,0.113744075829384,0.169611307420495,0.136170212765957,0.58458244111349,0.219629927594529,0.319298245614035,0.395051875498803,0.803571428571429,0.529695024077047,0.354595758666648,0.0294482187752177,0,NA,0.352372194606718,0.0250689854299567,-0.00334517593005258,0.000276550996170989,0.000387507448455936,1.10111561761515e-05,-15967.7306512466,-16390.1967346395,0.0257755346218659,TRUE,NA
"swissmetro","SMOTE",5,4,14919,6351,0.402427637721755,0.347478056120335,-2322.46308053732,-1.08424980417242,0.344859047523911,0.506815518496938,2142,0.126943005181347,0.173144876325088,0.146487294469357,0.63776493256262,0.266291230893001,0.375709421112372,0.38965238480194,0.782467532467532,0.520237452779277,0.375900751278402,0.0287370987308665,0,NA,0.358534022513282,0.0251928543931468,-0.00366719597980314,0.000261778228115306,0.000373483101075866,1.09781948332178e-05,-15975.8481574264,-16390.1967346395,0.0252802686826499,TRUE,NA
"swissmetro","SMOTE",6,0,14916,6348,0.395424836601307,0.343341087379196,-2323.13498031817,-1.08456348287496,0.344053566042963,0.503674629087965,2142,0.123222748815166,0.184397163120567,0.147727272727273,0.615541922290389,0.241961414790997,0.347374495095211,0.401299756295695,0.801948051948052,0.534921494315106,0.354336176201826,0.0298976507968788,0,NA,0.349274419888151,0.025154572088128,-0.00336862620066711,0.000282534985796256,0.000383154434856709,1.12066852556631e-05,-15970.771387143,-16386.9008977735,0.0253940335165521,TRUE,NA
"swissmetro","SMOTE",6,1,14919,6351,0.404761904761905,0.344770417375219,-2322.54569179912,-1.08428837152153,0.34500378361987,0.507029427943785,2142,0.0805369127516778,0.127208480565371,0.0986301369863014,0.656771799628942,0.284794851166533,0.397306397306397,0.412629757785467,0.774350649350649,0.538374717832957,0.389087755607981,0.0287940243749083,0,NA,0.364107802095402,0.0253153772284406,-0.00384682819353713,0.000257467471239616,0.000366612759745384,1.1065106065274e-05,-15967.9617851813,-16390.1967346395,0.0257614326596729,TRUE,NA
"swissmetro","SMOTE",6,2,14919,6351,0.391690009337068,0.351297613960377,-2334.4471592269,-1.08984461215075,0.34294651190161,0.507765648681646,2142,0.144654088050314,0.243816254416961,0.181578947368421,0.605577689243028,0.244569589702333,0.348424068767908,0.400687876182287,0.756493506493506,0.5238898257448,0.391547435001139,0.0289150393006444,0,NA,0.36326048213738,0.0251696876115772,-0.00386303957697545,0.000266225227432421,0.000371861155791727,1.11819402996949e-05,-15962.4975544351,-16390.1967346395,0.0260948167449676,TRUE,NA
"swissmetro","SMOTE",6,3,14919,6351,0.390756302521008,0.339487493095557,-2322.473720064,-1.08425477127171,0.344265683645372,0.505936242758373,2142,0.123486682808717,0.180212014134276,0.146551724137931,0.607920792079208,0.246983105390185,0.351258581235698,0.391339869281046,0.777597402597403,0.520652173913044,0.37810398142521,0.0316171047063568,0,NA,0.359337616743344,0.0256635675101442,-0.00370577811245896,0.000313121644939206,0.000381362236817286,1.16289193195014e-05,-15971.9397313569,-16390.1967346395,0.0255187298880103,TRUE,NA
"swissmetro","SMOTE",6,4,14919,6351,0.391690009337068,0.341165106733524,-2323.91704125787,-1.08492859068995,0.343841079306105,0.504129430674628,2142,0.125592417061611,0.187279151943463,0.150354609929078,0.615853658536585,0.243765084473049,0.349279538904899,0.393322475570033,0.784090909090909,0.523861171366594,0.34899409450013,0.0299446113813068,0,NA,0.345327125138319,0.0250860326974868,-0.0033046098056063,0.000285404728550714,0.000371439196834266,1.08020605403304e-05,-15983.7033299191,-16390.1967346395,0.0248010082674222,TRUE,NA
"swissmetro","SMOTE",7,0,14916,6348,0.394024276377218,0.347585398814052,-2326.46706389316,-1.08611907744779,0.344387490151833,0.504629723954346,2142,0.121593291404612,0.205673758865248,0.152832674571805,0.6285140562249,0.251607717041801,0.359357060849598,0.405312767780634,0.767857142857143,0.530566461020752,0.375971162336955,0.0293524233455666,0,NA,0.354103110719572,0.0250648984940888,-0.00364372848741129,0.000272003703398388,0.000375840114279307,1.09096767381504e-05,-15963.400512296,-16386.9008977735,0.0258438363739077,TRUE,NA
"swissmetro","SMOTE",7,1,14919,6351,0.397759103641457,0.35077486581833,-2325.693807784,-1.08575808019795,0.34400294261626,0.508598441914008,2142,0.13953488372093,0.212014134275618,0.168302945301543,0.627218934911243,0.255832662912309,0.363428571428571,0.393360995850622,0.769480519480519,0.520593080724876,0.378108224186974,0.0298487134048853,0,NA,0.359424999710173,0.0254416194214008,-0.0037021157754204,0.000280288326217422,0.000364044351290412,1.11115223352558e-05,-15983.5854115074,-16390.1967346395,0.0248082027150293,TRUE,NA
"swissmetro","SMOTE",7,2,14919,6351,0.397292250233427,0.350026027795879,-2314.98159587861,-1.08075704756238,0.345068989255889,0.503660612690838,2142,0.126637554585153,0.204946996466431,0.156545209176788,0.623529411764706,0.255832662912309,0.36280661722761,0.404599659284497,0.771103896103896,0.53072625698324,0.369371949278298,0.0291679331278988,0,NA,0.351559905088816,0.0250772647128912,-0.0035859669346691,0.00027285396003399,0.000377871574959269,1.13331374378976e-05,-15975.5829665661,-16390.1967346395,0.0252964485287207,TRUE,NA
"swissmetro","SMOTE",7,3,14919,6351,0.378618113912232,0.32299510756422,-2332.86792971678,-1.08910734347188,0.342815453539473,0.51028137529384,2142,0.090702947845805,0.141342756183746,0.110497237569061,0.597014925373134,0.225261464199517,0.327102803738318,0.398538961038961,0.797077922077922,0.531385281385281,0.386747418143613,0.0300663680254611,0,NA,0.371917473258787,0.0255405952467497,-0.00372423059110428,0.000279140931157432,0.000392442514718197,1.1331338828607e-05,-15944.2597609087,-16390.1967346395,0.0272075424688694,TRUE,NA
"swissmetro","SMOTE",7,4,14919,6351,0.399626517273576,0.348707185452925,-2324.73920975325,-1.08531242285399,0.344451637357131,0.500634100105263,2142,0.111856823266219,0.176678445229682,0.136986301369863,0.625668449197861,0.282381335478681,0.389135254988913,0.401234567901235,0.738636363636364,0.52,0.381790100940008,0.0284062016725753,0,NA,0.356461137616291,0.0249496651174652,-0.00375551422513737,0.000256710582052183,0.000375101303473221,1.09299830280136e-05,-15962.356068085,-16390.1967346395,0.0261034491215303,TRUE,NA
"swissmetro","SMOTE",8,0,14916,6348,0.397759103641457,0.344622692010451,-2316.64388634222,-1.08153309353045,0.345116149399961,0.505152816931403,2142,0.131313131313131,0.184397163120567,0.153392330383481,0.625,0.245176848874598,0.352193995381062,0.393481717011129,0.803571428571429,0.528281750266809,0.347039713444603,0.0290800232580177,0,NA,0.347482479477623,0.0250631923950807,-0.00325651772339469,0.000267008753336169,0.000379465616436753,1.08672708518492e-05,-15975.9199649918,-16386.9008977735,0.0250798448923031,TRUE,NA
"swissmetro","SMOTE",8,1,14919,6351,0.38562091503268,0.328768269672613,-2324.6279843598,-1.0852604969,0.343024434726592,0.509676779589362,2142,0.102870813397129,0.151943462897526,0.122681883024251,0.629711751662971,0.228479485116653,0.33530106257379,0.391987431264729,0.810064935064935,0.528321863419799,0.345104554269628,0.030973962000264,0,NA,0.34797490878593,0.0254660938599504,-0.00321509266284699,0.000296985064113169,0.000371289244475189,1.11361153515882e-05,-15981.7678821395,-16390.1967346395,0.024919093962847,TRUE,NA
"swissmetro","SMOTE",8,2,14919,6351,0.390756302521008,0.350495814762862,-2343.94223936912,-1.09427742267466,0.342414713107323,0.509095779254557,2142,0.137014314928425,0.236749116607774,0.173575129533679,0.616412213740458,0.259855189058729,0.365591397849462,0.395925597874225,0.725649350649351,0.512320916905444,0.418825440523172,0.0295015662420248,0,NA,0.380512265854701,0.0253798806984776,-0.00417980411993184,0.000273911955398181,0.000386244445823012,1.11219474204591e-05,-15932.5807388902,-16390.1967346395,0.027920103898582,TRUE,NA
"swissmetro","SMOTE",8,3,14919,6351,0.392623716153128,0.343950631227325,-2340.62668682328,-1.09272954566913,0.342583044032336,0.508163734710172,2142,0.130952380952381,0.19434628975265,0.15647226173542,0.605009633911368,0.252614641995173,0.356413166855846,0.392352452202826,0.766233766233766,0.518966465090709,0.40045196600979,0.0295124981942289,0,NA,0.374815222026164,0.0252333795680306,-0.00397501513693732,0.000278571336889736,0.000388244142244496,1.08922694880955e-05,-15937.4435445114,-16390.1967346395,0.0276234140113349,TRUE,NA
"swissmetro","SMOTE",8,4,14919,6351,0.397759103641457,0.345276647133335,-2303.14649285775,-1.0752317893827,0.347376508684335,0.496213324998172,2142,0.100656455142232,0.162544169611307,0.124324324324324,0.607664233576642,0.267900241351569,0.371859296482412,0.416007036059806,0.767857142857143,0.539646320593269,0.365274638280023,0.0290846277328799,0,NA,0.344131334243967,0.0250673945492099,-0.00359399083678183,0.000268277256250378,0.00036996035819583,1.14081143693333e-05,-15995.0181780445,-16390.1967346395,0.0241106658445328,TRUE,NA
"swissmetro","SMOTE",9,0,14916,6348,0.397292250233427,0.34405285503505,-2320.22406015254,-1.08320450987513,0.345733770949012,0.508917421235165,2142,0.105032822757112,0.170212765957447,0.129905277401894,0.657084188911704,0.257234726688103,0.369728480647025,0.403171953255426,0.784090909090909,0.532524807056229,0.39312418759045,0.0295987379259001,0,NA,0.371880816626893,0.0255700630684593,-0.00383455205912904,0.000268791587873553,0.000376417670063936,1.10328239273069e-05,-15954.553456983,-16386.9008977735,0.0263837221868669,TRUE,NA
"swissmetro","SMOTE",9,1,14919,6351,0.390756302521008,0.338194564209643,-2327.26740723148,-1.08649272046288,0.343510018709263,0.509639034999235,2142,0.136950904392765,0.187279151943463,0.158208955223881,0.620614035087719,0.227674979887369,0.33313713949382,0.38568129330254,0.813311688311688,0.523237597911227,0.357974953001735,0.0296628295333563,0,NA,0.358476831996799,0.0252840614366992,-0.00337070054719918,0.000277402041539737,0.000382120230169025,1.08203411704449e-05,-15966.609180471,-16390.1967346395,0.0258439578869297,TRUE,NA
"swissmetro","SMOTE",9,2,14919,6351,0.395891690009337,0.345828885864198,-2325.45893512405,-1.0856484290962,0.344452234517747,0.499775406542979,2142,0.111597374179431,0.180212014134276,0.137837837837838,0.60377358490566,0.257441673370877,0.360970107163001,0.412987012987013,0.774350649350649,0.538678712591756,0.372702708480577,0.0291482524403021,0,NA,0.355667894379636,0.0250878164547305,-0.00363550137992926,0.0002715047922927,0.000383786062927518,1.11972439756016e-05,-15967.7337790441,-16390.1967346395,0.025775343788433,TRUE,NA
"swissmetro","SMOTE",9,3,14919,6351,0.390756302521008,0.34372948706412,-2333.87255733632,-1.08957635729987,0.34255307921488,0.506938422311725,2142,0.113445378151261,0.190812720848057,0.142292490118577,0.622137404580153,0.262268704746581,0.368986983588002,0.400175131348511,0.741883116883117,0.519908987485779,0.389881752417494,0.0299639597634339,0,NA,0.360736661229128,0.0252538511110611,-0.00383045269891404,0.000283706380930095,0.000370925954995639,1.08026388374265e-05,-15962.648708324,-16390.1967346395,0.0260855945317541,TRUE,NA
"swissmetro","SMOTE",9,4,14919,6351,0.389822595704949,0.332105258499343,-2323.27982745411,-1.08463110525402,0.343279823049596,0.505734369977673,2142,0.117333333333333,0.15547703180212,0.133738601823708,0.60167714884696,0.230893000804505,0.333720930232558,0.390697674418605,0.818181818181818,0.528856243441763,0.33071921554618,0.0292570939977921,0,NA,0.338480910891349,0.0248684973824265,-0.00309232772722371,0.000277096677817741,0.000378446438842539,1.13827751192136e-05,-15989.2769292537,-16390.1967346395,0.0244609513770213,TRUE,NA
"swissmetro","CVAE",0,0,14916,6348,0.392156862745098,0.343167635699741,-2434.73134559615,-1.13666262632873,0.350097447835211,0.523950424055826,2142,0.119909502262443,0.187943262411348,0.146408839779006,0.609942638623327,0.256430868167203,0.361063950198076,0.397621070518267,0.75974025974026,0.522030117122142,0.821299071547149,0.0441914799478073,0,NA,0.777371786736345,0.0369964204859113,-0.00805773181435836,0.000429677572231608,0.000867801465182009,2.62479108937658e-05,-15483.1865929479,-16386.9008977735,0.0551485793722217,TRUE,NA
"swissmetro","CVAE",0,1,14919,6351,0.371615312791783,0.314724410212534,-2382.3805918633,-1.11222249853562,0.345969786241274,0.52904552680667,2142,0.122282608695652,0.159010600706714,0.138248847926267,0.572815533980582,0.189863234111022,0.285196374622356,0.378120411160059,0.836038961038961,0.520728008088979,0.608336303782054,0.0440868089358941,0,NA,0.652742606757222,0.0355628878238611,-0.005420884215542,0.000440191233122624,0.000776775434557926,2.46418801330022e-05,-15679.8185583334,-16390.1967346395,0.0433416503662102,TRUE,NA
"swissmetro","CVAE",0,2,14919,6351,0.387021475256769,0.322621263240398,-2390.37911511424,-1.11595663637453,0.347315271860886,0.523692799383006,2142,0.1,0.120141342756184,0.109149277688604,0.604938271604938,0.236524537409493,0.340080971659919,0.380699088145897,0.813311688311688,0.518633540372671,0.690250166042116,0.0458351127965429,0,NA,0.694628406232269,0.0365084467463807,-0.00644876354864366,0.000458925545213836,0.000775021595170969,2.39132209246095e-05,-15634.9903154395,-16390.1967346395,0.0460767147232543,TRUE,NA
"swissmetro","CVAE",0,3,14919,6351,0.378151260504202,0.312512903777206,-2374.12734218618,-1.10836944079654,0.349326262953211,0.534792181208729,2142,0.0945945945945946,0.123674911660777,0.107197549770291,0.640625,0.197908286403862,0.30239704978488,0.381123919308357,0.858766233766234,0.527944111776447,0.615515521132167,0.0440912798159925,0,NA,0.67355220546239,0.035725222048706,-0.00541484142654191,0.000436438438626597,0.000766477820506336,2.27079056902128e-05,-15652.5095669703,-16390.1967346395,0.0450078287413207,TRUE,NA
"swissmetro","CVAE",0,4,14919,6351,0.3828197945845,0.319320274622284,-2380.72357023709,-1.11144891234225,0.346391942600395,0.529857493727511,2142,0.116417910447761,0.137809187279152,0.12621359223301,0.586448598130841,0.201930812550282,0.300418910831837,0.384336475707034,0.86038961038961,0.531328320802005,0.624952340737533,0.0442821308378187,0,NA,0.669543602040703,0.035863946169138,-0.00554355122145271,0.000432406043551359,0.000777337164353418,2.43835572376555e-05,-15659.9327926889,-16390.1967346395,0.0445549222973789,TRUE,NA
"swissmetro","CVAE",1,0,14916,6348,0.391690009337068,0.331589686598184,-2422.8476897231,-1.13111470108455,0.348710802550473,0.525051930167204,2142,0.102631578947368,0.138297872340426,0.117824773413897,0.597222222222222,0.241961414790997,0.344393592677346,0.396661367249603,0.810064935064935,0.532550693703308,0.763612781059123,0.045541991694842,0,NA,0.755603554073535,0.0371562333653144,-0.00731361328858762,0.000455877692559578,0.000864229716317446,2.61091067104239e-05,-15519.474279718,-16386.9008977735,0.0529341468204898,TRUE,NA
"swissmetro","CVAE",1,1,14919,6351,0.403828197945845,0.343929491937522,-2348.28866244683,-1.09630656510123,0.355304992017231,0.51200167663654,2142,0.100244498777506,0.144876325088339,0.11849710982659,0.62109375,0.255832662912309,0.362393162393162,0.414414414414414,0.821428571428571,0.550898203592814,0.725447412163751,0.0462148196727814,0,NA,0.724342825752688,0.0373330891016406,-0.00706523101607654,0.000474750776029781,0.000840576927556715,2.7238008021635e-05,-15571.3327149878,-16390.1967346395,0.0499605973564141,TRUE,NA
"swissmetro","CVAE",1,2,14919,6351,0.38608776844071,0.332962739838148,-2409.28688061245,-1.1247837911356,0.347817453968346,0.531705604235248,2142,0.118226600985222,0.169611307420495,0.13933236574746,0.621338912133891,0.238938053097345,0.345148169668797,0.383147853736089,0.782467532467532,0.514407684098186,0.759206726398713,0.0456627632856782,0,NA,0.751215378345185,0.0373400405143962,-0.00726518177774857,0.000453955637778793,0.000816156126882822,2.43957835435089e-05,-15541.9309211996,-16390.1967346395,0.0517544619612254,TRUE,NA
"swissmetro","CVAE",1,3,14919,6351,0.392156862745098,0.331101804326457,-2408.16557275319,-1.12426030474005,0.347371847788805,0.534131075819649,2142,0.116022099447514,0.148409893992933,0.130232558139535,0.628635346756152,0.226065969428801,0.332544378698225,0.387846961740435,0.839285714285714,0.530528476141611,0.700179244590896,0.0453143627527766,0,NA,0.731285618428096,0.0367811020060995,-0.006474697402364,0.000454811901463136,0.000782096134376074,2.24220835609583e-05,-15589.3590878019,-16390.1967346395,0.048860770849999,TRUE,NA
"swissmetro","CVAE",1,4,14919,6351,0.38562091503268,0.339212377111151,-2381.87769118056,-1.11198771763798,0.350809573889931,0.53112153337583,2142,0.123620309050773,0.197879858657244,0.152173913043478,0.606361829025845,0.245374094931617,0.349369988545246,0.392074198988196,0.75487012987013,0.516093229744728,0.784751545431255,0.0468572046954072,0,NA,0.744045260105881,0.0373209816715783,-0.00765988436810926,0.000473979836516783,0.000792668646672901,2.4196672039608e-05,-15544.3711677143,-16390.1967346395,0.051605577444819,TRUE,NA
"swissmetro","CVAE",2,0,14916,6348,0.394491129785247,0.338306959982856,-2386.74076558593,-1.11425806049763,0.34842315836796,0.53723744568962,2142,0.126262626262626,0.177304964539007,0.147492625368732,0.63448275862069,0.221864951768489,0.328767123287671,0.395881006864989,0.842532467532468,0.538661131292164,0.69940819484485,0.0467378511326356,0,NA,0.719704455803462,0.0371407021836219,-0.00637057329293249,0.000466114726467089,0.000803571707885124,2.44151322889231e-05,-15584.7237253734,-16386.9008977735,0.0489523417151537,TRUE,NA
"swissmetro","CVAE",2,1,14919,6351,0.38562091503268,0.327425138677529,-2369.24560885741,-1.10609038695491,0.350367720422148,0.528621176351714,2142,0.105793450881612,0.148409893992933,0.123529411764706,0.605664488017429,0.223652453740949,0.326674500587544,0.393468118195956,0.821428571428571,0.532071503680337,0.698046562213249,0.0448435223922439,0,NA,0.70670056251196,0.0366985100907082,-0.00657427694456444,0.000448431906161848,0.000769984853062429,2.40148025502186e-05,-15627.6250457627,-16390.1967346395,0.0465260851485202,TRUE,NA
"swissmetro","CVAE",2,2,14919,6351,0.380018674136321,0.326175651860779,-2460.66872694458,-1.14877158120662,0.345559036947441,0.52408449624967,2142,0.106435643564356,0.151943462897526,0.125181950509461,0.579766536964981,0.239742558326629,0.339214570290268,0.386437908496732,0.767857142857143,0.514130434782609,0.797718361360184,0.046345077212496,0,NA,0.777439103943531,0.0370761030072111,-0.00759675160671401,0.00046318460778799,0.00090169586573158,2.59624278834388e-05,-15454.2150558922,-16390.1967346395,0.0571061893826558,TRUE,NA
"swissmetro","CVAE",2,3,14919,6351,0.393557422969188,0.334530887051678,-2375.04118300304,-1.10879607049629,0.351085132694614,0.524191627614902,2142,0.0965346534653465,0.137809187279152,0.11353711790393,0.61598440545809,0.254223652453741,0.359908883826879,0.398367346938776,0.792207792207792,0.530146659424226,0.739213393844351,0.04701682465616,0,NA,0.727079008914321,0.0375726887019248,-0.00716595167797007,0.000479498622379677,0.000783634127660711,2.43334800614989e-05,-15592.1122684561,-16390.1967346395,0.0486927935707285,TRUE,NA
"swissmetro","CVAE",2,4,14919,6351,0.389822595704949,0.338382068108736,-2384.53355739818,-1.11322761783295,0.351210608884967,0.525943793235361,2142,0.123222748815166,0.183745583038869,0.147517730496454,0.625,0.237329042638777,0.34402332361516,0.391025641025641,0.792207792207792,0.523605150214592,0.738958228872955,0.0439516078095559,0,NA,0.727024975956637,0.0365365230179199,-0.00710260744626583,0.000432278044759424,0.000787236154451841,2.39138150689861e-05,-15596.4362606888,-16390.1967346395,0.0484289778092283,TRUE,NA
"swissmetro","CVAE",3,0,14916,6348,0.397292250233427,0.340240974562232,-2397.57969207048,-1.11931825026633,0.349772435538874,0.534773980499418,2142,0.11704834605598,0.163120567375887,0.136296296296296,0.616016427104723,0.241157556270096,0.346620450606586,0.400158478605388,0.819805194805195,0.537806176783813,0.776106130563932,0.0467602923771143,0,NA,0.761314781753776,0.0379371636130128,-0.00758380882528592,0.000474580084291414,0.000822464934654656,2.52827913385145e-05,-15529.0002737242,-16386.9008977735,0.0523528292140857,TRUE,NA
"swissmetro","CVAE",3,1,14919,6351,0.392623716153128,0.332198373357955,-2383.96989122732,-1.11296446836009,0.34904437952405,0.525564664286663,2142,0.109625668449198,0.144876325088339,0.124809741248097,0.616525423728814,0.234111021721641,0.33935860058309,0.392746913580247,0.826298701298701,0.532426778242678,0.689222072726417,0.045430211875521,0,NA,0.706624811355843,0.0366552465787911,-0.00632085927313676,0.000450177392154845,0.000791709427833584,2.39988507517514e-05,-15611.91133975,-16390.1967346395,0.0474848110422397,TRUE,NA
"swissmetro","CVAE",3,2,14919,6351,0.394491129785247,0.334126840734597,-2369.6282610791,-1.10626902944869,0.350836257153486,0.523870476348075,2142,0.119777158774373,0.151943462897526,0.133956386292835,0.616379310344828,0.230088495575221,0.335090802577622,0.391205458680819,0.837662337662338,0.533333333333333,0.645252280500515,0.0450772820422992,0,NA,0.68027678543449,0.0363934335758774,-0.00583230592570539,0.000451372404689216,0.000805019667345178,2.54961408187742e-05,-15648.8415740265,-16390.1967346395,0.0452316206215057,TRUE,NA
"swissmetro","CVAE",3,3,14919,6351,0.400560224089636,0.350057099733686,-2393.47140004549,-1.11740028013328,0.352536673483885,0.518032898476573,2142,0.112582781456954,0.180212014134276,0.138586956521739,0.623869801084991,0.277554304102977,0.384187082405345,0.40669014084507,0.75,0.527397260273973,0.822195026530014,0.0470472403047561,0,NA,0.769161849993567,0.0373858632834984,-0.00816104173551,0.000476639052729122,0.0008362789214522,2.54936326884275e-05,-15496.0583622745,-16390.1967346395,0.054553242211875,TRUE,NA
"swissmetro","CVAE",3,4,14919,6351,0.368347338935574,0.314852710852849,-2427.77354529466,-1.13341435354559,0.345832773589466,0.534102747223112,2142,0.0964705882352941,0.144876325088339,0.115819209039548,0.597849462365591,0.223652453740949,0.325526932084309,0.375399361022364,0.762987012987013,0.50321199143469,0.766744998539392,0.0451728776108191,0,NA,0.746703210480894,0.0370791143427535,-0.00731012358393223,0.000444359675983202,0.000799213153175227,2.36291386882386e-05,-15560.5262626577,-16390.1967346395,0.0506199214941904,TRUE,NA
"swissmetro","CVAE",4,0,14916,6348,0.3828197945845,0.332985446004398,-2429.12311960955,-1.13404440691389,0.348173690008338,0.524118803535891,2142,0.106753812636166,0.173758865248227,0.13225371120108,0.610204081632653,0.240353697749196,0.344867358708189,0.395641240569992,0.766233766233766,0.521835268103925,0.798030731479355,0.045542648344803,0,NA,0.765763471824252,0.0370189730850477,-0.00766466939522637,0.000450115641660433,0.000901119819299687,2.76837245248233e-05,-15473.3368559099,-16386.9008977735,0.0557496531871867,TRUE,NA
"swissmetro","CVAE",4,1,14919,6351,0.368347338935574,0.298825614485702,-2390.47532841549,-1.11600155388212,0.346135617026415,0.540009233855405,2142,0.116040955631399,0.120141342756184,0.118055555555556,0.584745762711864,0.166532582461786,0.2592360676268,0.366555183946488,0.88961038961039,0.519185220274751,0.591362003965701,0.0430400493234114,0,NA,0.668791261340847,0.0355524142546295,-0.00509371566017873,0.000421984417824562,0.000783215798543143,2.3746463361804e-05,-15661.9595507965,-16390.1967346395,0.0444312655688848,TRUE,NA
"swissmetro","CVAE",4,2,14919,6351,0.395424836601307,0.331761204785838,-2370.9198231559,-1.10687199960593,0.352187856308061,0.516741777749853,2142,0.0887728459530026,0.120141342756184,0.102102102102102,0.627722772277228,0.255028157683025,0.362700228832952,0.395534290271132,0.805194805194805,0.53048128342246,0.676273991997336,0.0450470720998629,0,NA,0.68446375872558,0.0363906617512268,-0.00631022016252128,0.00044516488792156,0.000770520062281907,2.38890733539187e-05,-15660.4202932546,-16390.1967346395,0.0445251788736983,TRUE,NA
"swissmetro","CVAE",4,3,14919,6351,0.366946778711485,0.297205536429712,-2371.81674650435,-1.10729073132789,0.345061683865141,0.532132057456091,2142,0.118466898954704,0.120141342756184,0.119298245614035,0.575498575498576,0.162510056315366,0.2534504391468,0.365691489361702,0.892857142857143,0.518867924528302,0.519683786598341,0.0423499727504752,0,NA,0.61073305500906,0.0347651764490111,-0.00429935404337161,0.000415551295887386,0.00074779646663139,2.40325265797126e-05,-15731.7053649581,-16390.1967346395,0.0401759283517151,TRUE,NA
"swissmetro","CVAE",4,4,14919,6351,0.38562091503268,0.331012167687761,-2402.31529619177,-1.12152908318944,0.347758198147692,0.521770463502731,2142,0.109452736318408,0.15547703180212,0.128467153284672,0.595284872298625,0.243765084473049,0.345890410958904,0.389114541023558,0.777597402597403,0.518678938819708,0.759802626177785,0.0462781513974503,0,NA,0.739119321462009,0.0371576331442156,-0.00739090192768685,0.000471884310631798,0.000838671756424718,2.63549673106016e-05,-15541.2646335047,-16390.1967346395,0.0517951135595982,TRUE,NA
"swissmetro","CVAE",5,0,14916,6348,0.372549019607843,0.32191331469255,-2446.25104736576,-1.14204063835937,0.345361378246619,0.53644785428299,2142,0.102449888641425,0.163120567375887,0.125854993160055,0.591489361702128,0.223472668810289,0.32438739789965,0.387571545380213,0.769480519480519,0.515497553017945,0.812557038551152,0.04829050459011,0,NA,0.790733194549731,0.0384468189349388,-0.00783840190719828,0.000488596794347762,0.000877283732892959,2.60844674124382e-05,-15461.4484901414,-16386.9008977735,0.0564751329983256,TRUE,NA
"swissmetro","CVAE",5,1,14919,6351,0.402894491129785,0.345226351116403,-2360.00272310252,-1.1017753142402,0.350003851213596,0.515356650754749,2142,0.114634146341463,0.166077738515901,0.135642135642136,0.623949579831933,0.238938053097345,0.345549738219895,0.413216560509554,0.842532467532468,0.554487179487179,0.638369862641767,0.0440907997490863,0,NA,0.654398360839415,0.0350459689939955,-0.0057785576624747,0.000438108704056854,0.0007763020746854,2.42302519126396e-05,-15665.5210048394,-16390.1967346395,0.0442139738486855,TRUE,NA
"swissmetro","CVAE",5,2,14919,6351,0.397292250233427,0.347544593977389,-2388.45244655201,-1.11505716459011,0.35228055459233,0.52593493798421,2142,0.127058823529412,0.190812720848057,0.152542372881356,0.629981024667932,0.267095736122285,0.375141242937853,0.390756302521008,0.75487012987013,0.514950166112957,0.788557683443185,0.045325880965661,0,NA,0.751363768187039,0.0371025481459013,-0.00776244228220328,0.000451273399505789,0.000794353013616475,2.40714937377297e-05,-15546.0591791732,-16390.1967346395,0.0515025883540708,TRUE,NA
"swissmetro","CVAE",5,3,14919,6351,0.376283846872082,0.317343065240583,-2394.03077518996,-1.11766142632584,0.347462362946053,0.532323614851667,2142,0.103896103896104,0.141342756183746,0.119760479041916,0.576576576576577,0.205953338696702,0.303497332542976,0.388423457730388,0.827922077922078,0.528771384136859,0.693440255894475,0.046114830938855,0,NA,0.71702177703613,0.037113183332741,-0.00642229475712148,0.000463054644277636,0.00078523768482774,2.36389712053506e-05,-15610.708457152,-16390.1967346395,0.0475582014119509,TRUE,NA
"swissmetro","CVAE",5,4,14919,6351,0.411764705882353,0.355626231718189,-2394.32724260432,-1.11779983314861,0.353784359277996,0.524926345112079,2142,0.131367292225201,0.173144876325088,0.149390243902439,0.644524236983842,0.288817377312953,0.398888888888889,0.391089108910891,0.769480519480519,0.518599562363238,0.823597191611893,0.046362966052038,0,NA,0.773529466013293,0.0376456343839001,-0.0082122971443206,0.000468080070472045,0.000828411048790035,2.52119924202659e-05,-15500.8211435025,-16390.1967346395,0.0542626550209355,TRUE,NA
"swissmetro","CVAE",6,0,14916,6348,0.395891690009337,0.334759381491028,-2394.51933402802,-1.11788951168442,0.348662992851937,0.526898432340056,2142,0.119444444444444,0.152482269503546,0.133956386292835,0.614879649890591,0.22588424437299,0.330393885949442,0.395471698113208,0.850649350649351,0.539927872230809,0.701085650515755,0.0461298210816614,0,NA,0.729460700261971,0.037039967281166,-0.00646577426930644,0.000464185480172293,0.000829754496365846,2.46899760913992e-05,-15552.9499178273,-16386.9008977735,0.050891317714596,TRUE,NA
"swissmetro","CVAE",6,1,14919,6351,0.406162464985994,0.342687293057415,-2389.40432632014,-1.11550155290389,0.352830076687472,0.526257989086077,2142,0.0744186046511628,0.113074204946996,0.0897615708274895,0.654275092936803,0.283185840707965,0.39528354856822,0.41396933560477,0.788961038961039,0.543016759776536,0.795324673068018,0.0453923884649653,0,NA,0.757418231157468,0.037229353200007,-0.00778384884842939,0.000447293270122477,0.000811310435760529,2.45774767484305e-05,-15532.789862556,-16390.1967346395,0.0523121769656024,TRUE,NA
"swissmetro","CVAE",6,2,14919,6351,0.380018674136321,0.335285060665903,-2408.17996517835,-1.12426702389278,0.347509038048845,0.529802353239662,2142,0.135440180586907,0.212014134275618,0.165289256198347,0.591489361702128,0.223652453740949,0.324576765907764,0.387306753458096,0.772727272727273,0.515989159891599,0.747846681474007,0.045173470141125,0,NA,0.728775521778347,0.0368113142126041,-0.00715503183607184,0.000449312100703334,0.000805428589310263,2.51534905993719e-05,-15585.7425030468,-16390.1967346395,0.0490814262096436,TRUE,NA
"swissmetro","CVAE",6,3,14919,6351,0.376750700280112,0.309864666472493,-2385.2826955535,-1.11357735553385,0.346074807766745,0.533822521723578,2142,0.103975535168196,0.120141342756184,0.111475409836066,0.593137254901961,0.194690265486726,0.293155663234403,0.377398720682303,0.862012987012987,0.524962926347009,0.624020691322286,0.0449019312737768,0,NA,0.671319373943594,0.0364405064415785,-0.00560100945829178,0.000445646531676734,0.000765375544052339,2.41282548396018e-05,-15681.2177009734,-16390.1967346395,0.0432562857630477,TRUE,NA
"swissmetro","CVAE",6,4,14919,6351,0.378618113912232,0.319745327707004,-2391.11791417015,-1.11630154723163,0.348131648885392,0.527575392514762,2142,0.121813031161473,0.151943462897526,0.135220125786164,0.598591549295775,0.205148833467418,0.30557219892151,0.376375641966251,0.832792207792208,0.51844365841334,0.642027561550824,0.0443106593428946,0,NA,0.696415733433619,0.0361497739740866,-0.00575297150668766,0.000442498179989954,0.000811947963038545,2.4239016760984e-05,-15614.0596260093,-16390.1967346395,0.0473537396283927,TRUE,NA
"swissmetro","CVAE",7,0,14916,6348,0.38655462184874,0.328892808776147,-2398.5819120161,-1.11978614006354,0.349232212292767,0.526389643034028,2142,0.113989637305699,0.156028368794326,0.131736526946108,0.610132158590308,0.222668810289389,0.326266195524146,0.389400921658986,0.823051948051948,0.528675703858186,0.694551516364448,0.0437207561899376,0,NA,0.713984305185477,0.0361341296226842,-0.00641459896791072,0.000427614423997894,0.000832734585529827,2.52966961311417e-05,-15581.4020556524,-16386.9008977735,0.0491550444556962,TRUE,NA
"swissmetro","CVAE",7,1,14919,6351,0.395424836601307,0.336068504420204,-2395.97071164908,-1.11856709227315,0.349587646274637,0.533781882955451,2142,0.120218579234973,0.15547703180212,0.135593220338983,0.617834394904459,0.234111021721641,0.339556592765461,0.392337164750958,0.831168831168831,0.533055700156169,0.729163088795769,0.0468570350195734,0,NA,0.743185330293044,0.0377798887185768,-0.0069097785012264,0.0004732791572123,0.000807042741696719,2.46027164842155e-05,-15572.6884390059,-16390.1967346395,0.0498778818137019,TRUE,NA
"swissmetro","CVAE",7,2,14919,6351,0.388888888888889,0.335441293448874,-2376.5333617302,-1.10949269922045,0.349453389002281,0.528528110092275,2142,0.130102040816327,0.180212014134276,0.151111111111111,0.610503282275711,0.224456958970233,0.328235294117647,0.389017788089714,0.816558441558442,0.526977475117863,0.70134066778166,0.0458109771854769,0,NA,0.713553715673842,0.0367424110172643,-0.00649085737382232,0.000458033716804117,0.000801637037007977,2.49245740205885e-05,-15598.3336181142,-16390.1967346395,0.0483132160855508,TRUE,NA
"swissmetro","CVAE",7,3,14919,6351,0.376750700280112,0.315000157465436,-2409.92492206714,-1.12508166296318,0.345918995466411,0.532777494962515,2142,0.0886075949367089,0.123674911660777,0.103244837758112,0.586907449209932,0.209171359613837,0.308422301304864,0.392638036809816,0.831168831168831,0.533333333333333,0.712696999611106,0.0469913532626593,0,NA,0.722499657032903,0.0370509755830221,-0.00659174397020503,0.000468580914390039,0.000849482526781935,2.61511419970081e-05,-15559.4949853153,-16390.1967346395,0.0506828418702645,TRUE,NA
"swissmetro","CVAE",7,4,14919,6351,0.398225957049486,0.345710793281126,-2396.71161193642,-1.1189129840973,0.351836253268633,0.518097488199223,2142,0.111368909512761,0.169611307420495,0.134453781512605,0.618874773139746,0.274336283185841,0.38015607580825,0.4,0.753246753246753,0.522522522522523,0.799326747584815,0.0454822401129164,0,NA,0.762305546270313,0.0368995235655426,-0.00781008555410723,0.000452362669264619,0.000823143785361364,2.40278096585256e-05,-15499.434877706,-16390.1967346395,0.0543472339810861,TRUE,NA
"swissmetro","CVAE",8,0,14916,6348,0.397292250233427,0.342110202101914,-2371.71972515996,-1.10724543658261,0.352525539337136,0.524928395869211,2142,0.126943005181347,0.173758865248227,0.146706586826347,0.624229979466119,0.244372990353698,0.351242056614674,0.392434988179669,0.808441558441558,0.528381962864721,0.719112241418828,0.0460037554969355,0,NA,0.728418805056918,0.0370707229774762,-0.00679417682362335,0.000465244371592509,0.000810927823474521,2.44099319955214e-05,-15567.5486666156,-16386.9008977735,0.0500004385374218,TRUE,NA
"swissmetro","CVAE",8,1,14919,6351,0.387021475256769,0.325766103221912,-2377.75433951587,-1.11006271686082,0.34868604740155,0.535329157040507,2142,0.101827676240209,0.137809187279152,0.117117117117117,0.625560538116592,0.224456958970233,0.330373001776199,0.389185072353389,0.829545454545455,0.529808190772421,0.690755913208429,0.045628685992555,0,NA,0.720543211909649,0.0371923511646351,-0.00648480142316125,0.000461839026980154,0.000760299895134562,2.25816741313226e-05,-15606.5339526563,-16390.1967346395,0.0478128966156348,TRUE,NA
"swissmetro","CVAE",8,2,14919,6351,0.394024276377218,0.346553408557331,-2440.26131382408,-1.13924431084224,0.346936510513929,0.534047257794081,2142,0.141486810551559,0.208480565371025,0.168571428571429,0.618181818181818,0.246178600160901,0.352128883774453,0.389430894308943,0.777597402597403,0.51895991332611,0.804334233530967,0.0460947323001883,0,NA,0.782083880485335,0.0374472531641256,-0.00784347368444314,0.00046410691007675,0.000854669556236607,2.51369756144421e-05,-15479.5333335361,-16390.1967346395,0.0555614685929158,TRUE,NA
"swissmetro","CVAE",8,3,14919,6351,0.391223155929038,0.339690124196219,-2437.45794361594,-1.1379355479066,0.348254023063658,0.531287650323174,2142,0.121951219512195,0.176678445229682,0.144300144300144,0.601923076923077,0.251810136765889,0.355076574021554,0.391914191419142,0.771103896103896,0.519693654266958,0.838448846769976,0.0472467718188054,0,NA,0.793257361532065,0.0378389706806852,-0.00828829743213736,0.000477743210380892,0.000843194752221411,2.45288459125064e-05,-15463.0642079812,-16390.1967346395,0.0565662842044442,TRUE,NA
"swissmetro","CVAE",8,4,14919,6351,0.38375350140056,0.315153836394917,-2352.08379500934,-1.09807833567196,0.350543560852514,0.515119089294169,2142,0.0798898071625344,0.102473498233216,0.0897832817337461,0.584444444444444,0.211584875301689,0.310691080921441,0.398796087283672,0.86038961038961,0.544987146529563,0.595871715895853,0.0430640826013779,0,NA,0.638739949665754,0.0353680604690907,-0.0052737241335535,0.000415180227973371,0.000765196989201342,2.50608819560473e-05,-15714.6935210514,-16390.1967346395,0.041213856338923,TRUE,NA
"swissmetro","CVAE",9,0,14916,6348,0.402427637721755,0.34001495609314,-2388.65222810647,-1.11515043328967,0.353438825896294,0.529426836253925,2142,0.103359173126615,0.141843971631206,0.119581464872945,0.658174097664543,0.2491961414791,0.361516034985423,0.398753894080997,0.831168831168831,0.538947368421053,0.763312089305683,0.0454705969734308,0,NA,0.768446021107664,0.0377955604857638,-0.00739507750941387,0.00045450036345242,0.000842963352686329,2.5248329270889e-05,-15514.7462579927,-16386.9008977735,0.0532226712800433,TRUE,NA
"swissmetro","CVAE",9,1,14919,6351,0.390289449112979,0.339781961611491,-2396.22097838239,-1.11868393015051,0.349849279364812,0.534688919199036,2142,0.135135135135135,0.19434628975265,0.159420289855072,0.617204301075269,0.230893000804505,0.336065573770492,0.388976377952756,0.801948051948052,0.523860021208908,0.760624840703275,0.0476164113112862,0,NA,0.750381045163866,0.0375906115753821,-0.00721617097751981,0.000482719956648375,0.000811903303487832,2.37478383150213e-05,-15536.6680758622,-16390.1967346395,0.0520755591037843,TRUE,NA
"swissmetro","CVAE",9,2,14919,6351,0.396825396825397,0.342992504887734,-2397.85285170091,-1.11944577577073,0.350612424894983,0.515900209462436,2142,0.109302325581395,0.166077738515901,0.131837307152875,0.603846153846154,0.252614641995173,0.356211003970505,0.410234899328859,0.793831168831169,0.540929203539823,0.748328460485665,0.0451183857551178,0,NA,0.735426910508353,0.0369359923117144,-0.00721807500839587,0.000449460701064084,0.000827116482967436,2.55711340666344e-05,-15567.5300265723,-16390.1967346395,0.0501926072875346,TRUE,NA
"swissmetro","CVAE",9,3,14919,6351,0.399159663865546,0.346904056198872,-2406.1490121913,-1.12331886656924,0.349309185583359,0.521147755748808,2142,0.113953488372093,0.173144876325088,0.137447405329593,0.622262773722628,0.274336283185841,0.380792853154662,0.399484536082474,0.75487012987013,0.52247191011236,0.799035050281463,0.0465984470461795,0,NA,0.753887605852098,0.0375145544962882,-0.00798727038886263,0.000476162714854094,0.000827687887801555,2.62296765263086e-05,-15535.6202107661,-16390.1967346395,0.0521394915332121,TRUE,NA
"swissmetro","CVAE",9,4,14919,6351,0.388422035480859,0.330423851342082,-2380.79838657676,-1.1114838406054,0.348669787455544,0.52493658128386,2142,0.115281501340483,0.151943462897526,0.13109756097561,0.597916666666667,0.230893000804505,0.333139872315728,0.38944918541505,0.814935064935065,0.527034120734908,0.687303689142401,0.0450694680093014,0,NA,0.703197490040375,0.0364471308424269,-0.00643801973990805,0.000457858147705739,0.00081494414828086,2.58134490631215e-05,-15607.6049526039,-16390.1967346395,0.0477475526807857,TRUE,NA
"swissmetro","class_weights",0,0,8568,0,0.390289449112979,0.344468506818074,-2338.89446551172,-1.09192085224637,0.34339002802236,0.506597788361622,2142,0.125813449023861,0.205673758865248,0.156123822341857,0.609803921568628,0.25,0.354618015963512,0.398804440649018,0.758116883116883,0.522663682148853,0.387056163052611,0.0431117805548636,0,NA,0.361919233974669,0.031981295337316,-0.00378599912284992,0.000370071924314765,0.000375708803583377,1.61719146881174e-05,-9164.72586924138,-9412.91008930837,0.0263663646749256,TRUE,NA
"swissmetro","class_weights",0,1,8568,0,0.38562091503268,0.334601708452023,-2326.82101298668,-1.08628431978837,0.342633905245511,0.508726687878458,2142,0.132678132678133,0.190812720848057,0.156521739130435,0.597345132743363,0.217216411906677,0.31858407079646,0.391270459859704,0.814935064935065,0.528699315429173,0.334597251187869,0.0457635100212446,0,NA,0.340141582709092,0.0322059414344811,-0.00310557002766226,0.000409607620361984,0.000369868731199336,1.62411536896265e-05,-9184.57234045633,-9412.91008930836,0.0242579336980375,TRUE,NA
"swissmetro","class_weights",0,2,8568,0,0.396825396825397,0.334021507961759,-2326.32792201637,-1.08605411858841,0.343465885484646,0.503768458575868,2142,0.104225352112676,0.130742049469965,0.115987460815047,0.621832358674464,0.256637168141593,0.363325740318907,0.387755102040816,0.801948051948052,0.522751322751323,0.363493951613719,0.0458510633063288,0,NA,0.357235754723238,0.0324470155311434,-0.00350320132176977,0.000414188670709456,0.000379122664260478,1.64309725071676e-05,-9167.55288277029,-9412.91008930836,0.0260660310371769,TRUE,NA
"swissmetro","class_weights",0,3,8568,0,0.387955182072829,0.326570927532473,-2321.8561746662,-1.08396646809813,0.344157432135827,0.510747971713362,2142,0.0953545232273839,0.137809187279152,0.11271676300578,0.650118203309693,0.221238938053097,0.330132052821128,0.394656488549618,0.839285714285714,0.536863966770509,0.334043925852006,0.0459100374447547,0,NA,0.349385445066,0.0324954081078545,-0.00304367609395221,0.000412364219567297,0.000372352930187785,1.59077463870006e-05,-9178.85875328661,-9412.91008930836,0.024864928465385,TRUE,NA
"swissmetro","class_weights",0,4,8568,0,0.38655462184874,0.334795096826138,-2323.76275805356,-1.08485656305021,0.343086085457269,0.506259377095381,2142,0.12085308056872,0.180212014134276,0.14468085106383,0.587737843551797,0.223652453740949,0.324009324009324,0.400160384923817,0.810064935064935,0.53569511540526,0.339947417578301,0.0454527980293076,0,NA,0.337263833895804,0.0320558879738415,-0.00320537954418075,0.000408086429850117,0.000363544644713279,1.62526785267057e-05,-9186.1007869794,-9412.91008930836,0.0240955560158364,TRUE,NA
"swissmetro","class_weights",1,0,8568,0,0.390289449112979,0.332801499037252,-2336.19696961649,-1.09066151709453,0.342523609997847,0.506983535906406,2142,0.11025641025641,0.152482269503546,0.12797619047619,0.597959183673469,0.235530546623794,0.337946943483276,0.396196513470681,0.811688311688312,0.53248136315229,0.359134665143968,0.0450607364431418,0,NA,0.355413391489085,0.0321492961691033,-0.00341335038618289,0.00040307922258918,0.000380832244275203,1.62850924669149e-05,-9167.99821815735,-9412.91008930836,0.0260187199099237,TRUE,NA
"swissmetro","class_weights",1,1,8568,0,0.393557422969188,0.334626826547894,-2309.26095059933,-1.07808634481761,0.345165286383986,0.502354595958484,2142,0.101204819277108,0.148409893992933,0.120343839541547,0.605543710021322,0.228479485116653,0.331775700934579,0.410969793322734,0.839285714285714,0.551760939167556,0.324452995403538,0.0453990350157527,0,NA,0.328990789720187,0.0319793281280591,-0.00303482947720215,0.000404182193044305,0.000360483152734402,1.62500755204119e-05,-9193.32218171581,-9412.91008930836,0.0233283761885679,TRUE,NA
"swissmetro","class_weights",1,2,8568,0,0.38422035480859,0.332110496765815,-2334.28461512154,-1.08976872788121,0.342478537928022,0.508945005491079,2142,0.118072289156627,0.173144876325088,0.140401146131805,0.619450317124736,0.235720032180209,0.341491841491841,0.383572567783094,0.780844155844156,0.514438502673797,0.363368628203058,0.0443426060130012,0,NA,0.356906011251407,0.0322252864719651,-0.00345067454526494,0.000385890240140867,0.000376286417713219,1.62439851212696e-05,-9168.39188291979,-9412.91008930836,0.0259768981185011,TRUE,NA
"swissmetro","class_weights",1,3,8568,0,0.394024276377218,0.338660062526483,-2331.04725473626,-1.08825735515232,0.34326871716881,0.506865579211871,2142,0.121827411167513,0.169611307420495,0.141802067946824,0.627368421052632,0.239742558326629,0.346915017462165,0.391201885310291,0.808441558441558,0.527263102170461,0.354835034772717,0.0461078797560919,0,NA,0.356648708297688,0.0325000422030579,-0.00335164602891358,0.000421573096194783,0.000382008045337779,1.63566404197067e-05,-9170.84481725196,-9412.91008930836,0.0257163055590379,TRUE,NA
"swissmetro","class_weights",1,4,8568,0,0.381886087768441,0.334283660017598,-2324.76762647072,-1.08532568929539,0.34336271174506,0.510935179972708,2142,0.124153498871332,0.19434628975265,0.151515151515152,0.60337552742616,0.230088495575221,0.333139196272568,0.389387755102041,0.774350649350649,0.518196632265073,0.356621551484353,0.0455468581864168,0,NA,0.347961105838312,0.0323792490773643,-0.00338059473520878,0.000406330308564176,0.000361654406719606,1.58859548389251e-05,-9182.30880105917,-9412.91008930836,0.0244984054942921,TRUE,NA
"swissmetro","class_weights",2,0,8568,0,0.400093370681606,0.347209139737939,-2322.89271746393,-1.08445038163582,0.343654239209625,0.510838124368962,2142,0.132850241545894,0.195035460992908,0.158045977011494,0.63956043956044,0.233922829581994,0.342554443790465,0.401413982717989,0.829545454545455,0.541026998411858,0.347147911054626,0.0462607664829369,0,NA,0.349660289363728,0.0325719605573704,-0.00325957459522296,0.000419300892899934,0.000368335404116881,1.60355088462729e-05,-9180.56152274333,-9412.91008930837,0.024684031225258,TRUE,NA
"swissmetro","class_weights",2,1,8568,0,0.38515406162465,0.326707810304931,-2319.24494627677,-1.08274740722538,0.344084078553321,0.507304052840161,2142,0.106329113924051,0.148409893992933,0.123893805309734,0.607064017660044,0.221238938053097,0.324292452830189,0.39258114374034,0.824675324675325,0.531937172774869,0.331774071391151,0.0444923433759139,0,NA,0.337755000727737,0.0320248754253306,-0.00309496339529348,0.000393075410588077,0.000361286495029323,1.61486685204713e-05,-9187.32973587211,-9412.91008930836,0.0239649960847362,TRUE,NA
"swissmetro","class_weights",2,2,8568,0,0.380018674136321,0.326355758437484,-2350.73099166098,-1.09744677481838,0.340619162056455,0.506856416890741,2142,0.113065326633166,0.159010600706714,0.13215859030837,0.576923076923077,0.229283990345937,0.328151986183074,0.3872,0.785714285714286,0.518756698821008,0.362933987268381,0.0456965704816811,0,NA,0.360506786997385,0.0321812001029719,-0.0034093596745067,0.000414702277832457,0.000395321076558134,1.64230120696058e-05,-9156.88056179836,-9412.91008930836,0.0271998271608707,TRUE,NA
"swissmetro","class_weights",2,3,8568,0,0.390289449112979,0.33276229152826,-2320.75562351987,-1.08345267204476,0.34393213614846,0.505795488523369,2142,0.0956937799043062,0.141342756183746,0.114122681883024,0.614314115308151,0.248592115848753,0.353951890034364,0.398853398853399,0.790584415584416,0.530212302667392,0.354900947167864,0.0459329979678391,0,NA,0.34715191149502,0.0323524134920155,-0.00339696873406512,0.00041277714344675,0.000366933844961331,1.62673525133015e-05,-9178.53487178633,-9412.91008930836,0.0248993366874133,TRUE,NA
"swissmetro","class_weights",2,4,8568,0,0.389355742296919,0.340168318967215,-2321.96882598861,-1.08401905975192,0.344486731752292,0.505273750845282,2142,0.126146788990826,0.19434628975265,0.152990264255911,0.624472573839662,0.238133547868061,0.344787419918462,0.392045454545455,0.784090909090909,0.522727272727273,0.361324558770565,0.0441224640959443,0,NA,0.350582524434921,0.0321173317233618,-0.00346677348574584,0.000381691287426114,0.000369550295502934,1.61510155643643e-05,-9179.3421927215,-9412.91008930836,0.0248135692756861,TRUE,NA
"swissmetro","class_weights",3,0,8568,0,0.390756302521008,0.334752981529065,-2330.20355750804,-1.08786347222598,0.342495780606412,0.512451498699149,2142,0.119700748129676,0.170212765957447,0.140556368960468,0.607538802660754,0.220257234726688,0.32330383480826,0.39922480620155,0.836038961038961,0.540398740818468,0.35441312444031,0.0450977742502459,0,NA,0.352044438434598,0.0322570200464771,-0.00336523766549376,0.000399243667843689,0.00036982127212528,1.6124492306099e-05,-9174.55175210888,-9412.91008930837,0.0253224916564563,TRUE,NA
"swissmetro","class_weights",3,1,8568,0,0.396825396825397,0.340883879301585,-2321.87352903278,-1.08397457004332,0.344257647393484,0.503794574646657,2142,0.112745098039216,0.162544169611307,0.133140376266281,0.62374245472837,0.249396621078037,0.35632183908046,0.399353274050121,0.801948051948052,0.533189422558014,0.349257607741587,0.0453354939966999,0,NA,0.347636961222552,0.0322886438291241,-0.00329313708401545,0.000405077454681039,0.000372823820238519,1.61345297357023e-05,-9177.5977374164,-9412.91008930836,0.0249988950982585,TRUE,NA
"swissmetro","class_weights",3,2,8568,0,0.400093370681606,0.344618277823052,-2316.9569871282,-1.08167926569944,0.344615789996945,0.505447362700542,2142,0.129533678756477,0.176678445229682,0.149476831091181,0.629166666666667,0.242960579243765,0.350551363900174,0.39576802507837,0.819805194805195,0.533826638477801,0.333455112239998,0.0456728998348703,0,NA,0.336998649672269,0.0321794626915137,-0.00310431124817787,0.000411074808499097,0.000364052747906432,1.58560744622289e-05,-9189.17307578453,-9412.91008930836,0.0237691650510889,TRUE,NA
"swissmetro","class_weights",3,3,8568,0,0.394024276377218,0.342319424821785,-2322.46805799672,-1.0842521279163,0.34391774843231,0.504717738323213,2142,0.115909090909091,0.180212014134276,0.141078838174274,0.617107942973523,0.243765084473049,0.349480968858131,0.404624277456647,0.795454545454545,0.53639846743295,0.351306711721283,0.0460066580079195,0,NA,0.346877889994186,0.0322327011878641,-0.00335311271224527,0.000417218033372099,0.000371650396674023,1.65935857270714e-05,-9178.36040934108,-9412.91008930836,0.0249178710666421,TRUE,NA
"swissmetro","class_weights",3,4,8568,0,0.364612511671335,0.311446914563794,-2342.87724209516,-1.09378022506777,0.341609471205164,0.509718897699403,2142,0.0964705882352941,0.144876325088339,0.115819209039548,0.589912280701754,0.216411906677393,0.316656856974691,0.373513084853291,0.76461038961039,0.501864677677144,0.369187114641336,0.0443782833693527,0,NA,0.361891989552702,0.0322788793858584,-0.00350753147507137,0.000389012640302383,0.000382229907349024,1.63190658417763e-05,-9163.69746938196,-9412.91008930836,0.0264756188640822,TRUE,NA
"swissmetro","class_weights",4,0,8568,0,0.380485527544351,0.332242572818098,-2337.4352762356,-1.09123962475985,0.342292831818142,0.507618907302054,2142,0.108050847457627,0.180851063829787,0.135278514588859,0.608333333333333,0.234726688102894,0.338747099767981,0.396638655462185,0.766233766233766,0.522702104097453,0.369993034409717,0.0443249350269946,0,NA,0.354683308970053,0.0320851787674126,-0.00355050881941204,0.000389647320550597,0.000375507606476676,1.620535497791e-05,-9169.36415693076,-9412.91008930837,0.0258736065751052,TRUE,NA
"swissmetro","class_weights",4,1,8568,0,0.390289449112979,0.333676819470714,-2327.40305949743,-1.08655605018554,0.343188153146059,0.512499693201871,2142,0.134048257372654,0.176678445229682,0.152439024390244,0.62085308056872,0.210780370072405,0.314714714714715,0.389012620638456,0.850649350649351,0.533876719307183,0.340053386557364,0.0457379260054268,0,NA,0.350347262429145,0.0324683123706417,-0.0031298144429658,0.000409866847384312,0.000373708963269926,1.61061759737657e-05,-9180.46632943196,-9412.91008930836,0.0246941442838619,TRUE,NA
"swissmetro","class_weights",4,2,8568,0,0.402894491129785,0.346169012647501,-2315.29780870071,-1.08090467259604,0.346102077963716,0.500173946534447,2142,0.106024096385542,0.15547703180212,0.126074498567335,0.638059701492537,0.275140788415125,0.384485666104553,0.400503778337531,0.774350649350649,0.527946873270614,0.36297321053494,0.0454498631305397,0,NA,0.352313893706423,0.0324385861101683,-0.00349776031536241,0.000405074467782737,0.000372534620128886,1.62034999915836e-05,-9176.41950228967,-9412.91008930836,0.0251240673473877,TRUE,NA
"swissmetro","class_weights",4,3,8568,0,0.390756302521008,0.335382427643474,-2322.13915269988,-1.08409857735755,0.343191332722481,0.509065070385117,2142,0.126943005181347,0.173144876325088,0.146487294469357,0.613186813186813,0.224456958970233,0.328621908127208,0.391237509607994,0.826298701298701,0.531038080333855,0.331766919288977,0.0454377370524053,0,NA,0.340622531797741,0.0321001590971175,-0.00308929586004189,0.000407643359765827,0.000366600768606365,1.60831210427052e-05,-9183.08386287984,-9412.91008930836,0.0244160651964127,TRUE,NA
"swissmetro","class_weights",4,4,8568,0,0.380485527544351,0.326502460406692,-2333.18133124035,-1.08925365604125,0.341984514192459,0.506926803879766,2142,0.111386138613861,0.159010600706714,0.131004366812227,0.582644628099174,0.226870474658085,0.326577880718008,0.389154704944179,0.792207792207792,0.52192513368984,0.353113483948473,0.0454986977839634,0,NA,0.347577088464647,0.032151345872847,-0.00335744948555382,0.000408859276288062,0.000372302746496484,1.64243819556103e-05,-9173.63994774952,-9412.91008930836,0.0254193590811643,TRUE,NA
"swissmetro","class_weights",5,0,8568,0,0.369281045751634,0.317683603532595,-2346.124267504,-1.09529610994585,0.340698264577214,0.512671646481944,2142,0.103603603603604,0.163120567375887,0.126721763085399,0.580135440180587,0.206591639871383,0.304682868998222,0.388844621513944,0.792207792207792,0.521646178514164,0.369267011978906,0.0460618015806315,0,NA,0.366443114953621,0.0325598604952484,-0.00349154161882175,0.000415327171433167,0.000388127633469382,1.63175785827342e-05,-9156.40753649099,-9412.91008930837,0.0272500799841615,TRUE,NA
"swissmetro","class_weights",5,1,8568,0,0.404761904761905,0.348485038982898,-2314.28063384483,-1.08042980104801,0.344636307299161,0.500732123437387,2142,0.118072289156627,0.173144876325088,0.140401146131805,0.624742268041237,0.243765084473049,0.350694444444444,0.414653784219002,0.836038961038961,0.554359526372444,0.3280841922326,0.0453926075038403,0,NA,0.333503578218054,0.0319280399732685,-0.0030546696214695,0.00040758664852439,0.000368092855974281,1.61561001363874e-05,-9187.21819022579,-9412.91008930836,0.0239768463675147,TRUE,NA
"swissmetro","class_weights",5,2,8568,0,0.389355742296919,0.340191629438352,-2324.61877950111,-1.08525619958035,0.344340848973967,0.507724904182803,2142,0.122119815668203,0.187279151943463,0.147838214783821,0.621782178217822,0.252614641995173,0.359267734553776,0.388196176226101,0.758116883116883,0.51346893897746,0.370954792139509,0.0445068396216441,0,NA,0.355944482428737,0.0322227593639535,-0.00359031271302452,0.000389273720772494,0.000365791080263998,1.6004068190449e-05,-9174.41958124613,-9412.91008930836,0.0253365331018218,TRUE,NA
"swissmetro","class_weights",5,3,8568,0,0.378618113912232,0.323276965491581,-2327.63834687935,-1.08666589490166,0.342903485101625,0.507229616838683,2142,0.111386138613861,0.159010600706714,0.131004366812227,0.583518930957684,0.210780370072405,0.309692671394799,0.39100077579519,0.818181818181818,0.529133858267717,0.337393980411359,0.0460595192956377,0,NA,0.342237475102607,0.0322368200643886,-0.00313468769295014,0.000418626926921678,0.000374633572207837,1.63317795055279e-05,-9182.16716189467,-9412.91008930836,0.0245134528243063,TRUE,NA
"swissmetro","class_weights",5,4,8568,0,0.402894491129785,0.343141960461437,-2323.936239255,-1.08493755334034,0.344087268114475,0.508243059006502,2142,0.124293785310734,0.15547703180212,0.138147566718995,0.64128256513026,0.257441673370877,0.367393800229621,0.387121799844841,0.810064935064935,0.523884514435696,0.352678383172662,0.0444330250667988,0,NA,0.348086259832023,0.0322810656745725,-0.00335884995998708,0.000389694254669236,0.000364508837524529,1.62041130576803e-05,-9182.07338184451,-9412.91008930836,0.0245234157421779,TRUE,NA
"swissmetro","class_weights",6,0,8568,0,0.394491129785247,0.338844545417315,-2325.87429511151,-1.0858423413219,0.343327579191684,0.505755057441469,2142,0.130208333333333,0.177304964539007,0.15015015015015,0.610503282275711,0.22427652733119,0.328042328042328,0.396617986164489,0.837662337662338,0.538341158059468,0.336879742462363,0.0455977905657081,0,NA,0.344114660048943,0.032162650485501,-0.00312525445762022,0.000408809140712296,0.000376870757497417,1.63258125677498e-05,-9176.18156069209,-9412.91008930837,0.0251493455658486,TRUE,NA
"swissmetro","class_weights",6,1,8568,0,0.401960784313726,0.339690552959778,-2323.0765536689,-1.08453620619463,0.34462610231436,0.507498215152158,2142,0.0756880733944954,0.11660777385159,0.0917941585535466,0.65,0.271922767497989,0.38343732274532,0.413153456998314,0.795454545454545,0.543840177580466,0.374707520100259,0.0444081104443548,0,NA,0.35833837817015,0.0323236985218185,-0.00364058216817002,0.000383687902674346,0.00036808220761852,1.62130591532541e-05,-9171.79330310822,-9412.91008930836,0.0256155411995294,TRUE,NA
"swissmetro","class_weights",6,2,8568,0,0.380018674136321,0.335095265210973,-2334.93117565841,-1.09007057687134,0.342302586638097,0.509110768383703,2142,0.135135135135135,0.212014134275618,0.165061898211829,0.590128755364807,0.221238938053097,0.32182562902282,0.388798701298701,0.777597402597403,0.518398268398268,0.361491731076782,0.0449456936634736,0,NA,0.352357375330335,0.0322160132247558,-0.00345899509942302,0.000403151047870643,0.000370235872707046,1.61917062814523e-05,-9173.99752545643,-9412.91008930836,0.025381371072831,TRUE,NA
"swissmetro","class_weights",6,3,8568,0,0.381419234360411,0.327435566079411,-2325.26285814264,-1.08555688988919,0.343367764382049,0.508420085245775,2142,0.119289340101523,0.166077738515901,0.138847858197932,0.593548387096774,0.222043443282381,0.323185011709602,0.385035074045207,0.801948051948052,0.5202738283307,0.355122215844437,0.0461888440525612,0,NA,0.350888380213719,0.0325377465525151,-0.00338307789391521,0.000419685958610546,0.000371253170382885,1.64136646980534e-05,-9179.49100695639,-9412.91008930836,0.0247977596872088,TRUE,NA
"swissmetro","class_weights",6,4,8568,0,0.388888888888889,0.334993439377663,-2326.86396745791,-1.08630437322965,0.343192414666741,0.505683470015874,2142,0.128865979381443,0.176678445229682,0.14903129657228,0.61038961038961,0.226870474658085,0.330791788856305,0.387770897832817,0.813311688311688,0.525157232704403,0.330429026369074,0.0452359458136129,0,NA,0.340638932579762,0.0319819952069961,-0.00302773370687166,0.000404087216107549,0.000374492344064621,1.58558879315298e-05,-9180.8790592956,-9412.91008930836,0.0246502970719237,TRUE,NA
"swissmetro","class_weights",7,0,8568,0,0.389822595704949,0.337355395339689,-2328.83866731844,-1.08722626858937,0.343543849620865,0.506704656345746,2142,0.121718377088305,0.180851063829787,0.145506419400856,0.616702355460385,0.231511254019293,0.336645236703682,0.394904458598726,0.805194805194805,0.52991452991453,0.350138636410102,0.0444829581700387,0,NA,0.347491487297605,0.0320316206295271,-0.00329004676901948,0.000390594945686752,0.000374531356140276,1.6016505717482e-05,-9176.39528305613,-9412.91008930837,0.0251266403278282,TRUE,NA
"swissmetro","class_weights",7,1,8568,0,0.397759103641457,0.348236495148448,-2325.32663563868,-1.08558666463057,0.343841751130246,0.508255466984388,2142,0.139024390243902,0.201413427561837,0.164502164502165,0.626262626262626,0.249396621078037,0.356731875719218,0.392077607113985,0.787337662337662,0.523475445223961,0.362860541727062,0.0462788604630614,0,NA,0.352135992491558,0.0325775535290978,-0.00350651334268102,0.000422565000666907,0.000365730028935172,1.62264370363099e-05,-9179.34225541203,-9412.91008930836,0.0248135626156278,TRUE,NA
"swissmetro","class_weights",7,2,8568,0,0.390756302521008,0.334741065163756,-2319.23513725091,-1.08274282784823,0.343596745845666,0.506658958332605,2142,0.131016042780749,0.173144876325088,0.149162861491629,0.611607142857143,0.220434432823813,0.324068598462448,0.389393939393939,0.834415584415584,0.53099173553719,0.322391357550927,0.0452396407178872,0,NA,0.332664761632669,0.0321115456781443,-0.00297085107757937,0.000407455907850637,0.000362831281775926,1.6419253475604e-05,-9192.43837099462,-9412.91008930836,0.0234222696511432,TRUE,NA
"swissmetro","class_weights",7,3,8568,0,0.378618113912232,0.317883866033772,-2334.85150453871,-1.09003338213759,0.341998568367418,0.511504029252042,2142,0.0927318295739348,0.130742049469965,0.108504398826979,0.592760180995475,0.210780370072405,0.310979228486647,0.393543428132206,0.831168831168831,0.534167970787689,0.354907672365753,0.046231273718122,0,NA,0.358720637235031,0.0326044322969225,-0.00331510010109212,0.000414013467830746,0.000384360367321452,1.64112206767659e-05,-9166.08616256078,-9412.91008930836,0.0262218510966056,TRUE,NA
"swissmetro","class_weights",7,4,8568,0,0.397292250233427,0.345432043681523,-2326.58340049578,-1.0861733895872,0.343894341160614,0.502764428749562,2142,0.116822429906542,0.176678445229682,0.140646976090014,0.619585687382298,0.264682220434433,0.370913190529876,0.398985629754861,0.766233766233766,0.52473596442468,0.368007823090682,0.0441935269239591,0,NA,0.354759651557533,0.0319360381114388,-0.00355079710926269,0.00038497137146107,0.000373502840756985,1.59574791864276e-05,-9168.21129369155,-9412.91008930836,0.0259960833892111,TRUE,NA
"swissmetro","class_weights",8,0,8568,0,0.394491129785247,0.339014090593271,-2318.3280250421,-1.08231933942208,0.344526551117901,0.506652083435476,2142,0.126943005181347,0.173758865248227,0.146706586826347,0.623126338329764,0.233922829581994,0.340151957919345,0.39177657098526,0.819805194805195,0.530183727034121,0.334330952661791,0.0454091311264718,0,NA,0.341229636405409,0.0322301959792705,-0.00309855097333028,0.000403970642722663,0.000367370142108739,1.59718729532229e-05,-9185.0523604561,-9412.91008930837,0.0242069377791118,TRUE,NA
"swissmetro","class_weights",8,1,8568,0,0.38608776844071,0.327283453377069,-2325.01393160896,-1.08544067768859,0.342871223966444,0.51002408656314,2142,0.101234567901235,0.144876325088339,0.119186046511628,0.629464285714286,0.226870474658085,0.333530455351863,0.39100077579519,0.818181818181818,0.529133858267717,0.339004656667225,0.0454769168366461,0,NA,0.345820693192064,0.0322584203801691,-0.00314340964039051,0.000404788942748397,0.000368602778343989,1.60723740164335e-05,-9178.14189861417,-9412.91008930836,0.0249410850063095,TRUE,NA
"swissmetro","class_weights",8,2,8568,0,0.389822595704949,0.343297580371674,-2344.42235257753,-1.09450156516225,0.341376526638827,0.51117327211417,2142,0.138888888888889,0.212014134275618,0.167832167832168,0.614255765199161,0.235720032180209,0.340697674418605,0.390916463909165,0.782467532467532,0.521362898864251,0.37552045286541,0.045417705611253,0,NA,0.364003134985951,0.0324441188028416,-0.00359975807268085,0.000408900683071887,0.000381678417693953,1.62835882886696e-05,-9163.15799762785,-9412.91008930836,0.0265329307632713,TRUE,NA
"swissmetro","class_weights",8,3,8568,0,0.38468720821662,0.329621698121825,-2342.06316183808,-1.09340016892534,0.341667926038569,0.510205149635738,2142,0.111940298507463,0.159010600706714,0.131386861313869,0.597077244258873,0.230088495575221,0.332171893147503,0.39095955590801,0.800324675324675,0.525306339904102,0.372073767460132,0.0457553066972639,0,NA,0.36196802903169,0.0324108778313821,-0.00358352105122936,0.000416323984027031,0.000378772738323901,1.60802741881249e-05,-9163.20541681191,-9412.91008930836,0.0265278930880343,TRUE,NA
"swissmetro","class_weights",8,4,8568,0,0.393090569561158,0.337030532063046,-2306.28629506727,-1.07669761674476,0.346364170414108,0.498172948124036,2142,0.0974477958236659,0.148409893992933,0.117647058823529,0.598058252427184,0.247787610619469,0.350398179749716,0.411371237458194,0.798701298701299,0.543046357615894,0.337934462110454,0.0443029828848066,0,NA,0.332980189250825,0.0318780331077151,-0.00321642387119482,0.000385236709860137,0.000364089941126319,1.66195924798369e-05,-9193.01064532802,-9412.91008930836,0.0233614729020007,TRUE,NA
"swissmetro","class_weights",9,0,8568,0,0.394491129785247,0.337513394727749,-2320.69566050213,-1.08342467810557,0.345268948034718,0.508940995388191,2142,0.102564102564103,0.156028368794326,0.123769338959212,0.654427645788337,0.243569131832797,0.355008787346221,0.3984,0.808441558441558,0.533762057877814,0.372539997162815,0.0449142464319401,0,NA,0.362636775771152,0.0324466311537404,-0.00356959195956977,0.000387604138867503,0.000376335335111662,1.63695426535951e-05,-9169.31790740039,-9412.91008930837,0.0258785199897595,TRUE,NA
"swissmetro","class_weights",9,1,8568,0,0.38608776844071,0.329287200062029,-2329.24001798651,-1.08741364051658,0.34269138249322,0.510382088430854,2142,0.131506849315068,0.169611307420495,0.148148148148148,0.613583138173302,0.210780370072405,0.31377245508982,0.382962962962963,0.839285714285714,0.525940996948118,0.331174228422188,0.0452651043774267,0,NA,0.342739966216704,0.0321534943747122,-0.00302717665290046,0.0004034030836435,0.000370976771784253,1.57197689967327e-05,-9181.7423450317,-9412.91008930836,0.0245585841236527,TRUE,NA
"swissmetro","class_weights",9,2,8568,0,0.394957983193277,0.341946459823644,-2326.92201073756,-1.08633147093257,0.343770697335409,0.501413442122641,2142,0.110344827586207,0.169611307420495,0.133704735376045,0.6015625,0.247787610619469,0.350997150997151,0.410041841004184,0.795454545454545,0.541137493097736,0.353700212974677,0.0445437745783972,0,NA,0.347219330301246,0.0320334343347738,-0.00337888730590134,0.000395811380643572,0.000376003164300376,1.63583632695332e-05,-9175.3544557931,-9412.91008930836,0.0252372147679486,TRUE,NA
"swissmetro","class_weights",9,3,8568,0,0.387955182072829,0.340334017646665,-2333.2926844148,-1.08930564165023,0.342423668458541,0.506986121212886,2142,0.113490364025696,0.187279151943463,0.141333333333333,0.61284046692607,0.253419147224457,0.358565737051793,0.39879414298019,0.751623376623377,0.521102982554868,0.379082304590632,0.0463080435497693,0,NA,0.355365783995632,0.0324457172604994,-0.00371183064460836,0.000422722936519369,0.000366481713707105,1.62854001286694e-05,-9171.39989566896,-9412.91008930836,0.0256573356536909,TRUE,NA
"swissmetro","class_weights",9,4,8568,0,0.392623716153128,0.332269321488612,-2326.22705210367,-1.08600702712589,0.342665646563149,0.508337741006199,2142,0.120448179271709,0.151943462897526,0.134375,0.606521739130435,0.224456958970233,0.327657075748679,0.391698113207547,0.842532467532468,0.534775888717156,0.323112017960145,0.0452731171611061,0,NA,0.338714555832719,0.0321070701361562,-0.00296176335029163,0.000407748755613265,0.000371343340431268,1.62819817904726e-05,-9183.62548347377,-9412.91008930836,0.0243585250107748,TRUE,NA
"swissmetro","CVAE_conf70",0,0,14916,6348,0.392156862745098,0.343167635699741,-2434.79842605157,-1.13669394306796,0.350095416652037,0.523980994801495,2142,0.119909502262443,0.187943262411348,0.146408839779006,0.609942638623327,0.256430868167203,0.361063950198076,0.397621070518267,0.75974025974026,0.522030117122142,0.821387548809481,0.0441974412070546,0,NA,0.777576171908349,0.0370049448460951,-0.00805793343689866,0.000429719431534235,0.000868038804977041,2.62566466400454e-05,-15483.0061432206,-16386.9008977735,0.0551595911998057,TRUE,NA
"swissmetro","CVAE_conf70",0,1,14919,6351,0.371615312791783,0.314724410212534,-2382.9985406449,-1.1125109900303,0.346017925709087,0.528759358739406,2142,0.122282608695652,0.159010600706714,0.138248847926267,0.572815533980582,0.189863234111022,0.285196374622356,0.378120411160059,0.836038961038961,0.520728008088979,0.609974668842807,0.0441939776840779,0,NA,0.654322448024799,0.0356867795301305,-0.00543485454863374,0.000441073436515685,0.000783267799256484,2.50532029778696e-05,-15678.9249910751,-16390.1967346395,0.0433961687635611,TRUE,NA
"swissmetro","CVAE_conf70",0,2,14919,6351,0.387021475256769,0.322621263240398,-2391.55232540873,-1.11650435359885,0.347307789160038,0.524067445422845,2142,0.1,0.120141342756184,0.109149277688604,0.604938271604938,0.236524537409493,0.340080971659919,0.380699088145897,0.813311688311688,0.518633540372671,0.69270367796744,0.0459686038167579,0,NA,0.698293177248202,0.0366730893113033,-0.00646435121462529,0.000459966700692636,0.000779894205552475,2.41288988798167e-05,-15631.7955839728,-16390.1967346395,0.046271631936177,TRUE,NA
"swissmetro","CVAE_conf70",0,3,14919,6351,0.377684407096172,0.312044241160013,-2374.84112753179,-1.10870267391774,0.349343743419139,0.5350212476989,2142,0.0948509485094851,0.123674911660777,0.107361963190184,0.639686684073107,0.197103781174578,0.301353013530135,0.380575539568345,0.858766233766234,0.527417746759721,0.617235135379677,0.0441885983992851,0,NA,0.676058983657864,0.0358413436936867,-0.00542652216791275,0.00043721590900162,0.000770093743517818,2.28689622643972e-05,-15650.4071946159,-16390.1967346395,0.0451360988523183,TRUE,NA
"swissmetro","CVAE_conf70",0,4,14919,6351,0.38328664799253,0.319604883763369,-2381.44947253406,-1.11178780230348,0.346406663067784,0.530039578077639,2142,0.116766467065868,0.137809187279152,0.126418152350081,0.587822014051522,0.201930812550282,0.30059880239521,0.384503982621289,0.862012987012987,0.531797696544817,0.627081484385613,0.0443984002012919,0,NA,0.67221700320836,0.0359936594684849,-0.00556029131060008,0.000433378243614109,0.000781279998037574,2.45770196334018e-05,-15657.6513121754,-16390.1967346395,0.0446941201697666,TRUE,NA
"swissmetro","CVAE_conf70",1,0,14916,6348,0.391223155929038,0.33117911578339,-2422.90431700008,-1.13114113772179,0.348706842007311,0.525095443953341,2142,0.102631578947368,0.138297872340426,0.117824773413897,0.596421471172962,0.241157556270096,0.343445907269605,0.396346306592534,0.810064935064935,0.532266666666667,0.763685670373612,0.0455450660871483,0,NA,0.755781460090088,0.037161415757313,-0.00731371869209124,0.000455896994964383,0.000864266264337002,2.61053784989567e-05,-15519.2890714048,-16386.9008977735,0.0529454490376874,TRUE,NA
"swissmetro","CVAE_conf70",1,1,14919,6351,0.403828197945845,0.343929491937522,-2348.34015467433,-1.09633060442312,0.355311795889447,0.511972702302215,2142,0.100244498777506,0.144876325088339,0.11849710982659,0.62109375,0.255832662912309,0.362393162393162,0.414414414414414,0.821428571428571,0.550898203592814,0.725610588760643,0.0462242751808022,0,NA,0.724516529450723,0.0373453069270675,-0.00706677811065205,0.00047483630677043,0.000841177849820425,2.72760798359479e-05,-15571.1925200527,-16390.1967346395,0.04996915094106,TRUE,NA
"swissmetro","CVAE_conf70",1,2,14919,6351,0.38562091503268,0.332526735095288,-2409.43468138593,-1.12485279243041,0.347812554801675,0.531788516294875,2142,0.118518518518519,0.169611307420495,0.13953488372093,0.620545073375262,0.238133547868061,0.344186046511628,0.382539682539683,0.782467532467532,0.513859275053305,0.759466711158013,0.0456763419141541,0,NA,0.751697862166007,0.0373581465795783,-0.00726657206035566,0.0004540612175195,0.000816485539111355,2.44029110925524e-05,-15541.473196347,-16390.1967346395,0.0517823887067063,TRUE,NA
"swissmetro","CVAE_conf70",1,3,14919,6351,0.392156862745098,0.331101804326457,-2408.38191756759,-1.12436130605396,0.347374690243789,0.534181490973215,2142,0.116022099447514,0.148409893992933,0.130232558139535,0.628635346756152,0.226065969428801,0.332544378698225,0.387846961740435,0.839285714285714,0.530528476141611,0.70063305350822,0.0453380270256955,0,NA,0.731946337953908,0.0368099203731988,-0.00647797615235666,0.000455006524152179,0.000783063147504669,2.2461509399591e-05,-15588.7443846237,-16390.1967346395,0.0488982751696958,TRUE,NA
"swissmetro","CVAE_conf70",1,4,14919,6351,0.38562091503268,0.339212377111151,-2382.01673463126,-1.11205263054681,0.350826957797492,0.531097271551933,2142,0.123620309050773,0.197879858657244,0.152173913043478,0.606361829025845,0.245374094931617,0.349369988545246,0.392074198988196,0.75487012987013,0.516093229744728,0.785204847819609,0.046887012628847,0,NA,0.744645860783271,0.0373556742108158,-0.00766383157335053,0.000474251438596444,0.000794207166459812,2.42776571795186e-05,-15543.8488823531,-16390.1967346395,0.0516374431612379,TRUE,NA
"swissmetro","CVAE_conf70",2,0,14916,6348,0.394491129785247,0.338306959982856,-2386.84089468925,-1.11430480611076,0.3484165133394,0.53731843411626,2142,0.126262626262626,0.177304964539007,0.147492625368732,0.63448275862069,0.221864951768489,0.328767123287671,0.395881006864989,0.842532467532468,0.538661131292164,0.699573758742178,0.0467448428806964,0,NA,0.720042552483253,0.0371506347775516,-0.0063712426803269,0.00046616276642992,0.00080360100075372,2.44073533122243e-05,-15584.3633295225,-16386.9008977735,0.0489743346382275,TRUE,NA
"swissmetro","CVAE_conf70",2,1,14919,6351,0.38562091503268,0.327425138677529,-2369.28983455192,-1.10611103387111,0.350368673739676,0.528628723130255,2142,0.105793450881612,0.148409893992933,0.123529411764706,0.605664488017429,0.223652453740949,0.326674500587544,0.393468118195956,0.821428571428571,0.532071503680337,0.698133954296366,0.0448490118915452,0,NA,0.706855610622464,0.0367061328320713,-0.00657472280889653,0.000448473707888216,0.00077030526807204,2.40306700915165e-05,-15627.4863425992,-16390.1967346395,0.0465345477170729,TRUE,NA
"swissmetro","CVAE_conf70",2,2,14919,6351,0.380018674136321,0.326175651860779,-2461.05422320725,-1.14895155145063,0.345555588715655,0.524182618370082,2142,0.106435643564356,0.151943462897526,0.125181950509461,0.579766536964981,0.239742558326629,0.339214570290268,0.386437908496732,0.767857142857143,0.514130434782609,0.798412673679593,0.0463792915534433,0,NA,0.778427198195077,0.0371167331665461,-0.00760192520802965,0.000463478009549002,0.00090288919418216,2.60063253305145e-05,-15453.2280594728,-16390.1967346395,0.0571664080874936,TRUE,NA
"swissmetro","CVAE_conf70",2,3,14919,6351,0.393557422969188,0.334530887051678,-2375.22505708583,-1.10888191273848,0.351115958374757,0.524079737854951,2142,0.0965346534653465,0.137809187279152,0.11353711790393,0.61598440545809,0.254223652453741,0.359908883826879,0.398367346938776,0.792207792207792,0.530146659424226,0.739805399523858,0.0470546378197745,0,NA,0.727768039933512,0.0376188282953405,-0.00717121608569554,0.000479838346277826,0.000786085301913606,2.4470991639976e-05,-15591.5337774961,-16390.1967346395,0.0487280885076592,TRUE,NA
"swissmetro","CVAE_conf70",2,4,14919,6351,0.389822595704949,0.338382068108736,-2384.62281077999,-1.11326928607843,0.35121015214757,0.525983470997391,2142,0.123222748815166,0.183745583038869,0.147517730496454,0.625,0.237329042638777,0.34402332361516,0.391025641025641,0.792207792207792,0.523605150214592,0.739151893198666,0.0439609156510407,0,NA,0.727332098253277,0.0365486930507037,-0.00710384374902121,0.00043235100643568,0.000787557320807926,2.392532047826e-05,-15596.1388395433,-16390.1967346395,0.0484471240920497,TRUE,NA
"swissmetro","CVAE_conf70",3,0,14916,6348,0.397292250233427,0.340240974562232,-2397.68590097586,-1.11936783425577,0.349775008172577,0.53479134304315,2142,0.11704834605598,0.163120567375887,0.136296296296296,0.616016427104723,0.241157556270096,0.346620450606586,0.400158478605388,0.819805194805195,0.537806176783813,0.776323050620579,0.046771991370082,0,NA,0.761651762138801,0.0379530181017558,-0.00758529935905633,0.000474678706793785,0.000823095926843965,2.53127648497132e-05,-15528.6663401398,-16386.9008977735,0.0523732072945144,TRUE,NA
"swissmetro","CVAE_conf70",3,1,14919,6351,0.392623716153128,0.332198373357955,-2384.0840561221,-1.1130177666303,0.349046167921206,0.525588464790024,2142,0.109625668449198,0.144876325088339,0.124809741248097,0.616525423728814,0.234111021721641,0.33935860058309,0.392746913580247,0.826298701298701,0.532426778242678,0.689448311276117,0.0454436122943309,0,NA,0.706993140521553,0.0366724579978285,-0.00632223147660891,0.000450282355697644,0.000792341189179382,2.40277793451074e-05,-15611.5703684869,-16390.1967346395,0.0475056144083409,TRUE,NA
"swissmetro","CVAE_conf70",3,2,14919,6351,0.394491129785247,0.334126840734597,-2369.73922811602,-1.10632083478806,0.350837876012788,0.523909592980135,2142,0.119777158774373,0.151943462897526,0.133956386292835,0.616379310344828,0.230088495575221,0.335090802577622,0.391205458680819,0.837662337662338,0.533333333333333,0.645526940575291,0.0450913615767529,0,NA,0.680669591601482,0.0364105186802855,-0.00583424718440899,0.000451487068110926,0.000805516151381361,2.55176402551682e-05,-15648.4631747315,-16390.1967346395,0.045254707549692,TRUE,NA
"swissmetro","CVAE_conf70",3,3,14919,6351,0.401027077497666,0.35039996669411,-2393.63087244645,-1.11747473036716,0.352544692872788,0.51802783918912,2142,0.11283185840708,0.180212014134276,0.138775510204082,0.623869801084991,0.277554304102977,0.384187082405345,0.407211961301671,0.751623376623377,0.528237307472904,0.822582786062489,0.0470688745473723,0,NA,0.769671478504221,0.03741215541109,-0.0081642718124583,0.000476832362345525,0.000837372050089552,2.55485907478315e-05,-15495.5802949516,-16390.1967346395,0.0545824100937859,TRUE,NA
"swissmetro","CVAE_conf70",3,4,14919,6351,0.368347338935574,0.314852710852849,-2427.80575366632,-1.13342939013367,0.345836245894892,0.53408110532318,2142,0.0964705882352941,0.144876325088339,0.115819209039548,0.597849462365591,0.223652453740949,0.325526932084309,0.375399361022364,0.762987012987013,0.50321199143469,0.766817908297636,0.0451774445650674,0,NA,0.746768004771695,0.0370845654183008,-0.0073108325660405,0.000444399658116156,0.000799578430280435,2.36498667247265e-05,-15560.4783875524,-16390.1967346395,0.0506228424539666,TRUE,NA
"swissmetro","CVAE_conf70",4,0,14916,6348,0.3828197945845,0.332985446004398,-2429.26613625178,-1.13411117472072,0.348173768431017,0.524146520210083,2142,0.106753812636166,0.173758865248227,0.13225371120108,0.610204081632653,0.240353697749196,0.344867358708189,0.395641240569992,0.766233766233766,0.521835268103925,0.798263214258335,0.0455566181507365,0,NA,0.76614872623765,0.0370373966790642,-0.0076660462977267,0.000450225943486139,0.000901812927680158,2.77168081226116e-05,-15472.9794777284,-16386.9008977735,0.0557714619589432,TRUE,NA
"swissmetro","CVAE_conf70",4,1,14919,6351,0.368347338935574,0.298812110377137,-2391.15333104457,-1.11631808172015,0.346136373054274,0.540300678033383,2142,0.116438356164384,0.120141342756184,0.118260869565217,0.584745762711864,0.166532582461786,0.2592360676268,0.366310160427808,0.88961038961039,0.518939393939394,0.593105699652769,0.0431250201097342,0,NA,0.671162557197905,0.0356494701561263,-0.00510681266464984,0.000422682796448833,0.000785743800699643,2.3842135865642e-05,-15659.6741531935,-16390.1967346395,0.0445707024310554,TRUE,NA
"swissmetro","CVAE_conf70",4,2,14919,6351,0.395891690009337,0.332074190076311,-2371.56695611574,-1.10717411583368,0.352250029574892,0.516627280474459,2142,0.0890052356020942,0.120141342756184,0.102255639097744,0.627722772277228,0.255028157683025,0.362700228832952,0.39601593625498,0.806818181818182,0.531266702298236,0.67802257265413,0.0451523398072518,0,NA,0.686601084662558,0.0365162823099755,-0.00632413300658564,0.000446038935548983,0.00077593539304721,2.41902863620326e-05,-15658.8520916686,-16390.1967346395,0.0446208581148555,TRUE,NA
"swissmetro","CVAE_conf70",4,3,14919,6351,0.366946778711485,0.297193879552973,-2372.69356892012,-1.10770007886093,0.345046590287957,0.532542665622177,2142,0.118881118881119,0.120141342756184,0.119507908611599,0.575498575498576,0.162510056315366,0.2534504391468,0.365448504983389,0.892857142857143,0.518623290900519,0.521492818023471,0.0424536068006925,0,NA,0.613792499052207,0.0348975632668253,-0.00430881093701089,0.000416319790670026,0.000751424498255601,2.41889339875524e-05,-15728.8629995159,-16390.1967346395,0.0403493469804416,TRUE,NA
"swissmetro","CVAE_conf70",4,4,14919,6351,0.38562091503268,0.330981216705802,-2402.54456986666,-1.12163612038593,0.347753570573121,0.521853523080282,2142,0.109725685785536,0.15547703180212,0.128654970760234,0.595284872298625,0.243765084473049,0.345890410958904,0.388798701298701,0.777597402597403,0.518398268398268,0.760219847468253,0.0463004935833551,0,NA,0.739828343394642,0.0371878353994635,-0.00739340497858865,0.000472061244096518,0.000839550525489416,2.63912649579013e-05,-15540.5843815468,-16390.1967346395,0.0518366171467064,TRUE,NA
"swissmetro","CVAE_conf70",5,0,14916,6348,0.372549019607843,0.32191331469255,-2446.28800687261,-1.1420578930311,0.345361457555827,0.536447275442788,2142,0.102449888641425,0.163120567375887,0.125854993160055,0.591489361702128,0.223472668810289,0.32438739789965,0.387571545380213,0.769480519480519,0.515497553017945,0.812594839880865,0.0482933704034964,0,NA,0.790802968561466,0.0384510127771309,-0.00783851827424783,0.000488617389314663,0.000877506057885251,2.60959197114414e-05,-15461.3949173657,-16386.9008977735,0.0564784022422179,TRUE,NA
"swissmetro","CVAE_conf70",5,1,14919,6351,0.401960784313726,0.344388313529204,-2360.74672019223,-1.1021226518171,0.350017841894682,0.515536646465786,2142,0.114355231143552,0.166077738515901,0.135446685878963,0.623678646934461,0.237329042638777,0.343822843822844,0.412559618441971,0.842532467532468,0.553895410885806,0.640359934304777,0.044201499682383,0,NA,0.657064746245451,0.0351723607386601,-0.00579275716210953,0.000438986690260209,0.00078044857259015,2.44314900336721e-05,-15663.2160143798,-16390.1967346395,0.0443546061117943,TRUE,NA
"swissmetro","CVAE_conf70",5,2,14919,6351,0.396358543417367,0.346201809917233,-2388.73657735923,-1.11518981202578,0.352274023749868,0.526095078590852,2142,0.124705882352941,0.187279151943463,0.149717514124294,0.629277566539924,0.266291230893001,0.374222724703222,0.390428211586902,0.75487012987013,0.514665190924184,0.789162806938549,0.045355683545914,0,NA,0.752361426915604,0.0371404398854888,-0.00776622521386619,0.000451512486629706,0.00079505569889215,2.40884617742614e-05,-15545.1202968206,-16390.1967346395,0.0515598715195953,TRUE,NA
"swissmetro","CVAE_conf70",5,3,14919,6351,0.375816993464052,0.316312090368261,-2394.22102669228,-1.11775024588809,0.34746941121843,0.532333607999576,2142,0.1015625,0.137809187279152,0.116941529235382,0.576576576576577,0.205953338696702,0.303497332542976,0.388127853881279,0.827922077922078,0.528497409326425,0.693919946950193,0.0461397301100649,0,NA,0.717622371407632,0.0371425184230021,-0.00642627350253199,0.000463272317777127,0.000786391483467922,2.3694152271155e-05,-15610.1444030956,-16390.1967346395,0.0475926155233607,TRUE,NA
"swissmetro","CVAE_conf70",5,4,14919,6351,0.411764705882353,0.355626231718189,-2394.3480607583,-1.11780955217474,0.353793920791344,0.524883150541244,2142,0.131367292225201,0.173144876325088,0.149390243902439,0.644524236983842,0.288817377312953,0.398888888888889,0.391089108910891,0.769480519480519,0.518599562363238,0.823719461521244,0.0463684520486045,0,NA,0.77362377042866,0.0376516870815553,-0.00821386776061513,0.00046814221388306,0.000828927059471478,2.5240707674191e-05,-15500.6544330904,-16390.1967346395,0.0542728263699922,TRUE,NA
"swissmetro","CVAE_conf70",6,0,14916,6348,0.395891690009337,0.334759381491028,-2394.79001515904,-1.11801588009292,0.348664387560659,0.526980035372552,2142,0.119444444444444,0.152482269503546,0.133956386292835,0.614879649890591,0.22588424437299,0.330393885949442,0.395471698113208,0.850649350649351,0.539927872230809,0.701728812767952,0.0461605952912495,0,NA,0.730340994631247,0.0370759929569957,-0.00647075530126185,0.000464453010224514,0.000830822918625093,2.47301264106652e-05,-15552.0441210021,-16386.9008977735,0.0509465933784278,TRUE,NA
"swissmetro","CVAE_conf70",6,1,14919,6351,0.406162464985994,0.342687293057415,-2389.48379710298,-1.1155386541097,0.35283579542867,0.526255969165611,2142,0.0744186046511628,0.113074204946996,0.0897615708274895,0.654275092936803,0.283185840707965,0.39528354856822,0.41396933560477,0.788961038961039,0.543016759776536,0.795507916324087,0.0454044471331665,0,NA,0.757705337539985,0.0372452111516685,-0.00778506731571256,0.000447391288681701,0.000811980020433677,2.46122760157328e-05,-15532.5608879145,-16390.1967346395,0.0523261471848249,TRUE,NA
"swissmetro","CVAE_conf70",6,2,14919,6351,0.380018674136321,0.335285060665903,-2408.32402070783,-1.12433427670767,0.347511284520892,0.529831006142272,2142,0.135440180586907,0.212014134275618,0.165289256198347,0.591489361702128,0.223652453740949,0.324576765907764,0.387306753458096,0.772727272727273,0.515989159891599,0.748153502098629,0.0451901440276106,0,NA,0.729229448440459,0.0368328737985287,-0.00715709301735672,0.000449443548149102,0.000806230167621791,2.51925117672531e-05,-15585.3017995331,-16390.1967346395,0.049108314447827,TRUE,NA
"swissmetro","CVAE_conf70",6,3,14919,6351,0.375816993464052,0.308976516739268,-2386.03604330865,-1.11392905850077,0.346063318772448,0.534127940095763,2142,0.104294478527607,0.120141342756184,0.111658456486043,0.591133004926108,0.193081255028158,0.291085506367495,0.376595744680851,0.862012987012987,0.524185587364264,0.625503020584128,0.0449846491324349,0,NA,0.673774008516293,0.0365489062115753,-0.00560954436002235,0.000446275947532247,0.00076842595881038,2.42599419716513e-05,-15679.0299644342,-16390.1967346395,0.0433897641205458,TRUE,NA
"swissmetro","CVAE_conf70",6,4,14919,6351,0.378618113912232,0.319745327707004,-2391.22983713347,-1.11635379884849,0.348140404715618,0.527563371344729,2142,0.121813031161473,0.151943462897526,0.135220125786164,0.598591549295775,0.205148833467418,0.30557219892151,0.376375641966251,0.832792207792208,0.51844365841334,0.642381843021731,0.0443274138078356,0,NA,0.696779759837632,0.0361675665416981,-0.00575629948580203,0.000442654547855445,0.000812764092531914,2.42791371890547e-05,-15613.6778182608,-16390.1967346395,0.0473770345134173,TRUE,NA
"swissmetro","CVAE_conf70",7,0,14916,6348,0.38655462184874,0.328892808776147,-2398.87838905599,-1.11992455138001,0.349236537670721,0.52645696032537,2142,0.113989637305699,0.156028368794326,0.131736526946108,0.610132158590308,0.222668810289389,0.326266195524146,0.389400921658986,0.823051948051948,0.528675703858186,0.695204451731321,0.0437555630099786,0,NA,0.714894617953588,0.0361758821554306,-0.00641946783091044,0.00042790406626744,0.000834131042055896,2.53610300906915e-05,-15580.5496343115,-16386.9008977735,0.0492070629152067,TRUE,NA
"swissmetro","CVAE_conf70",7,1,14919,6351,0.395424836601307,0.336068504420204,-2396.19407056964,-1.11867136814642,0.349599416781809,0.53380550472743,2142,0.120218579234973,0.15547703180212,0.135593220338983,0.617834394904459,0.234111021721641,0.339556592765461,0.392337164750958,0.831168831168831,0.533055700156169,0.729754992986006,0.0468881661975235,0,NA,0.74395286984635,0.0378167003651742,-0.00691473790405131,0.000473558420931134,0.000808426472093541,2.46676891182336e-05,-15571.9245678315,-16390.1967346395,0.0499244871831607,TRUE,NA
"swissmetro","CVAE_conf70",7,2,14919,6351,0.388888888888889,0.335441293448874,-2376.70861605495,-1.10957451729923,0.349463141110778,0.528522310592604,2142,0.130102040816327,0.180212014134276,0.151111111111111,0.610503282275711,0.224456958970233,0.328235294117647,0.389017788089714,0.816558441558442,0.526977475117863,0.701846560673586,0.0458412321400343,0,NA,0.714168943537155,0.0367767078635155,-0.0064950009525088,0.000458291321945807,0.000803000485851244,2.49964686909075e-05,-15597.8085440166,-16390.1967346395,0.048345251948581,TRUE,NA
"swissmetro","CVAE_conf70",7,3,14919,6351,0.376750700280112,0.314357476983902,-2410.85973231216,-1.12551808231193,0.345920393549017,0.532940407195285,2142,0.0865139949109415,0.120141342756184,0.100591715976331,0.587837837837838,0.209975864843121,0.309425014819206,0.392337164750958,0.831168831168831,0.533055700156169,0.714517809511419,0.0470916808614221,0,NA,0.72500837804476,0.0371738787861196,-0.00660470535588142,0.000469397239526234,0.000853959575840002,2.63709657595953e-05,-15557.3132897796,-16390.1967346395,0.0508159516535692,TRUE,NA
"swissmetro","CVAE_conf70",7,4,14919,6351,0.398225957049486,0.345710793281126,-2396.95603201023,-1.11902709244175,0.35183951820447,0.518174721087575,2142,0.111368909512761,0.169611307420495,0.134453781512605,0.618874773139746,0.274336283185841,0.38015607580825,0.4,0.753246753246753,0.522522522522523,0.799880970675123,0.0455111275049496,0,NA,0.763145789757681,0.0369348056198712,-0.00781411797986504,0.000452610533991151,0.000824191784458488,2.40681452567983e-05,-15498.6383981778,-16390.1967346395,0.0543958288540569,TRUE,NA
"swissmetro","CVAE_conf70",8,0,14916,6348,0.397292250233427,0.342110202101914,-2371.78150214532,-1.10727427737877,0.352520209134936,0.524985686669478,2142,0.126943005181347,0.173758865248227,0.146706586826347,0.624229979466119,0.244372990353698,0.351242056614674,0.392434988179669,0.808441558441558,0.528381962864721,0.719198555640067,0.0460067943873229,0,NA,0.728632365447251,0.0370760435649171,-0.0067943401363001,0.000465263361610914,0.000810906555820803,2.44017946319919e-05,-15567.3090430022,-16386.9008977735,0.0500150614130258,TRUE,NA
"swissmetro","CVAE_conf70",8,1,14919,6351,0.38655462184874,0.325344894043173,-2378.07405425674,-1.11021197677719,0.348687181321314,0.53547083585062,2142,0.101827676240209,0.137809187279152,0.117117117117117,0.624719101123596,0.223652453740949,0.329383886255924,0.388888888888889,0.829545454545455,0.529533678756477,0.691599601686552,0.0456665868811023,0,NA,0.721735228759863,0.0372385705905025,-0.00649107833050946,0.000462163062665119,0.00076149243563307,2.26218312739316e-05,-15605.3143939525,-16390.1967346395,0.0478873044292543,TRUE,NA
"swissmetro","CVAE_conf70",8,2,14919,6351,0.394024276377218,0.346553408557331,-2440.41912149366,-1.1393179838906,0.346944569004959,0.534034344071781,2142,0.141486810551559,0.208480565371025,0.168571428571429,0.618181818181818,0.246178600160901,0.352128883774453,0.389430894308943,0.777597402597403,0.51895991332611,0.804740908171441,0.0461135797692331,0,NA,0.782492028992621,0.0374682290524158,-0.00784739983718559,0.000464283698696205,0.00085562622773424,2.51845848662898e-05,-15479.1062734274,-16390.1967346395,0.0555875244185836,TRUE,NA
"swissmetro","CVAE_conf70",8,3,14919,6351,0.391223155929038,0.339690124196219,-2437.84840334275,-1.13811783536076,0.348250663494558,0.531444947300827,2142,0.121951219512195,0.176678445229682,0.144300144300144,0.601923076923077,0.251810136765889,0.355076574021554,0.391914191419142,0.771103896103896,0.519693654266958,0.839275429891144,0.0472825001092508,0,NA,0.794452555282217,0.0378831036352093,-0.00829461988406882,0.000478055184546034,0.000844200251813184,2.45565924509989e-05,-15461.8094585145,-16390.1967346395,0.0566428390797141,TRUE,NA
"swissmetro","CVAE_conf70",8,4,14919,6351,0.38375350140056,0.315153836394917,-2352.73207760485,-1.09838098861104,0.350575327677615,0.515116856977912,2142,0.0798898071625344,0.102473498233216,0.0897832817337461,0.584444444444444,0.211584875301689,0.310691080921441,0.398796087283672,0.86038961038961,0.544987146529563,0.597911488482208,0.0431809055784177,0,NA,0.64118354555997,0.0355024548597007,-0.00528965227860595,0.000416129047042939,0.000770224739644566,2.53500247608485e-05,-15712.7223727163,-16390.1967346395,0.0413341201995125,TRUE,NA
"swissmetro","CVAE_conf70",9,0,14916,6348,0.402427637721755,0.34001495609314,-2388.70025500446,-1.11517285481067,0.353442293389558,0.529420368258081,2142,0.103359173126615,0.141843971631206,0.119581464872945,0.658174097664543,0.2491961414791,0.361516034985423,0.398753894080997,0.831168831168831,0.538947368421053,0.763424035798416,0.0454760520944865,0,NA,0.768589174250758,0.0378027414564429,-0.00739603853502819,0.000454550820525417,0.000843336873466259,2.52669403475529e-05,-15514.5917377732,-16386.9008977735,0.0532321007762252,TRUE,NA
"swissmetro","CVAE_conf70",9,1,14919,6351,0.390289449112979,0.339781961611491,-2396.39365599557,-1.11876454528271,0.349862854437457,0.534663989474048,2142,0.135135135135135,0.19434628975265,0.159420289855072,0.617204301075269,0.230893000804505,0.336065573770492,0.388976377952756,0.801948051948052,0.523860021208908,0.761057289403202,0.0476417060181236,0,NA,0.750882870545939,0.0376185970572802,-0.00721984987195048,0.000482948354916657,0.000813270214173175,2.38149062289609e-05,-15536.2094026736,-16390.1967346395,0.0521035437092159,TRUE,NA
"swissmetro","CVAE_conf70",9,2,14919,6351,0.396825396825397,0.342992504887734,-2397.93810812301,-1.11948557802195,0.350615566094074,0.515896393920809,2142,0.109302325581395,0.166077738515901,0.131837307152875,0.603846153846154,0.252614641995173,0.356211003970505,0.410234899328859,0.793831168831169,0.540929203539823,0.748496712242497,0.0451282916346028,0,NA,0.735665870254896,0.0369491092765925,-0.00721931238556865,0.000449541460669797,0.000827681286780281,2.56015735196819e-05,-15567.3174147885,-16390.1967346395,0.0502055791747704,TRUE,NA
"swissmetro","CVAE_conf70",9,3,14919,6351,0.399159663865546,0.346904056198872,-2406.29820604674,-1.1233885182291,0.349310249715208,0.521189180019113,2142,0.113953488372093,0.173144876325088,0.137447405329593,0.622262773722628,0.274336283185841,0.380792853154662,0.399484536082474,0.75487012987013,0.52247191011236,0.799328842373419,0.0466144364597775,0,NA,0.754379862298083,0.0375369305851493,-0.00798904632573507,0.000476291190921028,0.000828466838153711,2.62663036772922e-05,-15535.1418530726,-16390.1967346395,0.0521686771312427,TRUE,NA
"swissmetro","CVAE_conf70",9,4,14919,6351,0.388422035480859,0.330423851342082,-2380.89232898729,-1.11152769793991,0.348665997835447,0.524993484248397,2142,0.115281501340483,0.151943462897526,0.13109756097561,0.597916666666667,0.230893000804505,0.333139872315728,0.38944918541505,0.814935064935065,0.527034120734908,0.687471891696403,0.0450794014525012,0,NA,0.703511522180336,0.0364597213268003,-0.00643885039671931,0.000457933520807623,0.000815151462766886,2.58182063554332e-05,-15607.3192290492,-16390.1967346395,0.0477649852692629,TRUE,NA
"swissmetro","CVAE_conf90",0,0,14916,6348,0.392156862745098,0.343167635699741,-2434.67021533416,-1.13663408745759,0.350089403148544,0.52399266757555,2142,0.119909502262443,0.187943262411348,0.146408839779006,0.609942638623327,0.256430868167203,0.361063950198076,0.397621070518267,0.75974025974026,0.522030117122142,0.821143990313855,0.0441827459562058,0,NA,0.777218917789691,0.0369856642299459,-0.00805613760788818,0.00042959579396932,0.000867084476356664,2.62064680881788e-05,-15483.3618301416,-16386.9008977735,0.0551378856361259,TRUE,NA
"swissmetro","CVAE_conf90",0,1,14919,6351,0.371615312791783,0.314724410212534,-2381.43340436023,-1.11178030082177,0.345946623715331,0.528995053737003,2142,0.122282608695652,0.159010600706714,0.138248847926267,0.572815533980582,0.189863234111022,0.285196374622356,0.378120411160059,0.836038961038961,0.520728008088979,0.606032160001481,0.0439564009981303,0,NA,0.649858216894256,0.0354085571632858,-0.00540371573113744,0.00043913548192436,0.000770526907119572,2.4301960867597e-05,-15682.2066006294,-16390.1967346395,0.0431959509377839,TRUE,NA
"swissmetro","CVAE_conf90",0,2,14919,6351,0.387488328664799,0.323061935286021,-2389.3071696665,-1.11545619498903,0.347324355530521,0.52332956569345,2142,0.0997067448680352,0.120141342756184,0.108974358974359,0.605749486652977,0.237329042638777,0.341040462427746,0.381278538812785,0.813311688311688,0.519170984455959,0.68803782922094,0.0457156093462093,0,NA,0.691249572039968,0.0363604857285124,-0.00643498987603794,0.000457996998225541,0.000770677326652362,2.37276149601432e-05,-15637.9786641881,-16390.1967346395,0.0458943893493161,TRUE,NA
"swissmetro","CVAE_conf90",0,3,14919,6351,0.378151260504202,0.312546125798637,-2373.23956039144,-1.10795497684008,0.349296673189411,0.534537132867369,2142,0.0943396226415094,0.123674911660777,0.107033639143731,0.640625,0.197908286403862,0.30239704978488,0.38139870223504,0.858766233766234,0.528207688467299,0.613198533923398,0.0439671205173732,0,NA,0.670372349263933,0.0355804073161775,-0.00539822164226757,0.000435426548125131,0.000761687551001086,2.24945720966167e-05,-15655.2900133907,-16390.1967346395,0.0448381879209347,TRUE,NA
"swissmetro","CVAE_conf90",0,4,14919,6351,0.3828197945845,0.319320274622284,-2379.78225719549,-1.11100945714075,0.346364322780842,0.529709913273886,2142,0.116417910447761,0.137809187279152,0.12621359223301,0.586448598130841,0.201930812550282,0.300418910831837,0.384336475707034,0.86038961038961,0.531328320802005,0.622288190422827,0.0441247679533466,0,NA,0.666155889474997,0.0356865509384064,-0.00552302779860827,0.000431107078536693,0.000771384094675363,2.40754753082514e-05,-15662.584588788,-16390.1967346395,0.0443931307007308,TRUE,NA
"swissmetro","CVAE_conf90",1,0,14916,6348,0.391690009337068,0.331589686598184,-2422.79012664333,-1.13108782756458,0.348714190215421,0.525020343950063,2142,0.102631578947368,0.138297872340426,0.117824773413897,0.597222222222222,0.241961414790997,0.344393592677346,0.396661367249603,0.810064935064935,0.532550693703308,0.763563841691777,0.0455386341469175,0,NA,0.755449082513509,0.0371504574567771,-0.00731376905307857,0.000455858700965074,0.000864089263255083,2.61054707028135e-05,-15519.6222266383,-16386.9008977735,0.0529251184556265,TRUE,NA
"swissmetro","CVAE_conf90",1,1,14919,6351,0.403828197945845,0.343929491937522,-2348.20445313661,-1.09626725169776,0.35529901894061,0.512012572204945,2142,0.100244498777506,0.144876325088339,0.11849710982659,0.62109375,0.255832662912309,0.362393162393162,0.414414414414414,0.821428571428571,0.550898203592814,0.725219834860396,0.0462021514333322,0,NA,0.724053121913778,0.0373164884216028,-0.00706333872705632,0.000474639709631403,0.00083988017218926,2.71975940418481e-05,-15571.5891111619,-16390.1967346395,0.0499449540924407,TRUE,NA
"swissmetro","CVAE_conf90",1,2,14919,6351,0.38608776844071,0.332962739838148,-2409.14592139685,-1.1247179838454,0.34781001369401,0.531712958234364,2142,0.118226600985222,0.169611307420495,0.13933236574746,0.621338912133891,0.238938053097345,0.345148169668797,0.383147853736089,0.782467532467532,0.514407684098186,0.758877472819747,0.0456434393002256,0,NA,0.750791833848999,0.0373165205747584,-0.00726255564853379,0.000453789569863479,0.000815147319383588,2.43443618547561e-05,-15542.2783634916,-16390.1967346395,0.0517332637841951,TRUE,NA
"swissmetro","CVAE_conf90",1,3,14919,6351,0.392156862745098,0.331125386601928,-2407.89641059445,-1.12413464546893,0.347367163406798,0.534073110516221,2142,0.115702479338843,0.148409893992933,0.130030959752322,0.628635346756152,0.226065969428801,0.332544378698225,0.388138138138138,0.839285714285714,0.530800821355236,0.699583597940038,0.0452845772862659,0,NA,0.73045610816686,0.0367453640867372,-0.00647019486542121,0.000454563037097237,0.000780869321437219,2.23723162589135e-05,-15590.1473939281,-16390.1967346395,0.048812674653295,TRUE,NA
"swissmetro","CVAE_conf90",1,4,14919,6351,0.38562091503268,0.339212377111151,-2381.62069669969,-1.11186773888875,0.350801384150514,0.531042717796401,2142,0.123620309050773,0.197879858657244,0.152173913043478,0.606361829025845,0.245374094931617,0.349369988545246,0.392074198988196,0.75487012987013,0.516093229744728,0.783998543602836,0.0468190738005242,0,NA,0.743046108749286,0.0372773298052268,-0.00765378739050948,0.000473639910008514,0.00079131125377709,2.41388124249539e-05,-15545.3737331604,-16390.1967346395,0.0515444088412718,TRUE,NA
"swissmetro","CVAE_conf90",2,0,14916,6348,0.394491129785247,0.338306959982856,-2386.69210735244,-1.1142353442355,0.348415597191001,0.537274922718719,2142,0.126262626262626,0.177304964539007,0.147492625368732,0.63448275862069,0.221864951768489,0.328767123287671,0.395881006864989,0.842532467532468,0.538661131292164,0.699274778298405,0.0467285414968174,0,NA,0.719565596735126,0.0371294504066437,-0.00636948536147032,0.0004660372849464,0.000802849555739415,2.43747257379508e-05,-15584.8251369483,-16386.9008977735,0.0489461531395636,TRUE,NA
"swissmetro","CVAE_conf90",2,1,14919,6351,0.38562091503268,0.327425138677529,-2369.21296762855,-1.10607514828597,0.350364580865181,0.528630918215724,2142,0.105793450881612,0.148409893992933,0.123529411764706,0.605664488017429,0.223652453740949,0.326674500587544,0.393468118195956,0.821428571428571,0.532071503680337,0.697960664950797,0.0448379898415545,0,NA,0.706577480784624,0.036691240917054,-0.00657366553570315,0.000448386640703735,0.000769593302100254,2.39936216001729e-05,-15627.7560092998,-16390.1967346395,0.0465180947906716,TRUE,NA
"swissmetro","CVAE_conf90",2,2,14919,6351,0.380018674136321,0.326208191909335,-2460.24421160964,-1.14857339477574,0.345561890886227,0.523989913390587,2142,0.106172839506173,0.151943462897526,0.125,0.579766536964981,0.239742558326629,0.339214570290268,0.386753883892069,0.767857142857143,0.514410005437738,0.796963234678487,0.046307381293718,0,NA,0.776377786438058,0.0370314235516614,-0.0075910825303363,0.000462860753598047,0.000900302487086928,2.5908582153668e-05,-15455.2625852686,-16390.1967346395,0.0570422774361834,TRUE,NA
"swissmetro","CVAE_conf90",2,3,14919,6351,0.393557422969188,0.334530887051678,-2374.5637827869,-1.10857319457838,0.351075066056822,0.524063551554748,2142,0.0965346534653465,0.137809187279152,0.11353711790393,0.61598440545809,0.254223652453741,0.359908883826879,0.398367346938776,0.792207792207792,0.530146659424226,0.73819154023793,0.0469574706965534,0,NA,0.725400391136371,0.0374943626305937,-0.00715968945890243,0.000479015805615549,0.000781018260719945,2.42131684327001e-05,-15593.5955309327,-16390.1967346395,0.048602296641335,TRUE,NA
"swissmetro","CVAE_conf90",2,4,14919,6351,0.389355742296919,0.338051080686501,-2384.39554073303,-1.11316318428246,0.351216437456327,0.525854337391472,2142,0.123222748815166,0.183745583038869,0.147517730496454,0.623678646934461,0.237329042638777,0.343822843822844,0.390537289494787,0.790584415584416,0.522812667740204,0.738713921629025,0.0439394897080153,0,NA,0.726560798303519,0.0365197861938984,-0.00710149986966575,0.000432191709964083,0.000786975433414051,2.39103517492691e-05,-15596.8675601425,-16390.1967346395,0.0484026633323055,TRUE,NA
"swissmetro","CVAE_conf90",3,0,14916,6348,0.396825396825397,0.339914098726793,-2397.42095311044,-1.11924414244185,0.349781248677923,0.534669311434925,2142,0.116751269035533,0.163120567375887,0.136094674556213,0.616016427104723,0.241157556270096,0.346620450606586,0.399682791435369,0.818181818181818,0.537027171017581,0.775897330046661,0.046748713086551,0,NA,0.760823784546484,0.037919538726321,-0.00758339949376031,0.000474503295834361,0.000822203836829185,2.52806299915702e-05,-15529.4517744829,-16386.9008977735,0.0523252766730986,TRUE,NA
"swissmetro","CVAE_conf90",3,1,14919,6351,0.393090569561158,0.33264356477011,-2383.8156087075,-1.11289244103992,0.349041794561604,0.525530266622067,2142,0.109333333333333,0.144876325088339,0.124620060790274,0.617336152219873,0.234915526950925,0.34032634032634,0.393353941267388,0.826298701298701,0.532984293193717,0.688883422688314,0.045411993747101,0,NA,0.706115110635931,0.0366325075617554,-0.00631859902921825,0.000450031259483075,0.000790887346591546,2.3962467394962e-05,-15612.4083888693,-16390.1967346395,0.0474544850414417,TRUE,NA
"swissmetro","CVAE_conf90",3,2,14919,6351,0.394957983193277,0.334547798707755,-2369.47781660283,-1.10619879393223,0.350839655303442,0.523782038228491,2142,0.120111731843575,0.151943462897526,0.134165366614665,0.61587982832618,0.230893000804505,0.335868929198362,0.391502276176024,0.837662337662338,0.533609100310238,0.644923892415169,0.0450609098284632,0,NA,0.679737846462897,0.0363728459917922,-0.00583032337060304,0.00045124515074716,0.000804635735179981,2.54869007489343e-05,-15649.3627481301,-16390.1967346395,0.0451998227052235,TRUE,NA
"swissmetro","CVAE_conf90",3,3,14919,6351,0.400560224089636,0.350057099733686,-2393.2552659052,-1.1172993771733,0.352534595450329,0.517972841668822,2142,0.112582781456954,0.180212014134276,0.138586956521739,0.623869801084991,0.277554304102977,0.384187082405345,0.40669014084507,0.75,0.527397260273973,0.82171732947156,0.0470226129413836,0,NA,0.768448011175957,0.0373550911983142,-0.00815757762746065,0.00047642861101441,0.000835325564865501,2.54541776873554e-05,-15496.7488215651,-16390.1967346395,0.054511115854162,TRUE,NA
"swissmetro","CVAE_conf90",3,4,14919,6351,0.368347338935574,0.314852710852849,-2427.72269878443,-1.13339061567901,0.345828868780115,0.534122763120272,2142,0.0964705882352941,0.144876325088339,0.115819209039548,0.597849462365591,0.223652453740949,0.325526932084309,0.375399361022364,0.762987012987013,0.50321199143469,0.766628476603448,0.0451664163215015,0,NA,0.746586473209162,0.0370713065986343,-0.00730905236089201,0.000444303303879406,0.000798749985309886,2.36038462106851e-05,-15560.6261832158,-16390.1967346395,0.0506138251330761,TRUE,NA
"swissmetro","CVAE_conf90",4,0,14916,6348,0.3828197945845,0.332985446004398,-2428.96188722012,-1.1339691350234,0.348172617756489,0.524093736702439,2142,0.106753812636166,0.173758865248227,0.13225371120108,0.610204081632653,0.240353697749196,0.344867358708189,0.395641240569992,0.766233766233766,0.521835268103925,0.797745093341724,0.0455267024272128,0,NA,0.765331748951784,0.036998432408411,-0.00766276643317587,0.000449986158175367,0.000900313714914721,2.7644848692823e-05,-15473.7565576502,-16386.9008977735,0.0557240411606669,TRUE,NA
"swissmetro","CVAE_conf90",4,1,14919,6351,0.368347338935574,0.298825614485702,-2389.84627032228,-1.11570787596745,0.346111549448456,0.53993511427956,2142,0.116040955631399,0.120141342756184,0.118055555555556,0.584745762711864,0.166532582461786,0.2592360676268,0.366555183946488,0.88961038961039,0.519185220274751,0.589686008120035,0.0429453262498009,0,NA,0.666771209611906,0.0354445803258669,-0.00508044533830092,0.000421205414933172,0.00077916792646443,2.35363933111566e-05,-15663.4963916921,-16390.1967346395,0.0443374997086898,TRUE,NA
"swissmetro","CVAE_conf90",4,2,14919,6351,0.395891690009337,0.332260969064018,-2369.99668044079,-1.10644102728328,0.352146991687004,0.5165966334338,2142,0.0885416666666667,0.120141342756184,0.101949025487256,0.629191321499014,0.256637168141593,0.364571428571429,0.39568345323741,0.803571428571429,0.530262453133369,0.673956794865257,0.044922014595758,0,NA,0.681290569286562,0.0362399380383536,-0.00629342094991464,0.000444143833193446,0.000765217014974971,2.36334191895613e-05,-15663.1781609649,-16390.1967346395,0.0443569156273812,TRUE,NA
"swissmetro","CVAE_conf90",4,3,14919,6351,0.366946778711485,0.297337549258763,-2370.86375547541,-1.10684582421821,0.345049332130563,0.531884920892087,2142,0.118466898954704,0.120141342756184,0.119298245614035,0.576704545454545,0.16331456154465,0.254545454545455,0.365269461077844,0.891233766233766,0.5181689476168,0.517445982376708,0.0422151329988932,0,NA,0.60736229658615,0.0345969677485215,-0.004285883789484,0.00041452520868171,0.000741899316657802,2.37220981893478e-05,-15734.5400312935,-16390.1967346395,0.0400029794615155,TRUE,NA
"swissmetro","CVAE_conf90",4,4,14919,6351,0.38562091503268,0.331012167687761,-2402.03963472292,-1.12140038969324,0.347756599143977,0.521736696732622,2142,0.109452736318408,0.15547703180212,0.128467153284672,0.595284872298625,0.243765084473049,0.345890410958904,0.389114541023558,0.777597402597403,0.518678938819708,0.759254394172634,0.0462481541067605,0,NA,0.738310358808443,0.0371187054576523,-0.00738696104603424,0.000471633411964447,0.000837124449173662,2.62780384546814e-05,-15542.0780191387,-16390.1967346395,0.0517454872099506,TRUE,NA
"swissmetro","CVAE_conf90",5,0,14916,6348,0.372549019607843,0.32191331469255,-2446.16449224008,-1.14200022980396,0.345365863599292,0.536377821242131,2142,0.102449888641425,0.163120567375887,0.125854993160055,0.591489361702128,0.223472668810289,0.32438739789965,0.387571545380213,0.769480519480519,0.515497553017945,0.812379993299708,0.0482854532659786,0,NA,0.790421550124035,0.0384393466926199,-0.00783721850816757,0.000488553100870399,0.000877311249527752,2.60961855028907e-05,-15461.8291934036,-16386.9008977735,0.056451900828645,TRUE,NA
"swissmetro","CVAE_conf90",5,1,14919,6351,0.403361344537815,0.345645767254657,-2359.02966528746,-1.10132103888304,0.349983980777559,0.515144652200029,2142,0.114634146341463,0.166077738515901,0.135642135642136,0.624737945492662,0.239742558326629,0.346511627906977,0.413545816733068,0.842532467532468,0.554783538214858,0.635839111962502,0.0439454018906947,0,NA,0.650944230619415,0.0348788032232461,-0.0057608657748038,0.000436965252235621,0.000770643141902776,2.39502526316185e-05,-15668.3880060085,-16390.1967346395,0.044039052143011,TRUE,NA
"swissmetro","CVAE_conf90",5,2,14919,6351,0.397759103641457,0.347969003208336,-2388.09254570598,-1.11488914365359,0.352277939962646,0.525788116082721,2142,0.126760563380282,0.190812720848057,0.152327221438646,0.630681818181818,0.267900241351569,0.376058723884811,0.391414141414141,0.75487012987013,0.515521064301552,0.787667041465397,0.0452825092617853,0,NA,0.750059763708535,0.0370495593715336,-0.00775590796671118,0.000450906062532712,0.000792964255775931,2.4020518439869e-05,-15547.333781573,-16390.1967346395,0.051424822210045,TRUE,NA
"swissmetro","CVAE_conf90",5,3,14919,6351,0.376283846872082,0.317343065240583,-2393.7502254411,-1.11753045071947,0.347470073178159,0.532180172123699,2142,0.103896103896104,0.141342756183746,0.119760479041916,0.576576576576577,0.205953338696702,0.303497332542976,0.388423457730388,0.827922077922078,0.528771384136859,0.692917826337521,0.046087067861111,0,NA,0.716109445693123,0.0370773447353481,-0.00641935211597735,0.000462838270772391,0.000784495288286876,2.36173674246692e-05,-15611.5762207503,-16390.1967346395,0.0475052573495767,TRUE,NA
"swissmetro","CVAE_conf90",5,4,14919,6351,0.411764705882353,0.355645055271886,-2394.23645840891,-1.11775745023759,0.353793642158929,0.524844538141541,2142,0.131016042780749,0.173144876325088,0.149162861491629,0.644524236983842,0.288817377312953,0.398888888888889,0.391412056151941,0.769480519480519,0.51888341543514,0.823521096286106,0.0463581927205745,0,NA,0.773256374357681,0.0376368519255406,-0.00821285143423807,0.000468061825825436,0.000828419962296392,2.52205020441486e-05,-15501.0307496366,-16390.1967346395,0.0542498665146439,TRUE,NA
"swissmetro","CVAE_conf90",6,0,14916,6348,0.395891690009337,0.334759381491028,-2394.12686435432,-1.1177062858797,0.348662817687364,0.526775391820218,2142,0.119444444444444,0.152482269503546,0.133956386292835,0.614879649890591,0.22588424437299,0.330393885949442,0.395471698113208,0.850649350649351,0.539927872230809,0.700225137677888,0.0460861377498048,0,NA,0.728206862830218,0.0369876129207364,-0.00645946520170461,0.000463813628016731,0.000828223582779967,2.46319115061136e-05,-15554.1908030373,-16386.9008977735,0.0508155934994019,TRUE,NA
"swissmetro","CVAE_conf90",6,1,14919,6351,0.405695611577965,0.342373916863408,-2389.25676358483,-1.11543266273801,0.352830805461424,0.526194933074098,2142,0.074245939675174,0.113074204946996,0.0896358543417367,0.654275092936803,0.283185840707965,0.39528354856822,0.413469735720375,0.787337662337662,0.542202347680268,0.795047260859437,0.0453766464863204,0,NA,0.756906407105212,0.0372078284103694,-0.00778244111556447,0.000447173026096657,0.000810711109892608,2.45544108249252e-05,-15533.251382124,-16390.1967346395,0.0522840186966393,TRUE,NA
"swissmetro","CVAE_conf90",6,2,14919,6351,0.380018674136321,0.335302548198939,-2407.96983855877,-1.12416892556432,0.347512562744325,0.529716790297939,2142,0.135135135135135,0.212014134275618,0.165061898211829,0.591489361702128,0.223652453740949,0.324576765907764,0.387622149837134,0.772727272727273,0.516268980477223,0.74747572264471,0.0451526375428187,0,NA,0.728114050096283,0.0367826727748205,-0.00715319972265561,0.000449158370445443,0.000804605033902147,2.51187748280221e-05,-15586.3530532528,-16390.1967346395,0.0490441752714211,TRUE,NA
"swissmetro","CVAE_conf90",6,3,14919,6351,0.377217553688142,0.311005727546707,-2384.35680832161,-1.11314510192419,0.346058181664112,0.533668491482709,2142,0.106382978723404,0.123674911660777,0.11437908496732,0.593137254901961,0.194690265486726,0.293155663234403,0.377935943060498,0.862012987012987,0.525482434438397,0.621847628889677,0.0447799006839487,0,NA,0.668296041542012,0.0362886740988723,-0.00558579110444222,0.000444668993826359,0.000759654866860728,2.38353332213021e-05,-15683.7969219339,-16390.1967346395,0.0430989221265828,TRUE,NA
"swissmetro","CVAE_conf90",6,4,14919,6351,0.378618113912232,0.319761937204148,-2390.97631576381,-1.11623544153306,0.348125181444156,0.527575133289133,2142,0.121468926553672,0.151943462897526,0.135007849293564,0.598591549295775,0.205148833467418,0.30557219892151,0.376651982378855,0.832792207792208,0.518705763397371,0.64173175046578,0.0442919131504295,0,NA,0.696002904739674,0.0361274851991739,-0.0057506840525128,0.000442338120338621,0.00081101424580792,2.41918488772527e-05,-15614.4090957515,-16390.1967346395,0.0473324177524019,TRUE,NA
"swissmetro","CVAE_conf90",7,0,14916,6348,0.38655462184874,0.328892808776147,-2398.19812580567,-1.11960696816325,0.349226868708815,0.526298326159742,2142,0.113989637305699,0.156028368794326,0.131736526946108,0.610132158590308,0.222668810289389,0.326266195524146,0.389400921658986,0.823051948051948,0.528675703858186,0.693690148392482,0.0436761410550807,0,NA,0.712796559725078,0.0360809800717045,-0.00640813588317954,0.000427241141861349,0.000830961832837939,2.52168293065602e-05,-15582.5487775374,-16386.9008977735,0.0490850664963399,TRUE,NA
"swissmetro","CVAE_conf90",7,1,14919,6351,0.395424836601307,0.336068504420204,-2395.64126907175,-1.11841329088317,0.349586642417028,0.533649373449867,2142,0.120218579234973,0.15547703180212,0.135593220338983,0.617834394904459,0.234111021721641,0.339556592765461,0.392337164750958,0.831168831168831,0.533055700156169,0.728452279808897,0.0468194006956817,0,NA,0.74207084892461,0.0377328996458014,-0.00690483052190023,0.000472963172081117,0.00080584269448285,2.45578530896492e-05,-15573.7428881687,-16390.1967346395,0.0498135476766597,TRUE,NA
"swissmetro","CVAE_conf90",7,2,14919,6351,0.388888888888889,0.335441293448874,-2376.31926773699,-1.10939274871008,0.349439128691074,0.528541320655607,2142,0.130102040816327,0.180212014134276,0.151111111111111,0.610503282275711,0.224456958970233,0.328235294117647,0.389017788089714,0.816558441558442,0.526977475117863,0.700624925414865,0.045772887572186,0,NA,0.712774868339588,0.0367011773879439,-0.00648454744726282,0.000457702225311364,0.00079995564873553,2.4837487403403e-05,-15599.0597249045,-16390.1967346395,0.0482689147997258,TRUE,NA
"swissmetro","CVAE_conf90",7,3,14919,6351,0.376283846872082,0.314694710396113,-2408.81172301464,-1.12456196219171,0.345913274621151,0.532632703014275,2142,0.0883838383838384,0.123674911660777,0.103092783505155,0.586907449209932,0.209171359613837,0.308422301304864,0.392171910974674,0.829545454545455,0.532569046378322,0.710547167693838,0.0468707470891052,0,NA,0.719586498047401,0.0369038758666148,-0.0065764387675504,0.000467600405969106,0.000843776563831644,2.58637910790863e-05,-15561.9475340858,-16390.1967346395,0.0505332067676334,TRUE,NA
"swissmetro","CVAE_conf90",7,4,14919,6351,0.398225957049486,0.345710793281126,-2396.4073096317,-1.11877091952927,0.351823637461582,0.51806049813628,2142,0.111368909512761,0.169611307420495,0.134453781512605,0.618874773139746,0.274336283185841,0.38015607580825,0.4,0.753246753246753,0.522522522522523,0.798582199878244,0.0454426967322744,0,NA,0.761280107991669,0.0368527047389191,-0.00780419538432863,0.000452013260007088,0.000821368063026699,2.39498733219247e-05,-15500.4265603631,-16390.1967346395,0.0542867293591371,TRUE,NA
"swissmetro","CVAE_conf90",8,0,14916,6348,0.397292250233427,0.342110202101914,-2371.67861505246,-1.10722624418882,0.352524941228783,0.524920620668683,2142,0.126943005181347,0.173758865248227,0.146706586826347,0.624229979466119,0.244372990353698,0.351242056614674,0.392434988179669,0.808441558441558,0.528381962864721,0.719057787311402,0.0460002396197363,0,NA,0.728299826190758,0.037065188506102,-0.00679405271394073,0.000465220125110048,0.000810684855272745,2.439873373183e-05,-15567.6600089122,-16386.9008977735,0.0499936439459817,TRUE,NA
"swissmetro","CVAE_conf90",8,1,14919,6351,0.387488328664799,0.326187017138182,-2377.35239157484,-1.1098750660947,0.34868844218725,0.535136707159043,2142,0.101827676240209,0.137809187279152,0.117117117117117,0.626398210290828,0.225261464199517,0.331360946745562,0.389481707317073,0.829545454545455,0.530082987551867,0.689824384970025,0.0455834722470219,0,NA,0.719077396093872,0.037134467183248,-0.00647854344473801,0.000461464580349519,0.000758884660162986,2.25347296435671e-05,-15607.9534277465,-16390.1967346395,0.0477262914873897,TRUE,NA
"swissmetro","CVAE_conf90",8,2,14919,6351,0.394024276377218,0.346553408557331,-2440.00044852139,-1.13912252498664,0.346936302743211,0.533963088043803,2142,0.141486810551559,0.208480565371025,0.168571428571429,0.618181818181818,0.246178600160901,0.352128883774453,0.389430894308943,0.777597402597403,0.51895991332611,0.803739485936602,0.0460697673744591,0,NA,0.781313375876214,0.0374181823552706,-0.00783856925296136,0.000463884080655234,0.000853865224728428,2.5110480996721e-05,-15480.3911003192,-16390.1967346395,0.0555091344570354,TRUE,NA
"swissmetro","CVAE_conf90",8,3,14919,6351,0.392156862745098,0.341054391185361,-2437.05322989838,-1.13774660592828,0.348239808819491,0.53127751139979,2142,0.124087591240876,0.180212014134276,0.146974063400576,0.603846153846154,0.252614641995173,0.356211003970505,0.392237819983485,0.771103896103896,0.519978106185003,0.83760085532045,0.0472030816024967,0,NA,0.792156887906713,0.0377867872943179,-0.00828118529935293,0.000477345328046151,0.000840894637504451,2.44236742786129e-05,-15464.2070582229,-16390.1967346395,0.0564965565336729,TRUE,NA
"swissmetro","CVAE_conf90",8,4,14919,6351,0.38515406162465,0.31647800362259,-2351.36163975379,-1.09774119502978,0.350511361855258,0.515137534745427,2142,0.0796703296703297,0.102473498233216,0.0896445131375579,0.58719646799117,0.213998390989541,0.313679245283019,0.4,0.86038961038961,0.546110252447192,0.593896545091558,0.0429361196182647,0,NA,0.636123233770301,0.0352151667563091,-0.00525967551394856,0.000414175700690371,0.000759396123869724,2.47200945705629e-05,-15716.5542691263,-16390.1967346395,0.0411003282278841,TRUE,NA
"swissmetro","CVAE_conf90",9,0,14916,6348,0.402427637721755,0.34001495609314,-2388.58507428146,-1.1151190822976,0.353433285879104,0.529439162971599,2142,0.103359173126615,0.141843971631206,0.119581464872945,0.658174097664543,0.2491961414791,0.361516034985423,0.398753894080997,0.831168831168831,0.538947368421053,0.763144764046439,0.0454627565533206,0,NA,0.768243906281253,0.0377854045254368,-0.00739357296989144,0.00045442619560495,0.000842418612905505,2.52210458150789e-05,-15514.9701720384,-16386.9008977735,0.0532090070706158,TRUE,NA
"swissmetro","CVAE_conf90",9,1,14919,6351,0.390289449112979,0.339797695041118,-2395.97693752648,-1.11856999884523,0.349835906208685,0.53467432421393,2142,0.134803921568627,0.19434628975265,0.159189580318379,0.617204301075269,0.230893000804505,0.336065573770492,0.389282899921198,0.801948051948052,0.524137931034483,0.759965992519789,0.0475829844170503,0,NA,0.749610830509625,0.0375540758508025,-0.00721052236424787,0.000482417161733562,0.000810404840707947,2.36812071028478e-05,-15537.4519967908,-16390.1967346395,0.0520277304571041,TRUE,NA
"swissmetro","CVAE_conf90",9,2,14919,6351,0.396825396825397,0.342992504887734,-2397.71010199888,-1.11937913258584,0.350613552597549,0.515851558130346,2142,0.109302325581395,0.166077738515901,0.131837307152875,0.603846153846154,0.252614641995173,0.356211003970505,0.410234899328859,0.793831168831169,0.540929203539823,0.748065460686349,0.0451048638129929,0,NA,0.734982830869795,0.0369175894851063,-0.007216498505206,0.000449355143156751,0.000826567326821839,2.5549256482287e-05,-15567.9581527025,-16390.1967346395,0.0501664864216868,TRUE,NA
"swissmetro","CVAE_conf90",9,3,14919,6351,0.398692810457516,0.346563042224167,-2405.91929396443,-1.12321162183213,0.349307273543288,0.521085677341153,2142,0.11368909512761,0.173144876325088,0.137254901960784,0.622262773722628,0.274336283185841,0.380792853154662,0.398968185726569,0.753246753246753,0.521641371557055,0.798578793707255,0.04657376349016,0,NA,0.753129165926221,0.0374801025919637,-0.00798448414660886,0.000475963836133177,0.000826474441512754,2.61725144954405e-05,-15536.3613671104,-16390.1967346395,0.0520942720427858,TRUE,NA
"swissmetro","CVAE_conf90",9,4,14919,6351,0.388422035480859,0.330449605998152,-2380.70558604048,-1.11144051635877,0.348667835584701,0.524919028684374,2142,0.114973262032086,0.151943462897526,0.13089802130898,0.597916666666667,0.230893000804505,0.333139872315728,0.389751552795031,0.814935064935065,0.527310924369748,0.687052843103089,0.0450563222402117,0,NA,0.702884474348674,0.03643206556118,-0.00643599913222781,0.000457744832230661,0.000814440689604382,2.57884624581219e-05,-15607.8939613972,-16390.1967346395,0.0477299196530705,TRUE,NA
"swissmetro","CVAE_conf95",0,0,14916,6348,0.392156862745098,0.343167635699741,-2434.60028627887,-1.13660144083981,0.350089395747183,0.523971989682833,2142,0.119909502262443,0.187943262411348,0.146408839779006,0.609942638623327,0.256430868167203,0.361063950198076,0.397621070518267,0.75974025974026,0.522030117122142,0.821008293568227,0.0441763697472595,0,NA,0.777008139665259,0.0369772131469678,-0.00805521517179727,0.00042954257763202,0.000866806689683505,2.61955727638093e-05,-15483.5845654509,-16386.9008977735,0.0551242933583241,TRUE,NA
"swissmetro","CVAE_conf95",0,1,14919,6351,0.372549019607843,0.315573027735802,-2380.81121440182,-1.11148982931925,0.34593833465252,0.528911600207311,2142,0.122615803814714,0.159010600706714,0.138461538461538,0.57487922705314,0.19147224456959,0.287266143633072,0.378398236590742,0.836038961038961,0.520991401112797,0.604609611992601,0.0438766401030418,0,NA,0.647951543994111,0.0353130615809329,-0.00539380604192214,0.000438499097985493,0.000766799718444863,2.41080091435353e-05,-15683.8418611159,-16390.1967346395,0.0430961802935991,TRUE,NA
"swissmetro","CVAE_conf95",0,2,14919,6351,0.387955182072829,0.323495096074706,-2388.76250555748,-1.1152019166935,0.34730833881402,0.523312489409138,2142,0.0997067448680352,0.120141342756184,0.108974358974359,0.605316973415133,0.238133547868061,0.341801385681293,0.381859756097561,0.813311688311688,0.519709543568465,0.686801037878844,0.0456414433005677,0,NA,0.689623246988087,0.0362715396983036,-0.00642616938431541,0.000457399853035289,0.000767158158668139,2.35449455065413e-05,-15639.1209912604,-16390.1967346395,0.045824693598206,TRUE,NA
"swissmetro","CVAE_conf95",0,3,14919,6351,0.377684407096172,0.312239156275854,-2372.673215453,-1.10769057677544,0.349284297858194,0.53433889797295,2142,0.0943396226415094,0.123674911660777,0.107033639143731,0.638961038961039,0.197908286403862,0.302211302211302,0.380952380952381,0.857142857142857,0.527472527472527,0.611783815422959,0.0438923476378062,0,NA,0.668345013919726,0.0354927159322939,-0.0053884833025169,0.00043482224688441,0.000758937426509105,2.23796663198733e-05,-15657.1345048392,-16390.1967346395,0.0447256516604879,TRUE,NA
"swissmetro","CVAE_conf95",0,4,14919,6351,0.38328664799253,0.31972729328355,-2379.21237247033,-1.11074340451462,0.346344283279855,0.52963227920045,2142,0.116766467065868,0.137809187279152,0.126418152350081,0.587412587412587,0.202735317779566,0.301435406698565,0.384336475707034,0.86038961038961,0.531328320802005,0.620545606610352,0.044028401644722,0,NA,0.664057621608098,0.03558072700561,-0.00550907232104886,0.000430295051345232,0.00076767944491007,2.3887284261215e-05,-15664.3079089112,-16390.1967346395,0.044287987354917,TRUE,NA
"swissmetro","CVAE_conf95",1,0,14916,6348,0.391690009337068,0.331589686598184,-2422.75303193491,-1.13107050977354,0.34871486245591,0.525007380268633,2142,0.102631578947368,0.138297872340426,0.117824773413897,0.597222222222222,0.241961414790997,0.344393592677346,0.396661367249603,0.810064935064935,0.532550693703308,0.763502169234826,0.0455360505012268,0,NA,0.755346598509574,0.037146647738949,-0.00731341286622059,0.000455837959583366,0.000863964351987649,2.61009453048317e-05,-15519.7320605117,-16386.9008977735,0.052918415914729,TRUE,NA
"swissmetro","CVAE_conf95",1,1,14919,6351,0.403828197945845,0.343929491937522,-2348.15358092721,-1.09624350183343,0.355294456780005,0.512029730110156,2142,0.100244498777506,0.144876325088339,0.11849710982659,0.62109375,0.255832662912309,0.362393162393162,0.414414414414414,0.821428571428571,0.550898203592814,0.725093240781825,0.0461939247282719,0,NA,0.723889960524181,0.0373054802187176,-0.00706229587488308,0.00047456939191877,0.000839373852200839,2.7166229180196e-05,-15571.7112193811,-16390.1967346395,0.0499375040159599,TRUE,NA
"swissmetro","CVAE_conf95",1,2,14919,6351,0.38608776844071,0.332962739838148,-2409.01884911874,-1.1246586597193,0.347812654192198,0.531651846080901,2142,0.118226600985222,0.169611307420495,0.13933236574746,0.621338912133891,0.238938053097345,0.345148169668797,0.383147853736089,0.782467532467532,0.514407684098186,0.758629083702109,0.0456310695062782,0,NA,0.750378770719048,0.0373006491809744,-0.00726100710191375,0.000453689871521452,0.000814793931032122,2.433410477047e-05,-15542.6813389769,-16390.1967346395,0.0517086774115102,TRUE,NA
"swissmetro","CVAE_conf95",1,3,14919,6351,0.392156862745098,0.331125386601928,-2407.72889198696,-1.12405643883612,0.347374126746837,0.533972215497299,2142,0.115702479338843,0.148409893992933,0.130030959752322,0.628635346756152,0.226065969428801,0.332544378698225,0.388138138138138,0.839285714285714,0.530800821355236,0.699302763445989,0.0452703739770654,0,NA,0.729929250635296,0.0367266862379679,-0.00646886214848703,0.000454458790149527,0.000780585971711968,2.23691236679071e-05,-15590.666906906,-16390.1967346395,0.0487809780857479,TRUE,NA
"swissmetro","CVAE_conf95",1,4,14919,6351,0.38562091503268,0.339212377111151,-2381.44821512288,-1.11178721527679,0.350790238672762,0.531017501846711,2142,0.123620309050773,0.197879858657244,0.152173913043478,0.606361829025845,0.245374094931617,0.349369988545246,0.392074198988196,0.75487012987013,0.516093229744728,0.783437498428091,0.0467900638347888,0,NA,0.742346301020158,0.0372446454863852,-0.00764893412913502,0.000473374470538596,0.000790107454002634,2.40827257402268e-05,-15546.0849412742,-16390.1967346395,0.0515010165546921,TRUE,NA
"swissmetro","CVAE_conf95",2,0,14916,6348,0.394491129785247,0.338306959982856,-2386.62449978187,-1.11420378141077,0.348417100547124,0.537241685432463,2142,0.126262626262626,0.177304964539007,0.147492625368732,0.63448275862069,0.221864951768489,0.328767123287671,0.395881006864989,0.842532467532468,0.538661131292164,0.699154193747556,0.046722178213749,0,NA,0.71934494350372,0.0371208928417526,-0.0063688905899753,0.00046599080229937,0.00080262838245309,2.43673126752948e-05,-15585.042564919,-16386.9008977735,0.0489328847386556,TRUE,NA
"swissmetro","CVAE_conf95",2,1,14919,6351,0.38562091503268,0.327425138677529,-2369.16697087486,-1.10605367454475,0.350365221561114,0.52860975686616,2142,0.105793450881612,0.148409893992933,0.123529411764706,0.605664488017429,0.223652453740949,0.326674500587544,0.393468118195956,0.821428571428571,0.532071503680337,0.697869257977734,0.0448332270190237,0,NA,0.706413717253341,0.0366845325809257,-0.00657318314417601,0.000448351065308544,0.000769400801214283,2.39860615059458e-05,-15627.9117471005,-16390.1967346395,0.0465085929034661,TRUE,NA
"swissmetro","CVAE_conf95",2,2,14919,6351,0.378618113912232,0.325210009500116,-2459.94074014823,-1.14843171808974,0.34556294595664,0.523936115643665,2142,0.105911330049261,0.151943462897526,0.124818577648766,0.577519379844961,0.239742558326629,0.33882888004548,0.385245901639344,0.762987012987013,0.5119825708061,0.796436930075494,0.0462803698551908,0,NA,0.775646025991541,0.0369993664595622,-0.00758709412350693,0.000462628123178817,0.000899223132221773,2.5864243572005e-05,-15455.9638583842,-16390.1967346395,0.0569994913045099,TRUE,NA
"swissmetro","CVAE_conf95",2,3,14919,6351,0.393090569561158,0.334237268520943,-2374.26890415187,-1.10843552948267,0.351072647301508,0.523960224960458,2142,0.0962962962962963,0.137809187279152,0.113372093023256,0.614785992217899,0.254223652453741,0.359704040978941,0.398201144726083,0.790584415584416,0.529635671560631,0.737571496503183,0.0469231616170236,0,NA,0.724364496677728,0.0374490261394168,-0.00715601219995758,0.000478738650307538,0.000779627776736587,2.4154171305709e-05,-15594.5456089907,-16390.1967346395,0.0485443304025296,TRUE,NA
"swissmetro","CVAE_conf95",2,4,14919,6351,0.389822595704949,0.338382068108736,-2384.37559146621,-1.11315387089926,0.351205330031287,0.525911618394037,2142,0.123222748815166,0.183745583038869,0.147517730496454,0.625,0.237329042638777,0.34402332361516,0.391025641025641,0.792207792207792,0.523605150214592,0.738593019270272,0.0439319898435209,0,NA,0.726478861471713,0.0365112912460582,-0.00710006178463706,0.000432119883271792,0.000786301260008818,2.38703437360417e-05,-15596.9495360219,-16390.1967346395,0.0483976618133657,TRUE,NA
"swissmetro","CVAE_conf95",3,0,14916,6348,0.396358543417367,0.339587144603474,-2397.28964806559,-1.11918284223417,0.349788755855795,0.534578461238633,2142,0.116455696202532,0.163120567375887,0.13589364844904,0.616016427104723,0.241157556270096,0.346620450606586,0.399206349206349,0.816558441558442,0.536247334754797,0.775709274406269,0.0467394964170866,0,NA,0.760411056723999,0.0379056597735177,-0.00758285651567751,0.000474439629001618,0.000822038517620756,2.52825903231947e-05,-15529.8512279942,-16386.9008977735,0.0523009002816244,TRUE,NA
"swissmetro","CVAE_conf95",3,1,14919,6351,0.393090569561158,0.33264356477011,-2383.71482889693,-1.11284539164189,0.349033396477911,0.525554497312517,2142,0.109333333333333,0.144876325088339,0.124620060790274,0.617336152219873,0.234915526950925,0.34032634032634,0.393353941267388,0.826298701298701,0.532984293193717,0.688629265260937,0.0453971038164593,0,NA,0.705794287205222,0.0366146207384982,-0.00631655954256535,0.000449905304240761,0.000789963883388584,2.39150126182615e-05,-15612.7150677097,-16390.1967346395,0.047435773927391,TRUE,NA
"swissmetro","CVAE_conf95",3,2,14919,6351,0.394957983193277,0.334547798707755,-2369.44818794105,-1.1061849616905,0.350830007004028,0.523835419558202,2142,0.120111731843575,0.151943462897526,0.134165366614665,0.61587982832618,0.230893000804505,0.335868929198362,0.391502276176024,0.837662337662338,0.533609100310238,0.644826888470075,0.0450528277967447,0,NA,0.679662812885363,0.036363315184556,-0.00582931322472583,0.0004511743814381,0.000803969233722411,2.54435252814545e-05,-15649.4006386525,-16390.1967346395,0.0451975109256282,TRUE,NA
"swissmetro","CVAE_conf95",3,3,14919,6351,0.400560224089636,0.350057099733686,-2393.14109656195,-1.11724607682631,0.352518821753195,0.51804902097041,2142,0.112582781456954,0.180212014134276,0.138586956521739,0.623869801084991,0.277554304102977,0.384187082405345,0.40669014084507,0.75,0.527397260273973,0.821356059269415,0.0470022181236945,0,NA,0.768101971002192,0.0373319970027042,-0.00815386174288783,0.000476232479094671,0.000833996814234603,2.53798020207064e-05,-15497.0902234001,-16390.1967346395,0.0544902862179777,TRUE,NA
"swissmetro","CVAE_conf95",3,4,14919,6351,0.368347338935574,0.314852710852849,-2427.69897381452,-1.13337953959595,0.345824627384097,0.534150841123741,2142,0.0964705882352941,0.144876325088339,0.115819209039548,0.597849462365591,0.223652453740949,0.325526932084309,0.375399361022364,0.762987012987013,0.50321199143469,0.766560335935947,0.0451623378339678,0,NA,0.746545367352242,0.0370667169132288,-0.00730827338528531,0.000444265341713382,0.00079839449661486,2.35830941431345e-05,-15560.6541494435,-16390.1967346395,0.0506121188553441,TRUE,NA
"swissmetro","CVAE_conf95",4,0,14916,6348,0.382352941176471,0.332727491067033,-2428.86332309045,-1.13392312002355,0.348169944343246,0.524099203879327,2142,0.106060606060606,0.173758865248227,0.131720430107527,0.610204081632653,0.240353697749196,0.344867358708189,0.395798319327731,0.76461038961039,0.521594684385382,0.797575787738591,0.0455161126094305,0,NA,0.765095604990986,0.036984874218945,-0.00766158635132789,0.000449899616693587,0.000899660306281505,2.76092939018862e-05,-15473.9691753063,-16386.9008977735,0.0557110663060939,TRUE,NA
"swissmetro","CVAE_conf95",4,1,14919,6351,0.368814192343604,0.299270747311619,-2389.31451512764,-1.11545962424259,0.346098199320827,0.539821851270495,2142,0.116040955631399,0.120141342756184,0.118055555555556,0.585915492957746,0.16733708769107,0.260325406758448,0.366800535475234,0.88961038961039,0.519431279620853,0.588352160465171,0.04287036884819,0,NA,0.665035134995291,0.035358149714727,-0.00507035069776787,0.000420595577481639,0.000776161036862472,2.33898597199955e-05,-15664.8798751304,-16390.1967346395,0.044253090505998,TRUE,NA
"swissmetro","CVAE_conf95",4,2,14919,6351,0.395424836601307,0.332061062402716,-2369.45219788939,-1.10618683374855,0.35210825559062,0.516597468802246,2142,0.0878552971576227,0.120141342756184,0.101492537313433,0.627952755905512,0.256637168141593,0.364363221016562,0.396150761828388,0.801948051948052,0.530327428878154,0.672505565294867,0.0448417150829909,0,NA,0.679420976159261,0.0361446609199241,-0.00628231473212394,0.000443477015669416,0.000761380023425045,2.34388257084972e-05,-15664.7255620773,-16390.1967346395,0.0442625054663955,TRUE,NA
"swissmetro","CVAE_conf95",4,3,14919,6351,0.366946778711485,0.297205536429712,-2370.67345309516,-1.10675698090344,0.344993913726033,0.53220149263025,2142,0.118466898954704,0.120141342756184,0.119298245614035,0.575498575498576,0.162510056315366,0.2534504391468,0.365691489361702,0.892857142857143,0.518867924528302,0.516518391702058,0.0421469599634069,0,NA,0.606615358644689,0.0345181308537069,-0.00427745362670036,0.000413965539030038,0.000737166289852615,2.34073638584706e-05,-15734.6032454936,-16390.1967346395,0.0399991226316605,TRUE,NA
"swissmetro","CVAE_conf95",4,4,14919,6351,0.38562091503268,0.331012167687761,-2401.83532817807,-1.12130500848649,0.347759074125489,0.521671834492672,2142,0.109452736318408,0.15547703180212,0.128467153284672,0.595284872298625,0.243765084473049,0.345890410958904,0.389114541023558,0.777597402597403,0.518678938819708,0.758839565002313,0.0462276853608112,0,NA,0.737672700224434,0.0370919775420913,-0.00738412814204362,0.000471465333196293,0.000836293368181404,2.6243476492752e-05,-15542.7244285609,-16390.1967346395,0.0517060484263463,TRUE,NA
"swissmetro","CVAE_conf95",5,0,14916,6348,0.372549019607843,0.32191331469255,-2446.13496193892,-1.14198644348222,0.345365321733981,0.536385319002837,2142,0.102449888641425,0.163120567375887,0.125854993160055,0.591489361702128,0.223472668810289,0.32438739789965,0.387571545380213,0.769480519480519,0.515497553017945,0.812357659002207,0.0482830240251956,0,NA,0.790380066614844,0.0384357686231218,-0.00783720340404776,0.000488535966385399,0.000877080066860332,2.60832488491572e-05,-15461.8470492291,-16386.9008977735,0.0564508111884731,TRUE,NA
"swissmetro","CVAE_conf95",5,1,14919,6351,0.403361344537815,0.345747872457543,-2358.42257182181,-1.1010376152296,0.349973635787737,0.514991804146524,2142,0.113801452784504,0.166077738515901,0.135057471264368,0.624737945492662,0.239742558326629,0.346511627906977,0.414536741214057,0.842532467532468,0.555674518201285,0.634257997891559,0.0438570231510883,0,NA,0.648760118439085,0.0347773706469624,-0.00574990532198646,0.000436268763272645,0.000767251142256519,2.37899921617098e-05,-15670.2777851192,-16390.1967346395,0.0439237527880829,TRUE,NA
"swissmetro","CVAE_conf95",5,2,14919,6351,0.397759103641457,0.347969003208336,-2387.89732204554,-1.11479800282238,0.352265618637454,0.525766910686901,2142,0.126760563380282,0.190812720848057,0.152327221438646,0.630681818181818,0.267900241351569,0.376058723884811,0.391414141414141,0.75487012987013,0.515521064301552,0.787112893744046,0.0452525729794396,0,NA,0.749311576228209,0.0370136431438295,-0.00775139375061023,0.000450641615800497,0.00079160435754098,2.39559602605955e-05,-15548.03793559,-16390.1967346395,0.0513818603085885,TRUE,NA
"swissmetro","CVAE_conf95",5,3,14919,6351,0.376283846872082,0.317343065240583,-2393.6174311574,-1.11746845525555,0.347460437156401,0.532206694381766,2142,0.103896103896104,0.141342756183746,0.119760479041916,0.576576576576577,0.205953338696702,0.303497332542976,0.388423457730388,0.827922077922078,0.528771384136859,0.692529505995685,0.0460674786558352,0,NA,0.715696497134478,0.0370552933543684,-0.00641576600454126,0.000462659789037855,0.000783440697720391,2.35636905620976e-05,-15611.9642351567,-16390.1967346395,0.0474815837834369,TRUE,NA
"swissmetro","CVAE_conf95",5,4,14919,6351,0.411764705882353,0.355645055271886,-2394.20050787002,-1.11774066660599,0.353790980263275,0.524845874023883,2142,0.131016042780749,0.173144876325088,0.149162861491629,0.644524236983842,0.288817377312953,0.398888888888889,0.391412056151941,0.769480519480519,0.51888341543514,0.823436554147548,0.046353892830471,0,NA,0.773130906446557,0.0376310944216215,-0.00821218402455063,0.000468023219452467,0.000828137896160076,2.52069413849439e-05,-15501.1753585532,-16390.1967346395,0.0542410436238029,TRUE,NA
"swissmetro","CVAE_conf95",6,0,14916,6348,0.395891690009337,0.334759381491028,-2393.85886895721,-1.11758117131523,0.348656155898377,0.526741702997515,2142,0.119444444444444,0.152482269503546,0.133956386292835,0.614879649890591,0.22588424437299,0.330393885949442,0.395471698113208,0.850649350649351,0.539927872230809,0.699569281576266,0.0460538390277495,0,NA,0.727379388570593,0.0369505553514817,-0.00645406542514084,0.000463527099261803,0.000826835111943866,2.45709732995108e-05,-15555.0299254745,-16386.9008977735,0.0507643865968606,TRUE,NA
"swissmetro","CVAE_conf95",6,1,14919,6351,0.405695611577965,0.342373916863408,-2389.17633751115,-1.11539511555142,0.35282662954779,0.526183601932745,2142,0.074245939675174,0.113074204946996,0.0896358543417367,0.654275092936803,0.283185840707965,0.39528354856822,0.413469735720375,0.787337662337662,0.542202347680268,0.794825437634416,0.0453662731143088,0,NA,0.756616244130529,0.0371949559281498,-0.007780671713482,0.000447082614725302,0.000810221656707942,2.45321905631887e-05,-15533.5517113751,-16390.1967346395,0.0522656949842429,TRUE,NA
"swissmetro","CVAE_conf95",6,2,14919,6351,0.380018674136321,0.335302548198939,-2407.92541249162,-1.12414818510346,0.347495949637553,0.529821965588617,2142,0.135135135135135,0.212014134275618,0.165061898211829,0.591489361702128,0.223652453740949,0.324576765907764,0.387622149837134,0.772727272727273,0.516268980477223,0.747304897080584,0.045138734512223,0,NA,0.727996508592551,0.0367662836587677,-0.00715128792853741,0.000449035253199038,0.000803320230158887,2.50380342135585e-05,-15586.4378929295,-16390.1967346395,0.0490389990262489,TRUE,NA
"swissmetro","CVAE_conf95",6,3,14919,6351,0.377684407096172,0.312090302144682,-2383.93969919583,-1.1129503731073,0.346028670407998,0.533757718249003,2142,0.109090909090909,0.127208480565371,0.117455138662316,0.594594594594595,0.194690265486726,0.293333333333333,0.377935943060498,0.862012987012987,0.525482434438397,0.6206357780359,0.0447101663553345,0,NA,0.666930168129836,0.0362062961297878,-0.00557579098484766,0.000444083535436914,0.000755653988915,2.36095495563827e-05,-15684.8543190455,-16390.1967346395,0.0430344081290586,TRUE,NA
"swissmetro","CVAE_conf95",6,4,14919,6351,0.378618113912232,0.319761937204148,-2390.87297151678,-1.11618719491913,0.348118933516556,0.52757970126713,2142,0.121468926553672,0.151943462897526,0.135007849293564,0.598591549295775,0.205148833467418,0.30557219892151,0.376651982378855,0.832792207792208,0.518705763397371,0.641464083446163,0.0442774108043539,0,NA,0.695684202709605,0.0361111347362787,-0.00574836504464806,0.000442208737630443,0.000810301801451454,2.41564347971258e-05,-15614.7103095486,-16390.1967346395,0.0473140400720112,TRUE,NA
"swissmetro","CVAE_conf95",7,0,14916,6348,0.38655462184874,0.328892808776147,-2397.99485985079,-1.11951207275947,0.349218812085154,0.526287401556807,2142,0.113989637305699,0.156028368794326,0.131736526946108,0.610132158590308,0.222668810289389,0.326266195524146,0.389400921658986,0.823051948051948,0.528675703858186,0.693200085544535,0.0436504596886371,0,NA,0.712189991610872,0.0360509957553082,-0.00640408548865451,0.000427020128774253,0.000829747950306626,2.51562449140269e-05,-15583.122392976,-16386.9008977735,0.049050061986204,TRUE,NA
"swissmetro","CVAE_conf95",7,1,14919,6351,0.395891690009337,0.336483778337808,-2395.49304698249,-1.11834409289565,0.349579254246764,0.533634448309252,2142,0.120218579234973,0.15547703180212,0.135593220338983,0.61864406779661,0.234915526950925,0.340524781341108,0.392638036809816,0.831168831168831,0.533333333333333,0.728106967238801,0.0467987205509927,0,NA,0.741570977041337,0.0377074891343014,-0.00690220996868829,0.000472783946246624,0.000804872379440579,2.45110201460272e-05,-15574.190214624,-16390.1967346395,0.0497862553590321,TRUE,NA
"swissmetro","CVAE_conf95",7,2,14919,6351,0.388888888888889,0.335441293448874,-2376.18845027165,-1.10933167613056,0.349430317191535,0.528557591714813,2142,0.130102040816327,0.180212014134276,0.151111111111111,0.610503282275711,0.224456958970233,0.328235294117647,0.389017788089714,0.816558441558442,0.526977475117863,0.700240241543794,0.0457492548489704,0,NA,0.712315935187983,0.036674500195299,-0.00648135523570543,0.000457500154701247,0.000798825556142346,2.47770544045305e-05,-15599.4438917159,-16390.1967346395,0.0482454759833649,TRUE,NA
"swissmetro","CVAE_conf95",7,3,14919,6351,0.376750700280112,0.315079632985213,-2408.11502646444,-1.12423670703288,0.345900085767112,0.532652985796987,2142,0.0886075949367089,0.123674911660777,0.103244837758112,0.587837837837838,0.209975864843121,0.309425014819206,0.392171910974674,0.829545454545455,0.532569046378322,0.709243010283676,0.0467909314824776,0,NA,0.717934757905714,0.0368073499338905,-0.00656697044215591,0.000466951920025149,0.000839396209711404,2.56259763298297e-05,-15563.1343935657,-16390.1967346395,0.0504607940016921,TRUE,NA
"swissmetro","CVAE_conf95",7,4,14919,6351,0.398225957049486,0.345710793281126,-2396.21544809195,-1.11868134831557,0.3518128398313,0.518056144934494,2142,0.111368909512761,0.169611307420495,0.134453781512605,0.618874773139746,0.274336283185841,0.38015607580825,0.4,0.753246753246753,0.522522522522523,0.79808987294163,0.0454166687814665,0,NA,0.76063835799418,0.0368224418411976,-0.00780013437294888,0.000451779708704697,0.000820100956542029,2.38923721509072e-05,-15501.060519889,-16390.1967346395,0.0542480501696109,TRUE,NA
"swissmetro","CVAE_conf95",8,0,14916,6348,0.397292250233427,0.342110202101914,-2371.65379843544,-1.10721465846659,0.352523169980286,0.524926173898812,2142,0.126943005181347,0.173758865248227,0.146706586826347,0.624229979466119,0.244372990353698,0.351242056614674,0.392434988179669,0.808441558441558,0.528381962864721,0.719025285332431,0.0459976010000111,0,NA,0.728235576039004,0.0370611608503974,-0.00679396477125681,0.000465201364012563,0.000810451530268852,2.43863864769569e-05,-15567.7105887177,-16386.9008977735,0.0499905573461531,TRUE,NA
"swissmetro","CVAE_conf95",8,1,14919,6351,0.387488328664799,0.326187017138182,-2377.16082923091,-1.10978563456158,0.348681916076588,0.53509469442672,2142,0.101827676240209,0.137809187279152,0.117117117117117,0.626398210290828,0.225261464199517,0.331360946745562,0.389481707317073,0.829545454545455,0.530082987551867,0.68934399653979,0.0455570339914039,0,NA,0.718372628379122,0.0371011228996951,-0.0064750796740234,0.000461240883913926,0.000757729134553017,2.24831640472652e-05,-15608.5614543077,-16390.1967346395,0.0476891945219854,TRUE,NA
"swissmetro","CVAE_conf95",8,2,14919,6351,0.394024276377218,0.346553408557331,-2439.84383819181,-1.13904941092054,0.346937147710079,0.533915221397075,2142,0.141486810551559,0.208480565371025,0.168571428571429,0.618181818181818,0.246178600160901,0.352128883774453,0.389430894308943,0.777597402597403,0.51895991332611,0.803472480836347,0.0460541003396805,0,NA,0.780867504022244,0.0373981057391537,-0.00783683058280326,0.000463754036005222,0.000853260188143414,2.50852670264905e-05,-15480.7813096079,-16390.1967346395,0.0554853269765599,TRUE,NA
"swissmetro","CVAE_conf95",8,3,14919,6351,0.392156862745098,0.341054391185361,-2436.73870382561,-1.1375997683593,0.348237615990199,0.531195028817707,2142,0.124087591240876,0.180212014134276,0.146974063400576,0.603846153846154,0.252614641995173,0.356211003970505,0.392237819983485,0.771103896103896,0.519978106185003,0.83695273144035,0.0471723563642088,0,NA,0.791235186396793,0.0377491000105371,-0.00827615162706987,0.000477074672378633,0.000839699116304164,2.43778737650758e-05,-15465.1547627496,-16390.1967346395,0.056438735108952,TRUE,NA
"swissmetro","CVAE_conf95",8,4,14919,6351,0.38562091503268,0.316998945161166,-2350.94363745464,-1.09754604923186,0.350497070129762,0.515101779510093,2142,0.0792349726775956,0.102473498233216,0.0893682588597843,0.588105726872247,0.214802896218825,0.31467295226871,0.400907715582451,0.86038961038961,0.546955624355005,0.592743543769188,0.0428668425013322,0,NA,0.634568463754048,0.0351331358111609,-0.0052515277992073,0.000413627873830966,0.000756404252797827,2.45560340347729e-05,-15717.7844550891,-16390.1967346395,0.0410252720230838,TRUE,NA
"swissmetro","CVAE_conf95",9,0,14916,6348,0.402427637721755,0.34001495609314,-2388.5258391521,-1.11509142817558,0.353433489241838,0.529416600712069,2142,0.103359173126615,0.141843971631206,0.119581464872945,0.658174097664543,0.2491961414791,0.361516034985423,0.398753894080997,0.831168831168831,0.538947368421053,0.763029242747378,0.0454576197884452,0,NA,0.768054503643222,0.0377782489146733,-0.00739282182009816,0.000454382550095326,0.000842203342348027,2.52137944180405e-05,-15515.1728492024,-16386.9008977735,0.053196638828124,TRUE,NA
"swissmetro","CVAE_conf95",9,1,14919,6351,0.390289449112979,0.339797695041118,-2395.83836087521,-1.11850530386331,0.349828796685036,0.534664472748816,2142,0.134803921568627,0.19434628975265,0.159189580318379,0.617204301075269,0.230893000804505,0.336065573770492,0.389282899921198,0.801948051948052,0.524137931034483,0.759612052062705,0.0475642753548991,0,NA,0.749177315770821,0.0375332611040419,-0.00720757875326327,0.000482249216922229,0.00080955675306068,2.36431206355798e-05,-15537.878302376,-16390.1967346395,0.0520017206664883,TRUE,NA
"swissmetro","CVAE_conf95",9,2,14919,6351,0.396825396825397,0.342992504887734,-2397.61176487335,-1.11933322356366,0.350613643269822,0.515826079191111,2142,0.109302325581395,0.166077738515901,0.131837307152875,0.603846153846154,0.252614641995173,0.356211003970505,0.410234899328859,0.793831168831169,0.540929203539823,0.747884705409522,0.045095249931607,0,NA,0.734688146022267,0.0369045001652883,-0.00721540529473784,0.000449279701556691,0.00082613113647389,2.55296973851755e-05,-15568.2373963865,-16390.1967346395,0.0501494491835995,TRUE,NA
"swissmetro","CVAE_conf95",9,3,14919,6351,0.398692810457516,0.346563042224167,-2405.77105171107,-1.12314241443094,0.349306805235472,0.521039974684657,2142,0.11368909512761,0.173144876325088,0.137254901960784,0.622262773722628,0.274336283185841,0.380792853154662,0.398968185726569,0.753246753246753,0.521641371557055,0.798284694610675,0.0465582502510526,0,NA,0.752638273537628,0.0374584634934371,-0.00798269885343791,0.000475839138829666,0.000825747503015576,2.61396389864726e-05,-15536.8423100128,-16390.1967346395,0.0520649287157892,TRUE,NA
"swissmetro","CVAE_conf95",9,4,14919,6351,0.388422035480859,0.330449605998152,-2380.63606230168,-1.11140805896437,0.348668320238772,0.524889665123756,2142,0.114973262032086,0.151943462897526,0.13089802130898,0.597916666666667,0.230893000804505,0.333139872315728,0.389751552795031,0.814935064935065,0.527310924369748,0.686884851613944,0.0450475234568464,0,NA,0.702641465237061,0.0364216776494668,-0.00643477763918866,0.000457671786874846,0.000814189377784442,2.5778583844018e-05,-15608.132975295,-16390.1967346395,0.0477153369179351,TRUE,NA
