"dataset","metodo","repeticion","fold","n_train","n_sinteticos","accuracy","f1_macro","loglik_holdout","loglik_media","prob_media_observada","l1_market_share","n_valid","precision_1","recall_1","f1_1","precision_2","recall_2","f1_2","precision_3","recall_3","f1_3","precision_4","recall_4","f1_4","beta_asc_cycling","se_asc_cycling","beta_asc_walking","se_asc_walking","beta_asc_hsr","se_asc_hsr","beta_asc_car","se_asc_car","beta_b_tc","se_b_tc","beta_b_tw","se_b_tw","beta_b_lsw","se_b_lsw","beta_b_lshw","se_b_lshw","beta_b_sdw","se_b_sdw","beta_b_swd","se_b_swd","beta_b_th","se_b_th","beta_b_lsh","se_b_lsh","beta_b_lshh","se_b_lshh","beta_b_sh","se_b_sh","beta_b_at","se_b_at","beta_b_sdh","se_b_sdh","beta_b_swdh","se_b_swdh","beta_b_ttc","se_b_ttc","beta_b_lsc","se_b_lsc","beta_b_lshc","se_b_lshc","beta_b_sdc","se_b_sdc","beta_b_swdc","se_b_swdc","beta_b_parking","se_b_parking","loglik_train","loglik_nula","rho2","convergio","vot"
"whalen","original",0,0,1100,0,0.800724637681159,0.738113453969267,-144.078520045984,-0.522023623355015,0.714782983492896,0.0309795741461769,276,0.857142857142857,0.6,0.705882352941176,0.846625766871166,0.971830985915493,0.904918032786885,0.714285714285714,0.514705882352941,0.598290598290598,0.736842105263158,0.75,0.743362831858407,0,NA,15.0638406926048,4.07940281156083,13.9744267962853,3.8210191709029,11.135097038616,3.85738308876568,5.17476695158807,1.10988913336281,-0.0444886792224519,0.0135777931402574,-2.35298042907908,1.58811945697497,-3.42904202647723,1.71067540607834,0.1071290930579,0.109373368210923,-0.065479521441508,0.0450940489697157,-0.0184115748473662,0.00785473754204396,-2.22153908098527,1.46641476881905,-4.86920120905113,1.56033033973229,0.527350195214171,0.176583206955958,-0.0777956273926517,0.0150185987874295,0.304175913597315,0.115618455227035,-0.156379687371254,0.0465057135140541,0.42509282617639,0.236310271491891,-2.05975711540454,1.47123684915653,-5.25494035898296,1.58154679250186,0.342083502146147,0.121023307764264,-0.162974152077606,0.0495267673371534,2.37206581911713,0.402095593407991,-510.894071798932,-950.500763412105,0.462500093145716,TRUE,NA
"whalen","original",0,1,1101,0,0.789090909090909,0.663040211863555,-129.156659906581,-0.469660581478475,0.71710255972936,0.0292021879861817,275,0.6,0.333333333333333,0.428571428571429,0.837349397590361,0.972027972027972,0.899676375404531,0.6875,0.492537313432836,0.573913043478261,0.75,0.75,0.75,0,NA,14.3612254360866,4.05071722624595,13.4999295497795,3.7980172251924,10.7797039843026,3.84022304564915,5.27516331074807,1.23684529871667,-0.0283186604968368,0.0138037929284301,-2.05016550401096,1.36867032556443,-2.69715385743204,1.53144451725609,0.223923249834949,0.109885405578072,-0.125581563378414,0.0447915598874961,-0.0148792812657689,0.00768175279860356,-2.03815153297876,1.23525953052183,-4.24788271063546,1.36447211389678,0.399519726790214,0.170836415956269,-0.0785392531265407,0.0149759142297472,0.398550732656518,0.115823622643937,-0.195862042524376,0.0455680079752935,0.411922976423318,0.23980763513889,-2.10567577394518,1.2421757573522,-4.57044702803202,1.39025024073869,0.412416904640634,0.121466348156937,-0.186259885126122,0.0486719964099738,2.41971230380968,0.437951826855833,-526.638012841321,-942.862593392567,0.441447760753351,TRUE,NA
"whalen","original",0,2,1101,0,0.810909090909091,0.721488367787494,-127.037365787245,-0.461954057408162,0.707781161426711,0.0528497044138374,275,0.625,0.555555555555556,0.588235294117647,0.878980891719745,0.971830985915493,0.923076923076923,0.683333333333333,0.611940298507463,0.645669291338583,0.78,0.684210526315789,0.728971962616823,0,NA,13.5857906971003,3.32638868748682,12.7263073428553,3.12239289200395,10.4032275638574,3.17132545384866,4.65217968927129,1.02922010591148,-0.0506468330397047,0.0123439416840973,-2.7988623383382,1.23073550855881,-3.00061011340719,1.26872989244363,0.170787052946153,0.0972135825413722,-0.0923137510200995,0.0401519288195319,-0.025381010793284,0.00767316184356767,-2.67272007555534,1.13162128289331,-4.15348310266734,1.1392637811128,0.419894430309485,0.170474500148744,-0.0795732917616522,0.0145465736088926,0.308089472055491,0.101702223955818,-0.16522211972399,0.0416297757809595,0.213284536839783,0.218232094675841,-2.41222593918859,1.14831194348946,-4.58759552997106,1.17270576544323,0.313722841242818,0.107679823437001,-0.165226359882535,0.0446674591884992,2.32676288815192,0.403320592179881,-528.332984355595,-955.588359747338,0.447112369079831,TRUE,NA
"whalen","original",0,3,1101,0,0.8,0.704138544382447,-137.989337767275,-0.50177941006282,0.705954815196305,0.0454375727284126,275,0.8,0.4,0.533333333333333,0.831325301204819,0.971830985915493,0.896103896103896,0.678571428571429,0.567164179104478,0.617886178861789,0.833333333333333,0.714285714285714,0.769230769230769,0,NA,15.2985407943161,3.80176580216656,14.4017916502771,3.58487612617021,12.1173691670821,3.6558942333008,5.45262986820524,1.15953836318616,-0.0465771353374085,0.0129250751374802,-1.7627395898816,1.37566914446014,-3.42901034910514,1.52699496809827,0.210509092859997,0.112682018691215,-0.105604139760534,0.0435353786851129,-0.0164387073426965,0.00756279496153892,-1.34134755339519,1.27112693647855,-4.56478905281068,1.38753671902481,0.461233615816758,0.173787107468217,-0.0758270930724699,0.0139131133891906,0.328855492031935,0.118317144623181,-0.172759976923172,0.045282893220693,0.320615242333376,0.237735599309202,-1.25206696311382,1.28886035616863,-4.96524921927919,1.4223237994156,0.321112253211608,0.12449364848142,-0.163940791455013,0.0485224563466586,2.29612567119398,0.391250054561695,-517.181079001774,-956.686972036006,0.459404074562532,TRUE,NA
"whalen","original",0,4,1101,0,0.796363636363636,0.688678219406305,-140.573837589588,-0.511177591234865,0.722433383770316,0.0111261691520456,275,0.555555555555556,0.5,0.526315789473684,0.864197530864197,0.985915492957746,0.921052631578947,0.703703703703704,0.567164179104478,0.628099173553719,0.72,0.642857142857143,0.679245283018868,0,NA,16.2126140464538,3.41906845602353,15.2599383349891,3.24761671176407,12.4613701500964,3.3315009696761,5.28865730485342,1.19522274742492,-0.0471493504027853,0.0124506036740841,-3.67551662439347,1.34758114923615,-4.21060614866095,1.25080912681591,0.160932108453018,0.107410716692838,-0.0952487210513939,0.045541719412054,-0.01844421136278,0.00780089207189152,-3.46445047837167,1.2636381155986,-5.49471146753276,1.14220457422622,0.333287875906138,0.175931379222326,-0.104897927457003,0.0155996318781016,0.315295230392974,0.113259021081105,-0.164625859694486,0.0462746279532924,0.291374152403702,0.245868363494376,-3.58604695464836,1.27647544360767,-5.64167804066227,1.17539694216232,0.320983269329063,0.119279192309073,-0.152798806140812,0.0490164508443991,2.42670018199159,0.392966009869973,-515.939596405388,-954.437631457531,0.459430790027116,TRUE,NA
"whalen","original",1,0,1100,0,0.786231884057971,0.726937536148062,-145.230326312776,-0.526196834466578,0.7088947301693,0.0655679761805199,276,1,0.6,0.75,0.829411764705882,0.992957746478873,0.903846153846154,0.630769230769231,0.602941176470588,0.616541353383459,0.828571428571429,0.517857142857143,0.637362637362637,0,NA,14.4309904900397,3.78691691964652,13.7434767790108,3.56354153765584,11.532181084888,3.61036191068881,5.34533719716034,1.11175541635624,-0.0363094053805848,0.0130377192342153,-2.48576412237341,1.31878441911826,-3.04540967131135,1.49231959276633,0.250096902567227,0.106155263934373,-0.116492738036819,0.0440042214864877,-0.0191310479690613,0.0073029647763842,-2.18248628164465,1.21302806843189,-4.44852074584344,1.3625242909956,0.335485260203411,0.178389439264119,-0.087252201106897,0.0143689790927841,0.396396858316242,0.113392304205898,-0.186128828628641,0.0453336048056963,0.142272358661498,0.215634761210698,-2.381260658372,1.22313188336446,-5.06494762672524,1.3816689864975,0.402034073031472,0.119224575141605,-0.17740591606123,0.0482527513637782,2.6997990580106,0.402998332826287,-510.213204074309,-956.045940856585,0.466329825513222,TRUE,NA
"whalen","original",1,1,1101,0,0.825454545454545,0.740294048082809,-120.593104707371,-0.438520380754077,0.725724815565137,0.0169354305538539,275,0.625,0.555555555555556,0.588235294117647,0.867924528301887,0.965034965034965,0.913907284768212,0.75,0.582089552238806,0.655462184873949,0.803571428571429,0.803571428571429,0.803571428571429,0,NA,13.6201323413305,3.42646105574309,12.8444658092006,3.19947867172146,10.3070384084307,3.25708478852487,4.69022402220891,1.03356048458508,-0.0457547769170193,0.0128715720782535,-2.32068104097993,1.29188398528296,-2.79288055111753,1.29668301628686,0.0966859404879976,0.0963156359501574,-0.0621793393318349,0.0381889934202174,-0.0225161844696668,0.00750240884588806,-2.17649258686251,1.20331572568457,-4.21338103621781,1.18302539136165,0.385653182636939,0.171161748356024,-0.0759513406041902,0.0147081506338084,0.257382133501668,0.10169870638286,-0.143366894692964,0.0398483117475851,0.242104354813411,0.231139356505816,-2.07151119604236,1.22170044195215,-4.47642606475355,1.21963785197265,0.280737255264825,0.107387026695756,-0.140573217949023,0.042899890556983,2.17320589963148,0.389881780197507,-533.886209876329,-957.497902252222,0.442415269401088,TRUE,NA
"whalen","original",1,2,1101,0,0.785454545454545,0.640940720995176,-138.037090522878,-0.50195305644683,0.695456324804813,0.0280701930662547,275,0.333333333333333,0.333333333333333,0.333333333333333,0.857142857142857,0.971830985915493,0.910891089108911,0.655172413793103,0.567164179104478,0.608,0.787234042553192,0.649122807017544,0.711538461538461,0,NA,15.1124035763199,3.97462968651894,14.3860097101612,3.69077377977972,11.841111527568,3.74708291292387,5.31466045187279,1.23340662230101,-0.0469879035157402,0.013961221937725,-2.87993579977597,1.42691597630578,-3.13811665405572,1.45065347855426,0.200871606616181,0.110656223231479,-0.113379922618113,0.047210912886718,-0.0186530669681068,0.00784703520526321,-3.13368503807959,1.2727193210063,-4.52370644757955,1.25782994375791,0.412995420136065,0.173100822590717,-0.0820311960594815,0.0154009212506365,0.350182829623792,0.114848105581286,-0.188981108669258,0.0481274518881161,0.332664096262431,0.253429861371447,-2.82872474976207,1.28806023789088,-4.63442974409049,1.29236943954614,0.347066679162367,0.120676971450615,-0.183880932141459,0.0511696393792571,2.64760038990571,0.418600616971946,-517.315773390502,-951.612926734152,0.456380048171601,TRUE,NA
"whalen","original",1,3,1101,0,0.796363636363636,0.693896198830409,-148.20964028208,-0.53894414648029,0.709896446645,0.0434832117519253,275,0.625,0.5,0.555555555555556,0.858024691358025,0.97887323943662,0.914473684210526,0.731707317073171,0.447761194029851,0.555555555555556,0.703125,0.803571428571429,0.75,0,NA,14.4375173780003,4.05339447545426,13.0663736770615,3.80887021001787,10.1172797466086,3.86127023964698,5.20029034118784,1.15681530656657,-0.0434655348787267,0.0132554640975404,-1.99499193648365,1.64629008651115,-3.30708418211325,1.75515976899522,0.250570226658174,0.112850741642204,-0.119287199300278,0.0459127191019259,-0.0201079905629671,0.00840145429331542,-1.77369974847624,1.46864151869264,-4.76426375471407,1.55532750472661,0.579986632720765,0.175266421789924,-0.0884188541346399,0.0151494987887384,0.455361398348128,0.117550645908188,-0.199261416655606,0.0464543522679655,0.489887501623563,0.243418692285475,-1.90592057318972,1.48359431987942,-5.01538408249304,1.58288743177151,0.475298324986877,0.124485218126607,-0.197704781025874,0.0498803407690043,1.89572338521951,0.397027622140604,-509.448249868961,-945.465283078012,0.461166624531759,TRUE,NA
"whalen","original",1,4,1101,0,0.814545454545455,0.718642361884576,-127.835719238926,-0.464857160868823,0.723176161891622,0.0249162057512253,275,0.625,0.5,0.555555555555556,0.858024691358025,0.97887323943662,0.914473684210526,0.770833333333333,0.552238805970149,0.643478260869565,0.754385964912281,0.767857142857143,0.761061946902655,0,NA,17.1610919298748,3.46794188066516,16.0548829494697,3.33189607914205,13.4158191516601,3.3981883066092,5.44473464732806,1.2132004815377,-0.0456879932997842,0.0120273994001334,-3.25744489816109,1.31840086171931,-4.544557411079,1.33552522919007,0.100406282261926,0.103487444440861,-0.0816918148191416,0.040420646643798,-0.0143631721113371,0.00763678921463742,-2.78108268829278,1.26175549758992,-5.47131117367895,1.25057041257031,0.42251530326192,0.169466403858557,-0.0786541566821874,0.0147956881794649,0.217875238799937,0.108508293698109,-0.143493977483203,0.0413562917130998,0.439150287655362,0.238870036066501,-2.55440944499377,1.27135533021975,-5.94802664097082,1.28282693986793,0.223525042646974,0.114506327623735,-0.136898470646381,0.0442783208558968,2.39275150845243,0.437233498610549,-527.533461972056,-949.454267124576,0.444382441326329,TRUE,NA
"whalen","original",2,0,1100,0,0.778985507246377,0.668552233382694,-156.580724105715,-0.56732146415114,0.703360105074761,0.05325964796107,276,0.454545454545455,0.5,0.476190476190476,0.826347305389222,0.971830985915493,0.893203883495146,0.6875,0.485294117647059,0.568965517241379,0.78,0.696428571428571,0.735849056603774,0,NA,16.7416426648627,3.29504932530986,15.3486446455682,3.15993259626745,12.3990485962816,3.23135709881681,5.71782576345074,1.20934766325483,-0.0530924749540207,0.0122051537187039,-3.24135942468568,1.23846692053154,-4.53028842054765,1.18825918294719,0.295101157640177,0.124434762245807,-0.145620265388834,0.0536511021106717,-0.0196897663025637,0.00811317580984034,-2.84292126143859,1.17268333794219,-5.59852875215465,1.10616690492891,0.397685695066482,0.17306649408356,-0.0851465779038979,0.0134214778013041,0.439465232619157,0.129509532566072,-0.211753785375654,0.0545148542594881,0.348905999854363,0.247292950118179,-2.86157520592203,1.19123252925154,-5.99018836502031,1.14694893389896,0.469484165683909,0.136129574412358,-0.20684940082984,0.0577713072402249,2.67450459498322,0.430228459542037,-499.283913680987,-944.484453825,0.471368838672809,TRUE,NA
"whalen","original",2,1,1101,0,0.829090909090909,0.743647368903142,-123.672417471247,-0.449717881713624,0.72772422391099,0.0515164174701488,275,1,0.444444444444444,0.615384615384615,0.851190476190476,1,0.919614147909968,0.759259259259259,0.611940298507463,0.677685950413223,0.816326530612245,0.714285714285714,0.761904761904762,0,NA,13.6990081194712,3.8271171825973,13.1565829843878,3.58858643404808,10.5229833121976,3.64863450438063,5.00730719557095,1.21842126255573,-0.0416179085689164,0.0132688620420761,-1.68616636432312,1.23958457058172,-2.96346082367072,1.41235861016391,0.225267464828933,0.112679449977794,-0.103484817254849,0.04788593929871,-0.0202247492397729,0.00720071026076615,-1.75030175937033,1.12329824377923,-4.34276831382755,1.25597947259117,0.434273968100265,0.171042360572553,-0.0712038480937726,0.0141868069820481,0.354318008061669,0.117946201487723,-0.177333018828568,0.0489094601494486,0.365527485781178,0.234424861556689,-1.79442513930382,1.14688344908197,-4.5399235317624,1.29327143420266,0.359629333009894,0.123694191102036,-0.169102223149738,0.0519577122925901,2.10153309056609,0.366164812659339,-531.84883479328,-948.826786978534,0.43946688469145,TRUE,NA
"whalen","original",2,2,1101,0,0.767272727272727,0.607058129902059,-148.497543776465,-0.539991068278055,0.703752310471455,0.0672901439202777,275,0.5,0.222222222222222,0.307692307692308,0.857142857142857,0.971830985915493,0.910891089108911,0.638297872340426,0.447761194029851,0.526315789473684,0.650793650793651,0.719298245614035,0.683333333333333,0,NA,17.512989558339,4.83613608172304,16.5721968073276,4.55960333806343,14.188273201433,4.60369938982792,5.9607698505935,1.20484797129006,-0.0471806171328185,0.0128331495471466,-3.34047636829768,2.06041701069948,-3.84532875928063,2.13347037965124,0.234085554871762,0.130230812923472,-0.14538756253245,0.0498570338579533,-0.0165766817879517,0.00802266245756679,-3.09727851838531,1.88972382961303,-5.12488177778555,1.92927453387979,0.369982258973393,0.174453406250165,-0.0907670159538165,0.0160475465193604,0.377020076159953,0.134364244331704,-0.212170285457387,0.050810146022687,0.333765711966962,0.234243376441387,-3.10633577758006,1.88226016247185,-5.4931965442543,1.94277795827911,0.363091534827842,0.139221288512806,-0.199632552427634,0.0535470031559692,2.9301708141616,0.533554239940494,-508.288285858708,-955.065111603573,0.467797242634817,TRUE,NA
"whalen","original",2,3,1101,0,0.803636363636364,0.687208531886047,-127.10165464271,-0.462187835064399,0.704098788637919,0.0310851232692128,275,0.5,0.4,0.444444444444444,0.842424242424242,0.97887323943662,0.905537459283388,0.696428571428571,0.582089552238806,0.634146341463415,0.847826086956522,0.696428571428571,0.764705882352941,0,NA,13.5365539041109,3.67105262386526,13.0629396195582,3.41397795176554,10.6927614262604,3.46563917356351,4.84457473308472,1.10511335196729,-0.0380674890352098,0.0130353340785326,-1.71208262055719,1.2512780047584,-2.71626070486428,1.42455970011093,0.0723651693114044,0.0887264116803767,-0.0440786078525544,0.0345319035721173,-0.0180102333262682,0.0074874538723766,-1.83695769460237,1.1375976428048,-4.46779591902154,1.26794583130065,0.46236582046147,0.174759051437519,-0.0800862311327763,0.0151960209439992,0.232213896045834,0.0961259733131364,-0.11980967674496,0.0363570883677559,0.246428578257236,0.223296700352086,-1.73332560802684,1.15606098630001,-4.77915091089762,1.29151791680211,0.243916560123718,0.102232140170906,-0.113939789869616,0.0395603476082126,2.28641056642936,0.375710460189436,-527.935761742849,-957.432235217705,0.448592033646324,TRUE,NA
"whalen","original",2,4,1101,0,0.836363636363636,0.760154898596509,-125.336718650575,-0.455769886002092,0.724151316928088,0.0434288559138713,275,0.666666666666667,0.6,0.631578947368421,0.878980891719745,0.971830985915493,0.923076923076923,0.758064516129032,0.701492537313433,0.728682170542636,0.829787234042553,0.696428571428571,0.757281553398058,0,NA,14.1328764446042,3.49326398030102,12.7442557748036,3.25657731845417,10.1878261353803,3.31355753031706,4.64647662419653,1.02375311015846,-0.0400764578795223,0.0138352436457872,-2.99437981248293,1.32544505386577,-3.04773644124038,1.31339655194147,0.0740986287956448,0.0927762634657197,-0.0636897405200014,0.0369427113640745,-0.0191449002792378,0.00765983940187508,-2.49870404594293,1.20447538783689,-4.05054131621044,1.16818920110858,0.440461696613291,0.172598118536741,-0.0845901224404957,0.015468765639586,0.266364822699234,0.0982506815738834,-0.146122808773712,0.0381632645095086,0.366889964387935,0.243709766698206,-2.26206149843478,1.21069713627349,-4.49944697805241,1.20246733493814,0.283914643101939,0.104169337493438,-0.152309026738431,0.041039007691008,2.03757695662608,0.378371135183665,-530.57929599826,-954.267732420735,0.443993254752191,TRUE,NA
"whalen","original",3,0,1100,0,0.786231884057971,0.705574910055839,-133.678965656949,-0.484344078467205,0.700107602610639,0.0232217362718487,276,0.666666666666667,0.6,0.631578947368421,0.846625766871166,0.971830985915493,0.904918032786885,0.685185185185185,0.544117647058823,0.60655737704918,0.72,0.642857142857143,0.679245283018868,0,NA,13.1905390380184,3.64194964161822,12.6336424929739,3.39615952513563,10.1393416494688,3.45701820913439,4.40486405200253,0.973681848583429,-0.0358224979298867,0.0130202939432959,-2.66342658206942,1.66798410596181,-3.24339651113113,1.66464225776781,0.159188564781561,0.0995962563897156,-0.0908278889468615,0.0394750615012139,-0.0207672499378411,0.00797833224428069,-2.59390002612418,1.55415667808963,-4.44273324731015,1.50996917411134,0.320584839652466,0.174225741014749,-0.0801905307350699,0.0159385933797355,0.288194477057608,0.105954991543437,-0.161657664292148,0.0417326485748662,0.194342342302211,0.247178382081532,-2.41177030341213,1.55707070973093,-4.89688177012247,1.53720449621572,0.303486033119646,0.11131154797636,-0.152807173547505,0.0445344167554922,3.03284077719809,0.517871219732187,-523.039266219469,-942.117330210869,0.444825766974905,TRUE,NA
"whalen","original",3,1,1101,0,0.807272727272727,0.706377254466682,-139.681549379821,-0.507932906835714,0.722404901621182,0.0271102714413288,275,0.666666666666667,0.444444444444444,0.533333333333333,0.843373493975904,0.979020979020979,0.906148867313916,0.72,0.537313432835821,0.615384615384615,0.792452830188679,0.75,0.770642201834862,0,NA,17.6114429535339,3.83070952940294,16.7244962657119,3.69574164663191,14.4047307702735,3.76176769688137,6.03289696158461,1.36857346337174,-0.0520245782088913,0.0124297249825926,-2.90892306334895,1.28828425302123,-3.90382202494532,1.17410728056409,0.197640701071687,0.12052076903822,-0.121020416937899,0.053354903062668,-0.018806699281045,0.00719292672920928,-3.23174538787134,1.27490950882826,-5.39640258940419,1.10348237890384,0.541215460820561,0.172681099088606,-0.0839028316349009,0.0150703647273027,0.362219131754374,0.124835536933776,-0.201215784735407,0.0537779055899401,0.178244993669066,0.210304032680646,-3.40341387334659,1.29424756437027,-5.86014798493385,1.13978223958393,0.388442689740027,0.130390826127838,-0.19385820316338,0.05601817666245,2.29868209347116,0.417893551238725,-516.654361677854,-955.588359747338,0.45933376394993,TRUE,NA
"whalen","original",3,2,1101,0,0.789090909090909,0.679609709799703,-136.090374288128,-0.494874088320467,0.710931730821285,0.0137501069518415,275,0.75,0.333333333333333,0.461538461538462,0.8375,0.943661971830986,0.887417218543046,0.660714285714286,0.552238805970149,0.601626016260163,0.781818181818182,0.754385964912281,0.767857142857143,0,NA,13.9486600474354,3.68948891020981,13.009733391348,3.45020528050917,10.1357636768365,3.50172272343376,4.98552604776672,1.13028982889524,-0.044420680952789,0.0129898292754937,-1.98817605127767,1.29176658022508,-3.07467742559463,1.45395626538836,0.177458071056057,0.0964136962308745,-0.0843769932095336,0.0390496702685496,-0.0211905233257478,0.00785947956826131,-1.49877656937678,1.13159129316303,-4.41987521956999,1.2882650753315,0.444512963521347,0.175551214820957,-0.0818755226097585,0.014526508137161,0.336687973319759,0.100578927598851,-0.160572740638592,0.0395650971784863,0.390576754858324,0.235456519198096,-1.34020244546368,1.1463358396382,-4.68901748341526,1.31193380623326,0.349615173472469,0.1077498696371,-0.154162546738365,0.0431071064807235,2.18578255509267,0.380250582930117,-518.364442213505,-956.111607891102,0.45784107426866,TRUE,NA
"whalen","original",3,3,1101,0,0.763636363636364,0.653659469185785,-129.767276185201,-0.471881004309823,0.710750105639889,0.0263048789575341,275,0.555555555555556,0.5,0.526315789473684,0.867088607594937,0.964788732394366,0.913333333333333,0.595744680851064,0.417910447761194,0.491228070175439,0.655737704918033,0.714285714285714,0.683760683760684,0,NA,14.082571134413,3.69668999210158,13.1712650789677,3.48288260934454,10.8918344149134,3.52558789169163,5.01061030433395,1.16198736229618,-0.0436276561684227,0.0132674040593781,-2.37472323552847,1.25179190491012,-3.1719021805903,1.41771225940295,0.2237220740741,0.108015374867927,-0.110773049506611,0.0464370082197282,-0.0213838650836385,0.00782171303634608,-1.9748429351168,1.14813981228088,-4.45626002419211,1.29369216847398,0.47163578684758,0.16993397448746,-0.0864860785435154,0.0157491086437455,0.353796318773432,0.114067460117808,-0.171470217564599,0.0474603363217803,0.397619534689864,0.233564207091544,-1.69568727830973,1.15950458909312,-4.51515754014887,1.32327821901265,0.31767013622872,0.119123109188817,-0.167023770551665,0.0504121080448808,1.99840071252126,0.362651186283432,-526.920646989101,-954.1363983517,0.447751235673042,TRUE,NA
"whalen","original",3,4,1101,0,0.803636363636364,0.714562820605252,-142.846657403329,-0.519442390557559,0.714796125669047,0.0316261317843909,275,0.714285714285714,0.5,0.588235294117647,0.852760736196319,0.97887323943662,0.911475409836066,0.683333333333333,0.611940298507463,0.645669291338583,0.8,0.642857142857143,0.712871287128713,0,NA,16.4467976037475,3.89580460847491,14.9948700169402,3.63634214019386,12.1249973944102,3.69414607436434,5.55394879920379,1.09937660894766,-0.0439211449700643,0.0135959830872936,-3.1164348212811,1.35678166326435,-3.53241331267954,1.4579702422958,0.105308026424022,0.116538773892517,-0.0821728783051986,0.0413822515324185,-0.0126173613077995,0.00774188246648231,-2.79682456459533,1.21906128946453,-4.71188835458601,1.30268927515456,0.361411629981307,0.173342725510684,-0.081172309228015,0.0138867420774365,0.299371785041648,0.121784164291885,-0.162205212038031,0.042843874542585,0.483252052606186,0.268951930897922,-2.97792480096742,1.2359563009091,-5.1945631445245,1.33762713221556,0.33061453136913,0.12798922447572,-0.164968119576192,0.0465324045596499,2.45767083108339,0.41008815940526,-512.568485400103,-952.122623844538,0.461657067520964,TRUE,NA
"whalen","original",4,0,1100,0,0.807971014492754,0.733267762092108,-123.815144287207,-0.448605595243502,0.719989642657937,0.065650368496383,276,0.75,0.6,0.666666666666667,0.884615384615385,0.971830985915493,0.926174496644295,0.730769230769231,0.558823529411765,0.633333333333333,0.683333333333333,0.732142857142857,0.706896551724138,0,NA,14.1926857691062,3.72252001753695,13.4018061468723,3.51666352158575,10.3546040876706,3.57469843791005,5.04783213607093,1.14116963846671,-0.044443952190089,0.0118228189012846,-2.27972672028115,1.29662790699796,-3.06157399847958,1.38122542660928,0.190633607304664,0.102246842168975,-0.0974893669872506,0.0417560374919257,-0.01528569256031,0.00787302866124538,-1.97635058142666,1.18563798765233,-4.28628551647814,1.24482927823753,0.451965187975569,0.17113168681954,-0.0834922897648859,0.0151948040427051,0.31189250353506,0.109061675016767,-0.159512568648446,0.0435430532498857,0.472850218474113,0.242488072491541,-2.02291559876699,1.19416549636088,-4.58622536919424,1.27130617282535,0.359789964035764,0.115855598490129,-0.163305992816001,0.0467597001953121,2.42747905697995,0.441288729254979,-530.854907960917,-951.887057773225,0.442313136179454,TRUE,NA
"whalen","original",4,1,1101,0,0.807272727272727,0.679634746428702,-182.022838524179,-0.661901230997015,0.709461528050653,0.0660853216663306,275,0.4,0.444444444444444,0.421052631578947,0.896774193548387,0.972027972027972,0.932885906040269,0.666666666666667,0.626865671641791,0.646153846153846,0.787234042553192,0.660714285714286,0.718446601941748,0,NA,36.5980252818371,NA,35.4525165671409,NA,32.4045311447993,NA,6.57939197412033,NA,-0.0503012472708068,NA,-20.2222123621322,NA,-21.4093441099732,NA,0.164049074064772,NA,-0.129816503938007,NA,-0.0232344895865543,NA,-19.844921549404,NA,-22.6596725761285,NA,0.476644714818145,NA,-0.0789827736458119,NA,0.317607131812959,NA,-0.199570731953977,NA,0.451716866588976,NA,-19.8257009913065,NA,-22.7849143387959,NA,0.322306489293799,NA,-0.190217444347749,NA,2.30207765648822,NA,-507.315700428404,-951.311693628322,0.466719789290624,FALSE,NA
"whalen","original",4,2,1101,0,0.774545454545455,0.641759102965999,-145.787066272988,-0.530134786447229,0.708066771220211,0.0718180372069545,275,1,0.222222222222222,0.363636363636364,0.779661016949153,0.971830985915493,0.865203761755486,0.673469387755102,0.492537313432836,0.568965517241379,0.851063829787234,0.701754385964912,0.769230769230769,0,NA,13.3443130546146,3.42254128099471,12.0743209920049,3.18162332318099,10.1090328969184,3.23455886853987,4.66551302655243,1.0523393939667,-0.0356531380244798,0.0134267697100112,-1.9346378325449,1.18743234377204,-2.99038877762867,1.29552465034966,0.139344090234315,0.103585405985007,-0.0721575956056489,0.0415980545889149,-0.0223117885844533,0.00742684586696159,-1.77399308681789,1.08470281700277,-4.59172959813554,1.1589545347731,0.348320172985569,0.175288592654378,-0.0844851740697701,0.0148954516335432,0.336408523498177,0.112404371557714,-0.141923790931147,0.0443741191881914,0.0462475288994426,0.212170814059684,-1.73607488087948,1.10064312958068,-5.20511903332256,1.18785165426905,0.357240844358762,0.117536789157334,-0.146166558097982,0.0470908813675901,2.70972335671836,0.412401797484981,-513.010479681415,-953.966499314905,0.462234281759542,TRUE,NA
"whalen","original",4,3,1101,0,0.76,0.662838468720822,-140.618002644987,-0.511338191436317,0.696907307778381,0.0400873996385503,275,0.6,0.6,0.6,0.847560975609756,0.97887323943662,0.908496732026144,0.577777777777778,0.388059701492537,0.464285714285714,0.678571428571429,0.678571428571429,0.678571428571429,0,NA,13.9875791358909,3.89411939740964,13.0773593767102,3.6651359532525,10.6110921795688,3.73137982275421,5.09376291041989,1.20888849998518,-0.0480835729368355,0.0148210085050656,-2.44364278588345,1.41827771928659,-2.97575488442054,1.46671350856418,0.198733384522319,0.103920168659771,-0.0938131013109804,0.0409038408185091,-0.0171894025588824,0.00780711020341006,-2.25559547347363,1.31528927456024,-4.1579372645641,1.33049616133856,0.47333146615247,0.174436585133068,-0.086682782129437,0.0158478403421299,0.358884229273466,0.108891924667793,-0.18061893304072,0.0418539143397183,0.292573664053122,0.224426194070805,-2.08909821493436,1.3408915781081,-4.52599810272175,1.36882755532854,0.354374323391855,0.115451490698012,-0.165471277464434,0.045142148635257,2.23561795190246,0.398080530104924,-514.436466492238,-953.40468620338,0.460421713951489,TRUE,NA
"whalen","original",4,4,1101,0,0.821818181818182,0.723617681112083,-125.466807639429,-0.45624293687065,0.721428441888589,0.035313876581114,275,0.8,0.4,0.533333333333333,0.834319526627219,0.992957746478873,0.906752411575563,0.759259259259259,0.611940298507463,0.677685950413223,0.851063829787234,0.714285714285714,0.776699029126214,0,NA,13.3842405997758,3.36834451882725,12.6313229141418,3.17409074194588,10.1782530758072,3.23653109563211,4.71455824348646,1.0440747749266,-0.0412061526276366,0.0126607306934284,-2.00657741754767,1.18889226208735,-2.52171439764584,1.25278388992778,0.152899764738029,0.107549968960404,-0.0874251138797516,0.0450835969142548,-0.0160897832691044,0.00733592590572358,-1.97162674667151,1.13273607429021,-3.68865662984095,1.16114939931031,0.368339214078725,0.171552925708269,-0.0793697562080725,0.0145938343822921,0.297127587862767,0.111521717229694,-0.165909961905162,0.0456746088084706,0.406488244119158,0.256528303424935,-1.8582410152902,1.14470516014562,-3.95566259593142,1.19416774450081,0.284271656677187,0.116699108078724,-0.158243650044236,0.0483353440867429,2.15279049974933,0.382638203073585,-529.526737763303,-949.506383125715,0.442313661947027,TRUE,NA
"whalen","original",5,0,1100,0,0.789855072463768,0.692945283760134,-126.321743461391,-0.457687476309387,0.712231383725349,0.0226701254337968,276,0.714285714285714,0.5,0.588235294117647,0.865030674846626,0.992957746478873,0.924590163934426,0.648148148148148,0.514705882352941,0.573770491803279,0.711538461538462,0.660714285714286,0.685185185185185,0,NA,12.8112630367682,3.42468760034938,11.9348761419178,3.19635169028885,9.71263033284199,3.25712364407798,4.48952123233077,1.04456766471931,-0.045912863395762,0.0124857514402354,-2.24837496090854,1.31534018447397,-2.58706521366608,1.36117841755757,0.194864636641393,0.104845722089469,-0.10166030616152,0.0400113008808502,-0.016711941541336,0.00761595240786003,-2.01613917439414,1.19411793222616,-3.88291199019502,1.21142280263072,0.389410805694298,0.171223419938493,-0.080569178991053,0.014882834687637,0.324981986676945,0.11084794838199,-0.164851097385527,0.0417265899525477,0.351186990337608,0.246617903261844,-1.91491404699306,1.20270196078721,-4.31461131896503,1.23994256688915,0.320446252075702,0.116672913125248,-0.166771829904216,0.0451703276735662,2.39391097042278,0.425150077542249,-528.253513525815,-951.429476663978,0.444779117651427,TRUE,NA
"whalen","original",5,1,1101,0,0.792727272727273,0.677681067527452,-131.858408597775,-0.479485122173728,0.70274304304985,0.0346305255536796,275,0.75,0.333333333333333,0.461538461538462,0.818713450292398,0.979020979020979,0.89171974522293,0.673076923076923,0.522388059701492,0.588235294117647,0.833333333333333,0.714285714285714,0.769230769230769,0,NA,14.4777330366208,3.81036939093003,13.9334518984751,3.54678202667028,10.9807296529638,3.60823589896159,4.89158403435241,1.03523520450074,-0.0401985272815384,0.0130758315246938,-2.70443601375425,1.63290398464425,-3.347870522188,1.70560635377988,0.142604862080076,0.099967887643169,-0.084954588627216,0.0420692608897318,-0.0176876281049428,0.0077941949391686,-2.73186576647951,1.47543648899535,-4.8896339888854,1.5229395206818,0.472066974811173,0.171673292923475,-0.0760767609490594,0.0147527469786239,0.263930537003095,0.106640761100715,-0.149122436935911,0.0439684559189985,0.433900058853365,0.25510424373396,-2.51493167954513,1.48180489743724,-4.93074606699779,1.54776402706194,0.297573363966942,0.11243596791788,-0.153022250649791,0.046649527236961,2.25327068174323,0.377961450474832,-522.548268554456,-952.815771025098,0.451574706837328,TRUE,NA
"whalen","original",5,2,1101,0,0.810909090909091,0.704401834504294,-133.58083449992,-0.485748489090619,0.729073318286687,0.0272792350214402,275,0.571428571428571,0.444444444444444,0.5,0.867088607594937,0.964788732394366,0.913333333333333,0.745454545454545,0.611940298507463,0.672131147540984,0.745454545454545,0.719298245614035,0.732142857142857,0,NA,16.7711600705059,3.41114296016257,15.8522684719455,3.26211261629355,13.3355642219127,3.33029512159278,5.50176575438988,1.19486672522941,-0.0430296920418336,0.0126147319585914,-3.12284173615993,1.26989454980889,-4.29866892876593,1.26462464361445,0.138072558412596,0.107514108110807,-0.0895450538648458,0.0458612285109396,-0.0150218016747625,0.00752874139892649,-2.85986552345199,1.18332875335179,-5.47228531631831,1.16475631811984,0.501169948890909,0.173683862386061,-0.0904434354595753,0.0160420452338961,0.287544901815949,0.111558291086936,-0.163757760477335,0.0463287372943908,0.421774884623182,0.241368859870655,-2.97607102969362,1.20136801085017,-5.92701606795997,1.20518706022234,0.274959268529878,0.118445801525847,-0.150865204934118,0.0497743747908118,2.260571495014,0.412714355028982,-521.058062084119,-952.240406880194,0.452808284211283,TRUE,NA
"whalen","original",5,3,1101,0,0.785454545454545,0.662582207605091,-153.194801653549,-0.557072006012907,0.710877704259744,0.0443078635681317,275,0.444444444444444,0.4,0.421052631578947,0.831325301204819,0.971830985915493,0.896103896103896,0.6875,0.492537313432836,0.573913043478261,0.788461538461538,0.732142857142857,0.759259259259259,0,NA,19.2842215697565,5.01533619866513,17.7678169431392,4.7550303234325,15.3986741695852,4.77650992849588,6.90957880753749,1.46688317613188,-0.0496274491945354,0.0136678219888822,-2.97819716930125,1.51612627865165,-4.56739427990362,1.84239653473717,0.234796506356281,0.128149388343032,-0.127490585887399,0.0503482014587432,-0.020059666488779,0.00798543321444438,-2.7558976093401,1.38774489978134,-5.83590531652366,1.68156584855278,0.311824003478178,0.173743183752945,-0.0763882267505465,0.0149313949151343,0.428430277251721,0.133617983009423,-0.205882439007059,0.0515201543897156,0.245342366982523,0.240491781499115,-2.74248982218794,1.38686162914261,-6.38831853265327,1.69952902627116,0.441792341975431,0.137726965073311,-0.201096130707327,0.0539181856893948,2.53804579194638,0.429338126447169,-504.613793346679,-953.207685099828,0.470615059829452,TRUE,NA
"whalen","original",5,4,1101,0,0.810909090909091,0.743810669206954,-132.079007657804,-0.480287300573833,0.710603122003878,0.0254966350360862,275,0.857142857142857,0.6,0.705882352941176,0.864197530864197,0.985915492957746,0.921052631578947,0.706896551724138,0.611940298507463,0.656,0.75,0.642857142857143,0.692307692307692,0,NA,12.4156491529359,3.28164803654971,11.4817247384416,3.09161637575158,8.58654258724894,3.16600384498515,4.44616722322399,1.01542664592174,-0.0398384043619031,0.0129269580913402,-1.91293644813043,1.21995376271719,-2.41116390279844,1.21249912956375,0.16621335845637,0.103321783465973,-0.0860041737535928,0.040590320699019,-0.0243036997986193,0.00765595938993789,-1.64011762670764,1.16724490216442,-3.61034404298908,1.11990030196204,0.442995427121409,0.176421157669519,-0.0881594947815002,0.0137964396632404,0.348191456900536,0.108611577542624,-0.172822582762017,0.0415694856678346,0.220418633633428,0.20313622960958,-1.57391637250312,1.19969247440893,-3.79776435480297,1.1571250407352,0.368860087180136,0.115376053631711,-0.158015007162035,0.0448701086826955,2.3836014714149,0.382315085552951,-523.376895288319,-950.382980376449,0.449298960424346,TRUE,NA
"whalen","original",6,0,1100,0,0.786231884057971,0.686106025199354,-130.00071611452,-0.47101708737145,0.721880428181057,0.040603528640315,276,0.8,0.4,0.533333333333333,0.832335329341317,0.97887323943662,0.899676375404531,0.642857142857143,0.529411764705882,0.580645161290323,0.791666666666667,0.678571428571429,0.730769230769231,0,NA,14.8225447351479,3.8960619253507,13.8934270136734,3.65990913048035,11.2397350548772,3.71489969921222,5.18277550854398,1.22028884695219,-0.0428358925578716,0.0129310114622205,-2.42535082504358,1.34704662687055,-3.16835825906607,1.42718100161002,0.186381873297512,0.108830983989827,-0.101523561573343,0.043851738982765,-0.0194323912524448,0.00786251286287064,-1.96385859548443,1.23982858276629,-4.42749814802979,1.2896390680293,0.367772911376623,0.170683445667123,-0.0871274128519553,0.0151873159715775,0.325086142005206,0.114473106875137,-0.16825659530328,0.045376184887981,0.28913681287112,0.251588956767774,-1.80239519255302,1.24687563499138,-4.61572814903005,1.31734541693402,0.347833687681152,0.119927637056384,-0.16829049792757,0.048252929911146,2.30726718003515,0.385127533691929,-523.818225979593,-956.569189000349,0.45239901932551,TRUE,NA
"whalen","original",6,1,1101,0,0.76,0.594676702216583,-141.07411145258,-0.512996768918471,0.703232590948797,0.0368888026168017,275,0.285714285714286,0.222222222222222,0.25,0.840490797546012,0.958041958041958,0.895424836601307,0.627450980392157,0.477611940298507,0.542372881355932,0.703703703703704,0.678571428571429,0.690909090909091,0,NA,15.2296135033085,4.13756682855016,14.6203859680223,3.88802731024716,12.5792596208078,3.93851343547747,5.59193734703566,1.28543655817126,-0.0450701272195394,0.0138017042910016,-1.66529893194971,1.29724400518963,-3.28840807036162,1.49974706498042,0.181813833038176,0.097230213780032,-0.0896280523718486,0.0401195233009425,-0.0149755383817888,0.00775245065019237,-1.73875035658981,1.20023130215385,-4.76155607111903,1.37295892882116,0.373477272348838,0.174925271570905,-0.0892996480502727,0.0166148231266381,0.305783332128894,0.102503043828847,-0.151841213679932,0.0407180265586616,0.214256492328014,0.231809751104522,-1.88626536669348,1.21319439668197,-5.41819399316516,1.40208475003548,0.278891278386072,0.108643839224416,-0.128491280756608,0.0441270090422167,2.70414572875095,0.459746965379564,-515.487067948712,-953.221236133206,0.459215711517492,TRUE,NA
"whalen","original",6,2,1101,0,0.821818181818182,0.754670920025251,-121.646245483506,-0.442349983576384,0.705038274531357,0.0852244639177876,275,0.833333333333333,0.555555555555556,0.666666666666667,0.87741935483871,0.957746478873239,0.915824915824916,0.7,0.626865671641791,0.661417322834646,0.796296296296296,0.754385964912281,0.774774774774775,0,NA,14.2742185448725,3.77677284573563,13.6069137388508,3.51157458587741,11.1963854112274,3.56774179279122,4.49477015881881,0.966292755741015,-0.0408036626638846,0.0129462791117945,-3.01402643317174,1.67594838742637,-3.50293466699425,1.73834620609538,0.0699125876596527,0.104214430109641,-0.0631211386677316,0.0414869592114383,-0.0217607672721455,0.00743015320723882,-2.67283821485238,1.50555685024503,-4.86342137302423,1.53849372848229,0.522186273634545,0.170431227679745,-0.0691387582393898,0.013290714526198,0.219000501775121,0.110411126232077,-0.141608311567397,0.043125246547939,0.30062972768074,0.227387038570837,-2.49635403694515,1.51295478485791,-5.07065712042908,1.56579808376532,0.227473965120233,0.116506577321624,-0.138314595623475,0.0463701577031646,2.2689655843662,0.395706040582972,-534.858818124378,-952.004840808881,0.438176367181148,TRUE,NA
"whalen","original",6,3,1101,0,0.792727272727273,0.685411497105046,-138.702206066196,-0.504371658422529,0.711942245226191,0.0448199525491829,275,0.666666666666667,0.4,0.5,0.827380952380952,0.97887323943662,0.896774193548387,0.716981132075472,0.567164179104478,0.633333333333333,0.770833333333333,0.660714285714286,0.711538461538462,0,NA,15.0706170950569,3.14307630753666,13.4465448607424,2.99966254758888,10.2415572318797,3.06515535808929,4.91715523425453,1.07923600427504,-0.0426010078192165,0.0127280378897253,-3.46913220561014,1.29731785955682,-3.74809320752099,1.2371509616476,0.201956462889596,0.108896557941605,-0.117722465073238,0.0463534090398209,-0.0169831400578581,0.00786209196456997,-2.96010834800259,1.24158875807651,-4.57130959517925,1.14252631800385,0.42204004019571,0.176793575454932,-0.0820063750420367,0.0153555050663876,0.383279234952982,0.115358403897771,-0.196617032904372,0.0474128176473776,0.536889953094292,0.242309745248819,-2.89264777678764,1.26224552708586,-4.92019478077433,1.1783722622976,0.398476414043152,0.121004623915946,-0.188690350775273,0.0505140460475504,2.22241363393634,0.395882620095787,-516.899209945735,-948.761119944016,0.455185083916344,TRUE,NA
"whalen","original",6,4,1101,0,0.825454545454545,0.732694532338631,-146.904228941127,-0.534197196149552,0.718877732633207,0.0190666655034079,275,0.5,0.6,0.545454545454545,0.867924528301887,0.971830985915493,0.916943521594684,0.773584905660377,0.611940298507463,0.683333333333333,0.823529411764706,0.75,0.785046728971963,0,NA,15.3848499023714,3.84291197131552,14.4561203567082,3.60436567371012,12.0105036956531,3.64885374073535,5.65007473370545,1.09143375759308,-0.0490436753168848,0.012930573497711,-2.3954492067025,1.42580184917054,-3.23890064631803,1.49106728424078,0.225560526622262,0.116348257263717,-0.110955095703433,0.0443524148008285,-0.0209645639810998,0.00752845939427136,-2.6503591231177,1.29768903505308,-4.82147616422814,1.31922165898842,0.447084783488663,0.175878538604772,-0.0854133557452476,0.0142134597742346,0.412727095991298,0.120362633803157,-0.194424366590443,0.0452408150424997,0.267858849476183,0.226889681042745,-2.66336128765933,1.31021111931756,-5.22288913553512,1.33813970629416,0.443447706482984,0.126405150036135,-0.203787563501854,0.0478950486823193,2.36780340300134,0.408978867715023,-508.12343893016,-949.519934159094,0.464862799978855,TRUE,NA
"whalen","original",7,0,1100,0,0.807971014492754,0.704747746508298,-136.756476330368,-0.495494479457857,0.717699770132461,0.0377451495673249,276,0.8,0.4,0.533333333333333,0.830409356725146,1,0.907348242811502,0.739130434782609,0.5,0.596491228070175,0.796296296296296,0.767857142857143,0.781818181818182,0,NA,15.1570338346274,3.9789827488529,13.8738986544072,3.71350290574417,11.5796911581954,3.75814615463409,5.15523219214266,1.20851271846729,-0.0441384674054161,0.0140704327108557,-2.7752612837575,1.33677555777971,-3.17682327980123,1.43769912590007,0.127700443426703,0.113764510120063,-0.0861174191229136,0.0447977388387766,-0.0186735992261312,0.00757582038647287,-2.75689808941814,1.20706426745459,-4.57088628026821,1.27239005470552,0.40054949938194,0.175849045282382,-0.0811507495413763,0.0152396107216702,0.325024607691102,0.118126049576269,-0.167434892485014,0.0457428474273019,0.270272083686937,0.208952746544454,-2.6920930823539,1.21720434194274,-4.77259111108942,1.29827687650012,0.30109575883872,0.124414806652589,-0.148706784678391,0.0488564255554716,2.60640537071034,0.413221535368541,-518.094418178608,-949.166585052124,0.454158599409443,TRUE,NA
"whalen","original",7,1,1101,0,0.770909090909091,0.695895671465704,-139.194487899463,-0.506161774179866,0.695680994218137,0.0429257151215838,275,0.666666666666667,0.666666666666667,0.666666666666667,0.841463414634146,0.965034965034965,0.899022801302932,0.610169491525424,0.537313432835821,0.571428571428572,0.744186046511628,0.571428571428571,0.646464646464646,0,NA,13.5183682406656,3.53040846644171,12.7179524568384,3.28554980239295,9.63072858539445,3.35754519644839,4.63289877255248,1.0454212073075,-0.040335787758095,0.0130470681919925,-2.65787303225309,1.24192187703545,-3.11667397761032,1.32664312906745,0.167670441301005,0.100930205710504,-0.0908433552704566,0.0389696775222292,-0.0205605461021145,0.00753040714894368,-2.30007930506581,1.14493816123512,-4.3220334023212,1.18284185631711,0.548636339090844,0.173900498944281,-0.0871571982624009,0.0142238397465474,0.319714630383909,0.1063111749159,-0.171348112590039,0.0405712894584087,0.417259237470412,0.261717816824053,-2.10448746247452,1.16088814448339,-4.40999325987341,1.22720800235042,0.352608411488102,0.11190784664678,-0.174381869063648,0.0432338677346771,2.12230561302847,0.373543519945001,-515.770982369351,-952.004840808881,0.458226512870334,TRUE,NA
"whalen","original",7,2,1101,0,0.810909090909091,0.712464115989431,-118.64147327514,-0.431423539182327,0.719233701057931,0.0544095987152341,275,0.555555555555556,0.555555555555556,0.555555555555556,0.890322580645161,0.971830985915493,0.929292929292929,0.709090909090909,0.582089552238806,0.639344262295082,0.732142857142857,0.719298245614035,0.725663716814159,0,NA,13.9779741651677,3.60738922007061,12.9870032601838,3.36935610833395,10.487566673505,3.41293757105565,4.88892651151548,1.00694588288489,-0.0410050428055718,0.012534988808773,-1.55591099854972,1.58372081738029,-2.78495428355762,1.66614028383354,0.126673346388148,0.0932518291019496,-0.0837708929256839,0.0381695403109762,-0.0187807697250855,0.0075069467702573,-1.31449273294649,1.46229049389647,-4.01106612732362,1.51993436011938,0.363329708657243,0.170452027005886,-0.0819662826350974,0.0157167971188692,0.278144898524045,0.0995069413492215,-0.15037254116642,0.0394626337895915,0.372445627345783,0.237948985684072,-1.31340886633601,1.46918874167189,-4.39273120025793,1.53657653213746,0.285068569701518,0.106041125292945,-0.149918446094005,0.0430573604449882,2.12795165009311,0.37781537642024,-535.839164666848,-955.314228708264,0.439096426532465,TRUE,NA
"whalen","original",7,3,1101,0,0.825454545454545,0.742643837221222,-128.782604542364,-0.468300380154049,0.721964159253733,0.0333395610250046,275,0.714285714285714,0.5,0.588235294117647,0.867088607594937,0.964788732394366,0.913333333333333,0.714285714285714,0.671641791044776,0.692307692307692,0.851063829787234,0.714285714285714,0.776699029126214,0,NA,15.7053619455337,3.19490215090184,14.9145825266636,3.05776812577884,12.4136483339563,3.12396262692278,5.20639033878463,1.1254928976913,-0.0421796227432733,0.0127147642120761,-3.22785490128146,1.26006052793356,-3.9198943562427,1.20192088365968,0.16374899399363,0.108798894039481,-0.100073286868852,0.0458696752420265,-0.0162653719725307,0.00759724816037633,-3.1758129787674,1.1888705860563,-5.43205296584695,1.10795728752211,0.488284368644338,0.172576018245934,-0.079629457501123,0.0143825851388452,0.321481507392881,0.113858770582518,-0.173861599701678,0.0463579365879781,0.367119188785794,0.236871249344524,-3.1370858215198,1.21169774007167,-5.83788730330277,1.14889111991548,0.317455174208519,0.119321974310015,-0.161497759429548,0.0494171530956492,2.21544268355939,0.409298478115223,-524.87244744538,-950.840561485696,0.447991105232972,TRUE,NA
"whalen","original",7,4,1101,0,0.781818181818182,0.642241488024254,-151.300033153844,-0.550181938741252,0.710761571978676,0.0718068086494192,275,0.5,0.3,0.375,0.828402366863905,0.985915492957746,0.90032154340836,0.695652173913043,0.477611940298507,0.566371681415929,0.740740740740741,0.714285714285714,0.727272727272727,0,NA,16.1084312263661,4.24414358441608,15.3535932146738,4.01465441091254,12.846837550045,4.06323199079181,6.02494878871287,1.27552628278147,-0.051016975428637,0.0128678885913802,-2.33861705520381,1.50068267331025,-3.54494534895462,1.61293978884196,0.293571733308512,0.122569667288239,-0.125234988707837,0.0521496220240482,-0.0186328308074381,0.00831545700595618,-2.08370312055397,1.37843315806999,-4.75337851968492,1.46950678199924,0.314483781628774,0.172282491764586,-0.0818457784044549,0.0152802919430273,0.401534410172388,0.129088447042695,-0.188502984269507,0.0540141596704937,0.236793908662365,0.241379224585901,-2.06655702553596,1.37923251722575,-5.39395039728774,1.48876913376813,0.442253867262146,0.134326584758801,-0.192300267733843,0.0565475097112565,2.89990298909927,0.469425243358901,-506.166405250304,-952.75010399058,0.468731199156806,TRUE,NA
"whalen","original",8,0,1100,0,0.789855072463768,0.685680229640238,-148.952558675532,-0.539683183606999,0.711632522624047,0.0486082311821558,276,0.8,0.4,0.533333333333333,0.824561403508772,0.992957746478873,0.900958466453674,0.708333333333333,0.5,0.586206896551724,0.75,0.696428571428571,0.722222222222222,0,NA,18.1923699135122,3.88757969729406,16.6919828385583,3.72553967772627,14.0917906797844,3.78471914822905,6.00283780023091,1.34836780415575,-0.0438643031837277,0.0133331546674375,-3.57645920473893,1.30166549269168,-4.88685397217877,1.33424182590643,0.144480653158088,0.109044539248543,-0.0905494595872316,0.0470433831311542,-0.0150116934692036,0.00766813866916693,-3.39451170083645,1.24868866548838,-5.95602120732183,1.2396893952543,0.491880617666543,0.175826278234441,-0.0753837892903414,0.0143558047910128,0.346067160284348,0.116448714235166,-0.181796244801824,0.0479176461079336,0.348865425617891,0.247970237005755,-3.24943540787433,1.26603865076979,-6.41381453375977,1.27409482737687,0.372134542414961,0.122019638986247,-0.180241721909355,0.0504289410918329,2.59394332553681,0.420130809470392,-507.56506551325,-954.960879601295,0.468496483620184,TRUE,NA
"whalen","original",8,1,1101,0,0.8,0.702350773206922,-131.103057796919,-0.476738391988795,0.716134356894201,0.0561634221543068,275,0.428571428571429,0.666666666666667,0.521739130434783,0.876623376623377,0.944055944055944,0.909090909090909,0.722222222222222,0.582089552238806,0.644628099173554,0.754716981132076,0.714285714285714,0.733944954128441,0,NA,15.0114457644822,4.06856656780612,13.5327954905179,3.82823664187628,11.2719368781568,3.87070311181799,5.21470868992706,1.27323425358363,-0.0485992040283923,0.0129636871707526,-1.75058067499367,1.23766389893421,-2.8433550663485,1.38492312593464,0.0741738134770165,0.091827978291955,-0.0670092717358798,0.0344242486391269,-0.0179694653904105,0.00737669758395985,-1.13531577092716,1.17285195110914,-3.67554372030719,1.28355815594787,0.382353881880275,0.176037810097697,-0.0886752734310844,0.016314086179264,0.225537770437907,0.0963714918571774,-0.134828377097959,0.035257177661214,0.163572155820425,0.204751616144904,-1.20170705798723,1.19365649877699,-4.27161073672747,1.31713369565161,0.230111193171977,0.102612417755606,-0.118295936062199,0.0388853736360131,2.58775757260554,0.414342601132378,-525.496566841424,-948.878902979673,0.446192169315539,TRUE,NA
"whalen","original",8,2,1101,0,0.814545454545455,0.692503268727165,-124.482134944086,-0.452662308887586,0.723122666584067,0.0591474451508607,275,0.6,0.333333333333333,0.428571428571429,0.872611464968153,0.964788732394366,0.916387959866221,0.7,0.626865671641791,0.661417322834646,0.792452830188679,0.736842105263158,0.763636363636364,0,NA,14.98927427286,3.94351503626578,14.261345993501,3.67337688593459,11.4218924605194,3.74028101048945,5.12365235227962,1.00758437120498,-0.0455851771458549,0.0126516323805538,-2.56783507084304,1.85351987053214,-3.27184535911463,1.87862995116913,0.219435064729203,0.11881254103977,-0.125812668844154,0.0465432155887722,-0.0232689755119489,0.00814325908623646,-2.58119701654666,1.67443946822664,-4.73119196561524,1.67288656068012,0.427809850548112,0.172239418073674,-0.0815154640493567,0.0148274049971114,0.385566008505455,0.123526675733583,-0.205381846134829,0.0475705222599318,0.309244498398869,0.238189011668617,-2.26432920758486,1.67770964300623,-4.87780595415192,1.69832579053606,0.414665047233724,0.129750236955353,-0.204927564079886,0.0507241552081899,2.09410036966639,0.381872158632349,-530.186486341663,-959.473111791624,0.44741913053546,TRUE,NA
"whalen","original",8,3,1101,0,0.781818181818182,0.704462963398293,-140.147823508863,-0.509628449123137,0.700361102743125,0.0327693874375089,275,0.75,0.6,0.666666666666667,0.838323353293413,0.985915492957746,0.906148867313916,0.647058823529412,0.492537313432836,0.559322033898305,0.73469387755102,0.642857142857143,0.685714285714286,0,NA,12.9073030820563,3.25292625950962,12.3309113263879,3.04506089586001,9.99993382919735,3.10192289988072,4.62938456411991,0.950050149360199,-0.0299676862216936,0.0142360625624417,-2.48360714168422,1.21004011148076,-2.89381170333963,1.25466021524881,0.200651065043677,0.1020639626902,-0.0998101874306677,0.0417933777121392,-0.0210517920035572,0.00781932601768116,-2.26452101275554,1.11649563385776,-4.34772425860803,1.13433183325317,0.49311117423595,0.174543917373239,-0.0865224125062293,0.0142778733960569,0.339117124391359,0.107592361460519,-0.165438289503184,0.0430053087692283,0.324107638519457,0.2488915715895,-2.36104555843602,1.13341533601158,-4.85989934020678,1.16407512228657,0.328392029329191,0.114058639613964,-0.160481112024569,0.0463576744059961,2.26913584182595,0.42602676204942,-515.798980920361,-948.407770837047,0.456142181895951,TRUE,NA
"whalen","original",8,4,1101,0,0.767272727272727,0.611914891998275,-136.654396762605,-0.496925079136745,0.705908702607982,0.027365561681905,275,0.666666666666667,0.2,0.307692307692308,0.822485207100592,0.97887323943662,0.893890675241158,0.627450980392157,0.477611940298507,0.542372881355932,0.730769230769231,0.678571428571429,0.703703703703704,0,NA,13.9865495726421,3.7620417902547,13.504554593083,3.52719830175578,10.6951596712798,3.5825017358647,5.0917900435441,1.2035490864991,-0.0493459400160659,0.0121241213721415,-2.2383974096022,1.28016739073495,-2.93497450439951,1.38632888779658,0.23451317181734,0.115980932031183,-0.105455466589282,0.0487402902824039,-0.0167796761562911,0.00739638471442312,-2.19289009534015,1.14962125932418,-4.51160017987207,1.22628885918139,0.297982798438117,0.170431222855514,-0.0799228857965793,0.0150083165352155,0.350289019020321,0.1214347874139,-0.169487241649328,0.0505562622901217,0.494665563379882,0.238426168132299,-2.20524279478685,1.16022607074557,-4.54358387885213,1.25557757951131,0.350112026240446,0.126431372107014,-0.167167284749137,0.0531855671544754,2.24677279544959,0.390401197047597,-518.834411148813,-948.355654835908,0.452911564872162,TRUE,NA
"whalen","original",9,0,1100,0,0.83695652173913,0.754704978241187,-120.707417929079,-0.437345717134345,0.738432581490731,0.0298788712461811,276,0.833333333333333,0.5,0.625,0.875776397515528,0.992957746478873,0.930693069306931,0.769230769230769,0.588235294117647,0.666666666666667,0.789473684210526,0.803571428571429,0.79646017699115,0,NA,15.8982358759399,4.10201006424534,15.3185116899944,3.8878688814398,12.6234758316273,3.95095492551615,5.74017760576985,1.24166883938703,-0.0417882160972721,0.0132296313724564,-2.57118313643064,1.41818012391464,-3.28003580110863,1.52626547716499,0.220192599931468,0.11904944160722,-0.114385784894963,0.0462571865285368,-0.0177464189124124,0.00745018370628317,-2.52343290737206,1.3124608688329,-4.6533769081686,1.39220670407585,0.390898595644237,0.169330462454231,-0.0730969232750476,0.014228155629296,0.339149310624819,0.123232108672127,-0.178850479065174,0.0472132598166587,0.440992551353548,0.251451770221151,-2.45633502060065,1.32587483247529,-4.70104982756813,1.42377716623894,0.357150576644516,0.128299230475319,-0.181907065631298,0.050219474093281,2.30230821765137,0.443149638630452,-534.393788044564,-950.670662448901,0.437877059687547,TRUE,NA
"whalen","original",9,1,1101,0,0.829090909090909,0.730547395221308,-123.340565159976,-0.448511146036275,0.729072707539539,0.0668894966736254,275,0.428571428571429,0.666666666666667,0.521739130434783,0.895424836601307,0.958041958041958,0.925675675675676,0.792452830188679,0.626865671641791,0.7,0.781818181818182,0.767857142857143,0.774774774774775,0,NA,14.3543432348297,3.5326082198802,13.130789120621,3.33164653921604,10.7116559088538,3.36716257460109,5.22430570939651,1.09951186065323,-0.0478399805611535,0.012201168274527,-1.73490614029936,1.27254790067523,-2.55820735575038,1.34070749521571,0.123566177595679,0.0991360733683053,-0.0798553000018198,0.0405888848830849,-0.0174449469070938,0.00757118879730057,-1.55111274909014,1.18376163179604,-3.69764963635825,1.22612691798727,0.418206164186791,0.172319031066215,-0.0807365540255505,0.0158432402145372,0.27657334101001,0.102643065532517,-0.147947460902089,0.0409982331191515,0.276578463390765,0.212721471988994,-1.58629334671274,1.19020366638653,-4.30801167315842,1.24165406013488,0.317996323754072,0.108439218380749,-0.154267994316466,0.044120247182166,2.20259624027947,0.393692342332624,-532.285006342393,-950.043182302858,0.439725460634157,TRUE,NA
"whalen","original",9,2,1101,0,0.749090909090909,0.556797255686297,-157.486380277096,-0.572677746462166,0.685135008650676,0.0445967478628524,275,0.25,0.111111111111111,0.153846153846154,0.8,0.985915492957746,0.883280757097792,0.604166666666667,0.432835820895522,0.504347826086956,0.75,0.631578947368421,0.685714285714286,0,NA,17.6128497018534,3.71042124926383,16.7165313588599,3.51484747647381,13.9569279404601,3.60214877822642,5.81588277452648,1.27799692241007,-0.0470626335343027,0.0132117544687176,-3.40418077210767,1.30352654210526,-4.58746532715421,1.32491211256837,0.193139233472802,0.112546576387799,-0.115295517799928,0.0502153472319719,-0.0174495516184855,0.00815070562232073,-3.14628644098207,1.23062618079497,-5.78684029946145,1.21136704700626,0.437336903714718,0.176582527964124,-0.0808325288996012,0.0142555206678437,0.332840055155029,0.119843035565158,-0.191538398675412,0.0515793791224316,0.410034571634999,0.253582446744681,-3.04737129191199,1.25781663802852,-6.08323591660061,1.25093323696228,0.323988458969158,0.126175017511143,-0.176550754946487,0.0542718178456177,2.67089531314889,0.421838718936908,-497.638507913073,-955.706142782994,0.479297573138998,TRUE,NA
"whalen","original",9,3,1101,0,0.774545454545455,0.680824780397596,-140.664993194698,-0.511509066162537,0.698801733158721,0.033414431605778,275,1,0.4,0.571428571428572,0.826347305389222,0.971830985915493,0.893203883495146,0.637931034482759,0.552238805970149,0.592,0.739130434782609,0.607142857142857,0.666666666666667,0,NA,12.2996506677618,3.37712900718721,11.2307852407045,3.12430739473814,9.07460245063656,3.18673205120699,4.11756595057792,0.875039895653876,-0.0318944611565439,0.0134956347102187,-2.78427800297957,1.52069064234586,-3.18016181711516,1.5811688086026,0.165129584271139,0.0964448218013626,-0.0798445063239515,0.0377246035003739,-0.0194170353172171,0.00761134530681796,-2.36380486953644,1.38301222143297,-4.43944181332194,1.41819845218488,0.431389567851211,0.177225100329796,-0.0844941797865544,0.0148878712710061,0.363808871022355,0.103618379003277,-0.167975089103608,0.0390792657624927,0.210264357317526,0.239688140503603,-2.38647302966945,1.39327948707358,-5.09157153364044,1.45041127165889,0.351138243107029,0.109969926914141,-0.155481805901713,0.0424751189153968,2.60732006926524,0.430246976357409,-515.787031860707,-950.552879413244,0.45738207412607,TRUE,NA
"whalen","original",9,4,1101,0,0.781818181818182,0.686416028888808,-134.654862528172,-0.489654045556991,0.710860964835019,0.0104237373610578,275,0.625,0.5,0.555555555555556,0.845679012345679,0.964788732394366,0.901315789473684,0.648148148148148,0.522388059701492,0.578512396694215,0.745098039215686,0.678571428571429,0.710280373831776,0,NA,14.8415140388211,3.91049161781753,13.9560279218346,3.67865557690219,11.1457229931349,3.71532594790685,5.12095700915643,1.18772690090723,-0.0486936561821977,0.0123075576870551,-2.21564551871735,1.41158295958671,-3.1405581057145,1.47523908874215,0.155858800716963,0.109306109450289,-0.0941492188266942,0.0437092763751557,-0.0212674203644751,0.0077550339994384,-2.12685591516937,1.27853475853292,-4.67093818426852,1.30785888211773,0.427939040445654,0.17427797307924,-0.0932232541684793,0.0152411214391493,0.316294757795454,0.116312371153442,-0.164683557112491,0.0460763029829396,0.30941959188041,0.224193721674988,-1.92302463957477,1.28337714258887,-4.77994772977729,1.33150652819083,0.329489505351244,0.122107191079058,-0.158250721004518,0.0489404996665439,2.10020331387222,0.369535891422166,-519.77066391703,-953.10345309755,0.454654516015239,TRUE,NA
"whalen","ROS",0,0,2276,1176,0.739130434782609,0.653874079247154,-173.121732833295,-0.627252655193099,0.643346670973946,0.199907335955018,276,0.346153846153846,0.9,0.5,0.883211678832117,0.852112676056338,0.867383512544803,0.62,0.455882352941176,0.525423728813559,0.682539682539683,0.767857142857143,0.722689075630252,0,NA,6.72689838172619,0.894664627724362,8.20849935481434,0.872862895593043,5.69570497894662,0.946690260716635,3.68450491610791,0.259392012521103,0.0215759340271193,0.0102856945240478,-0.764744377162761,0.614160768828245,-1.06776813425744,0.583893122497423,-0.024467700808929,0.0451492030609783,0.000965906974693296,0.0177325697391998,-0.0141069609707654,0.00495831521549419,-1.11103116076288,0.547905056799702,-3.47066639350809,0.53705372668586,0.629511065718012,0.126996011696411,-0.0841932552879043,0.010605765312403,0.210072312518726,0.0469182274834028,-0.106254495613415,0.0166869042631932,0.461712984117667,0.157605108346725,-1.14862732727951,0.572242800568681,-4.09732607462792,0.578325310685556,0.246868909988977,0.0523556091146278,-0.114180073052429,0.0205893695213625,2.5954791332953,0.323397865933537,-1207.09971314332,-2052.13889051778,0.411784592787114,TRUE,NA
"whalen","ROS",0,1,2272,1171,0.730909090909091,0.632280548623213,-169.657180502408,-0.616935201826939,0.631781532337841,0.209476093243926,275,0.21875,0.777777777777778,0.341463414634146,0.859259259259259,0.811188811188811,0.834532374100719,0.68,0.507462686567164,0.581196581196581,0.758620689655172,0.785714285714286,0.771929824561403,0,NA,5.90954965330812,0.954204861599164,8.11114563839538,0.941399260167313,5.68729322172893,1.0072507189642,3.49238412368018,0.320362944025019,0.0423602030260385,0.00896117375087435,-0.754995758404502,0.553923227644215,-0.407293422726204,0.507225689854872,0.0884456049095503,0.0444832381568131,-0.0617012630737387,0.0194119409995753,-0.0168738338656858,0.00485310434964853,-1.88169758685525,0.467780736396193,-3.28378738751006,0.433074515254387,0.353714233048773,0.125130858117064,-0.0805037668430018,0.0101605063262732,0.320951650003832,0.0524007431405543,-0.162816660118447,0.0211095460706595,0.246523046968105,0.149414071415323,-2.05648865488832,0.488086943902995,-3.39776866764478,0.460784865829361,0.342276691239228,0.0567607855275448,-0.152522827998579,0.0235372925783262,2.56692084622272,0.318114417870363,-1211.98471069241,-2041.20488363224,0.406240539393708,TRUE,NA
"whalen","ROS",0,2,2276,1175,0.68,0.600766904597686,-163.643501513283,-0.59506727823012,0.622332522453234,0.293606445512245,275,0.230769230769231,1,0.375,0.904347826086957,0.732394366197183,0.809338521400778,0.53968253968254,0.507462686567164,0.523076923076923,0.689655172413793,0.701754385964912,0.695652173913043,0,NA,5.72980846862652,0.920076867438756,7.74375681184845,0.826050920875773,5.20774303900882,0.896730809150129,2.98962609420046,0.246900516886843,0.0222887188433118,0.00877459154167081,-1.55873207991887,0.529103480638773,-1.25075428840885,0.521463658367443,0.010206182992306,0.0407449355736321,-0.0195623290794085,0.0173686398592256,-0.0168903267953861,0.00462379115791875,-2.15001118590504,0.390134074877963,-3.59048524273195,0.405944121207504,0.513326316719122,0.123557995251816,-0.0817570926308676,0.0104957612090945,0.200489715890819,0.038550059449397,-0.119979909965262,0.0153327155263164,0.407272528730252,0.127428931950887,-1.66916724550518,0.424421680851195,-4.02080244359187,0.442630584865687,0.190608147251185,0.0443577388690903,-0.102290014812593,0.0184627725741427,2.35509458541148,0.283109792845659,-1268.68283579824,-2077.09218901794,0.389202442478937,TRUE,NA
"whalen","ROS",0,3,2276,1175,0.738181818181818,0.657095404595405,-159.843602524441,-0.581249463725238,0.631781812693014,0.234334323976638,275,0.3,0.9,0.45,0.879699248120301,0.823943661971831,0.850909090909091,0.603174603174603,0.567164179104478,0.584615384615385,0.795918367346939,0.696428571428571,0.742857142857143,0,NA,6.73429080234753,0.809255540133628,8.57353443665814,0.798804852899786,6.37043620234355,0.880995472273095,3.88412722387972,0.245222599368591,0.0134285790504693,0.0100179267013102,-1.08810799055582,0.641564062700102,-0.601576459150556,0.561016116249196,0.132299433525672,0.045015883769104,-0.0747802252876694,0.0177308530461333,-0.0135103793830058,0.00473209045398887,-1.70255283086424,0.529715872780373,-3.03028914735519,0.499846503957065,0.391976142919279,0.127892565153258,-0.0774986472251197,0.00929126977767878,0.275871021683075,0.0467627391798087,-0.146324489166622,0.0173587046276431,0.363621852127864,0.138857436700689,-1.69583265516816,0.567323411696691,-3.21452237498016,0.534110593767051,0.246352670030456,0.0526255281290915,-0.123048955395008,0.0205922083520207,2.27048191084774,0.282228744604889,-1227.46052385061,-2065.9882830956,0.405872466028011,TRUE,NA
"whalen","ROS",0,4,2276,1175,0.756363636363636,0.67756236257944,-166.528893542626,-0.605559612882277,0.644290509921878,0.221591775139948,275,0.375,0.9,0.529411764705882,0.89051094890511,0.859154929577465,0.874551971326165,0.637931034482759,0.552238805970149,0.592,0.714285714285714,0.714285714285714,0.714285714285714,0,NA,8.86098048289811,1.12541922508453,10.6954395904295,1.03093258331848,8.11716350169597,1.105724717543,3.72219015121988,0.339196994072177,0.0151264077175845,0.00903332810975578,-2.98478470509503,0.459399515680625,-2.85743572600508,0.44906464748946,0.0270101282591056,0.0432975112903331,-0.0315942322464471,0.0173507695671936,-0.0157007151731952,0.00530473966410047,-3.12032239685879,0.406753647211119,-4.98411340627334,0.399030730614705,0.359371589655074,0.127960734716,-0.111586058386456,0.0111149428149461,0.181601105145633,0.0469669748958983,-0.112911393677973,0.0170100958608322,0.253181672744416,0.160264276260537,-3.3460716452472,0.427531262965882,-5.30925691940319,0.422786861232613,0.199092716464588,0.0526106244389615,-0.101588380962436,0.020339525317612,2.4650714379553,0.280058317745688,-1206.10651673905,-2075.93937259576,0.419006868572016,TRUE,NA
"whalen","ROS",1,0,2276,1176,0.713768115942029,0.63033132289275,-169.149692128817,-0.612861203365277,0.638197532905187,0.2189940160977,276,0.307692307692308,0.8,0.444444444444444,0.871212121212121,0.809859154929577,0.839416058394161,0.554054054054054,0.602941176470588,0.577464788732394,0.75,0.589285714285714,0.66,0,NA,7.72445633556252,0.992821325511619,10.0672883597665,0.9277989833195,7.37551349548592,1.01344170171114,4.35228621596875,0.291378447776467,0.0252325673005938,0.00897283093004731,-1.42416133307415,0.671993651298451,-0.893041287359957,0.627584817027938,0.128992392700931,0.0455109855191476,-0.0714348481466749,0.0177963047669484,-0.020039098776052,0.00479763351255011,-2.15207833933651,0.520348471111036,-3.55099622593842,0.498408623928714,0.40012493696213,0.133920094772191,-0.0913114613388744,0.0101665808317426,0.311511380165722,0.0479488949624386,-0.160680499809074,0.017138498796571,0.320825532657944,0.145611706996505,-2.15651260878207,0.545201536549132,-4.0445466153591,0.522363030320819,0.325132082301231,0.0531889142679528,-0.149995299686715,0.0203943452076483,2.56695798661276,0.294879276303813,-1191.48199052744,-2082.3475962576,0.42781791442083,TRUE,NA
"whalen","ROS",1,1,2272,1171,0.745454545454545,0.658692705761671,-156.34545206382,-0.568528916595709,0.640190024076533,0.257657086606149,275,0.272727272727273,1,0.428571428571429,0.886363636363636,0.818181818181818,0.850909090909091,0.673469387755102,0.492537313432836,0.568965517241379,0.754098360655738,0.821428571428571,0.786324786324786,0,NA,5.95464717102635,0.90342403707421,8.19824434844405,0.827682575549263,5.77793774906281,0.885913266986949,3.18314947189128,0.24571514141253,0.00982280176511556,0.00934923327177802,-1.22791941507513,0.594115740742961,-0.961808443681236,0.569424892875096,0.0340959935213118,0.0410779922984717,-0.0301460766926814,0.0163961969100152,-0.0276787111640528,0.00468499263734585,-2.16527281528216,0.474004535684403,-3.55487115841327,0.469691679323989,0.342618839731599,0.120952156076907,-0.0848567374232874,0.010349458744242,0.196731610571623,0.0420438620831999,-0.113440350838646,0.0156657016381771,0.191836437016822,0.136106094902485,-1.99337364486577,0.502096517664732,-3.41717668675362,0.50082626167301,0.201769219703352,0.0479885931051641,-0.104634857289772,0.0193351923911591,2.26896754226623,0.28640935460535,-1298.5855156877,-2069.00998892254,0.372363824901613,TRUE,NA
"whalen","ROS",1,2,2276,1175,0.701818181818182,0.622782025252956,-172.116849286029,-0.625879451949195,0.610460568665881,0.258184939889563,275,0.3,1,0.461538461538462,0.8828125,0.795774647887324,0.837037037037037,0.516129032258065,0.477611940298507,0.496124031007752,0.709090909090909,0.684210526315789,0.696428571428572,0,NA,5.49759287073408,0.78277050019409,8.2512812892181,0.77198161827721,5.0961526142921,0.877872852485533,3.21067706648851,0.243547928321278,0.0206401376787912,0.00888698310536394,-0.787168676563659,0.56904524869359,-0.428452241616603,0.514586333005293,0.0341838290550283,0.0405858709488797,-0.0318882667095394,0.016122202189431,-0.019570877809703,0.00512805785353397,-1.96233139436872,0.412828061548561,-3.21127239538944,0.408000004477122,0.307270609874386,0.123986903968335,-0.0845011269752364,0.0105704339119533,0.18199972038101,0.0433268753141419,-0.114839989450823,0.0167688581186893,0.459931671170533,0.173416218101004,-1.25767710300781,0.454917002021451,-3.22021867315121,0.446209018765906,0.202634910513256,0.0496739523699026,-0.111284684335971,0.01987120428552,2.41214653924648,0.277769455188134,-1251.89487154356,-2049.93020303944,0.38929878213055,TRUE,NA
"whalen","ROS",1,3,2276,1175,0.730909090909091,0.648488574267263,-186.334760578916,-0.677580947559694,0.6204862601446,0.255089154454398,275,0.347826086956522,0.8,0.484848484848485,0.879699248120301,0.823943661971831,0.850909090909091,0.563636363636364,0.462686567164179,0.508196721311475,0.703125,0.803571428571429,0.75,0,NA,4.64057311923888,0.606459740599617,6.21708747395734,0.740573064506339,3.39607221819376,0.79915204270675,3.20341356358365,0.244512340153715,0.0216722334941127,0.00975543744662803,0.343390657830674,0.528483590395388,-0.342546176265353,0.465501618218111,0.13050590593597,0.0463492031158091,-0.0605478366883155,0.0188380896408651,-0.0244175469478183,0.00544034488661452,-0.586483927493243,0.428440368904617,-3.54843766002081,0.404888194404582,0.579705593654652,0.127439881514083,-0.092434835311705,0.00991115391110202,0.428961971805829,0.0515507180560898,-0.170431500626803,0.0191814041211934,0.397851898748745,0.1445453186074,-0.90050252844737,0.45887091078116,-3.86765757077479,0.447959130070488,0.456513549037774,0.0574737782318419,-0.167564608602461,0.0225500235772716,2.09851495001233,0.289880704788191,-1212.78518288926,-2048.22912453912,0.407885978985797,TRUE,NA
"whalen","ROS",1,4,2276,1175,0.738181818181818,0.650012678962079,-161.593266573641,-0.587611878449603,0.635893215295391,0.274393425710276,275,0.242424242424242,0.8,0.372093023255814,0.909836065573771,0.78169014084507,0.840909090909091,0.683333333333333,0.611940298507463,0.645669291338583,0.716666666666667,0.767857142857143,0.741379310344828,0,NA,10.8237847704893,1.27822830113653,11.8353565533657,1.17354134512604,9.2344628813732,1.23950588948453,3.97462254833144,0.393783591495506,0.00736176272183418,0.00873377613677405,-3.19866655524774,0.447553851792695,-3.73537862973201,0.489624019729014,-0.0426909018780819,0.041585275626143,-0.0210770190717896,0.0181560830358512,-0.0167203818633521,0.00477940466915607,-2.93751967485004,0.415692932343174,-5.24362337054616,0.455958808581329,0.41768725698166,0.121273856728006,-0.0783125346557934,0.00997622786638928,0.0828225459040554,0.0418245405932919,-0.0871449334681185,0.0173091391662963,0.394016745371245,0.153260774717627,-2.73891417099586,0.434115751679367,-5.45057352656659,0.489468110030334,0.0921147280061838,0.0475905285677508,-0.0770846716478297,0.0203207265223782,2.65847934661282,0.327192809255558,-1240.19664990633,-2070.10651307883,0.400902010562825,TRUE,NA
"whalen","ROS",2,0,2276,1176,0.710144927536232,0.615964256732218,-182.860512100251,-0.66253808731975,0.610150890089755,0.241025549133411,276,0.210526315789474,0.8,0.333333333333333,0.862595419847328,0.795774647887324,0.827838827838828,0.66,0.485294117647059,0.559322033898305,0.736842105263158,0.75,0.743362831858407,0,NA,6.77681348785474,0.952414951478859,8.29763696416569,0.880641339738203,5.06005704909531,0.961794681552652,3.16715184139192,0.286444326404876,0.0142259957292543,0.00936063363084541,-2.39938377726028,0.412441847636881,-2.68724553721108,0.40411815345605,0.123560896200876,0.0520184645373342,-0.0531426686077882,0.0207057178073444,-0.0165149669503185,0.00539710543225858,-2.64394015147334,0.381392390083607,-4.69461538179516,0.361851329069343,0.268352053284009,0.126118243774245,-0.0788192427554813,0.00871666835034127,0.285989549637988,0.0568509931384522,-0.135568894861937,0.0223282723726565,0.512367423343002,0.153236598163317,-2.57172261023475,0.413498240058153,-4.82939539505408,0.402434191193516,0.318041908473678,0.0630432087500628,-0.129471726663564,0.0256529089418345,2.78801220548954,0.309656425775596,-1230.12047891989,-2058.7420271508,0.402489256693168,TRUE,NA
"whalen","ROS",2,1,2272,1171,0.763636363636364,0.697942256478842,-148.908488788274,-0.541485413775543,0.653526487541536,0.20679691284657,275,0.444444444444444,0.888888888888889,0.592592592592593,0.861111111111111,0.867132867132867,0.86411149825784,0.610169491525424,0.537313432835821,0.571428571428572,0.777777777777778,0.75,0.763636363636364,0,NA,5.15432366897116,0.719400527276922,7.67627009125844,0.735226079587869,4.5888379007535,0.840025007371315,3.38788269620874,0.265945846563001,0.0327171931165122,0.0102673371008848,-0.265413471591679,0.513614880933771,-0.60328744206362,0.438098893398133,0.0888441141636331,0.0394237545891121,-0.0351040201824891,0.0165052120850916,-0.0198113408478386,0.00464418251596563,-0.946197628664618,0.409807641580091,-3.19142726515456,0.389248525750788,0.48291941091044,0.127932337786097,-0.0793980006213153,0.00940557715952667,0.240088132741057,0.042232908905411,-0.12177890328461,0.0160771163987328,0.499907886594053,0.160914493301723,-0.898942488115768,0.450933671778434,-3.4816585737899,0.443397749857498,0.251744849588515,0.0483228239683272,-0.107248309042084,0.0198392702682305,2.21715120958544,0.27585277771331,-1233.78834539658,-2054.42679606402,0.399448864393546,TRUE,NA
"whalen","ROS",2,2,2276,1175,0.698181818181818,0.595222816399287,-177.913007283061,-0.646956390120221,0.631435914880115,0.236076411170933,275,0.285714285714286,0.666666666666667,0.4,0.87218045112782,0.816901408450704,0.843636363636364,0.538461538461538,0.417910447761194,0.470588235294118,0.608695652173913,0.736842105263158,0.666666666666667,0,NA,8.17511467292122,0.931197482339137,11.0614082509695,0.94612029697242,9.12367138623155,1.0134429079941,4.67137621957542,0.292875991988265,0.0183261719423498,0.00897715813326209,-0.52003583508786,0.754985700868689,0.300485826911504,0.700695484101148,0.143853312677147,0.048524445452302,-0.103508194673679,0.0193920349555938,-0.0161334160495507,0.00475463968573189,-2.06278932372249,0.58851619767049,-3.16555627845701,0.573927318535535,0.344602061784778,0.129582369964209,-0.0952176874743502,0.0122502032411923,0.338655207402049,0.049722336023552,-0.194475027545589,0.0190661148367589,0.25769022194675,0.139860636907922,-2.055517063647,0.626179419054201,-3.73048376203846,0.605287535880784,0.315525250776421,0.0544284528259127,-0.178829492268164,0.0217482811023807,3.09886134231198,0.414092092381429,-1139.6334239487,-2067.68936159593,0.448837216500894,TRUE,NA
"whalen","ROS",2,3,2276,1175,0.709090909090909,0.634638827386919,-169.536829681518,-0.616497562478245,0.628984364552448,0.233129207749117,275,0.294117647058824,1,0.454545454545455,0.875,0.788732394366197,0.82962962962963,0.5625,0.537313432835821,0.549618320610687,0.755102040816326,0.660714285714286,0.704761904761905,0,NA,4.00112801129502,0.561111354657454,7.3729863911558,0.670167181724187,5.28764571567182,0.738408181343875,2.96415415553134,0.215595166274833,0.0411336379966705,0.00916181618670581,-0.197529880625138,0.466869843960399,0.146938458225427,0.402952517163568,0.00140617183793648,0.0381522093642699,-0.0074442063833525,0.016051811192088,-0.0111472409443617,0.00499791073624097,-1.58205819832269,0.362708593914383,-3.30317753827793,0.356361391914137,0.370646624606159,0.125892865736618,-0.104081612865979,0.0108955642910808,0.183955660021199,0.0399867201451917,-0.101278429759527,0.0158980594624607,0.246388338584724,0.146069399169157,-1.90400026412489,0.396309680352796,-3.5136111316295,0.387699862968755,0.174295366364454,0.0471359057151296,-0.0860969131579024,0.0195423873470774,2.58736503525313,0.287596400196231,-1274.55200061964,-2076.63460790869,0.386241568080579,TRUE,NA
"whalen","ROS",2,4,2276,1175,0.752727272727273,0.682139326310843,-163.802714964627,-0.595646236235007,0.637008460897435,0.241066921714464,275,0.37037037037037,1,0.540540540540541,0.888059701492537,0.838028169014085,0.86231884057971,0.633333333333333,0.567164179104478,0.598425196850394,0.740740740740741,0.714285714285714,0.727272727272727,0,NA,5.27157462133918,0.723145106376624,7.01876063834176,0.741998961323388,4.41952652829738,0.819371031636483,2.98586817308849,0.22042691330728,0.0426627944283886,0.00962870783522343,-1.08263952920643,0.483627529758932,-0.548953031406982,0.430352450714735,-0.0394939506057907,0.040178292693054,-0.00329220229140207,0.0168435929099817,-0.0215733681509273,0.00484365421244123,-1.38166789066988,0.449332092155965,-2.61848549597622,0.439853607525386,0.457101247911614,0.12765657063673,-0.0745138401826013,0.0100537425587944,0.20618798472256,0.0429061766317085,-0.124161558284468,0.0158946703475658,0.366821698083675,0.148120612748166,-0.931261822286266,0.480900104528049,-2.91222717568331,0.479414259392183,0.235846879059528,0.0478603897096986,-0.131483484612736,0.0188893451250595,1.93162066599212,0.270939402003998,-1271.14316213363,-2057.08368988298,0.382065412124316,TRUE,NA
"whalen","ROS",3,0,2276,1176,0.655797101449275,0.588070393374741,-190.436802528066,-0.689988414956762,0.591511895094984,0.287516538178326,276,0.2,1,0.333333333333333,0.872727272727273,0.676056338028169,0.761904761904762,0.596491228070175,0.5,0.544,0.694915254237288,0.732142857142857,0.71304347826087,0,NA,4.51402328382664,0.712856253363819,7.36253168645863,0.72757746585162,5.05721935341682,0.846847492655709,2.70726356422077,0.219606627484887,0.0344985935473776,0.00997907580906859,-0.99500906902023,0.537783552920327,-0.844019147622141,0.4635575864903,0.0325910736904379,0.0409131374732727,-0.0268217164651888,0.0168443128187497,-0.0256200917389846,0.00557939455829052,-1.73324973078392,0.47073794243416,-3.12368772970481,0.447775418842952,0.174462852670016,0.124291053216447,-0.0851802021118726,0.0108427066565448,0.137153669363777,0.0437106393706365,-0.0998225031490662,0.0166872339573287,0.118368133945822,0.17581476637278,-1.58887757020193,0.509986893457553,-3.5729398154099,0.497955916883711,0.152602611904464,0.0492683322351762,-0.0914004708470373,0.0194858367955646,3.28085264028615,0.427803833299549,-1262.98016383431,-2047.28686025386,0.383095652908307,TRUE,NA
"whalen","ROS",3,1,2272,1171,0.756363636363636,0.659732720785332,-159.525929653377,-0.580094289648643,0.650769612672149,0.205327016871244,275,0.28,0.777777777777778,0.411764705882353,0.876811594202899,0.846153846153846,0.861209964412811,0.685185185185185,0.552238805970149,0.611570247933884,0.741379310344828,0.767857142857143,0.754385964912281,0,NA,9.02355354924916,1.20555367847228,10.3485503980806,1.1132972282761,7.60914745039468,1.16376961282007,3.6202080460043,0.34374819433837,0.00780300886569777,0.00919451615886272,-2.45172696572516,0.466191483263723,-2.25422320808806,0.456343445775395,-0.0352956270317966,0.0416926320069014,-0.027093391592273,0.0188311357892353,-0.0197431040190962,0.00477213031665439,-3.42439903944956,0.394076776970739,-4.65383529852426,0.374487420584095,0.536065322152781,0.123757162515874,-0.0977768505845806,0.0117946854676082,0.211030607375711,0.0411002248929063,-0.13643117384786,0.0168437848172635,0.263447413618759,0.131847392741989,-3.52994527985299,0.421751431327025,-4.74121785450753,0.408941970016052,0.249689260400156,0.0466909633825071,-0.130152102145602,0.0198454136727492,2.11166204033003,0.255425719025513,-1214.77592722603,-2066.55009620713,0.412172040031557,TRUE,NA
"whalen","ROS",3,2,2276,1175,0.72,0.641544752996073,-163.60117072805,-0.594913348102,0.635012469333637,0.238280115203005,275,0.318181818181818,0.777777777777778,0.451612903225806,0.875,0.788732394366197,0.82962962962963,0.53030303030303,0.522388059701492,0.526315789473684,0.745762711864407,0.771929824561403,0.758620689655172,0,NA,5.27218471729313,0.69323593579995,7.07384268800772,0.769510994738267,4.18285898043227,0.84585612979284,3.39185557677385,0.26331472093796,0.0254624014963886,0.00978160716039455,-0.0312787207057594,0.531676941337254,-0.462000722916923,0.473564488739738,0.0960040811277385,0.0437446615821619,-0.0441531869419793,0.0179223383731234,-0.0265126169609682,0.00515016954057292,-0.25343584270521,0.455689268175437,-2.97480915602896,0.435328398369273,0.533365143332791,0.130624009687951,-0.085156279577618,0.00926816051401862,0.314451834271266,0.0485952022221556,-0.143816429201018,0.0179126465232848,0.236358337397154,0.139021298808448,-0.125466373191779,0.488023493382134,-3.18152378933389,0.476278918823343,0.362380906268384,0.0545281501358989,-0.140153569301183,0.020773969616817,2.27529297116563,0.274508823449914,-1223.12899856248,-2061.9471830479,0.406808763765474,TRUE,NA
"whalen","ROS",3,3,2276,1175,0.709090909090909,0.618706019352655,-160.426341294407,-0.583368513797843,0.639083584317635,0.231687731644798,275,0.346153846153846,0.9,0.5,0.875912408759124,0.845070422535211,0.860215053763441,0.543478260869565,0.373134328358209,0.442477876106195,0.621212121212121,0.732142857142857,0.672131147540984,0,NA,5.72813892534939,0.736157391134828,7.90307212877131,0.781257323706568,5.55385713300453,0.840770173168757,3.50961755866024,0.260968927190772,0.0224429041946169,0.00924455270309565,-1.2011376423612,0.497965962665167,-0.86686570645391,0.446914147665792,0.126045548167881,0.0442731676545449,-0.0549335763233055,0.0179951128714781,-0.0169828973781494,0.00521334666905376,-1.84466790232739,0.430170742566378,-3.77321156737481,0.424115080222215,0.427723103752993,0.126341487783213,-0.0991248262605466,0.0106975308920654,0.303082600063262,0.0459142430368681,-0.132424582025836,0.0170907895275498,0.468101751199511,0.146354970846659,-1.54426315041775,0.450901382317568,-3.81011031675121,0.453464048130191,0.249756104161723,0.0514990018225427,-0.115918598713176,0.020623404826812,2.43631570402577,0.286744462601225,-1221.39465808453,-2071.97749061595,0.41051740976132,TRUE,NA
"whalen","ROS",3,4,2276,1175,0.76,0.666123703095911,-166.131201353573,-0.604113459467539,0.646193704627145,0.19968909608204,275,0.285714285714286,0.8,0.421052631578947,0.89051094890511,0.859154929577465,0.874551971326165,0.65,0.582089552238806,0.614173228346457,0.8,0.714285714285714,0.754716981132076,0,NA,7.46446475047005,0.79848798699991,9.44859297974206,0.800061483676985,6.90737713876552,0.897457932995581,4.27809385736889,0.243993082987746,0.021596557269973,0.0097188316272859,-0.981721786813882,0.610082900455746,-0.544451545383601,0.560093747072807,0.0845964300975694,0.0482512702558199,-0.0533404785099301,0.0175075933998321,-0.010181077734953,0.0050699272399998,-1.83659199234629,0.489227307334825,-3.13405925695707,0.484131276836456,0.381005898113034,0.124810928748879,-0.0822809258119911,0.0101655605323245,0.27670970877592,0.048320520900113,-0.144232317621883,0.0169462812387089,0.487614964273505,0.17370940572788,-1.99892042664204,0.525508022976502,-3.84792296607496,0.520988341806193,0.292210962550567,0.0546654833894032,-0.139416925017906,0.0210594374141869,2.51629498033649,0.298634608686147,-1187.04773463744,-2060.90068676037,0.424015071534858,TRUE,NA
"whalen","ROS",4,0,2276,1176,0.706521739130435,0.617590718533684,-162.548234424515,-0.588942878349693,0.624175469059183,0.317996987553049,276,0.275862068965517,0.8,0.41025641025641,0.917355371900826,0.78169014084507,0.844106463878327,0.578947368421053,0.485294117647059,0.528,0.623188405797101,0.767857142857143,0.688,0,NA,6.35458687118988,0.962609819103008,8.34926463042998,0.845760811327533,5.46395239648125,0.926692175198335,3.359481419863,0.274067377892347,0.00583718971672575,0.00777533381935661,-1.26675704430825,0.566511216698754,-1.59677631574035,0.575328924768602,0.085960924866423,0.046165379879005,-0.0391439204810305,0.0183840863333305,-0.0177244245549394,0.00499371194302091,-1.5670772247966,0.404400961782835,-3.72306947837177,0.425444522058074,0.464243655328101,0.122762186220075,-0.0822784204328182,0.0099870819929417,0.189950824936259,0.0464852732032508,-0.103918887314375,0.0173520042380062,0.445697386074276,0.141749087145316,-1.62527018749217,0.421878211947926,-4.11575611720368,0.451216124898057,0.233638274024627,0.0523138633669653,-0.103251053445086,0.0203987664633607,2.7826650889342,0.355127821881911,-1274.13620101029,-2071.41567750443,0.38489593622014,TRUE,NA
"whalen","ROS",4,1,2272,1171,0.687272727272727,0.586143209843165,-216.110520211277,-0.785856437131916,0.621322142436422,0.280144519477508,275,0.2,0.666666666666667,0.307692307692308,0.908333333333333,0.762237762237762,0.828897338403042,0.521739130434783,0.537313432835821,0.529411764705882,0.678571428571429,0.678571428571429,0.678571428571429,0,NA,30.9535862003414,NA,31.9431039186503,NA,29.1881298695757,NA,4.9858681255622,NA,-0.00351827308616287,NA,-20.8220846469332,NA,-21.2743108433775,NA,0.0168429249390063,NA,-0.076322594910097,NA,-0.0269154018369965,NA,-20.9651292537254,NA,-23.0655738677849,NA,0.480876754316079,NA,-0.0837803561018409,NA,0.211323016625461,NA,-0.168050770846562,NA,0.322211956348128,NA,-21.3427743997427,NA,-23.3289418075032,NA,0.231960006570873,NA,-0.158789728763785,NA,2.21035795045501,NA,-1164.33790524602,-2057.71117002902,0.434158728297325,FALSE,NA
"whalen","ROS",4,2,2276,1175,0.749090909090909,0.667698617920628,-176.17009346167,-0.640618521678801,0.632622873113824,0.182058714760043,275,0.310344827586207,1,0.473684210526316,0.851063829787234,0.845070422535211,0.848056537102473,0.68,0.507462686567164,0.581196581196581,0.781818181818182,0.754385964912281,0.767857142857143,0,NA,4.76263029878236,0.704854207292126,6.90170383041324,0.686888096668854,5.10146918740416,0.763182195165375,2.86045089574119,0.20993642594829,0.0291193594270786,0.0101557565130488,-1.11037866142997,0.501751138025685,-1.00051027798297,0.438799143830726,0.0276287246178679,0.0428533334109266,-0.0105129045806919,0.0178029518749148,-0.0202175633291627,0.00478027646097857,-1.94016421603694,0.37186109655813,-3.99546531794856,0.356710410862861,0.468100321533177,0.125181900800971,-0.0883078178426602,0.0100464903901548,0.203459898623459,0.0447649895348244,-0.0833329202154212,0.0183144315088528,0.0435988004336713,0.131446556177924,-1.90068649629616,0.387817132016467,-4.78414904351538,0.397324256301564,0.232001082157809,0.0495349308752066,-0.0842006958749552,0.0204842539446627,2.63156626754179,0.304808026705254,-1245.27230503905,-2074.44884623236,0.39970932168285,TRUE,NA
"whalen","ROS",4,3,2276,1175,0.683636363636364,0.607522304119703,-172.606430615432,-0.627659747692478,0.614870086415026,0.2104028228949,275,0.344827586206897,1,0.512820512820513,0.851851851851852,0.809859154929577,0.830324909747292,0.472727272727273,0.388059701492537,0.426229508196721,0.660714285714286,0.660714285714286,0.660714285714286,0,NA,5.69774812167327,0.897142828458545,8.22200284286894,0.885942989192015,5.72140130609938,0.963085017141834,3.44133399900999,0.303545915015478,0.0187266681982204,0.00996225012834829,-1.34842265489601,0.546627954759005,-0.666810460018176,0.481386314639025,0.0989512797743827,0.0425994727873885,-0.0481457438067744,0.0178223165202539,-0.020054168880073,0.00484091813845288,-1.92934622249771,0.447433952700913,-2.98653080400774,0.429290890853198,0.401694768266311,0.127234802689315,-0.0876728200963011,0.0107081687205072,0.231063713015655,0.0428018991262684,-0.138248296199141,0.0165535363423752,0.18802112842619,0.140004189588598,-1.61597528910907,0.484182240193849,-3.11801919011205,0.475641484949016,0.240935973847493,0.0489719896231597,-0.120909464947506,0.0200447799804296,2.52687176705156,0.284115772055974,-1249.7392969582,-2058.16875113827,0.392790656127183,TRUE,NA
"whalen","ROS",4,4,2276,1175,0.741818181818182,0.664189602313496,-156.852051548013,-0.570371096538229,0.643548470927484,0.235316699865027,275,0.333333333333333,0.9,0.486486486486486,0.879699248120301,0.823943661971831,0.850909090909091,0.620689655172414,0.537313432835821,0.576,0.736842105263158,0.75,0.743362831858407,0,NA,5.19433893388286,0.681131437094717,7.41153546129841,0.755685253374244,3.99093717174944,0.866273374608676,3.25882606357371,0.258072427218804,0.0224360781894732,0.00779525291171223,-0.570110460439265,0.511422602623496,-0.242953053028259,0.465355575588067,0.0378441898742969,0.0426886108850298,-0.0249366833792874,0.0168036951342063,-0.00933448737272365,0.00500765489883168,-1.2982490418998,0.490490977756863,-2.50660295737176,0.479456099061678,0.221630528509093,0.124695774602245,-0.105265405173434,0.0117198713185632,0.21330386453566,0.0420633331974121,-0.116447425827544,0.0154869961463638,0.701837888342705,0.175867794960891,-1.11652639965985,0.521434252119274,-2.75843339605803,0.508993500813085,0.216460737601786,0.0481779983992395,-0.100674192872161,0.0192758049286574,1.96409099697388,0.271574552747953,-1248.22389946416,-2068.34185567636,0.396509868018898,TRUE,NA
"whalen","ROS",5,0,2276,1176,0.713768115942029,0.634477513227513,-162.454953333911,-0.588604903383736,0.628738927249228,0.26330060629627,276,0.285714285714286,1,0.444444444444444,0.8828125,0.795774647887324,0.837037037037037,0.614035087719298,0.514705882352941,0.56,0.696428571428571,0.696428571428571,0.696428571428571,0,NA,4.06575254111197,0.589017226549267,6.32989629214869,0.626962132763456,4.51749478215697,0.734438640653711,2.87023405022529,0.196819629181119,0.0335590254819982,0.00973006299240106,-0.644530193869408,0.470016555476441,-0.0939370456227102,0.39948306944712,0.0733130411010965,0.0445207399506771,-0.0391767911252247,0.0182037244683011,-0.0194382173020819,0.00479008010239584,-1.45984661563863,0.414070652915781,-2.76254765343656,0.368703181681038,0.335263107855794,0.126895122917295,-0.065983817033094,0.00820372402214206,0.255480630465098,0.0513717651856871,-0.127986652930224,0.0201540530577334,0.264457741854159,0.156345081185419,-1.40193755607752,0.445779214386479,-3.60388104815137,0.414063121713531,0.231028941845138,0.0563904347291237,-0.117079822206901,0.0232023173227431,2.66918539999656,0.331227185303509,-1270.25782418396,-2059.25381239356,0.383146547288657,TRUE,NA
"whalen","ROS",5,1,2272,1171,0.749090909090909,0.65672152935223,-161.332530138775,-0.586663745959181,0.628680254444655,0.200630026370262,275,0.307692307692308,0.888888888888889,0.457142857142857,0.873239436619718,0.867132867132867,0.870175438596491,0.592592592592593,0.477611940298507,0.528925619834711,0.792452830188679,0.75,0.770642201834862,0,NA,5.86786972222449,0.933033230393784,8.69370045749894,0.86850308890946,5.28860226788903,0.963221444983496,3.32649021234433,0.279883085558238,0.0234393736548823,0.00985773334612754,-1.39135957538107,0.596248680788803,-0.902522819721211,0.564884309397131,0.0585797593754262,0.0405977190929162,-0.0327032318121107,0.0166178111028898,-0.0237836481322007,0.00490724885715961,-2.51648626242687,0.472044888572909,-3.93463328352312,0.462929616477416,0.301021667847976,0.125365751945793,-0.0739076837949835,0.0100925807994826,0.207646018467649,0.0422510725449004,-0.117389552670999,0.0160772666492991,0.409370799388036,0.155623657709695,-1.91653859288813,0.502219286963414,-3.79668779682836,0.501894635738493,0.263089499724233,0.0476589421811924,-0.118149037675532,0.0189331835208602,2.20229812521601,0.248352862644226,-1240.43016211865,-2055.94442449417,0.396661627940729,TRUE,NA
"whalen","ROS",5,2,2276,1175,0.752727272727273,0.672336795237559,-163.093737351902,-0.5930681358251,0.64339904286579,0.246526145463848,275,0.388888888888889,0.777777777777778,0.518518518518518,0.902255639097744,0.845070422535211,0.872727272727273,0.59375,0.567164179104478,0.580152671755725,0.7,0.736842105263158,0.717948717948718,0,NA,8.59220042472309,1.03599205275941,9.80391241791096,0.951608949773809,7.10381145542998,1.03388916425344,3.40033238777362,0.306435608997399,0.0233363737142081,0.00821799286012165,-2.66128521004876,0.425429520421823,-3.06197604435946,0.441148437754905,-0.0541694223044443,0.0387983745701872,0.00335155573743495,0.016794088911411,-0.0160727026094382,0.00529532934856557,-2.61246936101539,0.380127667760441,-4.72990605687348,0.409728748026065,0.526033053131955,0.125717486923215,-0.100657387844617,0.0107098899961043,0.151553130657153,0.0390582864403185,-0.092902803008515,0.0159226617680354,0.434790986084188,0.158336953713894,-2.83877612926207,0.406995870545216,-5.06376561489967,0.446518601474367,0.149779758901518,0.0467567465054583,-0.0755039664810361,0.0198893611058171,2.5064142111906,0.324448311284261,-1245.48950840828,-2064.06727768972,0.396584829442991,TRUE,NA
"whalen","ROS",5,3,2276,1175,0.734545454545455,0.637840573687519,-176.931651287547,-0.643387822863808,0.646097206062251,0.182133184064559,275,0.258064516129032,0.8,0.390243902439024,0.869565217391304,0.845070422535211,0.857142857142857,0.60377358490566,0.477611940298507,0.533333333333333,0.792452830188679,0.75,0.770642201834862,0,NA,8.30224474518317,0.877122460852157,10.0836083766494,0.903194463036322,7.67652971082344,0.971438714175574,4.70296583712308,0.268062562125366,0.0155558237905711,0.0110341796554611,-0.590036533375025,0.738606058413098,-0.327218709014923,0.655110575089371,0.131951746893812,0.0512054743142179,-0.0899827618951107,0.0196882462165868,-0.0149449190591095,0.00530072568527529,-2.1230037533324,0.548343496501754,-3.64406766918539,0.511295003220116,0.346082801115254,0.128048690301342,-0.0843182454222149,0.0101377866918253,0.392763761971765,0.0529485952389404,-0.189748699843516,0.0175168208496806,0.386334102988545,0.166226203398028,-2.20863432866279,0.568679213820776,-4.22763227283112,0.552189596255497,0.387015270614295,0.0574566473605372,-0.178581267143576,0.020920857769027,2.91007824289772,0.349490406382118,-1133.65341247501,-2063.12292527209,0.450515818234387,TRUE,NA
"whalen","ROS",5,4,2276,1175,0.723636363636364,0.660871469361514,-170.177957878283,-0.618828937739212,0.630647425853964,0.244974362865369,275,0.384615384615385,1,0.555555555555556,0.870229007633588,0.802816901408451,0.835164835164835,0.590163934426229,0.537313432835821,0.5625,0.684210526315789,0.696428571428571,0.690265486725664,0,NA,5.91928274961131,0.841409524783474,7.66246748303691,0.817867508704823,5.10657731711654,0.919238023155371,3.28194635837643,0.260225446340369,0.0255295284685026,0.0100487013294692,-1.31566902945187,0.541429259622672,-0.740999370791099,0.492404005117375,0.0219768036932918,0.0426458866759715,-0.0288219132044137,0.0176385785278078,-0.0253418535557092,0.00545745691197004,-1.83492639676575,0.425358700432799,-3.05617039749651,0.41325370433759,0.353532332164524,0.129520851781265,-0.0913220345289832,0.00922833513501772,0.283340617041474,0.0437348446105431,-0.152185918306556,0.0161875968485092,0.135201754700227,0.145532616977427,-1.73945103976715,0.461065996611457,-3.52504800709527,0.462636120872227,0.320697271482516,0.0499458676776169,-0.14684024276351,0.0193098486636218,2.65416997984845,0.308051315528712,-1215.13129896378,-2061.88151601338,0.410668707427369,TRUE,NA
"whalen","ROS",6,0,2276,1176,0.753623188405797,0.6913574758255,-154.603769611334,-0.560158585548311,0.653972372572823,0.179156362540915,276,0.5,0.9,0.642857142857143,0.868965517241379,0.887323943661972,0.878048780487805,0.576271186440678,0.5,0.535433070866142,0.722222222222222,0.696428571428571,0.709090909090909,0,NA,5.63351143875381,0.841587463019047,8.31239014896355,0.782354223066099,6.44417341818496,0.868239154675666,3.09754268002211,0.243422232617786,0.0381179613911906,0.00960586865185862,-1.33553154600091,0.514102875072004,-0.913701348244613,0.459468340315129,0.0130404159841257,0.0360674983026871,-0.0229318861445944,0.0155777977474995,-0.013919246321907,0.00505654969070696,-1.71170495019485,0.403269629754402,-3.53511203208603,0.398820545689362,0.401360901386835,0.126540763113177,-0.0983778750348631,0.00996978381185235,0.146494346832955,0.0396671267338721,-0.0987690256673752,0.0157272515200818,0.132572870165392,0.149838122858331,-1.72168550332208,0.426601385693342,-3.99510589583925,0.441278952862914,0.144700304139008,0.0455134600996221,-0.0873950104774685,0.0191368719603174,2.56934861216378,0.276847573856357,-1278.51879455066,-2077.39342212377,0.384556251630183,TRUE,NA
"whalen","ROS",6,1,2272,1171,0.68,0.561241418764302,-175.857320682285,-0.639481166117399,0.618740422735707,0.243260637849851,275,0.193548387096774,0.666666666666667,0.3,0.87218045112782,0.811188811188811,0.840579710144928,0.51063829787234,0.358208955223881,0.421052631578947,0.640625,0.732142857142857,0.683333333333333,0,NA,4.17936716465018,0.61397334624575,6.49086620237035,0.667311335382951,4.31447559028525,0.766318114476792,3.14828838358891,0.252465222432079,0.0331084407424492,0.00992652377286748,-0.0894044947757048,0.438595737698855,-0.479972221297862,0.390210657041112,0.102768233543281,0.0423302489401117,-0.0294005425281615,0.0163613403128421,-0.0133929556896929,0.00515919622889941,-0.796818676440431,0.365979692967721,-3.29183160373376,0.369019439420282,0.381444231768944,0.126302145590095,-0.0826665219577918,0.00985168138430383,0.28477651967451,0.0461939655476249,-0.113142408712715,0.0165438555475418,0.374167511570067,0.156180928044078,-1.1286914668758,0.403557394305281,-4.13523181835095,0.416406948765862,0.27164630498283,0.0518617963380398,-0.0916941858363671,0.0203812047746965,2.90116783332264,0.355232911057018,-1234.25131881026,-2059.99907557526,0.400848605494835,TRUE,NA
"whalen","ROS",6,2,2276,1175,0.705454545454545,0.649823405391889,-164.001732444977,-0.596369936163552,0.628698129312269,0.313770131548272,275,0.333333333333333,1,0.5,0.894736842105263,0.71830985915493,0.796875,0.540540540540541,0.597014925373134,0.567375886524823,0.716666666666667,0.754385964912281,0.735042735042735,0,NA,5.07326891459295,0.710648466515867,7.84298528246584,0.718304380026412,4.89651723007471,0.814337654522121,2.99967512359081,0.225942291440596,0.0292265077033873,0.00913730589014527,-0.886620772322685,0.590250876316704,-0.0968357096417017,0.512079764185466,-0.00719672284888769,0.038477452202361,-0.0238813620054817,0.0164649967500679,-0.0223482136536185,0.004860217830602,-1.52076481055523,0.451905939822803,-2.90973765783594,0.438292627170732,0.426256492494962,0.126786637896628,-0.0776378469768328,0.00923665341177346,0.152100172935731,0.0414659866333844,-0.11237686800386,0.0167633237713388,0.416265833500856,0.145882505872752,-1.13062194791159,0.489506875928279,-3.02903351695912,0.481245131302674,0.155050664948514,0.048576524269908,-0.0988389914969749,0.0204200941208441,2.53867126742311,0.290720860596917,-1268.45718105454,-2059.6207125339,0.384130692930358,TRUE,NA
"whalen","ROS",6,3,2276,1175,0.749090909090909,0.664456940538988,-167.471403863117,-0.608986923138608,0.621464567627088,0.237668198091701,275,0.3,0.9,0.45,0.863309352517986,0.845070422535211,0.854092526690391,0.678571428571429,0.567164179104478,0.617886178861789,0.78,0.696428571428571,0.735849056603774,0,NA,6.81763864214524,0.949946804256886,7.90065169533885,0.890854956254676,4.98653659145493,0.948977270315748,2.972301628936,0.268126933167145,0.0208388781947661,0.00909358797505722,-2.24053884344736,0.409919024575453,-2.13569843742192,0.409545430414808,-0.00362297680695932,0.0404128387205593,-0.0194438811536654,0.0167427463724829,-0.0222991583987102,0.0050759860663444,-2.16696395598648,0.358953880671554,-3.75543505668331,0.372619563572519,0.244440285993454,0.127536698794724,-0.0814270798349788,0.0110360034821694,0.188134575615949,0.040950345558686,-0.11077700620941,0.0156786000819737,0.383370115523199,0.147935566578487,-2.08141452449543,0.38592684649811,-4.10737483969229,0.405926358089348,0.213585173006418,0.0474253046086841,-0.108463240449027,0.0194655188487,2.38798147921466,0.303321820807509,-1251.10704601978,-2057.53918285985,0.391940111545862,TRUE,NA
"whalen","ROS",6,4,2276,1175,0.741818181818182,0.657114125753661,-182.692343656121,-0.664335795113167,0.628938419664307,0.259971441447743,275,0.272727272727273,0.9,0.418604651162791,0.8984375,0.809859154929577,0.851851851851852,0.655172413793103,0.567164179104478,0.608,0.75,0.75,0.75,0,NA,6.52382365758899,0.858008399552552,8.68411406013858,0.820969784472502,5.97663423220343,0.913656664113353,3.77424185016916,0.223269796211649,0.00514389601533792,0.0091253990375884,-1.22179202846901,0.622526104958324,-1.1441236970468,0.58642280564827,0.152179766387448,0.0503223801492517,-0.0679991429767984,0.0179494158682767,-0.0190701225267364,0.00500463931273726,-2.86727078781538,0.465769496612505,-4.13691701271984,0.430714067777829,0.504140362994672,0.128532358771396,-0.103970325159666,0.0112920497543705,0.356071280122287,0.0502208275139301,-0.157414972005427,0.0174718358604835,0.33671078765556,0.145793122297496,-2.77117709754685,0.484378509103139,-4.4441768089148,0.451673356287964,0.401844454780993,0.0564342263797812,-0.168538616379418,0.0205500006405146,2.37291814246586,0.282526515409879,-1206.37903511942,-2069.72815003748,0.417131648377314,TRUE,NA
"whalen","ROS",7,0,2276,1176,0.742753623188406,0.643962475013772,-165.139298768958,-0.598330792641152,0.646332388594641,0.203052473774241,276,0.266666666666667,0.8,0.4,0.889705882352941,0.852112676056338,0.870503597122302,0.641509433962264,0.5,0.56198347107438,0.736842105263158,0.75,0.743362831858407,0,NA,6.31034181255345,0.75849498558418,8.68213375714203,0.80695862513476,6.03740725593932,0.879559913873778,3.68544343929884,0.285157665045628,0.0142816832203177,0.0106737098052636,-0.339360310265299,0.601261281407188,0.116349932025902,0.55204942900377,0.0427074895064286,0.0447447176928775,-0.0483801546373772,0.0178364421364883,-0.0146989570154936,0.00510415901844656,-1.94217433641206,0.40673225359286,-3.15289275131213,0.402408176033674,0.428581799465361,0.12880608499078,-0.0946770335201646,0.0106307820198304,0.227189551805143,0.0441023488106506,-0.128190018527682,0.0170408746142423,0.346238769040945,0.135677748321883,-1.59695342810009,0.442054359221784,-3.2027150141511,0.444030815891915,0.2219300716239,0.0499956463390297,-0.11048843177289,0.020196511980451,2.72233564592983,0.305086324238328,-1205.1455261618,-2061.82940001225,0.415496972661927,TRUE,NA
"whalen","ROS",7,1,2272,1171,0.698181818181818,0.629356070164082,-175.669846318666,-0.638799441158787,0.610624701049948,0.240792753446947,275,0.321428571428571,1,0.486486486486487,0.847328244274809,0.776223776223776,0.81021897810219,0.532258064516129,0.492537313432836,0.511627906976744,0.722222222222222,0.696428571428571,0.709090909090909,0,NA,4.91032834372243,0.659796031639167,7.78916828951999,0.691285560060491,5.09641922443578,0.823141951311584,3.29075757567718,0.23017572982452,0.0347507372638353,0.00880504037743332,-1.12242295615734,0.481222818900185,-0.657405737694255,0.406161232280112,0.104315580049462,0.0391764362175953,-0.039883212689317,0.0151989879871647,-0.0168924971673055,0.00492541462534841,-1.82308366775064,0.393880154175444,-3.3837962096339,0.363543884145934,0.552700229613744,0.12202436856984,-0.087552137023459,0.00927331116527053,0.234046717289228,0.0405074522719853,-0.120457511118965,0.0149816568707278,0.428980257942145,0.166109212138408,-1.81031406814065,0.434081610445811,-3.63648978116951,0.41880584498975,0.287338995288938,0.0476974977836377,-0.136493335800613,0.0181778870976732,1.90052636316414,0.252129509699786,-1251.92455781958,-2072.13383861937,0.395828331893023,TRUE,NA
"whalen","ROS",7,2,2276,1175,0.716363636363636,0.633065650132227,-160.486055879799,-0.583585657744724,0.633809930060325,0.268274927266139,275,0.3,1,0.461538461538462,0.897637795275591,0.802816901408451,0.847583643122677,0.574074074074074,0.462686567164179,0.512396694214876,0.671875,0.754385964912281,0.710743801652892,0,NA,4.12070171881481,0.558788445419585,6.30216099961255,0.645579238586556,4.07282641072026,0.752306971915608,3.07161182488386,0.230122598133818,0.0358011672306618,0.0101407316195237,0.364023687330095,0.521685488111971,0.201720270180418,0.433477254406055,0.0587764518815201,0.0426318434473889,-0.038879030813467,0.0176917273688012,-0.0129008262456182,0.00471271243163187,-0.279327027752671,0.435465602433732,-2.27055557037397,0.380941873363274,0.266704168111077,0.125519216627142,-0.0855603153588825,0.0106222677040332,0.24180833121455,0.0462292079027256,-0.125686648420562,0.0179818742245836,0.362374683286291,0.15713913986295,-0.419614845167537,0.478160477287111,-2.68157063322591,0.431916588437765,0.236420398817816,0.0525679943824791,-0.11520138001625,0.0218719508712786,2.53950270106417,0.30188660484672,-1284.46142498059,-2060.62864385367,0.376665257560209,TRUE,NA
"whalen","ROS",7,3,2276,1175,0.723636363636364,0.650095419847328,-166.29687732834,-0.604715917557599,0.62866512096992,0.287174212203617,275,0.257142857142857,0.9,0.4,0.883333333333333,0.746478873239437,0.809160305343511,0.65625,0.626865671641791,0.641221374045802,0.75,0.75,0.75,0,NA,9.30449509410064,1.17950928797298,10.7688507253313,1.08839673428829,8.32354878156609,1.14833086216784,3.65948808785524,0.335104934134347,0.00997295955600927,0.00918788551519673,-3.05286999254503,0.486956240670164,-2.83993590198,0.480496721939977,0.00770760376105938,0.0418114464504705,-0.0422451364151899,0.0176980873395005,-0.0130549986656262,0.00474985636520481,-3.47340182707112,0.397715988573178,-4.93745829453037,0.405432394583245,0.332990189959716,0.12332783892636,-0.0790777179501732,0.0100037714655152,0.177050575496073,0.0446813144414528,-0.122765295349511,0.0173595960459195,0.420707166519103,0.150362065953557,-3.43811340608095,0.417004626204522,-5.58650387263432,0.441524125700155,0.189165266836125,0.0508145766983969,-0.118091486329438,0.0213005091632311,2.37280688629175,0.305362253662634,-1263.78735024768,-2071.95247668157,0.390050030359886,TRUE,NA
"whalen","ROS",7,4,2276,1175,0.756363636363636,0.655053539782773,-168.981407439647,-0.614477845235078,0.643599628367393,0.168504089670577,275,0.368421052631579,0.7,0.482758620689655,0.877551020408163,0.908450704225352,0.892733564013841,0.607843137254902,0.462686567164179,0.525423728813559,0.706896551724138,0.732142857142857,0.719298245614035,0,NA,6.03470924331422,0.568987601113,8.7537338371496,0.718503185662473,6.05218155926665,0.841528993045678,4.3197850295982,0.257719313370794,0.0191118224464882,0.00935202491822773,0.174002347404035,0.51217096416006,-0.179251170625694,0.453507704580754,0.227302745753975,0.0470123518336834,-0.0815239482125559,0.0187685785620153,-0.0154692328534115,0.00559841915498252,-0.591603111814382,0.472627258955101,-2.69301883933663,0.467868396319248,0.171841022290677,0.127326907091216,-0.0921998053634305,0.0112338996958472,0.320429893335863,0.0508641435404389,-0.145667760743862,0.0198375401980269,0.297667994040586,0.171556528866385,-1.01106370924721,0.50249287878036,-3.54001872390189,0.502130502343947,0.387210591098349,0.0562062538650757,-0.154734618834502,0.0227493771084305,3.98460194452528,0.485995565623291,-1158.82912822184,-2070.47341321918,0.440307168001693,TRUE,NA
"whalen","ROS",8,0,2276,1176,0.721014492753623,0.622305787404291,-168.670076677849,-0.611123466224092,0.64427126602262,0.16227152608747,276,0.25,0.7,0.368421052631579,0.855072463768116,0.830985915492958,0.842857142857143,0.596491228070175,0.5,0.544,0.754716981132076,0.714285714285714,0.733944954128441,0,NA,9.74943456955235,1.26127794919089,9.96075683284601,1.16735150450961,7.15939722431345,1.24084470672031,4.01565243180595,0.401827531128352,0.0184500311019466,0.0105202910880947,-2.75374260798099,0.423394712147072,-3.57824912712671,0.504622455971862,0.0102019288805454,0.0452920031739703,-0.01321301598805,0.0185008584812846,-0.0141981390863705,0.00494644251698549,-2.68636557905223,0.388438794363058,-5.27493219564578,0.449298392739484,0.665358763180941,0.128340717006638,-0.0847828160281577,0.0097516411481234,0.302931392242791,0.047424550040858,-0.135199452878674,0.0175982626624773,0.528737718625955,0.170155298260202,-2.55779164967303,0.416354424574468,-5.80042702932565,0.497692270961959,0.334662014740774,0.0532402063873173,-0.140469992946128,0.0211994087485175,2.30128866705835,0.283730928398261,-1167.17436148605,-2055.90585952641,0.432282195180421,TRUE,NA
"whalen","ROS",8,1,2272,1171,0.730909090909091,0.640151805077178,-174.003776797609,-0.632741006536759,0.624421934070288,0.292688572784049,275,0.222222222222222,0.888888888888889,0.355555555555556,0.896,0.783216783216783,0.835820895522388,0.679245283018868,0.537313432835821,0.6,0.737704918032787,0.803571428571429,0.769230769230769,0,NA,3.95435265336482,0.600660797800941,6.42143304551245,0.717601279643746,4.41756341713515,0.794483924838152,2.73052512737422,0.231593082945736,0.0247162018823554,0.00932201805544661,-0.689972815106043,0.502182269042093,-0.0956153789395596,0.406936758778601,0.0438835581470944,0.0384032985477081,-0.0285780419028439,0.0161903124749356,-0.0205132036621088,0.00505675069332707,-1.22230720263514,0.420104057354586,-2.54522590009245,0.409611801877045,0.263374020084946,0.128208365298246,-0.103364791269865,0.0115199929773222,0.193883633890757,0.0393776485767865,-0.10895791420738,0.0154653941268513,0.0114401237475712,0.137996664948094,-1.3503830620251,0.454757187925526,-3.28839332123073,0.446733539798544,0.2210629565981,0.0463329088264691,-0.101100136326374,0.0187121727055947,3.00067908591293,0.376608906227064,-1261.88409328731,-2059.50084136587,0.387286439538221,TRUE,NA
"whalen","ROS",8,2,2276,1175,0.745454545454545,0.667757747339175,-155.588533630516,-0.565776485929147,0.649732985223913,0.252112904738828,275,0.333333333333333,0.777777777777778,0.466666666666667,0.889763779527559,0.795774647887324,0.840148698884758,0.606060606060606,0.597014925373134,0.601503759398496,0.737704918032787,0.789473684210526,0.76271186440678,0,NA,6.53942911693158,0.851882891522493,9.06254593406451,0.816194791737958,6.06247465085243,0.882444018334565,3.67281942926401,0.211252410298192,0.0262391959811897,0.00879144610784828,-0.162953674302227,0.686137701832432,-0.257117924135616,0.651720812419335,0.0876732925636721,0.0445986864673066,-0.0750176821456351,0.0185151297883339,-0.0213980253846006,0.00541825367225752,-0.88609760582885,0.559570542374607,-3.0770397549136,0.538402170084559,0.541582307394799,0.127733461759875,-0.0866530094354905,0.0103921603008928,0.320830114057185,0.0506722694818531,-0.196824998335494,0.01966883048914,0.516770958190231,0.154075247552175,-0.642385259974611,0.58518198701483,-3.16213322828874,0.575021043532783,0.364071566871033,0.0559166234960866,-0.207412000217304,0.0225749614459309,1.87433467434992,0.282061133673309,-1244.00080081172,-2077.34130612263,0.401157240196771,TRUE,NA
"whalen","ROS",8,3,2276,1175,0.68,0.604074650650197,-188.458259304363,-0.685302761106773,0.616245296670868,0.211919478900544,275,0.294117647058824,1,0.454545454545455,0.847328244274809,0.78169014084507,0.813186813186813,0.516666666666667,0.462686567164179,0.488188976377953,0.7,0.625,0.660377358490566,0,NA,4.41706322866726,0.643319842457473,7.26607088686263,0.710894723912503,4.7931318928151,0.797700982405291,2.84364191164181,0.210291028664153,0.0458320483531209,0.00992804718985788,-1.22467098106329,0.4768179502604,-0.458236919403632,0.384219307519706,0.0248974137037421,0.0360442272076056,-0.0229758250721554,0.0150316290244424,-0.0234662701432296,0.00537257795860672,-1.84611810835939,0.41101076701918,-2.99575111396786,0.403533148306523,0.374535623724726,0.132830624909401,-0.0945585243641453,0.0101629838017765,0.191240604328686,0.039041662572482,-0.119969171509358,0.0148516417284947,0.309668803795067,0.157012853690556,-1.63514715398252,0.438527610456723,-3.2942973753134,0.440272239387294,0.143269797305283,0.0467791019043629,-0.0933218471689448,0.0190798675944652,2.89138804967477,0.35348828417799,-1217.53329919892,-2063.3584913434,0.40992643580505,TRUE,NA
"whalen","ROS",8,4,2276,1175,0.698181818181818,0.617908640396682,-167.8299661859,-0.610290786130546,0.618462447448363,0.271439743228323,275,0.277777777777778,1,0.434782608695652,0.895161290322581,0.78169014084507,0.834586466165414,0.551724137931034,0.477611940298507,0.512,0.684210526315789,0.696428571428571,0.690265486725664,0,NA,4.36843770770638,0.649954795044302,6.94687163707954,0.668438532918514,4.14556246016184,0.775277712581184,2.90576923723176,0.219724364915414,0.00844236541461323,0.00870252007558463,-0.854061321081423,0.520704741930091,-0.636699770644461,0.450516385509497,0.0973818978823907,0.0436207432700826,-0.0322919848250859,0.0177118600914796,-0.0139754061246631,0.00496314195466181,-1.518705295177,0.379818793629764,-3.31482852232962,0.360665468247366,0.241736706191719,0.122050892619253,-0.079097392838861,0.00978232092950537,0.212462283610406,0.0462812725869024,-0.106848376332167,0.0179426211565414,0.612286749087892,0.160838156651695,-1.68732902652828,0.417852961693247,-3.40855165424916,0.410262346172337,0.198034562236206,0.0519429508005884,-0.098818759784608,0.0210945860868108,2.46293377132414,0.290691999376801,-1263.221117594,-2068.73376975109,0.389374729573834,TRUE,NA
"whalen","ROS",9,0,2276,1176,0.789855072463768,0.715201682848742,-144.611337208102,-0.52395412031921,0.654763088722652,0.226686387941292,276,0.470588235294118,0.8,0.592592592592593,0.888888888888889,0.901408450704225,0.895104895104895,0.692307692307692,0.529411764705882,0.6,0.73015873015873,0.821428571428571,0.773109243697479,0,NA,7.99628748762951,1.02892177537012,10.4222916582686,0.92176347480882,8.2446468698823,0.991002220499266,4.36204997461396,0.265610563571839,0.0162713751924924,0.0103627782427496,-0.873319450138759,0.688485020155687,-0.591024414330868,0.660807054463883,0.0930025175001521,0.0458563972353701,-0.0665974268079539,0.0172031800766032,-0.0157389923662689,0.00471119049676381,-1.87279965424527,0.517055236231378,-3.22215696007753,0.505047964579585,0.380149825833042,0.123253775104091,-0.0833768345298657,0.0102150881699214,0.241514520611339,0.0458962210115409,-0.148654571885686,0.0161593621063656,0.323516386254504,0.142053869114739,-1.96168185240455,0.545436185724842,-3.38832060480568,0.532709982912009,0.261049362480207,0.0508788373191797,-0.152986377140798,0.0196972979568468,2.10835567988221,0.302749572583326,-1244.61384209892,-2077.79679909951,0.400993474126864,TRUE,NA
"whalen","ROS",9,1,2272,1171,0.741818181818182,0.652476172382129,-170.818870494368,-0.62115952907043,0.629315843962383,0.309352883087653,275,0.183673469387755,1,0.310344827586207,0.949152542372881,0.783216783216783,0.85823754789272,0.759259259259259,0.611940298507463,0.677685950413223,0.777777777777778,0.75,0.763636363636364,0,NA,4.88068229860129,0.715658884034414,6.0383543349386,0.711491068249678,3.74930231693443,0.769432949712606,2.85906789782321,0.225892256619593,0.00981089570292823,0.00878074139743994,-0.883712277359631,0.557697352536331,-0.518333264938631,0.51385520725569,0.00983470679585777,0.0418459104273365,-0.0209721577991649,0.0167203331284946,-0.0151782265989332,0.00492991375787599,-1.09994651896311,0.434522298372,-2.47285975844324,0.419603763491264,0.512887829879308,0.122066263164798,-0.0871696875541808,0.0109774363290025,0.175929658061378,0.0416742592997894,-0.0953373755550984,0.0155341269879714,0.202808220404271,0.123577151275306,-1.19904573447788,0.458320185337966,-3.09695525599248,0.443791854927969,0.21722252094925,0.0470789770428407,-0.0885748505593218,0.0185094448869437,2.29060102173996,0.276938141131691,-1283.34251633725,-2057.87898093344,0.376376099747548,TRUE,NA
"whalen","ROS",9,2,2276,1175,0.690909090909091,0.600435327792905,-177.262073910964,-0.644589359676231,0.619674844432498,0.182752557600509,275,0.259259259259259,0.777777777777778,0.388888888888889,0.854961832061069,0.788732394366197,0.82051282051282,0.508196721311475,0.462686567164179,0.484375,0.714285714285714,0.701754385964912,0.707964601769911,0,NA,8.71466436620821,1.17530338058433,10.5341242525081,1.05485964251987,7.4759090947879,1.12251935882486,3.71595072643179,0.339483455966466,0.0193400383946162,0.0111827856797774,-2.81455834599614,0.493922564153313,-2.87552335380905,0.485167393796728,0.0374602601440175,0.0473002622143793,-0.0308983748378211,0.020221267997668,-0.0205743098345605,0.00521218148416882,-3.15693091855851,0.423312200491187,-4.9308451542699,0.409905351287571,0.484310837555557,0.128930423528676,-0.0866007355748337,0.00982595976495249,0.226696156557926,0.0536813458276924,-0.136616693253242,0.0213922427154923,0.476024075203839,0.152895864410424,-2.9664779707853,0.450277205550119,-5.05445376713369,0.440937833907017,0.210841984282529,0.0589292284896572,-0.110337495042186,0.0246871988986935,2.62820396307866,0.289235422096033,-1183.03263401268,-2061.92216911352,0.426247677175276,TRUE,NA
"whalen","ROS",9,3,2276,1175,0.709090909090909,0.642159315523801,-183.766486749693,-0.668241769998884,0.625647342634638,0.198337001427161,275,0.37037037037037,1,0.540540540540541,0.840579710144927,0.816901408450704,0.828571428571429,0.542372881355932,0.477611940298507,0.507936507936508,0.725490196078431,0.660714285714286,0.691588785046729,0,NA,4.59288937646211,0.650635588807586,6.68149568513826,0.713423233044707,4.46872311006463,0.819927862515571,2.78104728257921,0.199516254265396,0.0451935959006308,0.0087861754167959,-1.70430786358544,0.487330104342802,-0.956198866954561,0.40600091809995,0.0136282856531522,0.0391341839785665,-0.00915561855104122,0.0158781434074796,-0.0196856189217003,0.00490419219571394,-2.29416018237731,0.416473753056243,-3.79207124765429,0.397769752765166,0.397150643220689,0.131588607180005,-0.0916511111341948,0.00970509569075926,0.293907826109746,0.0436343220182853,-0.132998311458831,0.015967804387575,0.175928987044837,0.151477769093239,-2.23500352989855,0.445701908727384,-4.50234632303601,0.451888157596426,0.296296766140329,0.0495736847508073,-0.119136974072549,0.0187918842586318,2.72358361216526,0.315270248271695,-1226.70786889393,-2067.05979331752,0.406544564961455,TRUE,NA
"whalen","ROS",9,4,2276,1175,0.705454545454545,0.628834548320272,-164.229763938741,-0.597199141595423,0.628814168991716,0.278443656964012,275,0.28125,0.9,0.428571428571429,0.886178861788618,0.767605633802817,0.822641509433962,0.555555555555556,0.522388059701492,0.538461538461539,0.719298245614035,0.732142857142857,0.725663716814159,0,NA,7.71857625914362,1.33066540858997,9.9503893372827,1.12337966815024,7.16940262540359,1.16377545532067,3.5041101866503,0.328034102749855,0.0132879831170128,0.00958166635581289,-1.42271517367631,0.679919722688834,-1.65580847625548,0.708997083210395,-0.00775768724562358,0.0423131640570647,-0.0276848195779715,0.0172369730700499,-0.0215666034070319,0.00500643771094226,-2.26345879822671,0.476053656271305,-4.35484549481763,0.493643470244095,0.465391654136859,0.126449306491825,-0.0991185709483913,0.00981374869913112,0.162291778104403,0.0436622798088559,-0.109061129026715,0.0167181408872272,0.324785309794137,0.130008743385926,-2.23567220990515,0.486957955047862,-4.69132138142403,0.515912051346443,0.207761368721485,0.0497868927056774,-0.116456859120859,0.0200816548939326,2.20375588422159,0.269751698955249,-1236.75977990729,-2071.25932950101,0.402894769239137,TRUE,NA
"whalen","SMOTE",0,0,2276,1176,0.746376811594203,0.656233231794734,-175.728159963099,-0.636696231750359,0.676711170837784,0.152608457662039,276,0.391304347826087,0.9,0.545454545454545,0.859060402684564,0.901408450704225,0.879725085910653,0.634146341463415,0.382352941176471,0.477064220183486,0.682539682539683,0.767857142857143,0.722689075630252,0,NA,5.04921807550871,0.882471755125725,6.74524773946322,0.898567377077185,3.44640226069078,1.00189607522905,4.05787835901285,0.331655754593282,0.0350801087223381,0.0135908726380048,3.2842766914009,0.529470286573562,1.8275556237179,0.423442869395775,-0.0246214130456208,0.0529896877639356,-0.00857965252007673,0.02090133336897,-0.0291408563020761,0.00604764023004849,2.53154623113734,0.448993256034808,-1.10674040536733,0.337439345281469,0.676666054646503,0.157933041712603,-0.0874766984107863,0.0123913387710607,0.229605882554781,0.064861777923082,-0.125947424124393,0.0231638857520675,0.47686956412625,0.173137367544717,2.47626831665365,0.525320494346044,-1.65202263554103,0.44288029527305,0.299692465881831,0.0720845364390604,-0.138182803001359,0.0266529318516452,2.5766856499644,0.465541507464602,-983.305533695878,-1881.16710299079,0.477289639962042,TRUE,NA
"whalen","SMOTE",0,1,2272,1171,0.767272727272727,0.641622210219771,-169.8502088696,-0.617637123162183,0.678871951344328,0.165270556924392,275,0.294117647058824,0.555555555555556,0.384615384615385,0.850649350649351,0.916083916083916,0.882154882154882,0.72972972972973,0.402985074626866,0.519230769230769,0.716417910447761,0.857142857142857,0.780487804878049,0,NA,5.17940706829296,1.06580131974678,6.9097390986531,1.07544564751987,4.5943802144298,1.16927982767734,4.23830241230397,0.421531358166149,0.0431102723327638,0.0121029673351784,3.08819152092578,0.598271430855337,2.45847498621416,0.494061184698015,0.108238515007151,0.062288171694905,-0.087686485539725,0.0260159436416464,-0.0177533628476529,0.00582509155513673,1.86522156228602,0.500065254317314,-0.852857374997804,0.379928366842231,0.624381432032694,0.152984344512439,-0.0988197738592249,0.0149915337822006,0.377380272307268,0.0748178227643853,-0.197541009735671,0.0284587554381998,0.403159555534043,0.184478498521997,1.5829112546017,0.553416801433398,-1.53879771878547,0.479108626136962,0.390146503018084,0.0803782063494154,-0.195536551800112,0.0311884265739964,2.44915795011362,0.500840177899819,-957.258892514894,-1880.9179858861,0.49106824449662,TRUE,NA
"whalen","SMOTE",0,2,2276,1175,0.752727272727273,0.665157482350447,-153.769793453361,-0.559162885284948,0.66428946029008,0.191548351969828,275,0.333333333333333,1,0.5,0.897058823529412,0.859154929577465,0.877697841726619,0.645833333333333,0.462686567164179,0.539130434782609,0.703125,0.789473684210526,0.743801652892562,0,NA,4.67694440642451,0.825291832422316,6.65278601689861,0.846466350117566,4.8218334075824,0.944831980537419,3.95661609043764,0.348508200768974,0.0213075346584108,0.0130494637976669,3.03968085197013,0.542483611160104,2.09078477594349,0.407534907179071,0.083765455114568,0.0540457615790026,-0.063969356423035,0.0230249555099926,-0.0293045932497664,0.006066104800699,2.09791611928989,0.449699703523002,-0.601497685280527,0.309289071757193,0.722901809847534,0.150262063047831,-0.0950605133373422,0.0121356184601771,0.277617141678684,0.0595297261453163,-0.167486806723854,0.0234805659381804,0.214689571182002,0.164988630953543,1.8937737022329,0.526910844010841,-1.41358238686594,0.429707590189832,0.27008153092447,0.0668043423613849,-0.167759387235367,0.027208129815837,2.43072708165375,0.452385975481335,-999.213413407172,-1899.93419286705,0.474079988055095,TRUE,NA
"whalen","SMOTE",0,3,2276,1175,0.789090909090909,0.705448324584922,-156.742237916223,-0.56997177424081,0.670666225834787,0.101592447894808,275,0.4,0.8,0.533333333333333,0.865771812080537,0.908450704225352,0.88659793814433,0.7,0.522388059701492,0.598290598290598,0.803571428571429,0.803571428571429,0.803571428571429,0,NA,7.2896487079323,0.867699610799934,8.78653339985577,0.90964000720568,6.16378021284996,1.01242541105232,5.09559443444627,0.405547174392921,0.0205256507543113,0.0162122643723324,4.47813307479468,0.946240997837121,1.49430192897098,0.394054377361475,0.145569266490174,0.0612026928308616,-0.0943877469396416,0.0250195100210681,-0.0219080473043405,0.00576465447614126,3.8446952004522,0.856208458879378,-1.06363068936933,0.31706999458675,0.603077975988233,0.147870513160619,-0.0816673469368407,0.0106488882463822,0.32587933997079,0.067575814903406,-0.185718978341931,0.025612490244124,0.457399154330021,0.17155595971258,3.87270218289884,0.883158061945032,-1.6260194208881,0.420452624049124,0.333533428911248,0.0730348738986603,-0.180303218268686,0.0287716471868744,2.31044198994821,0.379208035423291,-976.367540441681,-1925.72552365018,0.49298717369078,TRUE,NA
"whalen","SMOTE",0,4,2276,1175,0.770909090909091,0.698383272800646,-161.421501852827,-0.586987279464825,0.676482559077856,0.159944758208552,275,0.454545454545455,1,0.625,0.883561643835616,0.908450704225352,0.895833333333333,0.666666666666667,0.507462686567164,0.576271186440678,0.696428571428571,0.696428571428571,0.696428571428571,0,NA,2.87456039689101,0.906632420246046,4.53839807585013,0.900932069177623,2.2709800976545,1.03397385357567,3.24994864371626,0.278375946488957,0.0358794712962106,0.0141163945379501,3.00137638371169,0.582494443683481,2.20168426220711,0.473757837820838,0.0559813969239612,0.0532406584712748,-0.037534064812877,0.0197281256681001,-0.0270797094251398,0.00599824206577555,2.29126783220113,0.448355657488821,-0.398386774040103,0.322899640093355,0.479640197747096,0.15444070217146,-0.125797580556243,0.0131039031045548,0.319302494122545,0.0664748440206822,-0.154621425921461,0.0216942096715216,0.205905963925041,0.177691232115792,2.06220805265574,0.509168677637093,-0.803491180510655,0.430447033235921,0.316715144587777,0.0742036343286826,-0.153584911915057,0.0251000756501022,2.55867221730741,0.440841978708819,-1001.18962884576,-1900.48245494519,0.473191859129987,TRUE,NA
"whalen","SMOTE",1,0,2276,1176,0.771739130434783,0.679211425845247,-167.327472216557,-0.606258957306365,0.682695307693099,0.0997624591320835,276,0.4,0.8,0.533333333333333,0.874172185430464,0.929577464788732,0.901023890784983,0.660714285714286,0.544117647058823,0.596774193548387,0.73469387755102,0.642857142857143,0.685714285714286,0,NA,6.74173089022947,0.946684476228041,8.917414397114,0.964515463727389,6.23577077590028,1.07662887552203,5.08704950728248,0.401107548261766,0.0237414172479307,0.0105930061457376,2.85979055686161,0.575290752520617,1.94677869884742,0.411494347373169,0.152091913850569,0.060867818323465,-0.0881106028408246,0.024054218379161,-0.0196717149089661,0.00547687498115719,1.84979518570361,0.520156241523781,-1.08830476940803,0.321200028213131,0.592794551977316,0.161701663281212,-0.112114814731924,0.0132437171733411,0.338783701763736,0.0680152451682344,-0.182054425326429,0.0244752479264852,0.38036648279651,0.156981729401031,1.38845834222115,0.596842479635835,-2.10870256380581,0.427783929916087,0.353625459216085,0.0753188122293447,-0.170983619510655,0.0283640926602529,2.91445770605569,0.468738348766964,-950.029816283144,-1904.01385788251,0.501038391947583,TRUE,NA
"whalen","SMOTE",1,1,2272,1171,0.767272727272727,0.670438522516445,-151.357981346117,-0.550392659440425,0.685054980251742,0.165384166692836,275,0.346153846153846,1,0.514285714285714,0.854304635761589,0.902097902097902,0.877551020408163,0.727272727272727,0.358208955223881,0.48,0.753846153846154,0.875,0.809917355371901,0,NA,3.94886701892626,0.845713641091632,6.38024887229369,0.833573438854005,3.04082105062147,0.967765256066127,3.70660533015276,0.32191852592236,0.0341354593109472,0.015162266901997,3.76423508722265,0.605419788724223,2.35641384713321,0.443774510042027,0.0173515196875724,0.053681520770503,-0.0325409609337216,0.0214848271408018,-0.026195364406006,0.0057364365438495,2.83916556397103,0.541369910949631,-0.540566544954624,0.341143872447459,0.41509395129388,0.152136070330034,-0.101425416121222,0.0144769917410522,0.214812832971672,0.0634995736631419,-0.14016912851985,0.0233578533479296,0.463713062179726,0.169727350520879,2.47312556978032,0.597891666879743,-1.11926791388977,0.453793210361495,0.272427456462849,0.0726635533897521,-0.141391883089616,0.0272867775874606,2.36973694045385,0.435861719643582,-1010.56439511901,-1899.35882872214,0.467944455867299,TRUE,NA
"whalen","SMOTE",1,2,2276,1175,0.727272727272727,0.63523166023166,-164.282438527381,-0.597390685554114,0.65694673688805,0.167796762808001,275,0.347826086956522,0.888888888888889,0.5,0.848275862068966,0.866197183098592,0.857142857142857,0.568181818181818,0.373134328358209,0.45045045045045,0.698412698412698,0.771929824561403,0.733333333333333,0,NA,4.17268101312944,0.876672865643613,6.03174035276509,0.893839496686373,3.50418004859857,0.995473251852372,3.60396917532455,0.327475763156047,0.0387754266804112,0.0146347060179221,2.80065544267045,0.544494031202807,2.07792012104327,0.414482305939571,0.0461477635772623,0.0521124825735822,-0.0498983148765907,0.0221394505449193,-0.0200409578574435,0.00556729549612932,1.68123055789864,0.431697315105612,-0.638898254086285,0.31251275600353,0.485715139670896,0.151164759815287,-0.097036109061948,0.0135222390151618,0.287594720376302,0.0636244306369955,-0.165271304844997,0.0243386461098023,0.530832831408982,0.175955337838308,1.45728840905879,0.517416977451368,-1.18508700514111,0.432702126199002,0.274326352978262,0.0710638039949767,-0.160616378446425,0.0281013806163015,2.84647922061134,0.462207421765232,-969.504314054291,-1882.21359927832,0.484912703624063,TRUE,NA
"whalen","SMOTE",1,3,2276,1175,0.770909090909091,0.683347299090582,-183.982190159319,-0.669026146033886,0.662991452133006,0.16287471121491,275,0.470588235294118,0.8,0.592592592592593,0.885135135135135,0.922535211267606,0.903448275862069,0.642857142857143,0.402985074626866,0.495412844036697,0.676470588235294,0.821428571428571,0.741935483870968,0,NA,4.24950693867504,0.803010157309435,5.89811094900664,0.848537652928189,3.12214541846475,0.945515882366231,3.99525526302369,0.344035867051685,0.0378107150131783,0.0134348699195292,3.44708682000445,0.536714035842891,1.69330800830947,0.420033867371333,0.145046955108796,0.0551402892891343,-0.0714879051638233,0.0225741965899515,-0.0277658399285232,0.0058806428592873,2.44300932172024,0.440660126199614,-1.61752316033788,0.319540368352524,0.791836122303893,0.162026300004243,-0.107529363224485,0.0129961137172109,0.448477644176135,0.066370091120347,-0.194298831679754,0.0249756745062423,0.438422397474831,0.171320153812917,1.81792684158163,0.515167432485807,-2.1871928032215,0.43131081724963,0.471868311847475,0.0734064002189087,-0.197439075866712,0.0288599589029506,2.005809140767,0.402504604301727,-948.607089116106,-1882.55339735191,0.49610614474444,TRUE,NA
"whalen","SMOTE",1,4,2276,1175,0.770909090909091,0.691749968470519,-150.591376141928,-0.547605004152466,0.677417130717162,0.181833906811222,275,0.391304347826087,0.9,0.545454545454545,0.892086330935252,0.873239436619718,0.882562277580071,0.686274509803922,0.522388059701492,0.593220338983051,0.709677419354839,0.785714285714286,0.745762711864407,0,NA,5.60412105370502,1.03892091390028,7.20039873992386,0.98672535429899,4.36407277022695,1.10016104991357,3.74858554870675,0.350645399575177,0.0296865371894124,0.0126161673782229,2.91527980997001,0.576356973891525,1.45398991261965,0.413160553130728,-0.0271125086290912,0.0500701613530442,-0.0355625673716469,0.0195467601837148,-0.0198591496084502,0.00590719187807373,2.35840487235876,0.512988058747468,-0.854830386961993,0.31829208696657,0.74929198798887,0.147022586495814,-0.103995088647338,0.0147452108706502,0.16735072593912,0.0588780504630524,-0.136826225232432,0.0209517431402548,0.645352743156538,0.19156303591326,2.46986340608595,0.564915538366425,-1.51472048655662,0.435591783032897,0.156885049731917,0.0661815121721485,-0.133327941869768,0.0243439815906249,2.48424510688302,0.501106024143885,-992.624293945627,-1907.10123074396,0.479511481643581,TRUE,NA
"whalen","SMOTE",2,0,2276,1176,0.731884057971015,0.626687328369035,-173.940193870062,-0.630218093732108,0.665889991805034,0.149283981298618,276,0.32,0.8,0.457142857142857,0.831168831168831,0.901408450704225,0.864864864864865,0.657894736842105,0.367647058823529,0.471698113207547,0.694915254237288,0.732142857142857,0.71304347826087,0,NA,4.21027478374945,1.09023310570677,5.94662210560549,1.07111865217734,2.26826640540478,1.19633651399864,3.89384599268995,0.38470830728486,0.0311891429530658,0.0147963163596248,3.22824921056933,0.599025672338306,1.72476595620953,0.445509267794573,0.183214025996768,0.0678640924593271,-0.0914189776473584,0.0266856255449182,-0.0275112808297322,0.00616419576025998,2.60052660153064,0.532259107036219,-0.927691574256847,0.347671870930696,0.444657657097543,0.156991077730943,-0.100289148658865,0.0114446373675785,0.382582981057012,0.078582003341742,-0.189582015334153,0.0289114081876973,0.557951190381497,0.189880117007088,2.3142068131655,0.602866610690189,-1.5154265490916,0.47835294164696,0.42049820988131,0.0869144656317562,-0.181670845330408,0.0328770993960368,2.91887059110769,0.541915408506133,-945.945961441631,-1896.88538497336,0.501316226623299,TRUE,NA
"whalen","SMOTE",2,1,2272,1171,0.789090909090909,0.723562317312317,-150.345676676379,-0.54671155155047,0.684199829321547,0.106266104413355,275,0.533333333333333,0.888888888888889,0.666666666666667,0.863636363636364,0.93006993006993,0.895622895622896,0.66,0.492537313432836,0.564102564102564,0.767857142857143,0.767857142857143,0.767857142857143,0,NA,3.81049685084972,0.778584655620092,5.86604046699932,0.772272214961173,2.62718199060177,0.898350252106488,3.62456517765443,0.294508471860169,0.0443124602039461,0.0133520115748755,3.14631291373162,0.562614715900164,1.43958205662288,0.410296980797867,0.090526340564021,0.0485164215083926,-0.0438935401843349,0.0198983864066918,-0.0252356495048738,0.00556604716039663,2.45147600676334,0.481755419765985,-1.15463876152891,0.31589371184883,0.829099811544762,0.15952288492036,-0.0948655586798974,0.0131093947217711,0.292857209322612,0.0553837405865368,-0.156277770378778,0.0209466719486884,0.553935754462481,0.183356671568384,2.03143495740101,0.554451668045893,-1.65662063426522,0.429262911327045,0.316305487555385,0.0645764127587401,-0.145367791227243,0.0259293051704033,2.2094598291311,0.369494229104774,-983.686526816191,-1884.04392371531,0.477885566024186,TRUE,NA
"whalen","SMOTE",2,2,2276,1175,0.727272727272727,0.609918291969004,-184.744584844754,-0.671798490344562,0.660791565893449,0.216854992273559,275,0.260869565217391,0.666666666666667,0.375,0.870503597122302,0.852112676056338,0.861209964412811,0.657894736842105,0.373134328358209,0.476190476190476,0.64,0.842105263157895,0.727272727272727,0,NA,9.6017374110827,1.15295436172326,11.3832755286308,1.1973054272081,9.52664842402896,1.27636036871686,6.0589001295284,0.528173459044955,0.0051117344052745,0.0132265352869629,3.74339981015035,0.672246087042274,2.22346462719538,0.448044202061039,0.18256942481641,0.06967367670866,-0.146461036941683,0.0281797527462052,-0.0254915419527329,0.00603338142371547,2.52130554496897,0.603683516420391,-0.747058762118593,0.378267971190625,0.674741373393662,0.152680945410698,-0.105859068751242,0.0134744690443747,0.375340503986043,0.0766283039271815,-0.238461207850942,0.0291133687451735,0.370284670375289,0.169495073876923,2.34103617092462,0.655993376352748,-1.2931856474834,0.481381467242174,0.316500039466364,0.0824969201316912,-0.224396028962102,0.0317569661235089,3.05818136196428,0.658089734863509,-913.455145904034,-1902.45975261697,0.519855731692872,TRUE,NA
"whalen","SMOTE",2,3,2276,1175,0.749090909090909,0.677018337699452,-164.191258651782,-0.597059122370117,0.676360954666799,0.144911686302642,275,0.416666666666667,1,0.588235294117647,0.867132867132867,0.873239436619718,0.870175438596491,0.6,0.447761194029851,0.512820512820513,0.724137931034483,0.75,0.736842105263158,0,NA,3.485376971979,0.831725763592008,4.99655575868951,0.877079997533167,2.1283927218285,1.00254480500473,3.55123717136771,0.305306444628143,0.0477795018332232,0.0133861043653092,3.59673099213086,0.601586618425984,2.24091100894921,0.444931031067719,-0.0126763932122806,0.0494672748428344,-0.0105742407676162,0.0194821608332007,-0.0275192283454687,0.00559363745517194,3.31645343443872,0.527028331433791,-0.410173082097464,0.327203463569481,0.590260487713226,0.156548283221611,-0.100721389447161,0.0134832659730264,0.286681349873147,0.0665427022669353,-0.146296515128278,0.0239717612371619,0.331028408800197,0.170003817788781,3.4058179886021,0.582169291542477,-0.998978528612212,0.429438754214418,0.321014718895821,0.0736175570191058,-0.146130223426617,0.0268161929603193,2.46656534781509,0.428982026209025,-996.414417784359,-1910.76187961794,0.478525069809538,TRUE,NA
"whalen","SMOTE",2,4,2276,1175,0.8,0.729235062340168,-155.059222513758,-0.563851718231847,0.684760997782629,0.138042569739264,275,0.434782608695652,1,0.606060606060606,0.889655172413793,0.908450704225352,0.898954703832753,0.745098039215686,0.567164179104478,0.64406779661017,0.767857142857143,0.767857142857143,0.767857142857143,0,NA,4.18252236754983,0.803186854240242,5.94202607681207,0.840879013372619,3.1250103406622,0.983396909134781,3.42780884857992,0.302784110171172,0.0473391985842702,0.0138315908197719,3.0364589541174,0.596756733598564,1.88696922345259,0.401010479148065,-0.0510413113485037,0.0495735623622917,-0.0114996583327991,0.0195272569555478,-0.0259915849548995,0.00579534492552594,2.33626125435142,0.510626300541342,-0.829975603679736,0.306235830432961,0.543097860590432,0.15286227566523,-0.101146417278846,0.0126762043311102,0.218357355136622,0.0607432524419658,-0.132827980068823,0.0215955159300989,0.518744666248518,0.192491192953343,2.38365969931615,0.559590441347343,-1.52384533353545,0.448449887316491,0.231509866027666,0.0670996111731907,-0.143915748324028,0.02521182858198,2.10578249599354,0.42268717673696,-1005.16012820981,-1894.79448053068,0.469514958726134,TRUE,NA
"whalen","SMOTE",3,0,2276,1176,0.742753623188406,0.660714811450106,-179.084568300565,-0.648857131523787,0.64248932198402,0.208799977796148,276,0.37037037037037,1,0.540540540540541,0.849315068493151,0.873239436619718,0.861111111111111,0.7,0.411764705882353,0.518518518518518,0.682539682539683,0.767857142857143,0.722689075630252,0,NA,3.94778186676094,0.779740066312048,6.36825952538576,0.779822301984896,3.25549821472233,0.903213885414719,3.49958203470764,0.279053708813496,0.0439304129259187,0.0132388567712908,3.94446369245861,0.708127073621632,1.9948241108035,0.448514915996884,-0.000342844563468362,0.0481772279845053,-0.036338989712804,0.0200042824374641,-0.026245955660778,0.00574842855103571,3.11577954790946,0.612378936570553,-0.689873898146821,0.299698861509025,0.538193282378951,0.15700794008261,-0.0997006187844035,0.0147435648395958,0.186469728085105,0.0578047863667888,-0.14177407337934,0.0222534186537562,0.394604761950834,0.173809548257435,3.14414903726665,0.651261126060294,-1.40895850707863,0.419623749108175,0.217655348432134,0.0641920226745768,-0.130837838647177,0.0251650442477316,3.2073000708421,0.617733462402503,-1009.13732096063,-1887.37832554907,0.465323243729074,TRUE,NA
"whalen","SMOTE",3,1,2272,1171,0.774545454545455,0.681987394082663,-160.643671983686,-0.584158807213403,0.684617596373505,0.135274077319254,275,0.363636363636364,0.888888888888889,0.516129032258064,0.878378378378378,0.909090909090909,0.893470790378007,0.693877551020408,0.507462686567164,0.586206896551724,0.732142857142857,0.732142857142857,0.732142857142857,0,NA,6.78891204488024,1.30665559329025,8.40870722807927,1.22793587983008,5.96445580775816,1.316072606791,4.61272725064397,0.461839084916834,0.0173298376279475,0.0135057905299684,2.94135854216318,0.570627798102145,1.95786644061603,0.459434306914042,0.0856549907939417,0.0595891837775388,-0.0856601167931652,0.0263460496420821,-0.0265751196611934,0.00538247127372863,1.814527394705,0.501033514728285,-0.733341743786429,0.325942903795264,0.571769311052582,0.149872642097135,-0.0921497840187193,0.0124820422296008,0.305062604589723,0.0680096046474983,-0.194747881350343,0.027321188676384,0.208435144443796,0.154457420291362,1.57966041234231,0.555898182202027,-1.40207016425383,0.4395943834401,0.351262291413006,0.0737592121886911,-0.197697062805705,0.0300802488587115,2.28510987155101,0.400200087172009,-986.92994479725,-1907.86004495904,0.482703174478168,TRUE,NA
"whalen","SMOTE",3,2,2276,1175,0.727272727272727,0.643228858454747,-161.633197558705,-0.587757082031656,0.672215064228765,0.127841245399564,275,0.388888888888889,0.777777777777778,0.518518518518518,0.851063829787234,0.845070422535211,0.848056537102473,0.530612244897959,0.388059701492537,0.448275862068966,0.701492537313433,0.824561403508772,0.758064516129032,0,NA,5.32584485297429,0.842134281019598,6.77175473313686,0.870172210481147,4.0963570227246,0.987235617501528,4.44092022531266,0.374854537108736,0.0326460980816347,0.0141007078504557,3.50742024222226,0.555766791341124,1.43476756212156,0.403380528954938,0.135211335389872,0.0614635630541454,-0.0615688776333439,0.0240839252993364,-0.0239131942380145,0.00552110258673647,2.85314100565585,0.452783756747269,-1.63734707449348,0.313119827265391,0.799086929442791,0.156510183938799,-0.0850763517567089,0.0118986705016634,0.400378190346079,0.071638137241146,-0.174791758902935,0.0254250306541473,0.516506196547953,0.163184489708333,2.62841253316696,0.517821989940472,-2.19103803528891,0.407106000780585,0.425662738629329,0.0785653813987586,-0.179371742895393,0.0284046393831123,2.22429739195459,0.409914674820087,-984.025061692064,-1911.28721589408,0.485150607659064,TRUE,NA
"whalen","SMOTE",3,3,2276,1175,0.745454545454545,0.650757595336169,-159.769278476187,-0.58097919445886,0.661712601090391,0.187400374019591,275,0.375,0.9,0.529411764705882,0.875862068965517,0.894366197183099,0.885017421602787,0.625,0.373134328358209,0.467289719626168,0.666666666666667,0.785714285714286,0.721311475409836,0,NA,3.78102300483822,0.773545344697669,5.2347682608919,0.789394486936686,2.82913140077212,0.899689364219046,3.6520559012385,0.338830351536371,0.0226116254549113,0.0123499765955866,2.91742781664251,0.536866696691764,2.09559059749296,0.397341451633728,0.1365246219768,0.0537629619007989,-0.0764281278564835,0.0219013750900974,-0.0226481340168083,0.00578764631294857,2.51027805539612,0.467530752511677,-0.265829985126692,0.316695731828717,0.555625966976152,0.144660331100102,-0.0973803665600111,0.0137931969533419,0.311722384837811,0.0628017435093257,-0.159950512590073,0.022939680125258,0.626939356523761,0.178296033568364,2.79806054295713,0.521681526495009,-0.571326436982412,0.444699100423294,0.270232652789741,0.0693966638663444,-0.16102903219889,0.0262732136305732,2.12144917919255,0.407373442793904,-1024.59764805767,-1905.89838645301,0.462406991190905,TRUE,NA
"whalen","SMOTE",3,4,2276,1175,0.792727272727273,0.719488334219496,-160.105326920094,-0.582201188800343,0.690716375959501,0.087415990385628,275,0.470588235294118,0.8,0.592592592592593,0.86,0.908450704225352,0.883561643835616,0.729166666666667,0.522388059701492,0.608695652173913,0.766666666666667,0.821428571428571,0.793103448275862,0,NA,9.16177094872955,1.04455777367022,10.8792876358549,1.0862224023406,7.54350936818795,1.18464319045734,5.32569536872356,0.425262171240876,0.0229558533044261,0.013865283968333,2.91551024156388,0.574324161022924,1.92329263700725,0.397326422350884,-0.036716755846919,0.0624738206279485,-0.0590035267009851,0.0234549374348664,-0.020847494219472,0.00560971729714193,1.86720937442758,0.482667941681098,-0.927882858258898,0.31138935323682,0.459275535906184,0.15423892266921,-0.0969704340313258,0.0113013398179561,0.208079048918368,0.0685103010720756,-0.170374835470201,0.0240322812370161,0.656370389395466,0.186187991150544,1.34721856326179,0.576269235633468,-1.80137421541367,0.441724331467762,0.266407908551878,0.0753262549784443,-0.184058904256459,0.0280097623496846,2.50444136318215,0.492468880890549,-948.781400849858,-1895.23851060655,0.499386807760563,TRUE,NA
"whalen","SMOTE",4,0,2276,1176,0.797101449275362,0.715323351544701,-147.199339112014,-0.533330938811646,0.682320608945946,0.187217591432419,276,0.5,0.8,0.615384615384615,0.910958904109589,0.936619718309859,0.923611111111111,0.739130434782609,0.5,0.596491228070175,0.661764705882353,0.803571428571429,0.725806451612903,0,NA,5.04989056457951,0.874039759378,7.03598580246638,0.86485134829135,3.69480435675829,1.00556060229736,4.09492831211488,0.361117376333189,0.025386015879512,0.012518958677005,3.00580565610108,0.508750784531905,1.62311979618574,0.377769625996801,0.0988698111396257,0.0569883264787324,-0.060934967559248,0.022917092408107,-0.0291576153542795,0.00641051630920993,2.15710390519458,0.455808027994338,-1.16896850357241,0.286771937890381,0.625779353987774,0.151214486684271,-0.0954701204888077,0.0126301292781549,0.282464179372271,0.0653870581396323,-0.153452783933673,0.0238029134337995,0.500008203150961,0.182957416681454,2.18897898886905,0.520732002222053,-1.692061289837,0.435157181689618,0.366631639165161,0.0739230315983946,-0.177559515422811,0.027783596618675,2.6269529596683,0.483684111110439,-976.823537518237,-1881.67680010118,0.480876026390019,TRUE,NA
"whalen","SMOTE",4,1,2272,1171,0.734545454545455,0.632929272690844,-172.442099680027,-0.627062180654645,0.665836529335283,0.180691961270461,275,0.318181818181818,0.777777777777778,0.451612903225806,0.905109489051095,0.867132867132867,0.885714285714286,0.56140350877193,0.477611940298507,0.516129032258064,0.661016949152542,0.696428571428571,0.678260869565217,0,NA,8.2755889716769,1.11973977640839,10.3160723148204,1.10766989516599,7.05842129543974,1.20004164747601,5.14421332523279,0.386251434853415,0.0252753530091952,0.014586567568442,2.74028343537488,0.563661230474444,1.5838898367903,0.412503527950084,0.0674860338159192,0.0625593338958599,-0.0915149964099498,0.0247003738376552,-0.0363347642083396,0.00613489698612711,1.70407131678946,0.50025820836277,-1.47356745582228,0.28941025337076,0.695536709886809,0.16080749428024,-0.104590421111995,0.0137502583464799,0.30332646747653,0.0723700983433883,-0.201383350206478,0.025543493460176,0.389971736825549,0.179555368568026,1.34569454369626,0.591121579699389,-1.90881859416332,0.426696873402593,0.333188771692171,0.0797282390446889,-0.195424902017129,0.0295245437096653,2.48984818172488,0.489205184793032,-929.38099328229,-1902.90378269284,0.511598536018935,TRUE,NA
"whalen","SMOTE",4,2,2276,1175,0.774545454545455,0.713526114516214,-171.975194791671,-0.625364344696986,0.676379724975604,0.105688036109346,275,0.5,1,0.666666666666667,0.813664596273292,0.922535211267606,0.864686468646865,0.707317073170732,0.432835820895522,0.537037037037037,0.8,0.771929824561403,0.785714285714286,0,NA,4.39221525841128,0.814592994460036,5.89252112580958,0.877866387075747,3.84867459322542,0.977309056317752,3.53047185189681,0.287297446280101,0.0437008880247502,0.0135924386262582,3.47346526714551,0.677213468447123,1.65321053069346,0.4115911403684,-0.0165523750008713,0.0489994854013356,-0.0195565182758045,0.0202074785511925,-0.0331088948030042,0.00580674859357559,2.91381701737565,0.619183861003224,-1.29183679605542,0.323247193784307,0.471966764436549,0.154494612783151,-0.10280111249346,0.0127794057905768,0.241483721704192,0.0641265620352842,-0.122600049254247,0.0240062580388178,-0.017551838741051,0.16090077048377,2.63223505123427,0.662770696881079,-2.21928046694841,0.429689074736868,0.298111426809534,0.0713667839266521,-0.139500693380948,0.0269776333433598,2.88668393777195,0.49368058877593,-989.888048644126,-1904.75912106421,0.480308014962509,TRUE,NA
"whalen","SMOTE",4,3,2276,1175,0.723636363636364,0.63292011858462,-176.208513059741,-0.64075822930815,0.65233566927727,0.163502958563366,275,0.344827586206897,1,0.512820512820513,0.854166666666667,0.866197183098592,0.86013986013986,0.575,0.343283582089552,0.429906542056075,0.693548387096774,0.767857142857143,0.728813559322034,0,NA,3.31543563940208,0.870741341953055,6.01881240593546,0.861825590218688,3.95631304216094,0.939384809074446,3.54709495080367,0.306554467521994,0.0496525076010744,0.014068192498222,2.91265892275113,0.518221844927463,2.0776525783943,0.419322759390329,0.0785811067851614,0.0469107133660527,-0.0482080702283387,0.0190909851718819,-0.0320799213461455,0.0057792068518796,1.74273576466694,0.435621776481158,-1.08458291342,0.31113483886705,0.597064498815841,0.161180581395209,-0.12216983647133,0.0146759604368867,0.326455884888176,0.05763806267939,-0.174609374910448,0.022201407697526,0.0689524075419686,0.155827088467062,1.56632207188001,0.500510706633465,-1.83848485475547,0.423949433440903,0.331742945515277,0.06458911342076,-0.170812527663774,0.0260625007842499,2.11147989370677,0.409927954890276,-981.528524220875,-1892.04899387519,0.481235143805362,TRUE,NA
"whalen","SMOTE",4,4,2276,1175,0.785454545454545,0.705173496301926,-155.395437749574,-0.565074319089359,0.683993727691344,0.135493600671484,275,0.375,0.9,0.529411764705882,0.875,0.887323943661972,0.881118881118881,0.73469387755102,0.537313432835821,0.620689655172414,0.775862068965517,0.803571428571429,0.789473684210526,0,NA,4.5566735914388,0.923837467262114,6.26647238565713,0.921879461798607,3.18277538898655,1.04850147608415,3.88694977161118,0.362713862313774,0.0247472873415948,0.0119871871006135,3.6062485774609,0.566266680389891,2.39538745067062,0.457395110984573,0.021008557365679,0.0540613443007317,-0.0367038720777834,0.0214788119021104,-0.0204255957465449,0.00589612651578826,2.72646128945187,0.490216061521702,-0.192502743651167,0.334374979377494,0.585839271909013,0.156630824376789,-0.107992771389703,0.0125141709173323,0.252861021054948,0.0640923167791514,-0.150580016632622,0.0227540561426879,0.592209614565441,0.19422268156289,2.67061588074007,0.561442895234305,-0.801964861399635,0.443027488787085,0.252463369511396,0.0709118035851748,-0.143502980060867,0.0260663167715737,2.26881624382244,0.43492735734866,-979.093278555267,-1904.78622313097,0.485982591292636,TRUE,NA
"whalen","SMOTE",5,0,2276,1176,0.793478260869565,0.726696414500215,-155.098906963065,-0.561952561460379,0.676312176499375,0.159665091002008,276,0.5625,0.9,0.692307692307692,0.886666666666667,0.936619718309859,0.910958904109589,0.714285714285714,0.441176470588235,0.545454545454546,0.691176470588235,0.839285714285714,0.758064516129032,0,NA,3.69445995652904,0.814473592177366,5.7224400230181,0.822225026247314,3.35134649130764,0.939643021467952,3.61114496832042,0.313203235367214,0.0319632022750658,0.012785404084805,3.44036497234977,0.565017079747056,2.34057625076677,0.410760390606522,0.109600921739539,0.0589351624324207,-0.0713314814651142,0.0230658416734042,-0.0246668473513724,0.00556143578822546,2.34885183086853,0.50683118389935,-0.688336051138346,0.322138979800152,0.645759856228111,0.153028946761168,-0.104036102927417,0.0143076754204069,0.326885704517876,0.0715296174700009,-0.171349313368221,0.0263435473665786,0.573771887557041,0.182645188544348,2.42141271586885,0.564122017028715,-1.20918639777931,0.434730541923817,0.285532852110128,0.0784264415464373,-0.1701200428648,0.029999638927142,2.60237115721562,0.469227265839315,-966.740460201084,-1878.70929840776,0.485423071562793,TRUE,NA
"whalen","SMOTE",5,1,2272,1171,0.727272727272727,0.632649462225199,-163.314485449008,-0.593870856178211,0.660690476297666,0.133596520001843,275,0.363636363636364,0.888888888888889,0.516129032258064,0.830065359477124,0.888111888111888,0.858108108108108,0.560975609756098,0.343283582089552,0.425925925925926,0.711864406779661,0.75,0.730434782608696,0,NA,3.80427481806062,0.797672300677179,6.08140229957429,0.81924102971435,2.9734391488444,0.966024574801445,3.72055141234197,0.316967720993784,0.0403274044311915,0.0148597897968651,3.16875351056562,0.583529186277651,2.26955291121262,0.446104062439666,0.0573795597178635,0.0523155562880022,-0.0420319649257134,0.0209100479203195,-0.0292139883890453,0.00583167540722001,2.347488842577,0.45895311677589,-0.546214386479475,0.320039055587824,0.808270756245884,0.150586906072887,-0.09181683312272,0.0130317572028646,0.219509168544815,0.0621587019635667,-0.135964522551108,0.0233486914590517,0.363066925177753,0.170009703618998,2.49499442726442,0.521022803326681,-0.806872308167579,0.422520273940778,0.304849265500935,0.0701541091554237,-0.1562262731869,0.0262057063087636,2.3923293643842,0.425307628901402,-993.538317394826,-1910.97243175487,0.480087571706909,TRUE,NA
"whalen","SMOTE",5,2,2276,1175,0.781818181818182,0.696101284336578,-160.03529219622,-0.581946517077164,0.686998538332217,0.15281586150173,275,0.421052631578947,0.888888888888889,0.571428571428571,0.902777777777778,0.915492957746479,0.909090909090909,0.68,0.507462686567164,0.581196581196581,0.693548387096774,0.754385964912281,0.722689075630252,0,NA,4.97974101831831,0.973365013764863,7.553083768055,0.910965735592161,4.8517940607669,1.02175238378486,3.740120814178,0.314654705598659,0.0447722113963328,0.0124033457124069,2.74616853251953,0.495483524530917,1.29704679184133,0.404244738832451,0.00138073496776444,0.0457933400708807,-0.0269507552694579,0.0185551241827275,-0.02590943219687,0.00559907804235082,1.83841432714332,0.416627906786949,-1.82112413056125,0.29834557067817,0.649205087759804,0.165100775825283,-0.122615747803414,0.0154329997047029,0.2224206204809,0.0545522842720652,-0.139205815761768,0.0208497688807437,0.324580065185658,0.170553908306979,1.53300123811994,0.477487356970712,-2.33041688790894,0.407189421733198,0.226064815913736,0.0631250865145417,-0.126285436195828,0.0247493655089204,2.43488955863174,0.455641521683477,-975.307282266591,-1888.3341408677,0.483509162304067,TRUE,NA
"whalen","SMOTE",5,3,2276,1175,0.741818181818182,0.638131074370502,-173.883554966459,-0.63230383624167,0.680577620302643,0.15068765447988,275,0.296296296296296,0.8,0.432432432432432,0.844594594594595,0.880281690140845,0.862068965517241,0.641025641025641,0.373134328358209,0.471698113207547,0.754098360655738,0.821428571428571,0.786324786324786,0,NA,8.19974846016598,0.936717484825361,9.13513810994387,1.02461036408794,6.57551611074308,1.11089758964824,5.57513250191563,0.453998466147042,0.0231052460081469,0.0149378535607181,2.91916568197264,0.658106932676238,1.6314224030087,0.396922376148047,0.156961946807924,0.0738166065059233,-0.104860526106132,0.0280601020634913,-0.0321127332362296,0.00658955333615133,2.17111741596711,0.578102350279302,-1.09375314326718,0.327953282876103,0.556370107289002,0.149868147556184,-0.0975089998940003,0.0133725765593442,0.453371444197869,0.0833984761684327,-0.224625371897067,0.0278944317813597,0.24812603006538,0.184138759562744,1.94566608066496,0.639074706868003,-1.8795006948349,0.45009444388522,0.491845203346552,0.0887201154001334,-0.232867597437472,0.0307631422996536,2.74899311770745,0.532435990641265,-928.932890214999,-1913.01122019641,0.514413255704991,TRUE,NA
"whalen","SMOTE",5,4,2276,1175,0.749090909090909,0.686841195672199,-172.998725674368,-0.62908627517952,0.666368444831032,0.146309822434227,275,0.476190476190476,1,0.645161290322581,0.867132867132867,0.873239436619718,0.870175438596491,0.627450980392157,0.477611940298507,0.542372881355932,0.666666666666667,0.714285714285714,0.689655172413793,0,NA,2.83963389217804,0.746189840982084,4.88734253039142,0.776178369883007,1.71457238355943,0.901087018455217,3.20548938626693,0.260904692907698,0.0473800673607997,0.0113630955457996,3.07806125020858,0.550742334327968,2.1768660962989,0.431343652008163,0.0478694924842962,0.0490101409289026,-0.0414714562333698,0.0194736525004015,-0.0307491531515062,0.00604081966143915,2.2413724730854,0.499172413858618,-0.761287608862316,0.321587213594781,0.663922026638502,0.164536224527047,-0.124955825332277,0.0132076012921913,0.346925478362392,0.0652732364116112,-0.180722409462726,0.0239407945784626,0.256231829226766,0.15667777683204,1.9579933763302,0.592425317520161,-1.2983709101107,0.430509895271323,0.348933558048769,0.0731612197689832,-0.148512992826802,0.0280251824489482,2.46846090787125,0.392487525876213,-975.609078974584,-1896.36422496197,0.485537078725397,TRUE,NA
"whalen","SMOTE",6,0,2276,1176,0.757246376811594,0.691808622715669,-146.692135608033,-0.53149324495664,0.703420123310397,0.0980821916261951,276,0.6,0.9,0.72,0.87012987012987,0.943661971830986,0.905405405405405,0.553191489361702,0.382352941176471,0.452173913043478,0.666666666666667,0.714285714285714,0.689655172413793,0,NA,6.98331194440991,0.975261476239467,9.31803919602149,0.990011203481952,6.63935810768631,1.08900486035744,4.57855760318659,0.389395516381939,0.033076319828014,0.013116377650655,2.96440397713375,0.636304215598978,1.65709712122313,0.392606758745074,0.0276011446729086,0.053344431305658,-0.0589141810687214,0.0217754818782621,-0.0275520987366406,0.00628837091201105,2.27790364603997,0.568094242176034,-1.30746136997221,0.315357716711762,0.5902793067519,0.154470583123398,-0.127842907882393,0.0160695230977137,0.224812393911375,0.0631708767530839,-0.160813651914605,0.023607647723191,0.291155094243016,0.181051528364955,2.13334909780943,0.617706420942432,-2.1227751106419,0.427477697320219,0.244381787651343,0.0699767035121349,-0.157342236053041,0.027265142524391,2.31697533671834,0.443663640010844,-943.797149737919,-1878.7728773099,0.497652344710616,TRUE,NA
"whalen","SMOTE",6,1,2272,1171,0.716363636363636,0.592614360202222,-173.270294611902,-0.630073798588736,0.656496280087584,0.171081816062201,275,0.24,0.666666666666667,0.352941176470588,0.862068965517241,0.874125874125874,0.868055555555555,0.581395348837209,0.373134328358209,0.454545454545455,0.661290322580645,0.732142857142857,0.694915254237288,0,NA,6.12728156993369,0.847001226185498,7.92012668498737,0.88260646894691,5.81873230828149,0.986009792655096,4.56371554792389,0.366823324547826,0.0307328289565748,0.0128700394160592,3.80081617190143,0.634842784663116,1.01646778560049,0.378059107816795,0.125735557629201,0.058158261972708,-0.0668728469723377,0.0226068537714934,-0.0270908049590313,0.00573844535403958,2.93950259017851,0.587380877704524,-1.77506582247436,0.340003066045486,0.482589714647033,0.156741688035472,-0.109969377597474,0.0143473682193003,0.340803871689558,0.0696541238856503,-0.163188436828892,0.0244410957321315,0.144578768107697,0.16787518975626,2.61472513477674,0.63701195819944,-2.57157829167126,0.445996696624205,0.318388616048635,0.0767477667703801,-0.141072124794716,0.0281927224571751,2.98346434651532,0.530294960203857,-959.960449358003,-1898.66568154158,0.494402590887627,TRUE,NA
"whalen","SMOTE",6,2,2276,1175,0.752727272727273,0.681349350806941,-152.84201406425,-0.555789142051817,0.671064714272454,0.208889240418866,275,0.333333333333333,1,0.5,0.896825396825397,0.795774647887324,0.843283582089552,0.642857142857143,0.537313432835821,0.585365853658537,0.742424242424242,0.859649122807018,0.796747967479675,0,NA,3.4583091722506,0.836149160946842,5.58435400116888,0.829039762374615,3.18908919869953,0.93137204945465,3.44410028344757,0.305416439331072,0.0378184055038397,0.0126478915809063,3.36501285105962,0.625320760678184,2.28572714908759,0.491954124284656,-0.0123591282272909,0.0510551243054559,-0.0191801394543434,0.0206779406325958,-0.0274736094279751,0.00565826164033763,2.72015581077714,0.480293540222158,-0.755564957734744,0.312884887417093,0.67648338570785,0.153072179120593,-0.0886622810490017,0.0121332699463859,0.219371123982655,0.064519283298906,-0.133273356538868,0.024372460680098,0.345506597592861,0.16633188988984,2.4419547915466,0.540532035445183,-1.15718671770324,0.415307343609677,0.226663952637908,0.0703548733865429,-0.128017700543669,0.0276631369228571,2.39406611160803,0.436429086800509,-1007.55633675356,-1875.25502540596,0.462709699159217,TRUE,NA
"whalen","SMOTE",6,3,2276,1175,0.770909090909091,0.693590016258434,-168.833715020413,-0.61394078189241,0.656308976642583,0.151009777503747,275,0.416666666666667,1,0.588235294117647,0.848684210526316,0.908450704225352,0.877551020408163,0.75,0.447761194029851,0.560747663551402,0.728813559322034,0.767857142857143,0.747826086956522,0,NA,3.07359710572509,0.896816569102831,4.7920187511354,0.875133079272392,1.49061400471029,0.971467200020446,3.31089212350387,0.302921463119657,0.0288911007768216,0.0125257140994305,3.21132927579737,0.538592558396656,2.36167964814898,0.451597326924928,0.108230479703288,0.0549943066792414,-0.0684074425624791,0.0224720721444949,-0.030352709924686,0.00592792721745724,2.2804985144238,0.472149411178726,-0.178366118400885,0.337766213106939,0.627480019235868,0.153467737530076,-0.0997576885164477,0.0135872030779156,0.333359221451842,0.0641693138749454,-0.178896349794234,0.0238201104550862,0.556945723862518,0.172748950613898,2.05319046419221,0.556611260826168,-0.698083157343317,0.435225205805465,0.350580898584102,0.0705239186603045,-0.174760635210965,0.02734079334947,2.22728774251128,0.398396300180079,-1004.23668448085,-1910.12293657089,0.474255470549091,TRUE,NA
"whalen","SMOTE",6,4,2276,1175,0.781818181818182,0.695367405248372,-176.959039994037,-0.643487418160135,0.681166828455077,0.156680555937651,275,0.346153846153846,0.9,0.5,0.887323943661972,0.887323943661972,0.887323943661972,0.72,0.537313432835821,0.615384615384615,0.771929824561403,0.785714285714286,0.778761061946903,0,NA,7.06155318766234,0.901556276695596,8.68531791249474,0.969323089808599,6.60491923982954,1.06727720507052,4.95843117220589,0.357998311757844,0.0255878896978564,0.0142886285557018,3.06145610254383,0.56134071823195,1.77761669239084,0.392829311403043,0.0825613989972212,0.0626564683506171,-0.0762976899997956,0.0235125783380733,-0.0284169344982199,0.00574467115170352,1.98919749874772,0.493706201856832,-1.05299020613152,0.29805702018298,0.69734968462138,0.157013419512476,-0.105533970460449,0.0136332368823231,0.33334197660961,0.0699418999542022,-0.191361336179315,0.0244996531274917,0.219393350227624,0.169558539278804,1.59770138903981,0.565962277065631,-1.70114406871289,0.425312002282479,0.331241253132235,0.0766803858446557,-0.189419397313074,0.0274997764568648,2.5230828384057,0.47603781657001,-947.23960478695,-1899.82996086477,0.501408218472466,TRUE,NA
"whalen","SMOTE",7,0,2276,1176,0.77536231884058,0.701978864047829,-160.677530905582,-0.582164967049209,0.686287791214051,0.157661212290246,276,0.444444444444444,0.8,0.571428571428571,0.851351351351351,0.887323943661972,0.868965517241379,0.693877551020408,0.5,0.581196581196581,0.754098360655738,0.821428571428571,0.786324786324786,0,NA,4.86330187387946,0.937008084475802,6.70762350165447,0.959141746072963,3.95345464281694,1.04690071119949,3.67630981558177,0.348636826864449,0.0309949855974751,0.013099588515858,2.81786452023987,0.525862919913057,2.34912383806393,0.403179874189366,0.0110214123386487,0.0534360883762172,-0.0550504774359661,0.0217995559337375,-0.023907276630919,0.00554970715230751,1.66551350135896,0.443529180679896,-0.799919712812656,0.321155681183158,0.633266688706373,0.155544187460409,-0.11474253660254,0.0148357131551423,0.274793707198092,0.0601647606274224,-0.168991843495948,0.0228323265874719,0.40780278206123,0.154771719135599,1.23813657916111,0.508503523364562,-1.08013002736818,0.435205637405185,0.254241761816703,0.0684402530349506,-0.147175887030375,0.0268834014055227,2.85124711802136,0.46372002591461,-969.80975133297,-1878.99489234784,0.483867808644665,TRUE,NA
"whalen","SMOTE",7,1,2272,1171,0.756363636363636,0.683439371197853,-168.281090132692,-0.611931236846152,0.65022414357914,0.147941410419667,275,0.428571428571429,1,0.6,0.853333333333333,0.895104895104895,0.873720136518771,0.615384615384615,0.477611940298507,0.53781512605042,0.75,0.696428571428571,0.722222222222222,0,NA,3.05218259408494,0.750309668723585,5.17627378055546,0.782817352190354,1.73192428707286,0.93754402003587,3.33146170822353,0.281387595008425,0.0371103831351659,0.0115025243689311,2.77246606772945,0.547120554345511,2.39766108823443,0.433720397743167,0.0758326888751906,0.0494045151900839,-0.0561611592780507,0.0196296736012805,-0.0253945733163648,0.00583741938133494,1.8741340869752,0.446275889095066,-0.565038505283197,0.324218210093163,0.808765551394945,0.152806135030265,-0.106966633622025,0.0126811909357315,0.31092341719249,0.0578075012815517,-0.171150664832717,0.0203150528331354,0.591932568179736,0.185900721053363,1.88463432783677,0.52249642760377,-0.671575652914992,0.456095613364469,0.35024017159802,0.0653612619809296,-0.180568349022724,0.023719256943668,2.23911129915464,0.399502347433041,-1015.21962216899,-1909.53402139261,0.468341694468165,TRUE,NA
"whalen","SMOTE",7,2,2276,1175,0.76,0.658433300137526,-163.960943534963,-0.59622161285441,0.672820309197646,0.187581719868436,275,0.333333333333333,0.888888888888889,0.484848484848485,0.894366197183099,0.894366197183099,0.894366197183099,0.682926829268293,0.417910447761194,0.518518518518518,0.676470588235294,0.807017543859649,0.736,0,NA,3.84258585283926,0.783750409333232,5.91037754546319,0.802677484070897,3.0569944847649,0.92078074549877,3.49094159309724,0.263251167163683,0.0462534956738757,0.0134812301623854,3.64246380785384,0.608984723762068,2.36594885638478,0.465058606801152,-0.0386688454092351,0.0468103261687556,-0.0211483648470078,0.0188850857447006,-0.0218843963865231,0.00571323015514918,2.66305890874225,0.514028074585113,-0.58365246215373,0.331854915061277,0.56075166601001,0.149643023516054,-0.0997765367317837,0.0139159121183674,0.18851387715144,0.0620318234899995,-0.126382337459849,0.023017620516817,0.525728777659342,0.181987390237453,2.42368612571934,0.572345931876952,-1.14219221892536,0.42903014962146,0.218630344926937,0.069743904474269,-0.133998458375286,0.0270327104931974,2.41829854629453,0.40757753795189,-1007.70408511785,-1903.51979993788,0.470610137519588,TRUE,NA
"whalen","SMOTE",7,3,2276,1175,0.770909090909091,0.701872995575042,-163.144875952166,-0.593254094371511,0.666676768224858,0.171026100953579,275,0.384615384615385,1,0.555555555555556,0.876811594202899,0.852112676056338,0.864285714285714,0.692307692307692,0.537313432835821,0.605042016806723,0.76271186440678,0.803571428571429,0.782608695652174,0,NA,3.36948253282737,0.927702221016781,5.37311267224283,0.849498777102225,2.60278349887486,0.937236676169102,3.51175933472291,0.298553867990648,0.0345808650154455,0.0137026328782317,3.52805614979168,0.633852168351317,2.61105871187765,0.512750856430687,0.0271439449669529,0.0505801484113561,-0.0386814181802325,0.0202084855262444,-0.0249955781733138,0.00568499521872178,2.25391999977412,0.454934642647842,-0.456737880474777,0.317625433215067,0.563620232696045,0.151655134380287,-0.0841641935029279,0.0127222568321108,0.272442798999313,0.0600827025598393,-0.153762594258404,0.0214769722549651,0.40356906315482,0.169963748295916,2.05626953123352,0.510873185283602,-1.13320988526995,0.415603090916229,0.278812040147112,0.0664206737346203,-0.132424401258747,0.0255771962353861,2.23121610713831,0.398051227264058,-1021.61674017969,-1898.45512940465,0.461869430382551,TRUE,NA
"whalen","SMOTE",7,4,2276,1175,0.770909090909091,0.663791866028708,-162.593692531749,-0.591249791024543,0.685043846657513,0.11841473618129,275,0.466666666666667,0.7,0.56,0.851851851851852,0.971830985915493,0.907894736842105,0.696969696969697,0.343283582089552,0.46,0.676923076923077,0.785714285714286,0.727272727272727,0,NA,7.58089770801054,0.965378339908319,9.83506197982806,0.992995727601101,7.28212695657259,1.10369738880635,5.73675514626791,0.479624381640081,0.00468070961651995,0.0128332238480584,3.10542177792454,0.607865867586563,1.44003892619682,0.445533403317168,0.293976961988927,0.0769754214809486,-0.120799676476163,0.0313309073782192,-0.0312932101554422,0.00587115643545962,2.07616625307895,0.566268288963748,-1.42072266228925,0.410341168641287,0.502938957428442,0.148786379596064,-0.0914715733615702,0.0126585441565441,0.408152239111986,0.0848500568670201,-0.195882647664152,0.0328487698519291,0.242509707321447,0.17866398951173,1.83469034389577,0.633450812085622,-2.27319098429,0.519577123143716,0.458962367871992,0.0906017854755223,-0.207303003497359,0.0353237816025453,3.09591987285642,0.602805461900099,-937.783051027566,-1903.34781276871,0.50729811717207,TRUE,NA
"whalen","SMOTE",8,0,2276,1176,0.746376811594203,0.652109236643431,-163.328780017999,-0.5917709420942,0.675643158360905,0.0948048604019672,276,0.35,0.7,0.466666666666667,0.823529411764706,0.887323943661972,0.854237288135593,0.630434782608696,0.426470588235294,0.508771929824561,0.771929824561403,0.785714285714286,0.778761061946903,0,NA,6.01974464912036,1.21039059310494,7.40740138308943,1.16831255026095,5.33613539031939,1.24428665551757,4.29240501261661,0.424681390770491,0.0377354349233039,0.0141995049257016,2.53483455778582,0.492982158763816,1.14585907623097,0.437025420531722,0.0881704396912363,0.0561916188870355,-0.0634372298593214,0.0235615704726497,-0.0226394438277656,0.00567890080624888,1.56648987123605,0.452361422270164,-1.51964756090544,0.34411830353251,0.753282527210236,0.159096398759748,-0.0886151354661919,0.0120503345245186,0.368884961974914,0.0640721238665998,-0.19366333910074,0.0236184881679375,0.259364894648181,0.171787714894166,1.5216750695928,0.504747885177999,-2.42336752869232,0.458868562371926,0.385879879263653,0.0701339439628892,-0.196264045835609,0.0267601046730473,2.73093590827592,0.471716205933234,-984.609234271003,-1905.76705238398,0.483352788033917,TRUE,NA
"whalen","SMOTE",8,1,2272,1171,0.756363636363636,0.648282081619214,-166.623990527338,-0.605905420099411,0.666902263524802,0.209972580821878,275,0.296296296296296,0.888888888888889,0.444444444444444,0.888888888888889,0.895104895104895,0.89198606271777,0.7,0.417910447761194,0.523364485981308,0.6875,0.785714285714286,0.733333333333333,0,NA,4.74340317919638,0.95017747013241,6.44916287895619,0.952855622344659,4.17839277591393,1.04177355591451,3.88907635307003,0.377133664745332,0.0353491201304232,0.0144442036788932,3.49166495322663,0.630366194359101,1.73497873642907,0.4024075750071,0.0218463181161974,0.0525744843363504,-0.0351990525999373,0.0210889562743077,-0.024286806604259,0.00515965141291475,2.94066023409535,0.56703720629252,-0.722748084194374,0.332105832021573,0.422587503180494,0.151504697682764,-0.0916386032003037,0.013450260046831,0.221888862721607,0.0623003020875372,-0.131757970662361,0.0223611246627286,0.177148759740612,0.149475506645068,2.64212768276894,0.616990585300978,-1.63868358197499,0.442990251359222,0.230689993391797,0.0691885331750859,-0.112534921556381,0.0254927661642609,2.79723268548457,0.482055600040378,-1023.44595971848,-1876.67988473484,0.454650754215827,TRUE,NA
"whalen","SMOTE",8,2,2276,1175,0.778181818181818,0.690685162718258,-152.438588032293,-0.554322138299245,0.692659675756354,0.154690738871194,275,0.388888888888889,0.777777777777778,0.518518518518518,0.893617021276596,0.887323943661972,0.890459363957597,0.660714285714286,0.552238805970149,0.601626016260163,0.733333333333333,0.771929824561403,0.752136752136752,0,NA,7.25895392291052,0.893390775761098,8.88660340911154,0.971510511096899,5.85109771432312,1.07398501449624,5.08858105473427,0.407301055496133,0.0194064410306876,0.0127500155757262,3.06188656919225,0.589794106323681,2.04763503383098,0.424175937360233,0.165980875298094,0.0683917562005497,-0.115375630018327,0.0285971558245911,-0.0345040636211957,0.00584544922379695,2.20139334551048,0.53003686951815,-0.80045445670585,0.3627985635456,0.688780317089591,0.153679447566416,-0.105229302805421,0.0129138317529713,0.429679672942934,0.0771425278003016,-0.236252494120914,0.0295516739731749,0.244533645499686,0.172804943006017,2.26900406680411,0.584054994752371,-1.33487159642251,0.47689199367724,0.475269380651132,0.0838913146040915,-0.230561221876442,0.032864376751386,2.04318984705491,0.403942525799494,-951.021948671689,-1895.33127970782,0.498229170354696,TRUE,NA
"whalen","SMOTE",8,3,2276,1175,0.734545454545455,0.647835945972592,-184.567281509757,-0.671153750944571,0.655101755719856,0.142166839014045,275,0.384615384615385,1,0.555555555555556,0.835526315789474,0.894366197183099,0.863945578231292,0.657894736842105,0.373134328358209,0.476190476190476,0.677966101694915,0.714285714285714,0.695652173913043,0,NA,3.76756223918154,0.815488621051576,5.95937586469435,0.848962340477866,3.32053219212012,0.970276436400447,3.69307746482541,0.306427294388465,0.0472648019483756,0.0133640554752314,2.76691352022429,0.54040113644938,2.00037597873442,0.425812201542808,0.10958633888359,0.052756924000462,-0.0657564633386437,0.0211882177643107,-0.0250278040863176,0.00586035809028639,2.00810490566203,0.462525177694505,-0.887148751038436,0.323743486252144,0.688939724758692,0.159807496895001,-0.116822753036806,0.0138284456900028,0.32845337652791,0.0631071212049705,-0.172028987599777,0.0232705499958444,0.389303217964503,0.182803992254448,1.3917608273929,0.546307625131115,-1.87032968090365,0.437387595524038,0.303862397668909,0.0704394108327889,-0.146132996622623,0.0269937540519264,2.4776316088321,0.508550808941847,-946.034288082302,-1891.66854270147,0.499894264387733,TRUE,NA
"whalen","SMOTE",8,4,2276,1175,0.767272727272727,0.690542230414042,-152.662008316902,-0.555134575697825,0.678243838072451,0.143723531688806,275,0.454545454545455,1,0.625,0.895833333333333,0.908450704225352,0.902097902097902,0.608695652173913,0.417910447761194,0.495575221238938,0.698412698412698,0.785714285714286,0.739495798319328,0,NA,4.47666637833078,0.914270287021688,6.83763088598182,0.89112700227783,4.45180561469194,0.989551259481255,4.00727827648132,0.350941953157483,0.0219310116996662,0.0122235972743631,3.13493130400096,0.582354518592603,2.17205948603794,0.478949430789856,0.0788308466325867,0.0572322613524394,-0.0478114758064294,0.0222279090757532,-0.0246609013423865,0.00591505889170807,1.98434315035173,0.468850363784447,-1.06233576233635,0.342746500360346,0.736902947835287,0.151729118167394,-0.0956466208490051,0.0142754819791178,0.262373021437173,0.066884490556337,-0.148390167503471,0.0249450131702619,0.477260789865761,0.170646275234269,1.51065084433471,0.53403708222381,-1.48455143469964,0.448750815114189,0.263747628946491,0.0735297591646184,-0.15158059694323,0.0283315181762719,2.25203898942838,0.441966617289823,-965.491091305318,-1896.65190703442,0.490949769051219,TRUE,NA
"whalen","SMOTE",9,0,2276,1176,0.786231884057971,0.706701208199466,-135.855150095038,-0.492228804692167,0.703998903510833,0.107233557414143,276,0.533333333333333,0.8,0.64,0.881578947368421,0.943661971830986,0.91156462585034,0.69047619047619,0.426470588235294,0.527272727272727,0.686567164179104,0.821428571428571,0.747967479674797,0,NA,7.11311786392044,0.821087214153276,9.34001476427458,0.870832585608005,6.33432601274411,0.983159130764735,5.10059282584121,0.382926049710142,0.0316332074941065,0.0139408991347379,3.11929141531731,0.586867175526157,1.5754351782458,0.363588438694206,0.117327434314699,0.0575986347645837,-0.0730714853542064,0.022801500101275,-0.0254856697603419,0.00587351725334954,2.0430727249144,0.541254825844989,-1.30645613568847,0.305073578584282,0.608491588879135,0.152402948288182,-0.0978064808768157,0.0119683161072665,0.318908180357578,0.062910000425827,-0.176615580842351,0.023112903515673,0.536837836839401,0.181899119313933,2.06092799335164,0.595562432074516,-1.60059225729064,0.425082510425572,0.315325127841494,0.0689078679099493,-0.166751964393882,0.026652364281404,2.28244882188744,0.458408815491488,-985.504519022438,-1900.49600597857,0.481448781832616,TRUE,NA
"whalen","SMOTE",9,1,2272,1171,0.803636363636364,0.701427693323787,-169.74968270895,-0.617271573487091,0.675229173645299,0.235871102724944,275,0.290322580645161,1,0.45,0.922535211267606,0.916083916083916,0.919298245614035,0.857142857142857,0.537313432835821,0.660550458715596,0.75,0.803571428571429,0.775862068965517,0,NA,4.36938577064893,0.851577650615921,5.79144234172136,0.838691858810209,3.40905187729888,0.938106930494338,3.6998012646382,0.311044173090137,0.0261204534432386,0.013643353304839,3.47319452632069,0.574507783864377,2.42495042420155,0.464147032176258,-0.0240367432957791,0.0525215141023483,-0.0302933975224238,0.0204034476082443,-0.0229824270178756,0.00530649535237865,2.55563755679185,0.455668102014855,-0.0902257969575074,0.346173386221061,0.546853738239418,0.14527297491366,-0.0758124888996106,0.0121847162779007,0.171536910475614,0.0582605846865052,-0.120983040092361,0.0207211147110206,0.377655341761159,0.162944986529065,2.22289563593611,0.522312957741332,-1.02327802378549,0.435219285513944,0.23183637267296,0.0647167612536549,-0.139393714297337,0.0241089421372849,2.36412401400022,0.422418429424285,-1018.5852165218,-1889.31497012071,0.460870615736072,TRUE,NA
"whalen","SMOTE",9,2,2276,1175,0.698181818181818,0.600317028985507,-178.21298533427,-0.648047219397344,0.654735581248026,0.110773554572979,275,0.304347826086957,0.777777777777778,0.4375,0.821917808219178,0.845070422535211,0.833333333333333,0.5,0.358208955223881,0.417391304347826,0.706896551724138,0.719298245614035,0.71304347826087,0,NA,4.60673244337572,1.09881886867088,7.04324087492072,0.997802933384728,3.94847881368338,1.10662471126293,3.93144706929284,0.357490987446878,0.0401219271961997,0.0151057868802834,3.11312511649028,0.60696144877467,2.00217052633733,0.510902074058905,0.0803022504166691,0.0566351776399553,-0.0610864036453431,0.0233179952794085,-0.0334134734919117,0.00552108752788891,2.08270778772493,0.468682074111319,-1.1148814015562,0.338528560608135,0.592629425934916,0.15503833150778,-0.099836632250673,0.0132250331035847,0.320527402750377,0.0695909154585703,-0.187507760279664,0.0263893924642997,0.34382838419887,0.173994481218427,1.89009877786114,0.546392177509872,-1.43351151451905,0.454232553267108,0.330778032678832,0.0771245185996698,-0.172361833119028,0.0296798260314989,2.9866968943808,0.48070451738483,-955.158897848651,-1909.82170346506,0.499870120799407,TRUE,NA
"whalen","SMOTE",9,3,2276,1175,0.756363636363636,0.699232613357523,-177.552599675263,-0.645645817000958,0.662989891658551,0.134945716506383,275,0.526315789473684,1,0.689655172413793,0.846666666666667,0.894366197183099,0.86986301369863,0.630434782608696,0.432835820895522,0.513274336283186,0.7,0.75,0.724137931034483,0,NA,2.75163356644973,0.757365546205513,4.78490809165309,0.782424134429395,1.89498923255611,0.931510888476202,3.26272632473385,0.26100062660877,0.0515227946117331,0.0114612611544255,3.12192469257365,0.533072335010498,1.97456161892174,0.406547360516682,0.0524195973056344,0.0488084735963258,-0.0309884493856343,0.0194622515681108,-0.0275347811323359,0.00596059122500708,2.47310241168499,0.447275584000922,-0.834018980922264,0.274325724852947,0.487050707002814,0.156414843452128,-0.104784872512389,0.013569400403429,0.34860958532006,0.0608121179332582,-0.17060918866547,0.0222131344652828,0.448838994254794,0.18358452778295,2.27701680031355,0.524068087333016,-1.6400739102811,0.418891471409202,0.344259875958525,0.0691833808881762,-0.159967332666505,0.0258811414600291,2.82821207649443,0.502628155127508,-981.936800455592,-1903.75327787682,0.484210053967335,TRUE,NA
"whalen","SMOTE",9,4,2276,1175,0.749090909090909,0.655444915057863,-164.575847891051,-0.598457628694732,0.660814395759062,0.183044269381663,275,0.307692307692308,0.8,0.444444444444444,0.877697841726619,0.859154929577465,0.868327402135231,0.634615384615385,0.492537313432836,0.554621848739496,0.741379310344828,0.767857142857143,0.754385964912281,0,NA,6.10169108880129,0.765399268713929,8.41982787403091,0.877249758664349,5.80240332305238,0.97587768165901,4.32357387354595,0.330813930021232,0.0186301952436708,0.0135550787587847,3.45422604265397,0.633579101052341,1.331250889687,0.43178667761678,0.0339729660416063,0.0600430504260935,-0.0455871997016997,0.0223027601203174,-0.0276228892316681,0.00582524697742625,1.8957949868977,0.553183550332431,-2.17957394478206,0.344961271539166,0.773572692514074,0.157466919749486,-0.120776552666261,0.0133228285257864,0.248907369087131,0.0692662302588352,-0.139749158676993,0.0244597477965833,0.283200506207946,0.165530623430009,1.69901299683213,0.605251482734693,-2.41325058539294,0.443238011674722,0.260124073889541,0.0756041016992353,-0.134724658050065,0.0276384224785335,2.21539290561273,0.390657536479279,-987.440212054198,-1887.22197754566,0.476775798606176,TRUE,NA
"whalen","CVAE",0,0,2276,1176,0.670289855072464,0.589916642146244,-203.731687535315,-0.738158288171432,0.625770985508077,0.200395854577991,276,0.275862068965517,0.8,0.41025641025641,0.8359375,0.753521126760563,0.792592592592593,0.517857142857143,0.426470588235294,0.467741935483871,0.650793650793651,0.732142857142857,0.689075630252101,0,NA,-4.58202828298752,0.687066691609679,-1.71862099400176,0.751789585053785,-1.8988585669263,0.78341182090039,0.103674888780827,0.0622316840382488,0.0783329822206581,0.0177627640414576,-1.0824237283174,0.253390125883528,0.852922540699025,0.224232288992323,0.629765335807889,0.125065192889875,-0.218390782859454,0.0525229969442291,-0.0290365756298415,0.0054097205935849,-0.738146544084774,0.305822949384482,-1.82897016927295,0.243618144944068,0.514392238034561,0.140563732020331,-0.140285973574886,0.0225812464965773,0.987429416885212,0.127109573959635,-0.396225202021522,0.0517473503914197,-0.522468366240314,0.0558647958147328,-1.15849633821043,0.340806446913915,-3.06305571077531,0.303876379656556,0.990503734404925,0.132936020259379,-0.408271917688542,0.0547099440037282,2.7822207823034,0.308922071420837,-1169.28232137261,-2037.0209866145,0.425984155756816,TRUE,NA
"whalen","CVAE",0,1,2272,1171,0.650909090909091,0.572336966867712,-242.867614072154,-0.88315496026238,0.601933509948355,0.343978467212427,275,0.162790697674419,0.777777777777778,0.269230769230769,0.817391304347826,0.657342657342657,0.728682170542636,0.612244897959184,0.447761194029851,0.517241379310345,0.705882352941177,0.857142857142857,0.774193548387097,0,NA,-5.19110397806953,0.672417226501077,-2.46099355085155,0.736990504680292,-2.83228074363778,0.800235789637389,-0.075256899547843,0.0470076506631078,0.0997308514847586,0.0181013242057859,-1.11060317567213,0.264253339354494,1.28488725410229,0.242967710689735,0.597820154370187,0.127187946307594,-0.219786261676593,0.0530557738909462,-0.0355222234058685,0.00567729454662412,-0.350251672936539,0.285995587048979,-1.42450742053131,0.221889046138685,0.498259950108995,0.137396335446541,-0.14807347215164,0.0240498411167218,0.975731886966316,0.125416827698477,-0.390464999130334,0.0513467408062907,-0.648242380079793,0.065104473193098,-0.785735345123776,0.340900402792738,-2.61211629994743,0.302722000180067,0.961011500455458,0.130946927912934,-0.37416659486987,0.0541197128163747,2.63153992709189,0.359845053852676,-1145.70358227778,-2034.31406492678,0.436810863164821,TRUE,NA
"whalen","CVAE",0,2,2276,1175,0.658181818181818,0.578606308533316,-192.82830402431,-0.701193832815672,0.619374325653119,0.300902789346198,275,0.2,0.777777777777778,0.318181818181818,0.881818181818182,0.683098591549296,0.76984126984127,0.514285714285714,0.537313432835821,0.525547445255474,0.683333333333333,0.719298245614035,0.700854700854701,0,NA,-4.93822333212652,0.583510303973521,-2.03967423156026,0.645523037729305,-2.59948604543284,0.703600596687925,-0.0917336059370566,0.0440779906137128,0.0853741967471696,0.015732750340203,-1.00179415331026,0.256037287598101,1.29848315125619,0.208751800022491,0.42805248115319,0.100799596138618,-0.135891828017881,0.0420077885392856,-0.0319864986013279,0.0055770984561351,-0.10305003146783,0.266205428650815,-0.864871160029463,0.199721426416103,0.539108426101035,0.140214392549201,-0.165118449078737,0.0221755197125554,0.777170296173741,0.105382772199177,-0.311463884433058,0.0435616937632375,-0.492624908336036,0.0538561593502495,-0.374923310900889,0.314876650979129,-2.13037965733961,0.270739417834716,0.743208375939012,0.111974388438241,-0.300420112237969,0.0466311397299398,2.54331868144288,0.303664599013318,-1170.5398999964,-2057.76328603016,0.431159109532655,TRUE,NA
"whalen","CVAE",0,3,2276,1175,0.694545454545455,0.586003825914488,-191.249787844773,-0.695453773980993,0.612908702675737,0.240549451400158,275,0.16,0.4,0.228571428571429,0.829457364341085,0.753521126760563,0.789667896678967,0.571428571428571,0.537313432835821,0.553846153846154,0.758620689655172,0.785714285714286,0.771929824561403,0,NA,-2.19519993569901,0.718694088206001,0.646234894901453,0.74295392727031,0.484220741886488,0.810652683433294,0.239909923823735,0.0673526554581952,0.0411462392486367,0.0159263720593883,-0.477430513931336,0.284282483151299,0.199696533421518,0.250455509429004,0.652857419975219,0.146002388849784,-0.274843154876355,0.0632957321819498,-0.0307661570592987,0.00501850174446266,0.161909143617142,0.376270179350331,-2.35464543191136,0.303926646369452,0.29983561506794,0.134524326308475,-0.116252524600735,0.0172767493413685,0.86212783910091,0.145016831245812,-0.391909255228921,0.0622152389635109,-0.472076608823381,0.0531334384072738,-0.0489901636525796,0.431058256505077,-3.38953761228463,0.363803267038293,0.838954837614201,0.149651295632511,-0.394997386936556,0.0643880720205301,2.38601715632363,0.267195298199706,-1252.56677192818,-2063.85881368516,0.393094739028376,TRUE,NA
"whalen","CVAE",0,4,2276,1175,0.654545454545455,0.594391203881915,-221.854713810242,-0.806744413855426,0.60934129667607,0.265692039083612,275,0.264705882352941,0.9,0.409090909090909,0.848214285714286,0.669014084507042,0.748031496062992,0.52112676056338,0.552238805970149,0.536231884057971,0.672413793103448,0.696428571428571,0.684210526315789,0,NA,-4.07814094006184,0.605244747471961,-0.505370942078143,0.686228859208805,-1.43838125753325,0.796437187972819,-0.0757276622086001,0.0499595311049029,0.0965479722131416,0.0170126263865065,-0.92642751539044,0.260341259174295,1.0221778912296,0.23219118698798,0.41205896328925,0.103912973144042,-0.150861625001627,0.0418175963131426,-0.0284954960869632,0.00603146117519259,-0.269556980068144,0.331175883137819,-1.76611119660785,0.238812166236039,0.395779843372663,0.149635364204067,-0.208033416796362,0.0210795658707272,0.72268441664036,0.106973452945749,-0.29708129381608,0.042420102342332,-0.558245265634447,0.0560677039457525,-0.704028401524211,0.367370098079999,-2.69768211136994,0.303267255727616,0.693174986827997,0.114127035850373,-0.279971227471537,0.0452572742287435,2.74998033715101,0.330097535538648,-1108.47953111196,-2050.53058111873,0.459418190921496,TRUE,NA
"whalen","CVAE",1,0,2276,1176,0.619565217391304,0.542284864314807,-231.473272227403,-0.838671276186241,0.60031083349078,0.249594104454818,276,0.153846153846154,0.6,0.244897959183673,0.8,0.647887323943662,0.715953307392996,0.513513513513513,0.558823529411765,0.535211267605634,0.729166666666667,0.625,0.673076923076923,0,NA,-5.48457047690028,0.754825960628387,-2.21775744399595,0.798381682413368,-2.54150208055596,0.858130244515401,0.0166930009078391,0.0658762105480147,0.0857143487004309,0.0156647126395791,-1.34570697428079,0.261377289235353,1.19598871833456,0.235932547128055,0.450327500739207,0.0988942445242786,-0.119222516208246,0.0383886671913874,-0.0335960930154459,0.00553287808849802,-0.345120611589356,0.29297971093749,-1.4125866131473,0.237254692776023,0.281882384831521,0.141294206862251,-0.157895598183797,0.0211131332405875,0.797610625864921,0.106692273232313,-0.292998902622402,0.0407626230977675,-0.57007505134356,0.0604129151655555,-0.825340763819396,0.360800452967,-2.46285847729307,0.309640898131244,0.761403150430406,0.113276491539134,-0.288895282996046,0.0437932283643828,2.84284680922688,0.315144500819406,-1193.09802704273,-2069.74170107086,0.42355221116459,TRUE,NA
"whalen","CVAE",1,1,2272,1171,0.650909090909091,0.588895750742304,-188.636736166517,-0.685951767878245,0.627545274578269,0.221279106857301,275,0.209302325581395,1,0.346153846153846,0.817391304347826,0.657342657342657,0.728682170542636,0.55,0.492537313432836,0.519685039370079,0.754385964912281,0.767857142857143,0.761061946902655,0,NA,-4.55730897555168,0.616816547212047,-0.941315417701718,0.660854982520675,-1.40395574428242,0.711832107729503,-0.130030168720846,0.0532446988821507,0.103708663927306,0.0205703920178199,-0.850262747002711,0.252991753805182,1.10654494166315,0.239318249586253,0.358422681758209,0.0994352780927713,-0.122175939193674,0.0413411728120949,-0.0334387280324127,0.00564733686090403,-0.248437282072493,0.288036740137862,-1.55519038707993,0.23468877792596,0.495660506251487,0.139638496121778,-0.15777258794569,0.0214063605527645,0.651758642429364,0.100076634017025,-0.27473867705527,0.0409822952810648,-0.649032727613572,0.0598079441731116,-0.724759135014898,0.327432812565599,-2.50248725232626,0.290656153993283,0.655380705984423,0.106528226542801,-0.27430979019207,0.0439034136569521,2.57985160374916,0.334249559526815,-1190.41835765607,-2049.28917186002,0.419106696115708,TRUE,NA
"whalen","CVAE",1,2,2276,1175,0.643636363636364,0.568679844349084,-209.297644737905,-0.761082344501474,0.614585813699128,0.20227894675444,275,0.235294117647059,0.888888888888889,0.372093023255814,0.833333333333333,0.704225352112676,0.763358778625954,0.467741935483871,0.432835820895522,0.449612403100775,0.677966101694915,0.701754385964912,0.689655172413793,0,NA,-5.74505747179082,0.657109496213869,-1.63324799746766,0.715050241521883,-1.97601412060444,0.747388627493207,-0.117121852669501,0.042910365308497,0.106778141607439,0.0197676672284856,-0.697550644853116,0.242692812343286,1.26784338999175,0.223811356728911,0.531743141709544,0.11269910740043,-0.164445697287512,0.0462199912097068,-0.0306599877024896,0.00526051333702783,-0.671557054494686,0.343918394329775,-1.58060671626992,0.233396207295256,0.263796539049753,0.142359748833958,-0.166296976293255,0.0226195833829637,0.825003431696506,0.114535483778151,-0.323858143770339,0.046206521980548,-0.583333611183285,0.0590107064116182,-0.825606554402395,0.400899607407356,-2.3248290660886,0.300102789492778,0.777268806081731,0.120445984821416,-0.315916027392666,0.049300711909788,2.93191599145709,0.365785194107468,-1154.04646165219,-2035.92446245821,0.433158507138926,TRUE,NA
"whalen","CVAE",1,3,2276,1175,0.643636363636364,0.53708813804675,-245.110973642464,-0.891312631427143,0.581038807900249,0.292074629294745,275,0.148148148148148,0.4,0.216216216216216,0.813008130081301,0.704225352112676,0.754716981132075,0.508771929824561,0.432835820895522,0.467741935483871,0.647058823529412,0.785714285714286,0.709677419354839,0,NA,-2.93382986827858,0.615138693908988,-1.30810496486249,0.659402721806713,-1.63718919174503,0.729187901315149,0.164621869065416,0.0555819003949644,0.0598849082044378,0.0164808923968535,-0.684644338906303,0.262619882061415,0.584811979410371,0.23326468115447,0.911762457516259,0.144371219985312,-0.396395404518869,0.0628222700370058,-0.0325520750745006,0.00531597280275374,-0.00128193734477888,0.314897316277698,-1.97463666739689,0.241327559902803,0.648815522607528,0.134729033389804,-0.130629354635163,0.0174222207074755,1.29476620282337,0.140242461133447,-0.55033007922385,0.060588662192755,-0.414232321748212,0.0487394626662323,-0.491111184848698,0.355167897972401,-2.88248661338789,0.298999822385016,1.26455215434776,0.145358379615559,-0.544605950353759,0.0629472116479793,2.08043760911166,0.309174689046525,-1171.65508911492,-2046.68648217458,0.427535629262547,TRUE,NA
"whalen","CVAE",1,4,2276,1175,0.749090909090909,0.662886406707558,-173.450577961659,-0.630729374406031,0.643245052971305,0.271167784517858,275,0.304347826086957,0.7,0.424242424242424,0.896825396825397,0.795774647887324,0.843283582089552,0.666666666666667,0.597014925373134,0.62992125984252,0.696969696969697,0.821428571428571,0.754098360655738,0,NA,-0.881799598274256,0.762644925854776,1.80232419702392,0.787147469009685,1.39698597049227,0.864541614765451,0.520588225117614,0.116393552708747,0.0405978051120318,0.0146747242801435,-0.537289148053253,0.255034012421484,0.531822768517296,0.240013160572174,0.502541543505697,0.138010919052045,-0.229507379464373,0.0586343115770037,-0.035034630227142,0.00526633835706859,-0.166821628857014,0.430491325805366,-2.12634065924504,0.295740471070756,0.266666171112584,0.135863371855039,-0.124518494678854,0.0200539695158346,0.770568551313449,0.141797434160419,-0.365285660219773,0.059844789404675,-0.526440795989672,0.0575945132361592,-0.454854924698291,0.469525049924175,-3.29748803776336,0.362215328142597,0.758434932854951,0.146288328978206,-0.3620834221299,0.0619661870916303,3.15356564350685,0.450300038485012,-1180.38767026331,-2048.47615351143,0.423772803876713,TRUE,NA
"whalen","CVAE",2,0,2276,1176,0.644927536231884,0.563403360598384,-224.347376912143,-0.812852814899069,0.603777719532476,0.238508937570487,276,0.189189189189189,0.7,0.297872340425532,0.809917355371901,0.690140845070423,0.745247148288973,0.545454545454545,0.441176470588235,0.48780487804878,0.682539682539683,0.767857142857143,0.722689075630252,0,NA,-4.44340458347758,0.702746540454138,-1.33206414551777,0.741817198893654,-1.8758724352336,0.811546346178145,0.125811548314101,0.0567103276693457,0.0769604066653641,0.0182290252217954,-0.687130959041981,0.257691527995097,0.849046948809805,0.229501433326572,0.816256327942128,0.135453116868957,-0.309670570722242,0.0576868678004495,-0.0321242650993903,0.00560485255305544,-0.0564636034012311,0.343855694315971,-1.74298224358145,0.252479660744446,0.433913458406864,0.143301652753541,-0.154787522810675,0.0201487773399326,1.10235423360782,0.12998639277639,-0.457399558549028,0.0547255245944504,-0.601581279883064,0.0599000222509087,-0.648833646848644,0.38200394039048,-2.93544861552953,0.312840064618766,1.11216353697978,0.136226498261043,-0.456157194805906,0.0576413245010227,2.96514388773575,0.361564324372063,-1106.06048234663,-2052.09823741765,0.46100997399691,TRUE,NA
"whalen","CVAE",2,1,2272,1171,0.701818181818182,0.635299444070081,-188.069175002192,-0.683887909098881,0.613990151983671,0.279270925923294,275,0.25,1,0.4,0.844262295081967,0.72027972027972,0.777358490566038,0.60655737704918,0.552238805970149,0.578125,0.785714285714286,0.785714285714286,0.785714285714286,0,NA,-2.87100119776959,0.738238261114393,0.28594551154285,0.755110550386353,0.334600920799924,0.8099643126585,0.287367443978246,0.0965434692587692,0.0617919444588502,0.0156020290052386,-0.593035976722385,0.265909321270754,0.776614187590634,0.224172624995459,0.451316798599986,0.117681758031591,-0.175149088359704,0.0493462898163317,-0.0303784736487183,0.00494537782951491,-0.411137118047188,0.416074287753499,-1.73765442229197,0.29040941145244,0.286991229054851,0.135359852454529,-0.109333491502682,0.0174485751018605,0.698734777395752,0.119464538797319,-0.314185441762075,0.0497732479984749,-0.564420016848773,0.0587047337520312,-1.02577566585622,0.439669490063416,-3.16098884564091,0.336158708320831,0.688632541056565,0.124641292484617,-0.312743897199279,0.0523898653849327,2.10894225541207,0.281758715451739,-1251.82371571943,-2040.9714056933,0.386652986794692,TRUE,NA
"whalen","CVAE",2,2,2276,1175,0.632727272727273,0.497062311413597,-223.830913639523,-0.81393059505281,0.604306058714709,0.292644153474749,275,0.0666666666666667,0.222222222222222,0.102564102564103,0.879310344827586,0.71830985915493,0.790697674418605,0.490566037735849,0.388059701492537,0.433333333333333,0.578947368421053,0.771929824561403,0.661654135338346,0,NA,-5.36661653333758,0.678062441971613,-2.76928393500541,0.697725861025778,-2.86227797603527,0.740146534185202,0.098678810473706,0.0602717955045237,0.0662154946138026,0.0156946088981331,-0.807039320030358,0.263129373954453,1.04031039418305,0.241969773710435,0.842971691862756,0.129241206940766,-0.294267414589332,0.0575700037425368,-0.031825979391361,0.00565973700323758,0.0527020158580353,0.295654628594154,-1.43633707871353,0.230159521411792,0.399647721782277,0.137713763097938,-0.159114561814478,0.0218295028190644,1.1841914716537,0.128457261337098,-0.456261026493175,0.055973893120323,-0.528715329765217,0.0497645038477882,-0.315639526773993,0.344655660310649,-2.39235743782519,0.291036076237982,1.1026303438993,0.1339326266088,-0.429445863435056,0.058539174217998,3.05284212393539,0.404553431783326,-1135.48293999605,-2052.71634279506,0.446838846496476,TRUE,NA
"whalen","CVAE",2,3,2276,1175,0.68,0.594141234377225,-195.183254418823,-0.70975728879572,0.625269773797359,0.212441666606806,275,0.25,0.7,0.368421052631579,0.816793893129771,0.753521126760563,0.783882783882784,0.574074074074074,0.462686567164179,0.512396694214876,0.67741935483871,0.75,0.711864406779661,0,NA,-4.71501496437222,0.682353660716111,-1.76727910767296,0.717999857389547,-1.92203069124937,0.780721515630623,0.148963753714376,0.0646018856662948,0.070802847979136,0.0161974136421684,-1.0880744048764,0.290495167107106,0.974239939917833,0.242094712393153,0.813992793900887,0.124209261823948,-0.298377299968419,0.0537602334659731,-0.0293213603049798,0.00539799938680908,-0.511898454715559,0.313664489888669,-1.72473109768545,0.245776017736877,0.417919442500585,0.134184056924725,-0.134871188865967,0.0220942499979899,1.11537611802729,0.12713813489355,-0.450928742688212,0.0535412590446418,-0.533741219946931,0.0525925294628476,-0.932450652005219,0.368180968011167,-2.79894616012997,0.301882244033044,1.09370653155631,0.132690106331204,-0.443957059843389,0.0559767741927083,2.55304598098525,0.335002704682851,-1186.84829652966,-2064.04017562296,0.424987793093007,TRUE,NA
"whalen","CVAE",2,4,2276,1175,0.676363636363636,0.618989325045173,-204.244521612131,-0.742707351316839,0.61528624427018,0.25719592139785,275,0.264705882352941,0.9,0.409090909090909,0.827586206896552,0.676056338028169,0.744186046511628,0.571428571428571,0.597014925373134,0.583941605839416,0.745454545454545,0.732142857142857,0.738738738738739,0,NA,-4.50153368793668,0.588711807758338,-1.08649435514402,0.618574255268424,-1.44860391446656,0.689553195548692,-0.128005350863032,0.0411001728959947,0.106052708415526,0.0188507115104162,-1.0413297362661,0.27160759421364,1.25441084372383,0.219844311413142,0.38422268366151,0.0972869397454875,-0.139537016435541,0.0398900534346194,-0.0330364335234901,0.00580963577481925,-0.379908077503918,0.281449305250365,-1.27307869143371,0.204763776609953,0.394257053525698,0.139234320707842,-0.162446457485228,0.0221073367766176,0.734381354098376,0.101087855889905,-0.308207081727084,0.0410849629032178,-0.562016433163674,0.0562287458106807,-0.540626720484861,0.323155626909092,-2.50792107078643,0.276825328137508,0.69813881499736,0.107644869160512,-0.299596443905373,0.0440868224860198,2.26576326495719,0.296965055956793,-1189.70874553996,-2059.26945155931,0.422266598167086,TRUE,NA
"whalen","CVAE",3,0,2276,1176,0.572463768115942,0.517234557557138,-247.451110988875,-0.896561996336503,0.568309624576739,0.313300961315897,276,0.160714285714286,0.9,0.272727272727273,0.773584905660377,0.577464788732394,0.661290322580645,0.53448275862069,0.455882352941176,0.492063492063492,0.642857142857143,0.642857142857143,0.642857142857143,0,NA,-5.24391211192852,0.643440968978966,-1.71338375389584,0.693019144852012,-2.17432347509114,0.745302357964178,-0.0973416408836528,0.0525395631135754,0.112780767098496,0.0203294330721327,-0.553314164891892,0.287652722798675,1.04658860721084,0.245309088313184,0.471307414051132,0.114323920506589,-0.155156461181061,0.0477128054217149,-0.027506728132654,0.00589214129304567,0.12358296729356,0.296381053305337,-1.2655045686629,0.206968935404638,0.387755799228821,0.143143169547285,-0.167911431797589,0.0255787240536454,0.780290381272895,0.115406509339097,-0.321176924043367,0.0475790450066159,-0.630480054756613,0.0639974873197411,-0.264282776885816,0.342465206316644,-2.53487745255831,0.296778581788743,0.766445684949518,0.121288247804709,-0.309508385267434,0.0503676411002306,3.18238043736072,0.398530084364832,-1119.33956799215,-2025.76073268875,0.447447297240049,TRUE,NA
"whalen","CVAE",3,1,2272,1171,0.676363636363636,0.600456913619811,-195.990320659516,-0.712692075125511,0.639452832584729,0.219596208186368,275,0.241379310344828,0.777777777777778,0.368421052631579,0.841666666666667,0.706293706293706,0.768060836501901,0.538461538461538,0.522388059701492,0.53030303030303,0.704918032786885,0.767857142857143,0.735042735042735,0,NA,-4.76475882178363,0.628349234380431,-1.6405782496138,0.671757988358052,-2.31399961412816,0.743237438983305,-0.025118870477221,0.0535301916473856,0.0941563696079151,0.0183304399695058,-0.924991319524572,0.256290171873952,1.11473250860756,0.222992648688605,0.43903196821428,0.102604932219866,-0.141293990558709,0.0422594375838994,-0.0287405529934596,0.00566283926060151,-0.377456439134651,0.292405256379857,-1.57827263351128,0.222243017310488,0.638271160247038,0.142388589295987,-0.169927616670933,0.0234617378170214,0.816042329461958,0.107078661969803,-0.328272133468777,0.0441366088337924,-0.576547387668112,0.0517579029038148,-0.895905090034822,0.350794332298486,-2.53344303534512,0.298976061972758,0.793942686344293,0.112658502859283,-0.303575791065176,0.0467950588264091,2.57983743913307,0.340880066866028,-1159.46138590251,-2042.16069895087,0.432237929905241,TRUE,NA
"whalen","CVAE",3,2,2276,1175,0.687272727272727,0.586952163167633,-211.784974627067,-0.770127180462061,0.624997242469836,0.249630405868579,275,0.2,0.444444444444444,0.275862068965517,0.851239669421488,0.725352112676056,0.783269961977186,0.513888888888889,0.552238805970149,0.532374100719424,0.725806451612903,0.789473684210526,0.756302521008403,0,NA,-6.11202926610149,0.663707387504046,-2.50604096547431,0.746286456336769,-3.24252107379539,0.807590455480936,-0.0593242944192128,0.0447678572239604,0.0992387932226427,0.0182559573328348,-0.660304187890842,0.271866091088435,1.10722131706433,0.237835952612151,0.603374486901261,0.101323246042045,-0.173790084697374,0.0414077156342421,-0.0368216951074088,0.00566478802622832,0.499487850004328,0.269085444137672,-1.58512813523563,0.216727738440226,0.448770022033173,0.142470603879815,-0.168909386449079,0.0225361483325656,0.948026537381379,0.105108644642669,-0.349896141157632,0.0408007262687965,-0.570608001547643,0.0649747040524947,0.245643382368788,0.325126498783761,-2.40158728415181,0.285138160123539,0.922973015545063,0.113139905778626,-0.339174169858966,0.0440699520503405,2.42101023180274,0.328436104035091,-1155.34171893956,-2043.49487731085,0.434624607202375,TRUE,NA
"whalen","CVAE",3,3,2276,1175,0.636363636363636,0.563845445454941,-216.147181636711,-0.785989751406221,0.60635372545785,0.268886420592486,275,0.219512195121951,0.9,0.352941176470588,0.849557522123894,0.676056338028169,0.752941176470588,0.5,0.417910447761194,0.455284552845528,0.646153846153846,0.75,0.694214876033058,0,NA,-4.71323232826964,0.600181006745062,-1.96307517248791,0.67240870657042,-1.78528921179168,0.721728791418459,-0.0765930156296687,0.045813275833468,0.107763143267439,0.0179961103178996,-1.00834630676541,0.271830227827237,1.29112418028641,0.234865162345222,0.376063021116177,0.102099016017442,-0.127286024595415,0.0414416604280869,-0.0318210505541871,0.00571992906473951,0.0603676255533542,0.256175269137437,-1.18836449828016,0.199114167765187,0.408473662128597,0.136189120924199,-0.178569536583941,0.024608828906987,0.768890389464281,0.105863941447468,-0.299379897139704,0.0420223992170352,-0.552623321077069,0.0578150653357015,0.00538248772429934,0.312108172449819,-2.16666921917051,0.277948143748116,0.66103892094321,0.112389525036553,-0.280881242053921,0.0452448989511271,2.38463901531454,0.324241673979632,-1166.45538806237,-2059.63426356728,0.433658971063109,TRUE,NA
"whalen","CVAE",3,4,2276,1175,0.705454545454545,0.638410591232393,-195.480867767706,-0.710839519155296,0.619939106973149,0.220139402665711,275,0.303030303030303,1,0.465116279069767,0.8515625,0.767605633802817,0.807407407407407,0.582089552238806,0.582089552238806,0.582089552238806,0.765957446808511,0.642857142857143,0.699029126213592,0,NA,-4.60553236412752,0.671342309779872,-1.67420733905293,0.703680696998595,-1.66945728637154,0.76110082467551,0.0626871112513972,0.0531064503220852,0.0781890938356193,0.0169617369590174,-1.1177034030999,0.251781425698443,1.02581567816512,0.215791859202291,0.707664784831765,0.126498618727847,-0.260397557366362,0.0534819176611778,-0.0242617483318943,0.0054171251936507,-0.876505913004737,0.349058532698447,-1.57693555102506,0.244025903919905,0.370086049325212,0.137872484806222,-0.136248952833092,0.0185822233859247,1.0079286625601,0.128794045820957,-0.406162161516648,0.053561404472349,-0.560972253320451,0.0549159656302979,-1.44132437377278,0.399133878451583,-2.96367723532588,0.326458192897946,0.994078713356075,0.134360341515703,-0.403590695178442,0.056274367866418,2.69372392430303,0.322063385796709,-1179.88289146437,-2050.84536525794,0.424684614719369,TRUE,NA
"whalen","CVAE",4,0,2276,1176,0.648550724637681,0.589038286302175,-194.964162458375,-0.706391892965128,0.61340012849637,0.337276221097922,276,0.217391304347826,1,0.357142857142857,0.881188118811881,0.626760563380282,0.732510288065844,0.6,0.529411764705882,0.5625,0.63768115942029,0.785714285714286,0.704,0,NA,-4.14535491651611,0.634164644695425,-0.59476264627735,0.683167218144524,-1.45161706468767,0.730225924684579,-0.0199245855158957,0.0488354665370839,0.0861552000829436,0.0158861938665446,-0.897144060481618,0.296532295397189,0.959818084957544,0.226552771439514,0.368194021271929,0.100313185671004,-0.125680338241462,0.040376762067587,-0.0253295682821124,0.00578244365670035,-0.0130011450461782,0.291645745074066,-1.74269989421747,0.215606383229946,0.478479522754443,0.141129810932378,-0.186755053234531,0.0243747815848192,0.64351618508494,0.100571843497402,-0.267607560047401,0.0400279231455983,-0.50045957156244,0.0506642338325952,-0.568713651955784,0.35506549957473,-2.56898184642228,0.288706255701913,0.629946784257777,0.107408796336663,-0.254402274455921,0.0430621669549554,2.8415358093224,0.372291229938575,-1187.05626606517,-2042.60472902674,0.41885169989263,TRUE,NA
"whalen","CVAE",4,1,2272,1171,0.621818181818182,0.516555927447861,-227.980862055424,-0.829021316565176,0.597885025022828,0.29697793078307,275,0.09375,0.333333333333333,0.146341463414634,0.831858407079646,0.657342657342657,0.734375,0.492957746478873,0.522388059701492,0.507246376811594,0.661016949152542,0.696428571428571,0.678260869565217,0,NA,-4.21940813918788,0.579395786479939,-0.922950772608783,0.61103376114976,-1.55994046001439,0.673516925433572,-0.0954020555453863,0.0435374592784048,0.0872143269305028,0.0190850726063347,-1.03511101352848,0.273096467357359,1.17473300041032,0.263062338147662,0.745095319817005,0.131591067890399,-0.311256811672306,0.0569819263051274,-0.0381870246166758,0.00551362448173926,-0.521589001446399,0.306682276843946,-1.56946931455241,0.220033982526785,0.438036796674657,0.143603265291458,-0.144659160988009,0.0215541749695266,1.06993016961577,0.124337032394518,-0.472745319776013,0.052451119738581,-0.57575668238925,0.0544355584700536,-0.930207874211294,0.356292682391907,-2.40459668704663,0.279890391368505,1.01848828855981,0.130504667058836,-0.445807124128963,0.0557658591610863,2.80986230334591,0.341436949355518,-1093.16432009432,-2059.55713363176,0.469223600431676,TRUE,NA
"whalen","CVAE",4,2,2276,1175,0.650909090909091,0.563070065749414,-235.989814358858,-0.858144779486758,0.605011617969929,0.222915336773748,275,0.157894736842105,0.666666666666667,0.25531914893617,0.795275590551181,0.711267605633803,0.75092936802974,0.559322033898305,0.492537313432836,0.523809523809524,0.764705882352941,0.684210526315789,0.722222222222222,0,NA,-6.6187096072925,0.712223841803599,-3.52435870002203,0.774258516898723,-3.67924250611518,0.82319279373683,-0.210079392514296,0.0448694733498377,0.102604506016538,0.0179545455510746,-0.876507418437977,0.27647640117038,1.22876275912791,0.249932333631688,0.461418330272,0.0971463770093202,-0.102656889954218,0.0357391228462283,-0.0331740181336863,0.00580722496751807,-0.0278129701455527,0.291593705215738,-1.71788576655887,0.218136601627751,0.274069190139867,0.140045608363476,-0.165770629967571,0.0224246282157368,0.798600952978644,0.102134986570627,-0.248155756285409,0.0378813352934822,-0.727974516382707,0.0664623709403902,-0.332896721311593,0.347632305163134,-2.86323490716459,0.290748654964553,0.805168117344142,0.108325426542637,-0.262228295246983,0.0402683097208007,2.84709642151897,0.338006434370042,-1132.88070920554,-2060.16897461205,0.450103014283637,TRUE,NA
"whalen","CVAE",4,3,2276,1175,0.570909090909091,0.496155273119834,-227.38044802273,-0.826837992809929,0.584321463566711,0.224752898538191,275,0.19047619047619,0.8,0.307692307692308,0.777777777777778,0.640845070422535,0.702702702702703,0.388888888888889,0.313432835820896,0.347107438016529,0.596774193548387,0.660714285714286,0.627118644067797,0,NA,-5.83368942162856,0.710136529328018,-2.23626204709647,0.768111396985262,-2.80463532963771,0.813167106407292,-0.0371177758436085,0.0515502872812916,0.0971903522753742,0.0199029115828811,-0.984902299405893,0.250239570724013,1.14039603623462,0.217831307645264,0.474513364424238,0.101593083947222,-0.123149539418846,0.0395057300063913,-0.0308268174728275,0.00579183254948514,-0.281313081753394,0.286742033434615,-1.54398725568732,0.218116612532293,0.488164567409979,0.141963805735717,-0.174823615763229,0.0269110512730634,0.836772349311174,0.108812378857813,-0.317070696006649,0.0428471008582507,-0.59051671058116,0.0585131676825091,-0.416973494610423,0.348094043417165,-2.49609163616198,0.295242688736521,0.788346807398123,0.11512979700009,-0.288732969291025,0.0459315501342327,2.73443571042295,0.387273161380706,-1162.65866590217,-2047.76008052886,0.432229059958089,TRUE,NA
"whalen","CVAE",4,4,2276,1175,0.749090909090909,0.690991898794796,-183.004814206382,-0.665472051659569,0.653658958348489,0.213922213291552,275,0.346153846153846,0.9,0.5,0.865079365079365,0.767605633802817,0.813432835820896,0.623188405797101,0.641791044776119,0.632352941176471,0.833333333333333,0.803571428571429,0.818181818181818,0,NA,-3.84504405733798,0.60005948646442,-0.868796209125297,0.668525878027666,-1.13201245002174,0.720840084852658,0.0957308433017245,0.0618434511951375,0.0846362363561589,0.0167249325664818,-1.06598691775869,0.240582590451034,0.936500296517235,0.208945953884753,0.531982908721594,0.114173835766235,-0.199895909890302,0.0484027078830776,-0.0290824032717969,0.00543240808972197,-0.546015443311584,0.328257045122218,-1.50577578864952,0.249513261308833,0.387866053335367,0.143586137001249,-0.163217220086668,0.0209060253730659,0.88384100548964,0.118818389957903,-0.372441796435435,0.0493173176138424,-0.506344733829361,0.0554188294651942,-0.756514934228528,0.377394821490705,-2.43823112395986,0.313955914402975,0.837733432167897,0.124887102065652,-0.37052892287225,0.0522663899222834,2.58897001184158,0.298345461913706,-1172.94936247488,-2059.39869749597,0.430440854458599,TRUE,NA
"whalen","CVAE",5,0,2276,1176,0.659420289855073,0.563679704313216,-217.192148673823,-0.786928074905156,0.607177777153408,0.286357540068342,276,0.146341463414634,0.6,0.235294117647059,0.879310344827586,0.71830985915493,0.790697674418605,0.564516129032258,0.514705882352941,0.538461538461538,0.684210526315789,0.696428571428571,0.690265486725664,0,NA,-5.03429082499223,0.648852647451121,-2.10273553918952,0.70788134340024,-1.87830032941764,0.749626489004993,0.0599781427793803,0.0625816068603018,0.0665238069970337,0.0163329438176219,-0.738376566925348,0.242408410538581,1.1604940623537,0.230733549448087,0.820324661227109,0.132268812836391,-0.304189133952166,0.0573956227269302,-0.0265678497347944,0.00571128215783838,-0.231862788624179,0.342944478862396,-1.40702445676489,0.242659308569269,0.234324386662517,0.141244283578983,-0.150486479142931,0.0211332415389679,1.07169952812054,0.12550352235022,-0.427821206923209,0.0534222256171409,-0.554514912250945,0.0558075537499125,-0.585630622766179,0.380652953322624,-2.60923452766151,0.30181381587372,1.00966678457822,0.131254998757005,-0.424397318699566,0.0560381026991269,2.7405600534624,0.319918382963557,-1105.80031307415,-2026.58521393834,0.454352915698421,TRUE,NA
"whalen","CVAE",5,1,2272,1171,0.661818181818182,0.588992078485963,-200.460258895962,-0.728946395985316,0.61118521499992,0.233605994580952,275,0.195121951219512,0.888888888888889,0.32,0.798387096774194,0.692307692307692,0.741573033707865,0.60377358490566,0.477611940298507,0.533333333333333,0.754385964912281,0.767857142857143,0.761061946902655,0,NA,-4.06864717841528,0.606668117862097,-0.977326309849446,0.621013753723978,-1.58610464843339,0.698270258573549,-0.241490318946215,0.0422690190325686,0.107105720346006,0.0198323141805114,-0.919641946366598,0.264615554606593,1.43757487116235,0.240713102251805,0.147413498552644,0.0828011911752431,-0.055083111029449,0.0327172762381437,-0.0366653241169979,0.00546244942380668,-0.151415980332727,0.260396658973563,-1.16491598134991,0.191573351827993,0.477464836853176,0.13444911454564,-0.157240156638959,0.0235880458953417,0.482080211782856,0.0838572454960057,-0.211654163262833,0.0330521488157729,-0.564134462729631,0.0581588609049378,-0.27375295413541,0.331744215847514,-1.93631611893559,0.262106910132698,0.488292674985989,0.0919340969696437,-0.222150828999252,0.0365891482012041,2.63979722566363,0.365269038296079,-1198.51487254879,-2031.55502723792,0.410050499996411,TRUE,NA
"whalen","CVAE",5,2,2276,1175,0.629090909090909,0.575133723349325,-216.048308948121,-0.785630214356803,0.615766686272117,0.292305524624137,275,0.225,1,0.36734693877551,0.83495145631068,0.605633802816901,0.702040816326531,0.52112676056338,0.552238805970149,0.536231884057971,0.672131147540984,0.719298245614035,0.694915254237288,0,NA,-3.75315045927198,0.603947176232497,-0.302802452020072,0.623321222213883,-0.807869501561627,0.705077236262089,-0.026572740475724,0.0501429679128564,0.100803906488938,0.0164527630222986,-0.863929071565222,0.247921188760422,0.824554610071274,0.232621770956281,0.285498115894158,0.0901822245686801,-0.0975902729388135,0.0366420259581199,-0.0268919405565288,0.00592843567818143,0.032869419512047,0.285164610542161,-1.70793366726447,0.228888931674634,0.512203970352434,0.147908584781983,-0.196293303117842,0.025097660930231,0.63192450668917,0.0933614677035942,-0.271236902530698,0.0378132312018082,-0.544638826254112,0.0525898934824439,-0.580643609578884,0.337189325267156,-2.75052209346451,0.301816134603017,0.569384462466167,0.101390274550983,-0.243261260945195,0.0417652591180095,2.73596675077981,0.352746801042447,-1154.24792792069,-2043.18009317164,0.435072839747111,TRUE,NA
"whalen","CVAE",5,3,2276,1175,0.690909090909091,0.60576801195556,-200.665900151191,-0.729694182367966,0.624936593691558,0.209353393037512,275,0.235294117647059,0.8,0.363636363636364,0.837209302325581,0.76056338028169,0.797047970479705,0.596153846153846,0.462686567164179,0.521008403361345,0.716666666666667,0.767857142857143,0.741379310344828,0,NA,-4.03856625608048,0.776151177760698,-1.84622008769265,0.822767019341719,-2.14393770991044,0.844176080051165,0.26346302612513,0.0891013084618521,0.0634413923979467,0.0168288913602177,-1.21158904825658,0.272317967449599,0.921734006249025,0.220537532918748,0.619496100446194,0.129323543694905,-0.216732261069195,0.053671408381135,-0.031828822963232,0.005417565814975,-0.709694039234147,0.338887348843802,-1.72306095591031,0.25950912439841,0.380088248386353,0.136573306379589,-0.128134871442745,0.0201025221191854,0.976376952659927,0.133856939697365,-0.374856123898625,0.0544348598319773,-0.518764826903853,0.0557760706684244,-1.09414542118802,0.374422977185437,-3.02182361882987,0.311294706254185,0.964272577646106,0.138380977983485,-0.369801270627617,0.0565864702334594,2.75437625372944,0.350438181866243,-1192.40452801989,-2041.21843466562,0.415836880674054,TRUE,NA
"whalen","CVAE",5,4,2276,1175,0.687272727272727,0.616084018261108,-204.84861880828,-0.744904068393745,0.61034919248185,0.251252563674898,275,0.275862068965517,0.8,0.41025641025641,0.857142857142857,0.71830985915493,0.781609195402299,0.569230769230769,0.552238805970149,0.560606060606061,0.67741935483871,0.75,0.711864406779661,0,NA,-3.53613517435397,0.720291125067469,-0.844017674556843,0.752515003713961,-1.75341688718901,0.856545118610106,0.261603312283058,0.0693693684783238,0.0686566950650854,0.0160842888723912,-0.601469250156655,0.252334510598277,0.66476136391212,0.225695738017057,0.650731919264768,0.12884776790809,-0.243348243470835,0.0543697991128046,-0.0300331183025514,0.00554454398393235,-0.302740121224478,0.395113129976948,-1.90003821152944,0.274077177251523,0.489551440407138,0.141688298553549,-0.14063789389299,0.0181898953006259,1.02822024774682,0.134503790820469,-0.428247782248698,0.0559755006331256,-0.438474218934134,0.0532587386151844,-0.618944682756255,0.434509394656661,-2.8736478707168,0.333379821243777,1.01134973248763,0.139867820094162,-0.410329498675494,0.0579691958814438,2.60233833412972,0.313363133300462,-1182.89695473182,-2038.31660000672,0.419669665287559,TRUE,NA
"whalen","CVAE",6,0,2276,1176,0.684782608695652,0.585267867560452,-189.192209968269,-0.685479021624164,0.636673157566621,0.19835248659295,276,0.260869565217391,0.6,0.363636363636364,0.830882352941177,0.795774647887324,0.81294964028777,0.537037037037037,0.426470588235294,0.475409836065574,0.650793650793651,0.732142857142857,0.689075630252101,0,NA,-2.93558946852814,0.624644896740157,-0.253076948053403,0.64893089156181,-0.598117771060251,0.734306859217309,0.197362163394534,0.058906046972562,0.0632564301192504,0.0151811161866555,-0.823761828308404,0.266802583128375,0.681653449569371,0.227876231972691,0.728817755827851,0.140524431502229,-0.307060641248545,0.0610407197314449,-0.0247095903411354,0.00511541294418924,-0.181459766903668,0.360080001765436,-1.6673097087695,0.267613048731474,0.471930060083997,0.137429524262097,-0.139583416591483,0.0184525356581736,1.00095394957317,0.141621614094075,-0.446079847247884,0.0612397067330686,-0.477777831899339,0.0554737335332711,-0.702084197082039,0.386161017355657,-2.91100378858752,0.324563018433656,1.01313654611576,0.146385788154374,-0.452629257310078,0.0635651948658624,2.4178102906977,0.301032490191264,-1216.59331551182,-2048.68670564836,0.406159413170599,TRUE,NA
"whalen","CVAE",6,1,2272,1171,0.643636363636364,0.544974165373516,-230.413087421214,-0.837865772440778,0.60369557912517,0.212867879005384,275,0.206896551724138,0.666666666666667,0.315789473684211,0.823076923076923,0.748251748251748,0.783882783882784,0.456140350877193,0.388059701492537,0.419354838709677,0.644067796610169,0.678571428571429,0.660869565217391,0,NA,-4.13953735031457,0.614909351447462,-0.776820936132905,0.67104754838694,-0.641737923251992,0.74664037830584,0.0271524850895024,0.0477672388322162,0.108610569016195,0.0197276690078506,-0.467842314372144,0.255353693880015,0.826525507697985,0.238791780883649,0.534347045685776,0.109048683151982,-0.203499161842657,0.0454978111554841,-0.0241593107292802,0.00595355328771566,0.131353963927745,0.325324557233628,-1.81117584700188,0.234257515733593,0.349615763658718,0.145570294725837,-0.176279445551965,0.0253170647357196,0.867334455119662,0.109810420413642,-0.366815439121285,0.0444431686143688,-0.687575518293971,0.0659335628211306,-0.406649866394893,0.379006634589666,-3.19481549960848,0.319053620759852,0.751891907449951,0.117154517287538,-0.309117182537309,0.0478962246035319,3.34761912644095,0.448052704267892,-1128.88738682517,-2049.24851875989,0.449121286905543,TRUE,NA
"whalen","CVAE",6,2,2276,1175,0.687272727272727,0.610962594389674,-195.103063935926,-0.709465687039732,0.614792843493163,0.351335555396179,275,0.212121212121212,0.777777777777778,0.333333333333333,0.895238095238095,0.661971830985915,0.761133603238866,0.59375,0.567164179104478,0.580152671755725,0.684931506849315,0.87719298245614,0.769230769230769,0,NA,-2.92299049286726,0.773696773866812,-0.372078749411621,0.789383667240008,-0.295209155794092,0.829031346364946,0.267302695128039,0.101027184754886,0.0455584783689632,0.0143096695386167,-0.95472578189555,0.271392503996981,0.794535274988826,0.241512199012696,0.391139451669867,0.105674755495998,-0.139579052805641,0.0432209101751022,-0.0339660426151308,0.00510036688065293,-0.125503171913722,0.334920636529743,-1.86636621933134,0.270932161012625,0.423119746373001,0.134838990284785,-0.104354494780495,0.0175533597155397,0.708731472331434,0.110560913009811,-0.300236271295921,0.0447772668781267,-0.449830011537986,0.051325681239948,-0.378300829282258,0.374062937237956,-2.87703197516319,0.315452627504321,0.664743980293437,0.116110349239481,-0.297913926751371,0.0478644718297076,2.70839535291093,0.318697635483488,-1258.85118690014,-2040.63160761971,0.383107082042837,TRUE,NA
"whalen","CVAE",6,3,2276,1175,0.672727272727273,0.583597883597884,-200.760266173762,-0.730037331540955,0.605820783412013,0.251263700399293,275,0.176470588235294,0.6,0.272727272727273,0.8046875,0.725352112676056,0.762962962962963,0.610169491525424,0.537313432835821,0.571428571428572,0.740740740740741,0.714285714285714,0.727272727272727,0,NA,-2.24197099045313,0.7571190756303,-0.164809338382089,0.828181627096962,-1.10998104570999,0.875506838247511,0.398940177962807,0.0967207460424311,0.041681169544503,0.0151593010914653,-1.10997893205952,0.247919605858289,0.552177297993352,0.224617207334306,0.741681618855315,0.163065056772777,-0.309416900750826,0.0700826162077334,-0.0423565431850353,0.00522478482849793,-0.883378431759393,0.39264608168735,-2.1125006802957,0.292644717131865,0.448815304324007,0.140291954904598,-0.116442151343709,0.0184612487662583,1.07795596957688,0.167140269806908,-0.460733311074228,0.0709629512335284,-0.440881295380143,0.0497016245727731,-1.05970253374022,0.424199136817455,-3.07011225927382,0.328882223977892,1.06879369307393,0.171279811762814,-0.455002642398932,0.0729376241893296,2.70198414333597,0.345972282310972,-1161.92918159121,-2053.45951784439,0.434160171411152,TRUE,NA
"whalen","CVAE",6,4,2276,1175,0.672727272727273,0.562769871446678,-212.153733632919,-0.771468122301523,0.616185624242896,0.23934959074972,275,0.125,0.4,0.19047619047619,0.851239669421488,0.725352112676056,0.783269961977186,0.586206896551724,0.507462686567164,0.544,0.6875,0.785714285714286,0.733333333333333,0,NA,-4.49878565706604,0.778771864062969,-1.22054399788518,0.814943976042869,-1.5776645448129,0.868111452212009,0.265323090704379,0.0865984317300562,0.0699664736392224,0.0174898768788151,-0.846313569357916,0.233557875853231,1.06756333570774,0.222440670610982,0.713213980391107,0.134086848702067,-0.247438922752888,0.0553863235234242,-0.0377892080737482,0.00548283420208317,-0.776097404659965,0.401803682644221,-1.82947243722986,0.296495701125177,0.314529727222704,0.142930989740119,-0.149987493897283,0.0202445670934639,1.03413071891246,0.134458248107772,-0.405717903790148,0.0549188998981186,-0.630644847001048,0.0581775548945914,-1.24123761361614,0.434254058404023,-2.92897739749953,0.336218577602721,1.06501468830539,0.140050051022429,-0.430776782515513,0.0573306851300674,2.40024902697976,0.298558707286724,-1133.09153995775,-2064.04017562296,0.451032226339411,TRUE,NA
"whalen","CVAE",7,0,2276,1176,0.731884057971015,0.637020661346829,-188.912182669583,-0.684464429962257,0.639555477790295,0.217260002446343,276,0.269230769230769,0.7,0.388888888888889,0.87218045112782,0.816901408450704,0.843636363636364,0.618181818181818,0.5,0.552845528455285,0.725806451612903,0.803571428571429,0.76271186440678,0,NA,-1.86189751774122,0.75635498527981,0.341728161416463,0.787299606253533,0.576128666395221,0.834645976103166,0.514678858301344,0.125178147883562,0.0510160673408153,0.0143190604935158,-1.01506504945119,0.260115466070341,0.512702709991643,0.207654270876195,0.522387436646314,0.12478396599139,-0.207631072614583,0.0522631442650476,-0.0286646580806987,0.00552508324208816,-0.858705771509889,0.399081938345747,-2.22515637269486,0.294582724510639,0.442279102952978,0.138939284914697,-0.121324075632796,0.0190552563365964,0.882037687402624,0.132367080870403,-0.371822837952032,0.055269596876239,-0.4082678316897,0.0546007161769499,-1.22129030291776,0.423029336974449,-3.26942723882989,0.329927052157152,0.777705520069632,0.137847840941534,-0.344334850856736,0.0578482115875187,2.86537017118094,0.353583539526483,-1187.74589859672,-2038.86486208487,0.417447462711103,TRUE,NA
"whalen","CVAE",7,1,2272,1171,0.629090909090909,0.569263511692511,-221.905127928227,-0.806927737920827,0.589717427284047,0.288367256506978,275,0.210526315789474,0.888888888888889,0.340425531914894,0.810810810810811,0.629370629370629,0.708661417322835,0.492957746478873,0.522388059701492,0.507246376811594,0.727272727272727,0.714285714285714,0.720720720720721,0,NA,-4.35497325129752,0.690209224205325,-0.874293154554063,0.700061169158239,-1.45259592513541,0.791925956974482,0.0134571481677608,0.0565402176165795,0.0847867427671639,0.0155135640468307,-0.913699219664834,0.282204201731249,1.07448710262955,0.233694791225677,0.408831565983115,0.104338462259229,-0.141443263036233,0.0422007316734459,-0.0344477090213368,0.00537394383969243,0.019510646925547,0.291775115501044,-1.60311544922795,0.226626932313663,0.519286695693383,0.139427772190594,-0.160583936584147,0.0204318674618753,0.696084058792687,0.106554185961859,-0.291056926993952,0.042895014736984,-0.578064187159264,0.0630099603325183,-0.230185596983455,0.356573750378551,-2.61143921040626,0.313150325230698,0.69972671909558,0.113236189112447,-0.299733191779167,0.0454999929780636,2.48720916001865,0.292166990003165,-1185.85818018841,-2046.94706218027,0.420669834555801,TRUE,NA
"whalen","CVAE",7,2,2276,1175,0.669090909090909,0.586098696518034,-188.426556009184,-0.685187476397033,0.619173485322175,0.27320148775219,275,0.233333333333333,0.777777777777778,0.358974358974359,0.870689655172414,0.711267605633803,0.782945736434108,0.516666666666667,0.462686567164179,0.488188976377953,0.652173913043478,0.789473684210526,0.714285714285714,0,NA,-3.30648201374964,0.685146330558441,-0.610784013953997,0.719002453483954,-0.671808350764186,0.779998990658467,0.211249448381914,0.0727301183401004,0.0644880860938921,0.016048708596808,-0.785214130077078,0.269371149160032,0.390825141706052,0.229855177065578,0.643235879635851,0.118941826645571,-0.248167243527911,0.0509021953990933,-0.0349705867944754,0.00522758733408282,-0.134028581813682,0.341500582618791,-1.98133838371336,0.273855996701345,0.379704460425046,0.134913036021434,-0.127000861893806,0.0191841301237798,0.924556373379404,0.118906690015115,-0.386776287671509,0.0497468326208595,-0.511364926850701,0.0565787390960793,-0.472192273101671,0.36467098051208,-3.20486169876027,0.327279955688105,0.919846772771368,0.124226050313832,-0.402758801509138,0.052323291935524,2.22537283792899,0.287762630005035,-1227.10971230632,-2040.8692618234,0.398731836839972,TRUE,NA
"whalen","CVAE",7,3,2276,1175,0.661818181818182,0.600249291494428,-209.754271694662,-0.762742806162406,0.605176752770127,0.3044476786952,275,0.238095238095238,1,0.384615384615385,0.834782608695652,0.676056338028169,0.747081712062257,0.603174603174603,0.567164179104478,0.584615384615385,0.690909090909091,0.678571428571429,0.684684684684685,0,NA,-4.63576493535857,0.650062092207983,-1.27634053169825,0.67877233653003,-1.86164953258855,0.720975782769309,-0.00389496575397216,0.0594178889586773,0.0850689881122462,0.0188326147703876,-0.89245641793046,0.269569469051371,1.37638607541699,0.249303236987353,0.539571605880799,0.128397655658181,-0.204283238355836,0.0548143526249401,-0.029204923529767,0.0056275161707675,-0.569815298670398,0.342927029662315,-1.48139231279582,0.234837282979854,0.43213890375216,0.136794362930435,-0.153166157705311,0.0222681616972938,0.857947239677975,0.124177713836992,-0.363463095962596,0.052077936572817,-0.601256719260603,0.0578083081202563,-0.946592926323794,0.378309240610864,-2.55529135062752,0.295785863048338,0.837226296900724,0.129477530476851,-0.342714177866595,0.0549630538600712,2.54860557441069,0.324196000598816,-1179.46667018141,-2052.24312252006,0.425279267724832,TRUE,NA
"whalen","CVAE",7,4,2276,1175,0.650909090909091,0.506547676922008,-216.627076786609,-0.787734824678579,0.605497201176699,0.2114239893998,275,0.04,0.1,0.0571428571428571,0.796992481203007,0.746478873239437,0.770909090909091,0.557692307692308,0.432835820895522,0.487394957983193,0.661538461538462,0.767857142857143,0.710743801652893,0,NA,-5.923578683985,0.77407326536873,-2.49430887358735,0.811186535785422,-3.18275121277353,0.842550503955822,0.137547342462587,0.0631517869073934,0.0762614138227377,0.0177923345622858,-0.791859516713366,0.257509625478546,0.966170594837535,0.229132634376004,0.93797391575338,0.13768537538456,-0.313510628372386,0.0581981607357849,-0.0343703539734774,0.00526955645860864,0.10234811455662,0.310468087636677,-1.44658992284346,0.243545178010564,0.279595594816645,0.136992155377306,-0.135650960585775,0.0197978752536609,1.17497433179824,0.140069406598447,-0.450422420065952,0.0577288930396654,-0.520561865132439,0.0553819906157281,-0.117669319978085,0.354617525403119,-2.53687117450525,0.303334112913982,1.19627303387998,0.145057098354118,-0.459703960967234,0.0600939249591941,3.13738591719169,0.354106792858399,-1167.16989595903,-2068.02915966952,0.435612457154353,TRUE,NA
"whalen","CVAE",8,0,2276,1176,0.692028985507246,0.618109898414067,-202.102815696303,-0.732256578609795,0.639596800393818,0.153110186439968,276,0.32,0.8,0.457142857142857,0.822222222222222,0.78169014084507,0.8014440433213,0.525423728813559,0.455882352941176,0.488188976377953,0.719298245614035,0.732142857142857,0.725663716814159,0,NA,-5.32883596195161,0.615425543405948,-2.09314785871555,0.750677529747541,-2.76278844165461,0.76289198524779,-0.0803778325729376,0.0454002752838166,0.109203769665007,0.0193948610037012,-0.952227262495501,0.228674836950419,0.959502182636213,0.219009280915601,0.473471186790991,0.0969859364570051,-0.130941149191503,0.0380004746363012,-0.0281677921778772,0.00590305267602686,-0.864132945468604,0.322796339124409,-1.7834455971626,0.240814505752794,0.674876820741322,0.147918119575071,-0.182945082400549,0.0252490157451943,0.868682212187892,0.106330662419931,-0.322800709384338,0.0414181995206802,-0.553678445218236,0.0601834482417842,-1.01651478773371,0.363408769343967,-2.86462906533828,0.309787279974637,0.849952097106052,0.112984950711626,-0.313299164973271,0.0447477510247959,2.83254424071673,0.319353757007818,-1079.97054214679,-2041.25908776576,0.470929217844237,TRUE,NA
"whalen","CVAE",8,1,2272,1171,0.632727272727273,0.547297789571351,-217.535156859346,-0.791036934033987,0.608685371007917,0.264054108773208,275,0.153846153846154,0.666666666666667,0.25,0.827586206896552,0.671328671328671,0.741312741312741,0.516129032258065,0.477611940298507,0.496124031007752,0.689655172413793,0.714285714285714,0.701754385964912,0,NA,-5.57232548415848,0.658010766553708,-2.0872000730102,0.731156879929232,-2.59705728835863,0.796305420999176,-0.0844648693429938,0.0473406735501773,0.107993592984822,0.0193809498006981,-0.887521647705796,0.283856005854949,1.05722299530255,0.238871330042728,0.47741658684834,0.101328937640726,-0.140080998068678,0.0411519257118029,-0.0287385816211025,0.00573940985821706,0.150555304344258,0.286928184707114,-1.51678061069508,0.216489402416703,0.411840685677336,0.141110266910448,-0.177454373163897,0.0243376289838415,0.795183563495892,0.106970140702367,-0.297001710664077,0.0420678740420057,-0.67516131867204,0.0624813615551353,-0.429375288845985,0.344388870238315,-2.64253748679708,0.292633079136849,0.78923009220702,0.112722301474934,-0.281922965703807,0.0442387005501708,2.81485338005894,0.329951874220426,-1179.81489895986,-2062.86443339877,0.428069591070508,TRUE,NA
"whalen","CVAE",8,2,2276,1175,0.709090909090909,0.606232583206267,-198.065348825401,-0.720237632092368,0.63467257456552,0.270753463333597,275,0.185185185185185,0.555555555555556,0.277777777777778,0.877049180327869,0.753521126760563,0.810606060606061,0.606060606060606,0.597014925373134,0.601503759398496,0.716666666666667,0.754385964912281,0.735042735042735,0,NA,-3.83483157323631,0.557290022823639,-0.637470647459241,0.609069363715361,-1.56926042697514,0.683072217364015,-0.00526888993981288,0.0462619264545242,0.0789379922659297,0.0169796818703937,-0.958708812714584,0.252963779818735,0.998419929616869,0.240739465470251,0.713494151647674,0.131104435970061,-0.297096650832904,0.0566473061251599,-0.0328372360449956,0.00539744993391028,-0.399747052101594,0.299939200152043,-1.67283522499705,0.217402671469082,0.374712444538297,0.136199500284585,-0.157861981110495,0.0217181985345279,1.05182825128301,0.124417873429202,-0.465157441887715,0.0526964537456916,-0.504587810166603,0.0524340631757835,-0.513965166995972,0.347168134464093,-2.48781092004935,0.294352909350387,1.02637850140034,0.130048424779762,-0.445501423489511,0.0557006266555126,2.4559095127382,0.329149663042517,-1164.02884459454,-2070.267037347,0.437739758400339,TRUE,NA
"whalen","CVAE",8,3,2276,1175,0.650909090909091,0.57852785967611,-238.203822366192,-0.866195717695244,0.585062151608711,0.218598336135946,275,0.257142857142857,0.9,0.4,0.803149606299213,0.71830985915493,0.758364312267658,0.547169811320755,0.432835820895522,0.483333333333333,0.65,0.696428571428571,0.672413793103448,0,NA,-4.93394049228137,0.80687618429185,-1.68116885367501,0.793289662377752,-1.52849867197687,0.843561849627221,0.185602617767275,0.103335619982889,0.0820517684761882,0.0169918692422784,-1.09238859850702,0.264801270713892,1.04258033810026,0.220209893429099,0.661878704229762,0.130911889831026,-0.225944369443781,0.0545329706144026,-0.031222443175627,0.00557637351296073,-0.184311433872254,0.307548231433172,-1.47756011121877,0.245464443108708,0.390991109347605,0.142137856022227,-0.151443593119641,0.0194332146253492,0.918525111779149,0.134974260904691,-0.36046370048857,0.0557234410756606,-0.584118539463288,0.0622952295073989,-0.678418745614899,0.357552265637911,-2.73930748807019,0.31581021535259,0.865609237674341,0.140944504049701,-0.355955885413793,0.0582600299569626,2.61685638366402,0.374291854096019,-1140.65513954835,-2039.1660951907,0.440626664871219,TRUE,NA
"whalen","CVAE",8,4,2276,1175,0.614545454545455,0.563696470723801,-201.36722814425,-0.73224446597909,0.598013225897331,0.332979463218469,275,0.188679245283019,1,0.317460317460317,0.854166666666667,0.577464788732394,0.689075630252101,0.545454545454545,0.537313432835821,0.541353383458647,0.683333333333333,0.732142857142857,0.706896551724138,0,NA,-4.46422292235521,0.654249474711396,-1.46670939834817,0.691933603085355,-1.4278503137254,0.737706545950629,-0.00629694044105878,0.0564053921033989,0.090326364077093,0.0159727996035727,-0.69190079766179,0.262720065693224,1.22709501654364,0.245348252339708,0.322744882474499,0.0967399109910316,-0.101268637128881,0.038347952914522,-0.0293398334597715,0.00546369560552327,0.0515538399294408,0.279173730463613,-1.54863414407055,0.221528383140058,0.403648503540456,0.136893396429118,-0.153156489821068,0.0225482652694622,0.684632402895102,0.100097260831923,-0.269687577214855,0.0394310792829645,-0.512851328521405,0.0557316153555566,-0.461640848828436,0.331448231391518,-2.50997514710435,0.294276712533423,0.609058183525985,0.10605859536321,-0.254907135405221,0.0423248486793707,2.67594261843765,0.342152510844536,-1194.13371887264,-2044.4371415961,0.415910768506007,TRUE,NA
"whalen","CVAE",9,0,2276,1176,0.670289855072464,0.600219681893214,-194.032165735213,-0.703015093243525,0.615496617879342,0.29764575325194,276,0.225,0.9,0.36,0.858407079646018,0.683098591549296,0.76078431372549,0.607142857142857,0.5,0.548387096774194,0.671641791044776,0.803571428571429,0.731707317073171,0,NA,-4.74109854118483,0.672996364717053,-1.62814249984916,0.697209337040097,-1.8537046653294,0.733607494333702,-0.00970306225270858,0.0552763798164454,0.0843097533909927,0.0182049512954382,-0.67954691656203,0.24006387363919,1.07654218423348,0.226483368463116,0.560213883420471,0.127454499652969,-0.203590785657798,0.0539110557704296,-0.0319119480562257,0.00538438097177895,0.0515811648350384,0.278817206619259,-1.30587280830072,0.222856868472816,0.61373698715085,0.134736556487037,-0.133776490939782,0.0207044371926694,0.829986151262076,0.127135202859452,-0.347900014661019,0.0528256102764937,-0.503900603344086,0.0509957102676668,-0.236464620383097,0.327754044482507,-2.28249448275751,0.28089324130776,0.810261029837423,0.131975689862626,-0.345166298963471,0.0554051447211404,2.8034059440827,0.36459203638961,-1214.28298774681,-2041.85946584504,0.405305307216986,TRUE,NA
"whalen","CVAE",9,1,2272,1171,0.701818181818182,0.627337513549629,-189.416826804363,-0.688788461106775,0.628473904639628,0.269494995394791,275,0.235294117647059,0.888888888888889,0.372093023255814,0.858333333333333,0.72027972027972,0.783269961977186,0.60655737704918,0.552238805970149,0.578125,0.75,0.803571428571429,0.775862068965517,0,NA,-4.56978361320118,0.736640380583349,-1.74795018288702,0.765692530670097,-2.51385120250499,0.799726915544735,0.132582673018046,0.0844959465329966,0.070687867479579,0.0183405960930242,-1.131433978339,0.25781899338408,1.05662294196876,0.215732850871496,0.652661486669759,0.130852232226005,-0.231814220190579,0.055100332514166,-0.0366082556393429,0.00525427501885358,-0.669552301026364,0.339091318608226,-1.25043483877652,0.251086372414964,0.385851834454384,0.136074302017015,-0.134148283067151,0.0216617998478589,0.915591415026668,0.130826962302676,-0.363990123040097,0.0542644857782444,-0.522669352349381,0.051475180930796,-1.0002869709165,0.382871723223578,-2.47017127517426,0.300049281698877,0.958996529747844,0.135902514449176,-0.377664561721353,0.0566632242896828,2.55343583527654,0.308484355483703,-1194.7261392087,-2032.83500146438,0.412285729856056,TRUE,NA
"whalen","CVAE",9,2,2276,1175,0.64,0.542289402173913,-222.131801394708,-0.807752005071666,0.6169060663153,0.153814814124786,275,0.217391304347826,0.555555555555556,0.3125,0.791044776119403,0.746478873239437,0.768115942028985,0.442622950819672,0.402985074626866,0.421875,0.666666666666667,0.666666666666667,0.666666666666667,0,NA,-5.70383175160047,0.647363939488222,-1.94589005823608,0.709208286124567,-2.24127163518397,0.767058530143451,-0.0110378903302997,0.0469823273767787,0.104592260468443,0.020523065583387,-0.850996306006184,0.277112028780485,1.08926870164051,0.247528831913361,0.643565284456476,0.103993184355618,-0.203669097739665,0.0435140827424081,-0.031678590528116,0.00590668318110645,-0.364001256467066,0.323185072425709,-1.79627688732694,0.225502233060737,0.385869969351881,0.142114555014346,-0.17555382925425,0.0244658180684952,1.00159194667053,0.105612796183889,-0.388726795653141,0.042593411865296,-0.579512972282172,0.0628337228234636,-0.731674503442923,0.369855593474391,-2.72857894726806,0.299789225799342,0.895375397386511,0.113741165077562,-0.345539230472339,0.0462243133568356,2.74892473639423,0.36990287709428,-1122.86031724052,-2057.79038809692,0.454336883029685,TRUE,NA
"whalen","CVAE",9,3,2276,1175,0.632727272727273,0.552022542862293,-240.274041635869,-0.873723787766797,0.5943335138487,0.214844896486438,275,0.216216216216216,0.8,0.340425531914894,0.813008130081301,0.704225352112676,0.754716981132075,0.5,0.402985074626866,0.446280991735537,0.639344262295082,0.696428571428571,0.666666666666667,0,NA,-4.83190601155918,0.642152323896294,-1.69749663724356,0.674208553075753,-1.43087942916494,0.752482944750649,-0.012442849065153,0.0563166481195262,0.0964416275240297,0.0165591151472837,-0.849072003099439,0.265272101309904,1.23749715855855,0.230012950835686,0.544827399065489,0.114927471606323,-0.196406555812331,0.0481433117332398,-0.0267956678416359,0.00578387182671038,-0.406927491237487,0.278006954494017,-1.60056961876774,0.222323852316575,0.581293356580982,0.143859879437147,-0.165627027654571,0.0228486619609215,0.927207815579399,0.117279493258108,-0.380757550175127,0.0484653319594931,-0.605040457644018,0.0624606413832259,-0.803154959550414,0.343980660203779,-2.71236119620551,0.314541708568095,0.833197175510111,0.123673306815956,-0.353976199224423,0.051042633599681,2.54494750966041,0.313335931940688,-1126.81363387124,-2053.42095287663,0.451250542518963,TRUE,NA
"whalen","CVAE",9,4,2276,1175,0.647272727272727,0.555858901360668,-209.942467153019,-0.763427153283707,0.603232831102428,0.329328469267884,275,0.157894736842105,0.6,0.25,0.882882882882883,0.690140845070423,0.774703557312253,0.515625,0.492537313432836,0.50381679389313,0.661290322580645,0.732142857142857,0.694915254237288,0,NA,-4.50169904678256,0.691745802491371,-1.56996522085816,0.730349681748191,-2.19168697773767,0.786424010826642,0.087512735652814,0.057794007828611,0.0527121627868352,0.0149884826327006,-0.237072720911311,0.272620764449934,1.05861602263335,0.230204227938511,0.792632727657882,0.135639362325765,-0.304653719618757,0.0594106127082418,-0.0346489769693995,0.00505892297996082,0.326062144101928,0.351725694229605,-1.64689475248219,0.255445627333459,0.405619519252262,0.133750249375388,-0.141199151712667,0.0190183534042831,1.03646918741284,0.135499783313678,-0.425258381240357,0.0581715591715793,-0.45071726770005,0.0500212333362545,0.133955190358949,0.384761032784556,-2.510425957501,0.311533669381311,1.0220533738893,0.140420429787723,-0.423845510840674,0.060465127804577,2.08986373331808,0.263638491060696,-1218.29559823499,-2042.98518020047,0.403668900762441,TRUE,NA
"whalen","class_weights",0,0,1100,0,0.739130434782609,0.654630750605327,-173.648540386772,-0.629161378212942,0.63835356768051,0.20531783841583,276,0.346153846153846,0.9,0.5,0.876811594202899,0.852112676056338,0.864285714285714,0.62,0.455882352941176,0.525423728813559,0.693548387096774,0.767857142857143,0.728813559322034,0,NA,5.54408220990589,2.48926336424238,7.55476104060359,2.22457292051228,4.79076690310039,2.30011328135777,3.33061410651042,0.851589360014108,0.0253044405617212,0.0173158908936356,-0.487377767460999,1.23459372200811,-0.779670539959818,1.24051705090883,-0.0140050328580888,0.0948284215841965,0.00477357871459358,0.0393073564628793,-0.0174329827724552,0.00785528527944254,-1.08780647146727,0.994933701084022,-3.44262191813488,0.973153736477874,0.540353687545187,0.191514798748517,-0.0829904314861188,0.0149206840475131,0.204122005863185,0.0995328160942752,-0.100392778672773,0.039698345437286,0.439712894556466,0.229006514009524,-0.980349865905498,1.01864376759426,-3.8455994436714,1.01867887373716,0.245271918681624,0.105793502191786,-0.105820304698502,0.0434983674647387,2.51966438889179,0.449487534380591,-596.615828423068,-994.804269846876,0.400268126598511,TRUE,NA
"whalen","class_weights",0,1,1101,0,0.716363636363636,0.611546259903924,-169.660668744147,-0.616947886342352,0.633003705135779,0.22145528931545,275,0.2,0.666666666666667,0.307692307692308,0.862595419847328,0.79020979020979,0.824817518248175,0.64,0.477611940298507,0.547008547008547,0.71875,0.821428571428571,0.766666666666667,0,NA,5.4456810570588,2.77214708142654,7.59819861167868,2.61826529876881,5.00362999551347,2.70767929839404,3.48765225863066,1.08842922500254,0.0354518662652781,0.0156997350085025,-0.400706693266572,1.1898141544516,0.123370890205021,1.15025331593908,0.125129199282602,0.100916129411834,-0.0802106168588535,0.051187321669818,-0.0143844822733455,0.00759726789783692,-1.18597648983201,0.952798728010941,-2.71604986996998,0.886409945444798,0.40567809131472,0.185149571430652,-0.0850839990443417,0.01537017988777,0.345284316571536,0.100593078079252,-0.177132601927716,0.0478230737959306,0.389501707259478,0.233272798794406,-1.26726050993433,0.965408841344099,-3.07680109646438,0.918795695290729,0.361822320681786,0.106923965908918,-0.165439478605732,0.0512323041873807,2.54416622755549,0.478208374611428,-587.765242701615,-991.792190982227,0.407370568103063,TRUE,NA
"whalen","class_weights",0,2,1101,0,0.687272727272727,0.607740136611556,-165.658054782229,-0.602392926480834,0.618868478750902,0.301439998712568,275,0.236842105263158,1,0.382978723404255,0.905172413793103,0.73943661971831,0.813953488372093,0.548387096774194,0.507462686567164,0.527131782945736,0.694915254237288,0.719298245614035,0.706896551724138,0,NA,5.06167368449984,2.39253908183379,7.15847388446863,2.10189320601254,4.92639273140965,2.18359121244655,2.9973809782691,0.759427742015243,0.0158346087443577,0.0144176428287124,-1.11531651272657,1.16974992558985,-0.72678600574623,1.20647824335011,0.0431953618112129,0.0881999897086024,-0.0271417505188759,0.0384970714557072,-0.0239602617336792,0.00752996411384529,-1.77770404099096,0.898371081687039,-3.06208772810223,0.898269210439023,0.381512758344415,0.185088287723505,-0.0825526547550026,0.0146468204942942,0.213055339825582,0.0865346134061456,-0.117364697051022,0.0372568064288432,0.229609186601105,0.209808675940219,-1.53138868610047,0.923064611978103,-3.54779770942285,0.937813624552632,0.221012764570482,0.0928719785845487,-0.115763175910425,0.0408533316921289,2.44081967964577,0.442165998270862,-617.097233927699,-1000.59591849182,0.383270286712903,TRUE,NA
"whalen","class_weights",0,3,1101,0,0.730909090909091,0.651701318432176,-159.873159658485,-0.581356944212672,0.635165388275856,0.225812792348089,275,0.28125,0.9,0.428571428571429,0.876923076923077,0.802816901408451,0.838235294117647,0.596774193548387,0.552238805970149,0.573643410852713,0.803921568627451,0.732142857142857,0.766355140186916,0,NA,6.68363238843661,2.61306525033532,8.81272042007383,2.16408316189526,6.63467823115227,2.25372172342558,3.86963785364732,0.606501085228549,0.016658087704762,0.0173058053570386,-0.592268080158231,1.48993957456111,-0.659776705303989,1.49873957189972,0.115036039465994,0.102702126099259,-0.0666083767803795,0.0391779244967855,-0.0157846115754059,0.00747100540061967,-1.13490645983282,1.19134190408586,-3.06986872589866,1.12674459261948,0.41687056155338,0.189621515355403,-0.077736262380683,0.0143349883703606,0.246092971819772,0.103181642023021,-0.142360100886964,0.0398182620323172,0.316407638726299,0.227904813857892,-1.02983787136572,1.20435287751163,-3.51005513470868,1.16690335686207,0.24093518400687,0.109420538314351,-0.131291512904227,0.0433912141258396,2.42908078207082,0.440840793057122,-594.68345644478,-1002.59603627875,0.406856365947728,TRUE,NA
"whalen","class_weights",0,4,1101,0,0.738181818181818,0.658139164169155,-168.166254359467,-0.611513652216242,0.639486993622766,0.232666832675755,275,0.333333333333333,0.9,0.486486486486486,0.880597014925373,0.830985915492958,0.855072463768116,0.622950819672131,0.567164179104478,0.59375,0.716981132075472,0.678571428571429,0.697247706422018,0,NA,8.48234198237249,3.2466657267069,9.94517373750157,2.98373220867846,7.1767381644635,3.09097569413519,3.48452967883148,1.04060019778031,0.0129456863457671,0.016297148670664,-3.09339799240343,0.998505568349885,-2.88095702707325,1.01637371411588,0.0150928001661893,0.0901007285735209,-0.0252809242678471,0.040158721877177,-0.0183506602583036,0.00785816518396967,-3.31760039432838,0.974093837839522,-4.87879492812311,0.952121905616994,0.3546568327676,0.18950764566214,-0.109826048214069,0.0163438839500039,0.201331458771415,0.0921074430213072,-0.111264096349464,0.0386599425333316,0.309237937740773,0.243369144841883,-3.45696680723726,0.993704850597657,-5.03838888459479,0.997681138082692,0.209911300693821,0.0999262613989096,-0.0978238551897715,0.0426199024635812,2.50965795149078,0.419359508187848,-595.050552531128,-1004.63340527806,0.40769384194782,TRUE,NA
"whalen","class_weights",1,0,1100,0,0.731884057971015,0.646702512030654,-170.992853457699,-0.619539324122098,0.63974930954696,0.207496455975938,276,0.333333333333333,0.8,0.470588235294118,0.881481481481482,0.838028169014085,0.859205776173285,0.565789473684211,0.632352941176471,0.597222222222222,0.780487804878049,0.571428571428571,0.65979381443299,0,NA,6.65863537682177,2.38677833975796,9.10550143440371,2.06088783601073,7.02959269209211,2.1467972821267,4.18339545115399,0.660061149448545,0.0261010777592946,0.0143052169147347,-1.19580813866073,1.31684699249203,-0.532465975566565,1.34929155674138,0.176232839476962,0.0885108690015152,-0.07813893742004,0.0381269950302174,-0.0192499583091758,0.00728986732160026,-1.66142483510041,1.0561413847598,-3.22323554059943,1.04101950711648,0.370359223857487,0.199751796846892,-0.0912872669847264,0.0146688572694299,0.339109824026226,0.0955301643796599,-0.164172476271301,0.0395262760117606,0.121902896218199,0.211212405692159,-1.85925680953347,1.0696587526619,-3.90831211739168,1.06580644421347,0.347445441920208,0.101461394342326,-0.153759793075493,0.0428251285271019,2.89157080605431,0.473475807117461,-571.97383671141,-1004.93359373169,0.430834196130848,TRUE,NA
"whalen","class_weights",1,1,1101,0,0.749090909090909,0.660535052459831,-154.712996111774,-0.562592713133723,0.646661043488247,0.227664176482622,275,0.290322580645161,1,0.45,0.875912408759124,0.839160839160839,0.857142857142857,0.673913043478261,0.462686567164179,0.548672566371681,0.754098360655738,0.821428571428571,0.786324786324786,0,NA,5.00943033871727,2.3796647885374,7.42271421996402,2.09017922627915,4.94715771902575,2.18285914035119,3.0466114741885,0.757285900719964,0.023741221600745,0.0179035076009252,-0.900434057047124,1.15824172089937,-0.540201608653276,1.16485861367323,0.023061004615944,0.0857615786183971,-0.018809583055854,0.0371677098998653,-0.0215076999747354,0.0076757066709974,-1.72185069939512,0.931160149623308,-3.20888501298837,0.900458754507393,0.350995865082031,0.185707301882244,-0.0809486006503675,0.0148271049631958,0.197013755951428,0.0865406983679943,-0.112148897996612,0.036591377379004,0.26728114499693,0.229972789017518,-1.63598474061503,0.948009263668839,-3.44982288326257,0.941977473097273,0.220610750353713,0.0937437292990799,-0.108122453087079,0.0403931951952336,2.2563374364201,0.417109185101852,-622.301422342624,-1001.66663990273,0.378734004355928,TRUE,NA
"whalen","class_weights",1,2,1101,0,0.709090909090909,0.627457349883821,-171.761364531786,-0.624586780115587,0.615143207694433,0.247392390065173,275,0.3,1,0.461538461538462,0.884615384615385,0.809859154929577,0.845588235294118,0.524590163934426,0.477611940298507,0.5,0.722222222222222,0.684210526315789,0.702702702702703,0,NA,5.33538185718221,2.5353980531599,7.92596028102533,2.22783074753396,5.48522103155984,2.32632502139157,3.18878212482391,0.82154454321891,0.0229435572934273,0.0170311680672255,-0.729599906662954,1.19549530384151,-0.41453177969637,1.21041135270995,0.0280817758590809,0.0932588581334138,-0.0257662394882616,0.0404871865391358,-0.0186925972559905,0.00781158080585606,-1.94180600437477,0.866249724241571,-3.18721061838752,0.832900124042194,0.364194175153126,0.185659648111984,-0.0887526216076175,0.0157884738520464,0.200889837784175,0.0928301945993136,-0.11721831563583,0.0391771925978194,0.303628603680106,0.244573452159223,-1.64314901951437,0.897334427242532,-3.3167681913193,0.880390299662438,0.199551237530838,0.100143112622753,-0.109336812647487,0.0432063045269792,2.81024123727973,0.465198168831992,-597.988949334764,-993.685227335796,0.398210889238987,TRUE,NA
"whalen","class_weights",1,3,1101,0,0.723636363636364,0.640261639364939,-183.914229378598,-0.668779015922173,0.619647394225943,0.255835216739071,275,0.333333333333333,0.8,0.470588235294118,0.877862595419847,0.809859154929577,0.842490842490842,0.566037735849057,0.447761194029851,0.5,0.686567164179104,0.821428571428571,0.747967479674797,0,NA,4.87654306047255,2.26367167165815,6.47724664583839,2.08832839182534,3.64261132449324,2.16286948375965,3.21005600697209,0.866624168905063,0.0236079342398449,0.0166372141869316,-0.0934093259784985,1.24170788252805,-0.584635928479752,1.17917439611345,0.128899664757306,0.100031132979627,-0.0605255205876151,0.0420208647040596,-0.0201437687743379,0.00827130291368476,-0.711805585904992,0.96056633109987,-3.49094624278716,0.883673057745721,0.655553205392389,0.18990640157851,-0.0924010991908811,0.0148922390361247,0.39057862793346,0.100347116726689,-0.163619942732504,0.039912708405373,0.484740500105831,0.231921325624612,-0.890392566117926,0.989883712297849,-3.79424050556925,0.935695107853064,0.416023013775771,0.107731700948036,-0.161100760944137,0.0440627232830734,1.91994961490987,0.410627642932303,-589.203010594432,-992.61049555562,0.406410658327139,TRUE,NA
"whalen","class_weights",1,4,1101,0,0.741818181818182,0.652932146261826,-161.103608439118,-0.585831303414974,0.635109545058403,0.27684653738037,275,0.258064516129032,0.8,0.390243902439024,0.904,0.795774647887324,0.846441947565543,0.689655172413793,0.597014925373134,0.64,0.704918032786885,0.767857142857143,0.735042735042735,0,NA,9.81219176735281,3.78854521626812,10.7874264348647,3.55109601746739,8.18836214203137,3.64002013058203,3.76480688685825,1.21503059329598,0.010176003924223,0.0155726336611668,-2.87531850708069,1.00146685733314,-3.06840510958403,1.1131716267847,-0.0284179293719651,0.0855411040737948,-0.0280356225910367,0.0421803868598651,-0.012496011403709,0.00752137878642829,-2.6637103067627,1.00807579661742,-4.52224052982557,1.0713558996379,0.394724246993354,0.181592420807119,-0.0803733485385183,0.0157074053077537,0.125423653588424,0.087014045068764,-0.106728481940627,0.0406105684638373,0.4751422179515,0.229117181727482,-2.43680999785309,1.0198917847155,-5.01921466153659,1.11602336138489,0.13396673914863,0.0938667241938745,-0.0981097591913279,0.0439979205877162,2.54609761663813,0.485936110560887,-602.698397393479,-1001.58300522822,0.398254169402416,TRUE,NA
"whalen","class_weights",2,0,1100,0,0.713768115942029,0.62138615307929,-180.675234528127,-0.654620414956982,0.619831711382331,0.227261277639526,276,0.242424242424242,0.8,0.372093023255814,0.858208955223881,0.809859154929577,0.833333333333333,0.618181818181818,0.5,0.552845528455285,0.740740740740741,0.714285714285714,0.727272727272727,0,NA,8.37476938055431,3.35180826497098,9.29046743017476,3.10400221167283,6.40649736859575,3.19650697602871,3.5698557074226,1.14240742166767,0.005345194172901,0.0159766605269408,-2.86914351385869,0.952950148000333,-3.07902619593661,1.02089650284307,0.131276081072315,0.0962991650827536,-0.0701319582916418,0.0482936433187248,-0.0196262691846981,0.00809604287732711,-2.67459042866045,0.945727483063169,-4.72127276501562,0.966741241584974,0.391297052678374,0.186927079036898,-0.086419606182471,0.0140016088262448,0.303862526105973,0.101698957417253,-0.153650403245577,0.0467913665509665,0.361799978729995,0.246570911201238,-2.67098576466923,0.969240003438222,-5.12023505560062,1.01786053942659,0.334827623336873,0.10940184343642,-0.14641965464258,0.0505763344686986,2.79879178874124,0.472101133232991,-580.218446260646,-996.458713388314,0.417719531712762,TRUE,NA
"whalen","class_weights",2,1,1101,0,0.763636363636364,0.692451946801836,-150.408719112893,-0.546940796774155,0.645009926999533,0.21644885122585,275,0.4,0.888888888888889,0.551724137931035,0.86013986013986,0.86013986013986,0.86013986013986,0.627118644067797,0.552238805970149,0.587301587301587,0.792452830188679,0.75,0.770642201834862,0,NA,4.92474056854793,2.34510597548693,7.1475458412844,2.13442942426935,4.56003246855181,2.21898025920393,3.2241324814143,0.847139191508228,0.0243285179855082,0.0165379222664537,-0.389749247849735,1.10179712179429,-0.729498016246359,1.09683783226104,0.0927469151964617,0.0941869988073488,-0.0337304257122829,0.0387155383327271,-0.0189395091591299,0.0071974207464378,-1.09397089851134,0.920203385002403,-3.17631149921662,0.868710378174218,0.471609652401909,0.188363649869811,-0.0772528907599355,0.0145342006033418,0.248172507331103,0.0974827639182307,-0.119946013013565,0.0389501906347103,0.391130635706245,0.225707927211559,-1.15537662235477,0.949363742104337,-3.37925215098321,0.920320059374392,0.257208341579855,0.103705445538425,-0.110671406763089,0.0427695476535104,2.188549921695,0.397246194563869,-616.605786897568,-998.290312593999,0.382338204509514,TRUE,NA
"whalen","class_weights",2,2,1101,0,0.698181818181818,0.593452754094339,-180.277801005048,-0.655555640018355,0.625443200749372,0.253368009400168,275,0.260869565217391,0.666666666666667,0.375,0.871212121212121,0.809859154929577,0.839416058394161,0.557692307692308,0.432835820895522,0.487394957983193,0.617647058823529,0.736842105263158,0.672,0,NA,8.38105201557321,3.28811830646454,10.906688807344,2.57634497939493,8.63221425961975,2.65421080165569,4.64561481199786,0.719170542619128,0.0111146704309764,0.0154135284265243,-0.247103279386835,2.00398464960724,0.187657865338558,2.05777438150541,0.110312080615789,0.116286451725369,-0.0956904887187109,0.0429174925076916,-0.0142382993719372,0.00792696817288303,-1.39783847415128,1.42623600766935,-2.84394123892085,1.41986093258568,0.379040563467519,0.186453546700551,-0.0959423619427809,0.0165003349635811,0.268313323889153,0.111530024617859,-0.17303588007942,0.0416287373842805,0.35068271591615,0.225337742907526,-1.46586711164011,1.42919746643223,-3.27838097640767,1.44232669630921,0.258344790508143,0.116752141368104,-0.158609832798302,0.0448812324565106,3.16032866705917,0.631987565884279,-564.767102016614,-998.440100062645,0.434350541428395,TRUE,NA
"whalen","class_weights",2,3,1101,0,0.723636363636364,0.6481141448923,-167.381526917869,-0.608660097883161,0.631459221890806,0.234689879638687,275,0.294117647058824,1,0.454545454545455,0.8828125,0.795774647887324,0.837037037037037,0.6,0.537313432835821,0.566929133858268,0.754716981132076,0.714285714285714,0.733944954128441,0,NA,4.87510932866554,2.278290488446,7.63669125036514,2.07294235314734,5.36500504238434,2.16161828980473,3.12083535328823,0.776023100588504,0.0318689686928593,0.0157708089802547,-0.666613904340629,1.11617580877023,-0.306123543100947,1.0978945690006,-0.00557763003520128,0.0857248554211672,-0.00612915581470976,0.0388742507809925,-0.0183246986774318,0.00752622459471729,-1.70954977630054,0.881034377678753,-3.44042988643061,0.824700975924873,0.420796665136547,0.191227384009147,-0.0866386564101694,0.015519823332879,0.186000273645556,0.0885201627797877,-0.101757020942849,0.0391203808979519,0.216583431760723,0.219761554185903,-1.62594549607823,0.901768645999894,-3.79212910754706,0.856843269025417,0.200927305475191,0.0953257159804324,-0.0939428469469003,0.0424904417137209,2.38295846587424,0.402452366777134,-611.444465586353,-1004.96641329581,0.391577213430343,TRUE,NA
"whalen","class_weights",2,4,1101,0,0.734545454545455,0.660222149974515,-164.495813790474,-0.598166595601722,0.636065785482596,0.265390580398722,275,0.303030303030303,1,0.465116279069767,0.896825396825397,0.795774647887324,0.843283582089552,0.622950819672131,0.567164179104478,0.59375,0.745454545454545,0.732142857142857,0.738738738738739,0,NA,5.32250985033685,2.37076903642346,7.19397314170963,2.03693154969111,4.74342573002677,2.14495822523453,3.00458777596592,0.728574884956041,0.0303129590806847,0.0168309625124261,-1.13780217532403,1.18059531648682,-0.620887024630268,1.20014046746811,-0.0362294664692001,0.086193051192414,-0.00162291733979778,0.0360153060533409,-0.0187204129184735,0.00756812621178961,-1.70458165602679,0.876648710985574,-3.04238863994474,0.842042409311886,0.397485133691457,0.18855953964604,-0.0885506457141191,0.0157181062750041,0.195875934305967,0.0883243375579512,-0.106668341231593,0.0351414706999154,0.355750658952408,0.231964546968707,-1.48384753631454,0.896328505085641,-3.52149751871853,0.893838131344356,0.21628217778984,0.0951592163270544,-0.111203330569353,0.0389435498548374,2.14763101911302,0.416920141928983,-612.738743615609,-996.196477911209,0.384921792837113,TRUE,NA
"whalen","class_weights",3,0,1100,0,0.699275362318841,0.622147327957214,-184.674228177639,-0.669109522382749,0.602873485588911,0.274780761330416,276,0.238095238095238,1,0.384615384615385,0.884297520661157,0.753521126760563,0.813688212927757,0.631578947368421,0.529411764705882,0.576,0.714285714285714,0.714285714285714,0.714285714285714,0,NA,4.68437367483199,2.26416354007698,7.38984815548625,1.9857969568692,4.97050764143053,2.0927317655443,2.92930350759019,0.747470658126446,0.0321702813775409,0.0159548244885422,-0.978150742538263,1.18529495908115,-0.736138768121065,1.15697920783301,0.0511077257626871,0.0866132646090189,-0.0302096302232393,0.0372356504449991,-0.0190099966946575,0.00809223436134082,-1.72730168540809,1.00221748114265,-3.25449871294468,0.932855232092945,0.285771729730138,0.190516171628295,-0.0874802234436943,0.0164758389055658,0.185936548951771,0.0915119181537754,-0.111532016274649,0.038595070810187,0.222666701375102,0.243757082163575,-1.61124094527179,1.02902043260461,-3.74779614736585,0.980348633711821,0.201073344874694,0.097374836835263,-0.101411280878613,0.0415351229617923,3.21340204761126,0.576375652780663,-600.809511686143,-990.327375666564,0.39332232305327,TRUE,NA
"whalen","class_weights",3,1,1101,0,0.741818181818182,0.647859369013778,-158.294956822463,-0.575618024808955,0.647530574966265,0.219275053018776,275,0.291666666666667,0.777777777777778,0.424242424242424,0.881481481481482,0.832167832167832,0.856115107913669,0.631578947368421,0.537313432835821,0.580645161290323,0.711864406779661,0.75,0.730434782608696,0,NA,9.47248111469296,3.98842513835522,10.7653312045674,3.72980162393336,8.45347001316116,3.83268552769066,3.79024407658093,1.25443592545477,0.00858748273494691,0.0172671966511835,-2.52499269982384,1.0252626602854,-2.57805791011191,1.05778629148642,-0.0160212852141759,0.0889650257849753,-0.0329821379252424,0.048704739317978,-0.0191549563640906,0.00713141247703283,-3.0013525901567,1.03877548230889,-4.6040937135537,0.998180121926328,0.525153212918177,0.183998982908738,-0.0851534702691058,0.0159817753673491,0.188778020813846,0.0890820534836786,-0.132718415577265,0.0451143278951888,0.189977878044364,0.204805068311879,-3.18107900744971,1.05867673639288,-5.05226636930673,1.04454735729006,0.220398843010909,0.0957349362243942,-0.123407743540921,0.0480740441625349,2.33866910510856,0.430877738949246,-598.153629512382,-1001.94760323213,0.403009071948642,TRUE,NA
"whalen","class_weights",3,2,1101,0,0.712727272727273,0.632406394750386,-164.906554698557,-0.599660198903843,0.633355153652065,0.247229480331518,275,0.304347826086957,0.777777777777778,0.4375,0.880952380952381,0.78169014084507,0.828358208955224,0.522388059701492,0.522388059701492,0.522388059701492,0.728813559322034,0.754385964912281,0.741379310344828,0,NA,5.01338450504704,2.27188566446789,6.9097449750123,2.0546233876416,4.17729999860134,2.14514007009038,3.20338453401913,0.800021762414776,0.0223193522450173,0.0164642623740484,-0.358832454730766,1.14682519451523,-0.63587464321593,1.1432525970753,0.0792655350841406,0.0922730044233254,-0.032914849971895,0.037843268638181,-0.0206767956105958,0.00770688207663566,-0.581709336649483,0.8500845091829,-3.17512035877672,0.848265129064625,0.49949865619951,0.19171088339138,-0.0854684716299198,0.0141364084830987,0.286463202674099,0.0894717773847751,-0.130626602882603,0.0350499531624216,0.389939126416411,0.226156317757225,-0.445204600058963,0.872867250152637,-3.47841555690536,0.890136143952436,0.302390963187154,0.09753810788033,-0.123453150038025,0.039549515495444,2.29480884158813,0.4124958202199,-601.419670327782,-1000.45918965802,0.398856368610739,TRUE,NA
"whalen","class_weights",3,3,1101,0,0.716363636363636,0.624363694694593,-162.421486054077,-0.590623585651189,0.630066036821836,0.244864469011337,275,0.321428571428571,0.9,0.473684210526316,0.875,0.838028169014085,0.856115107913669,0.590909090909091,0.388059701492537,0.468468468468468,0.641791044776119,0.767857142857143,0.699186991869919,0,NA,5.07647130794646,2.40285250089318,7.31457601294367,2.15766153026043,5.14564882946885,2.24539895644016,3.21159044134127,0.865670118149477,0.0238206267558343,0.0161595584599431,-1.20610270986738,1.10355488024585,-0.713245255419683,1.11567652780565,0.11750005607283,0.0917378654497892,-0.0518995409368402,0.0412535219936957,-0.0207607234878253,0.00777170832125427,-1.71628320401887,0.900086432799775,-3.26632738843415,0.857433979712439,0.461978096904294,0.186207970731526,-0.090228177042733,0.0159045315792715,0.263461510144786,0.0951091200301873,-0.126006707177913,0.0412486610087171,0.392838203923191,0.224877299938079,-1.41671226275524,0.918721505195799,-3.36180847863249,0.903153393670188,0.228930386270089,0.100881764191329,-0.11963731049833,0.0447754837893703,2.13536190031297,0.406148983751856,-611.176295039509,-1002.8534513327,0.390562704623183,TRUE,NA
"whalen","class_weights",3,4,1101,0,0.756363636363636,0.663827419465506,-166.658139580623,-0.606029598474992,0.647302773171911,0.197933346244385,275,0.307692307692308,0.8,0.444444444444444,0.884892086330935,0.866197183098592,0.875444839857651,0.629032258064516,0.582089552238806,0.604651162790698,0.791666666666667,0.678571428571429,0.730769230769231,0,NA,7.75695758667999,3.08273760399496,9.72397142396487,2.44197821982685,6.98259017696018,2.51407417189179,4.23571337599342,0.642406098347089,0.0202263024761098,0.0171119053287468,-0.961813588732733,1.59840187153542,-0.5555886831812,1.69309085620044,0.0638740942616297,0.114014813999436,-0.0566014450076658,0.0377940120570603,-0.0113072093024928,0.00768610635879247,-1.90286231525449,1.12523044211628,-3.31442087141867,1.15466793630009,0.354711383068987,0.187370069429535,-0.0859504614947743,0.0143504138730661,0.27680566635539,0.11168310906821,-0.15143220553681,0.036913816703231,0.473689963070725,0.258893865258999,-2.10953845503186,1.13297201218356,-3.85270474758755,1.17865909694055,0.310970840994973,0.117948169015669,-0.15158311925825,0.0413998850584622,2.6266997624858,0.476362618174975,-576.375994249991,-998.738754938026,0.422896136351736,TRUE,NA
"whalen","class_weights",4,0,1100,0,0.710144927536232,0.623428862825089,-160.721531777167,-0.582324390496982,0.627700142759196,0.305640471765835,276,0.296296296296296,0.8,0.432432432432432,0.910569105691057,0.788732394366197,0.845283018867925,0.578947368421053,0.485294117647059,0.528,0.623188405797101,0.767857142857143,0.688,0,NA,5.41211861523655,2.50380632666582,7.60750523201246,2.23215459948491,4.65458642943518,2.33671649528128,3.35324078973403,0.907993307819808,0.0170257723104469,0.0151119449561325,-0.694066447899705,1.14785613772421,-0.844920607890268,1.17760560154243,0.0936197858297244,0.0981490345243842,-0.038422795160703,0.0420544796334892,-0.0150720191166582,0.00770908135586224,-1.13366428892225,0.875639544402591,-3.25816257235196,0.856100453142036,0.456682750899132,0.186306867525141,-0.0862698100092614,0.014952359875132,0.224036970900282,0.102295309256468,-0.110029151383802,0.0419279774197179,0.472825987937081,0.22839968909674,-1.21216161556565,0.896234345907493,-3.59798195001991,0.897326656261409,0.27679134127219,0.108830411897489,-0.113169588850977,0.0455487373653734,2.55951805527513,0.479604190331601,-611.157399687461,-999.762057581659,0.388697145432985,TRUE,NA
"whalen","class_weights",4,1,1101,0,0.698181818181818,0.597605892629377,-230.654795486193,-0.838744710858882,0.624950039279543,0.272819982054121,275,0.193548387096774,0.666666666666667,0.3,0.908333333333333,0.762237762237762,0.828897338403042,0.550724637681159,0.567164179104478,0.558823529411765,0.709090909090909,0.696428571428571,0.702702702702703,0,NA,263.50847187672,NA,264.509928683169,NA,261.603464474791,NA,4.95840609255619,NA,0.000727749492101416,NA,-253.543271746891,NA,-253.887850229289,NA,0.0124248726336641,NA,-0.0749007945075927,NA,-0.0229962546862541,NA,-253.585960455202,NA,-255.779058257891,NA,0.523438929035914,NA,-0.0772822346624726,NA,0.196391451930032,NA,-0.160957614146372,NA,0.462827165080346,NA,-253.527559715044,NA,-255.912421922885,NA,0.203060044453139,NA,-0.1504138933257,NA,2.39712896441159,NA,-559.800326615427,-995.799572470818,0.437838354131416,FALSE,NA
"whalen","class_weights",4,2,1101,0,0.741818181818182,0.660754175227859,-175.817798985783,-0.639337450857393,0.634833996183076,0.172675840041549,275,0.321428571428571,1,0.486486486486487,0.846153846153846,0.852112676056338,0.849122807017544,0.641509433962264,0.507462686567164,0.566666666666667,0.784313725490196,0.701754385964912,0.740740740740741,0,NA,4.90606321154815,2.24376850326062,7.00911626030219,1.9558151216403,5.11233527779079,2.05290843721041,2.95212718238396,0.714097323090789,0.0317616735891705,0.0169759785783423,-0.938302812052848,1.14620585289071,-0.576272774622359,1.12791184735894,0.0119621163786557,0.08535031440346,-0.015612320090059,0.0372166843308131,-0.0209294386858952,0.00747752163584424,-1.69852361713973,0.874206170146706,-3.62008311783482,0.796741747254198,0.279055750087446,0.190721508693857,-0.0885108372302742,0.0153369245974947,0.213166114471559,0.0900248328170477,-0.0952335086199196,0.039231621211965,0.0707034081809786,0.211827664599362,-1.70344822359759,0.887323877230751,-4.25797974579876,0.839789814613034,0.235075516112349,0.0965424605715883,-0.0978713315284258,0.0423698319264697,2.86396071764295,0.463616220444561,-598.368884960031,-1003.99041468575,0.404009364823151,TRUE,NA
"whalen","class_weights",4,3,1101,0,0.676363636363636,0.602250564559067,-172.710856984901,-0.628039479945094,0.616937546475304,0.206331588126927,275,0.333333333333333,1,0.5,0.848484848484849,0.788732394366197,0.817518248175182,0.462962962962963,0.373134328358209,0.413223140495868,0.661016949152542,0.696428571428571,0.678260869565217,0,NA,5.05955787989642,2.45831832248071,7.35137309214594,2.24536276800145,4.93319412550748,2.34641499222883,3.23304791456319,0.886263554635611,0.0268118405238389,0.017301759102394,-0.942996012388946,1.10732265563854,-0.464725709428594,1.08947407917566,0.0655319009320639,0.0899156564906594,-0.0335911684713178,0.0400422820278446,-0.0180478558654414,0.00780394555506435,-1.63689812453885,0.894368793986124,-2.92333971339117,0.842267088074199,0.429552735381436,0.190100275715662,-0.0936604572068025,0.0164431097075207,0.261441287409682,0.0892806553599054,-0.13939264984178,0.0385234606168155,0.26339661885287,0.217796410486248,-1.47748664621515,0.934706597231118,-3.28929467933834,0.904297070375037,0.262482035613083,0.0967727977013251,-0.123064786397267,0.042445896797614,2.30600011742307,0.418965122339722,-600.216881690022,-996.217561049492,0.397504214784462,TRUE,NA
"whalen","class_weights",4,4,1101,0,0.76,0.68549430641822,-156.169300431389,-0.567888365205053,0.643788133794034,0.226381378026607,275,0.346153846153846,0.9,0.5,0.880597014925373,0.830985915492958,0.855072463768116,0.661016949152542,0.582089552238806,0.619047619047619,0.767857142857143,0.767857142857143,0.767857142857143,0,NA,5.08622128159875,2.37528813101654,7.19448251641705,2.16362579999091,4.86557859794581,2.26095231740363,3.13483806158591,0.837381106488733,0.0265985183920682,0.0150553600692698,-0.63123748228057,1.11928872855401,-0.343163413199894,1.12985418475825,0.0227416805442128,0.097140978634223,-0.020051526104045,0.0420921138877509,-0.0139052503442472,0.00739289189062318,-1.27987223191762,0.934996536857993,-2.57187557818823,0.918673357216954,0.396564699378048,0.18702240567253,-0.086127783113448,0.0146659397631442,0.205668913157202,0.0964661677916538,-0.119923806751275,0.0406277009805825,0.421975477659387,0.247417082104153,-1.20295502601101,0.956003213053661,-2.90294167531257,0.956608036829898,0.193052640968381,0.102211916016201,-0.109969512094712,0.0438029480738086,2.26192421499581,0.420287899536351,-610.744196548452,-998.495785854351,0.388335729403328,TRUE,NA
"whalen","class_weights",5,0,1100,0,0.706521739130435,0.61846501676747,-163.786610713741,-0.593429748962831,0.625442849368464,0.282739632102554,276,0.236842105263158,0.9,0.375,0.895161290322581,0.78169014084507,0.834586466165414,0.62962962962963,0.5,0.557377049180328,0.683333333333333,0.732142857142857,0.706896551724138,0,NA,4.2807283905476,2.09028202537187,6.49537552934461,1.85933812122793,4.35264638455554,1.96477029975933,2.84021415446962,0.702194178159646,0.021043804347767,0.0155733864806908,-0.7471694866619,1.06680016442594,-0.368446599220322,1.04348947994217,0.10844244766055,0.0963140011546669,-0.0555410180435898,0.0402962764510338,-0.0177392701578106,0.00765366982013355,-1.31027724122723,0.854068736717318,-2.94127220399824,0.798936797094122,0.393465280884797,0.186980657918679,-0.0867658013676244,0.0152095595253974,0.27548639660229,0.0970921761037254,-0.139899031112755,0.0390863783466018,0.319724193072959,0.241055069467024,-1.21054163071973,0.868609070745062,-3.40480873021946,0.842975521127565,0.27522739170676,0.103659157029159,-0.140064125023647,0.0432673163305712,2.50482484610594,0.456964642940484,-612.495461892499,-996.215871775791,0.385177972721209,TRUE,NA
"whalen","class_weights",5,1,1101,0,0.727272727272727,0.630183520919139,-161.847463242009,-0.588536229970941,0.626326360218427,0.212552860434863,275,0.275862068965517,0.888888888888889,0.421052631578947,0.870503597122302,0.846153846153846,0.858156028368794,0.568627450980392,0.432835820895522,0.491525423728814,0.75,0.75,0.75,0,NA,5.30986658764466,2.51228329502065,7.83532927288778,2.21054340852952,5.04823005922304,2.31276602582764,3.26443182852089,0.858714570113055,0.0212366684497956,0.0166669849483577,-0.755286691395925,1.32195295677337,-0.549488271677134,1.32893378424164,0.061302881165606,0.0835240123157442,-0.0328850750825857,0.0380599570968452,-0.0169980620282853,0.00769854390675569,-1.70177020830744,1.04222579205249,-3.35528415627349,1.00852811806535,0.462829910217499,0.185780683822093,-0.0808380037390293,0.0148765543180722,0.187746093551007,0.0877312486664894,-0.104652468657339,0.0383259916133755,0.411014769983172,0.245781836189574,-1.49273762485282,1.06459216964855,-3.45836683888158,1.05001776282609,0.223306667976903,0.0945575708763274,-0.106685039473512,0.0417249576493264,2.39215234607648,0.424302906504206,-606.381939016912,-998.063737668489,0.392441668671941,TRUE,NA
"whalen","class_weights",5,2,1101,0,0.749090909090909,0.669407348690303,-159.984037676296,-0.581760137004714,0.648065196750058,0.239484791354768,275,0.388888888888889,0.777777777777778,0.518518518518518,0.901515151515151,0.838028169014085,0.868613138686131,0.603174603174603,0.567164179104478,0.584615384615385,0.67741935483871,0.736842105263158,0.705882352941176,0,NA,9.61227550701606,3.74865878193261,10.8230301523584,3.49751951397345,8.31714754669704,3.58433743590091,3.83430451789612,1.19951425339439,0.0159063884667592,0.0161128960358177,-2.49845676151644,0.947715946451808,-3.08601045476643,1.09571334146467,-0.0349058547760883,0.0851792410140232,-0.0126549888231285,0.0416546230349446,-0.0155834585773406,0.00743437050423342,-2.47508927351929,0.94025199387464,-4.81331811002999,1.03904229965075,0.527941658400694,0.186986245510181,-0.0911073828889957,0.0165163917341921,0.151751792009429,0.0885768075146862,-0.103706836009183,0.0404059957968372,0.439943572050519,0.23166530729253,-2.58057590219162,0.963334138068882,-5.25727251307491,1.08478270920486,0.143177169304437,0.0964537407626495,-0.0887211153067766,0.0443983603029404,2.37096093051226,0.442855897271474,-594.435817249612,-1000.86489587361,0.406077863555445,TRUE,NA
"whalen","class_weights",5,3,1101,0,0.716363636363636,0.623361880637422,-175.94883344373,-0.639813939795383,0.637996137834571,0.205570062141661,275,0.25,0.8,0.380952380952381,0.864661654135338,0.809859154929577,0.836363636363637,0.576923076923077,0.447761194029851,0.504201680672269,0.758620689655172,0.785714285714286,0.771929824561403,0,NA,8.14195837139156,NA,9.81248056751351,NA,7.55329077961168,NA,4.53197704210699,NA,0.0133727147753751,NA,-0.92898604843295,NA,-0.717225519722868,NA,0.128684775379884,NA,-0.0791701465732186,NA,-0.0164717801970021,NA,-1.76648853440512,NA,-3.37150559756229,NA,0.271407943073698,NA,-0.0811429629244671,NA,0.336059293934641,NA,-0.167749872079981,NA,0.287720735025151,NA,-1.79032049769678,NA,-3.99305646933537,NA,0.350189532802135,NA,-0.161317574088238,NA,2.76961594425172,NA,-569.611080463083,-1001.37509849493,0.431171115280167,FALSE,NA
"whalen","class_weights",5,4,1101,0,0.716363636363636,0.651087610178175,-172.491171970643,-0.627240625347794,0.623485027119057,0.255538099475006,275,0.357142857142857,1,0.526315789473684,0.875,0.788732394366197,0.82962962962963,0.580645161290323,0.537313432835821,0.558139534883721,0.684210526315789,0.696428571428571,0.690265486725664,0,NA,4.65249716192339,2.20319835113633,6.940980457308,1.9918556097664,4.12702275331395,2.10710762021088,2.93735830747479,0.754074552729046,0.032125032823497,0.0149863925298676,-1.05474951171533,1.05579919261759,-0.589341626448763,1.0304714095393,0.0364330442113323,0.0892403741789753,-0.0220770546622102,0.0380222857373571,-0.0225597468202164,0.00780166971778324,-1.62394442670813,0.885588659526571,-3.10040299865748,0.784034758291275,0.412171425257411,0.195691415849859,-0.0932930367305019,0.0141367243142028,0.255771702535813,0.0918587320647186,-0.133174385519316,0.0380482905882187,0.248516648017395,0.201795518279016,-1.59782042960235,0.924818614011449,-3.31315872062324,0.836993683745667,0.277334006943458,0.0999234950334883,-0.117166967613906,0.0419440427731612,2.44657608877558,0.40878033618351,-607.137073796924,-997.795973521185,0.391521824191813,TRUE,NA
"whalen","class_weights",6,0,1100,0,0.753623188405797,0.674053444271673,-151.728778957731,-0.549741952745401,0.656414018541925,0.176316308729191,276,0.391304347826087,0.9,0.545454545454545,0.874125874125874,0.880281690140845,0.87719298245614,0.618181818181818,0.5,0.552845528455285,0.727272727272727,0.714285714285714,0.720720720720721,0,NA,5.53251817523312,2.59528042737182,7.81855656651863,2.29326154651098,5.21134014284101,2.40006183721041,3.25589742254685,0.879722477868965,0.0271996683843545,0.0164219138333864,-1.00576752691203,1.19857350775587,-0.470816173672175,1.18322790394189,0.0497817646641882,0.0939883475063334,-0.037412610375464,0.0422117190848453,-0.0170221145530297,0.00768812759472819,-1.43178032673471,0.950886014031266,-2.99735991820761,0.876898357046261,0.377469939139337,0.185858923531723,-0.093286490891697,0.0153627667430239,0.210066440924711,0.093098182906343,-0.120965869980878,0.0408422773840782,0.321416118663094,0.242078347113646,-1.29153483413538,0.966420279876752,-3.22714173913145,0.920989871711348,0.236737536112053,0.0990541196007985,-0.119715795622237,0.0440798304401933,2.4463286665995,0.428353952389868,-608.052062567766,-1001.00399993578,0.392557809352637,TRUE,NA
"whalen","class_weights",6,1,1101,0,0.698181818181818,0.586720322480536,-173.572991901742,-0.631174516006334,0.621687529458755,0.238453522485738,275,0.206896551724138,0.666666666666667,0.315789473684211,0.878787878787879,0.811188811188811,0.843636363636364,0.545454545454545,0.447761194029851,0.491803278688525,0.677966101694915,0.714285714285714,0.695652173913043,0,NA,5.43653989761599,2.48248140831308,7.75386949544118,2.28404321639593,5.88856127291885,2.36950872037102,3.59170010832097,0.964727953561709,0.0255715526491229,0.0171130755286548,-0.174839892767538,1.10653972534195,-0.815244060182563,1.11980228640773,0.139650613918816,0.0938663215587417,-0.0500240793966018,0.0401082401468628,-0.0157340913534666,0.00774482067797443,-0.807895151243926,0.84203042016236,-3.52026606195988,0.865788858344237,0.444856985962872,0.187018515406694,-0.0925261915589186,0.0160058044995863,0.307051378656012,0.0927959228242844,-0.13294959896284,0.0373519098308269,0.187303167705396,0.228807451208464,-0.988258757181589,0.862644475950665,-4.20030754714882,0.906807437196401,0.281182133495479,0.0993397225715921,-0.107890500928381,0.0413583791016214,2.87973897927743,0.510032438707825,-585.332845598258,-999.294655993981,0.414254001972985,TRUE,NA
"whalen","class_weights",6,2,1101,0,0.701818181818182,0.638892353041211,-165.133102163096,-0.600484007865802,0.626448696350671,0.3195713830841,275,0.3,1,0.461538461538462,0.902654867256637,0.71830985915493,0.8,0.549295774647887,0.582089552238806,0.565217391304348,0.704918032786885,0.754385964912281,0.728813559322034,0,NA,5.22627130642165,2.63041802967528,7.76420980283786,2.29421993892746,5.421813023795,2.389390784258,2.99605900217436,0.780863220887274,0.0240264123939328,0.0156644605867141,-1.17608606003996,1.37069397697937,-0.552330036093024,1.37506086086917,-0.00530309348006068,0.0877619233806141,-0.0144029191558097,0.0395133202177422,-0.0202974977065758,0.00737440382898467,-1.78086396884786,1.08701882264345,-3.33706135332009,1.04011868161867,0.472604587093993,0.187805063846193,-0.0767505890087564,0.0140009861947425,0.167427184187444,0.0921671892313195,-0.107098379315667,0.0398572256235903,0.308089440594894,0.220456317007484,-1.62296844639638,1.10105959484602,-3.5864686604119,1.08256691969383,0.178222173135036,0.0989204929152413,-0.101963607088248,0.043425701435067,2.38409936044034,0.431757382158578,-620.016285125801,-996.752462887331,0.377963628672884,TRUE,NA
"whalen","class_weights",6,3,1101,0,0.730909090909091,0.652665237764486,-168.249786922468,-0.611817406990793,0.622000617193503,0.236134194497227,275,0.310344827586207,0.9,0.461538461538462,0.852941176470588,0.816901408450704,0.834532374100719,0.631578947368421,0.537313432835821,0.580645161290323,0.754716981132076,0.714285714285714,0.733944954128441,0,NA,8.08041912134299,3.06247306117751,8.7965099206942,2.84410449160733,5.63439566714188,2.93225470590249,3.26919796397011,0.961819631221035,0.0182270706447921,0.0167594185141655,-2.74650611814485,0.922784741088272,-2.62842763837173,0.976130300732488,0.000753448083385386,0.0849846449529956,-0.0299761702038885,0.0403848345858673,-0.0168142523050613,0.00796606473710466,-2.67585997664255,0.924617699045278,-4.10728767821875,0.931398684680118,0.39147129974946,0.190120522628533,-0.084181900347973,0.0164016274406817,0.217839307588299,0.0898106830727676,-0.12777623949908,0.039612713005302,0.556810406393229,0.238277568104857,-2.59121495266649,0.959788129750267,-4.44246823611234,0.980579079359733,0.234281769819022,0.0972109570728614,-0.118069080146878,0.0436468690253814,2.31331707449317,0.434994300427384,-599.958693458291,-998.174157607686,0.398943872784479,TRUE,NA
"whalen","class_weights",6,4,1101,0,0.76,0.669351558095171,-179.463753263871,-0.652595466414076,0.63658649318216,0.237684329566346,275,0.290322580645161,0.9,0.439024390243902,0.902985074626866,0.852112676056338,0.876811594202899,0.685185185185185,0.552238805970149,0.611570247933884,0.75,0.75,0.75,0,NA,6.87585685586421,2.52499387495258,9.16374225382448,2.08080203067693,6.87884004806678,2.15504026897919,4.10333511365135,0.64215378908684,0.0112464114655841,0.0158851300139044,-0.555503923187993,1.45116214346381,-0.481155632747384,1.49309815891497,0.108926706854354,0.111503655273336,-0.0622932429778732,0.0402621675493618,-0.0205731296148787,0.00744838958182772,-1.97854865646527,1.03450256316188,-3.5078137956097,1.01810521230865,0.431635314715287,0.189805372050826,-0.0893947640494884,0.0148421398031262,0.314482054753485,0.107173647551282,-0.158578459908786,0.0387731710408488,0.240129426647413,0.217752255046516,-2.05793221792414,1.05161504259593,-3.98721486530748,1.04431882991539,0.350268239236726,0.11316406213667,-0.166430229729765,0.0418627242674383,2.46625009626042,0.446038960901345,-578.194294923923,-999.19854973327,0.421341939419079,TRUE,NA
"whalen","class_weights",7,0,1100,0,0.757246376811594,0.668461355489702,-168.0713128795,-0.608954032172101,0.640640232658119,0.217946918020497,276,0.290322580645161,0.9,0.439024390243902,0.902255639097744,0.845070422535211,0.872727272727273,0.666666666666667,0.529411764705882,0.590163934426229,0.758620689655172,0.785714285714286,0.771929824561403,0,NA,5.7436244135558,2.80838432819608,7.76731808687055,2.48212115469116,5.49222830232422,2.56413437438784,3.27396726729435,0.931931153627069,0.0239901731800822,0.0171210933025572,-0.906109733334711,1.2369389392968,-0.332004903420818,1.26760952442431,0.0147230833697714,0.0973096797460921,-0.029043124846961,0.0434251043232837,-0.0167609237577721,0.00746799784482245,-1.92865760208612,0.873734281326384,-3.16639188041757,0.852667723531053,0.377206200944751,0.18970961636434,-0.0883007123536465,0.0154551313682744,0.247801670310185,0.0937565839229624,-0.131483893456605,0.0408153895178787,0.295775220838478,0.200890536102557,-1.89348171579678,0.892570593089071,-3.37228876132183,0.89138878176447,0.226246407184575,0.101177379778467,-0.110271691298112,0.0445627579134589,2.77685240491967,0.467616334908023,-594.491065267406,-997.369876259504,0.403941226401421,TRUE,NA
"whalen","class_weights",7,1,1101,0,0.701818181818182,0.62986274883675,-174.514948010357,-0.634599810946752,0.614071325854442,0.240784237105376,275,0.310344827586207,1,0.473684210526316,0.848484848484849,0.783216783216783,0.814545454545454,0.540983606557377,0.492537313432836,0.515625,0.735849056603774,0.696428571428571,0.715596330275229,0,NA,4.89407176136989,2.35324915518499,7.40504223375272,2.0676341198743,4.41403135247076,2.20125727621461,3.03617645582737,0.748384105652784,0.0281476168366656,0.0156828194974854,-1.26859747774874,1.07407314258148,-0.76923164085776,1.08900032066683,0.0714204333744306,0.0895056530262761,-0.0333281740021903,0.0366827575963113,-0.0193710433877136,0.00769541305723497,-1.88615833031357,0.892672552056262,-3.40159314741023,0.821824378328424,0.539351874544183,0.190747468107378,-0.0925060656951403,0.0146159953355016,0.236930937840003,0.0905291751759415,-0.125351602800922,0.036843907899373,0.43048747087342,0.260347267218714,-1.71795057231994,0.91895557507913,-3.50510923247976,0.88601512980736,0.270926414114305,0.0973867158519535,-0.126976003475379,0.0403077853536492,2.23158997861243,0.415230879143436,-602.514906118427,-1002.38385178053,0.398917984314909,TRUE,NA
"whalen","class_weights",7,2,1101,0,0.723636363636364,0.641536030643401,-158.931440349338,-0.57793251036123,0.636803921044609,0.272925594993814,275,0.290322580645161,1,0.45,0.910569105691057,0.788732394366197,0.845283018867925,0.592592592592593,0.477611940298507,0.528925619834711,0.686567164179104,0.807017543859649,0.741935483870968,0,NA,4.90687897054723,2.16821154251068,6.88356009161341,1.9464126758236,4.59684898787683,2.03537383545191,3.07358167186418,0.781102623030412,0.0271914775348177,0.0155122488157335,-0.151261894597512,1.28374595307762,-0.227296296156569,1.21392584843072,0.0312973324184928,0.0834184153795187,-0.0332501202299762,0.0373595950482552,-0.0187892251644139,0.00741720630867125,-0.641105542542306,1.05049010393072,-2.60576248069217,0.938911413331212,0.367335612160146,0.187418404431749,-0.0866891115918535,0.016143958486262,0.226395432881329,0.0872334760365364,-0.125952647186784,0.036250176192948,0.337471368967867,0.230303867855896,-0.641241370116205,1.07510906870748,-3.04992292441257,0.980690848734334,0.23387322342766,0.0949590109261255,-0.124076820823997,0.0404515194112727,2.24566301964916,0.414954361887168,-616.714414261054,-994.686535367983,0.379991190860042,TRUE,NA
"whalen","class_weights",7,3,1101,0,0.72,0.648233351318651,-166.458022644717,-0.605301900526244,0.629578083208717,0.280417458834153,275,0.257142857142857,0.9,0.4,0.882352941176471,0.73943661971831,0.804597701149425,0.636363636363636,0.626865671641791,0.631578947368421,0.763636363636364,0.75,0.756756756756757,0,NA,8.59983000528301,3.35411066663354,10.0081526600672,3.12694236750471,7.51183114047154,3.22394707798576,3.52402188080127,1.06194242163974,0.015529646941119,0.0174503656956169,-2.82369167270403,1.0076850967528,-2.62935305469173,1.06510120955326,-0.00887643654688229,0.0830076117588234,-0.0279427453306292,0.0397645092383412,-0.0169046293591798,0.00751258073679903,-3.11538880278127,0.982671585849749,-4.7322218500722,1.00193175011636,0.48806958420719,0.186037243330415,-0.0818887664127077,0.0152052375676024,0.182251096317008,0.0852302898229002,-0.118088763630917,0.0381276223282602,0.370924247150792,0.22882626088804,-3.05663303217358,1.0068866555156,-5.15794650054086,1.04921821313328,0.183818132903378,0.0921775496817125,-0.103588017731709,0.0423208668615693,2.21961820155956,0.411573135345684,-604.632247376056,-999.485929587264,0.395056769207608,TRUE,NA
"whalen","class_weights",7,4,1101,0,0.752727272727273,0.649244909337955,-164.281374943075,-0.59738681797482,0.643924128351659,0.171080479201472,275,0.333333333333333,0.7,0.451612903225806,0.875862068965517,0.894366197183099,0.885017421602787,0.62,0.462686567164179,0.52991452991453,0.711864406779661,0.75,0.730434782608696,0,NA,7.44953021038156,2.6993297704573,9.73464737689947,2.30676310624595,7.3582479529041,2.37951213058353,4.545058683537,0.69002865530387,0.00988719810655642,0.0153763427982429,-0.372044222834193,1.36935650690332,-0.982436992566474,1.48436176427172,0.189236619639547,0.106237433028822,-0.0702635697661561,0.0431531420650893,-0.0175148211862034,0.00833404531004156,-0.891171416095697,1.07832145368893,-3.43470142993312,1.15646679589106,0.318529130844477,0.185513020432204,-0.0833581448950688,0.0149242520008683,0.291510134279518,0.110742811914899,-0.135885465287227,0.04454920624372,0.251470918467893,0.233570495709798,-0.919255233264885,1.08484765187907,-4.1057273932574,1.17826322470243,0.333843406332172,0.115238615882894,-0.138453291501921,0.047114423976742,3.17648765743538,0.565665304931262,-571.128852592802,-1000.49642589901,0.429154529882897,TRUE,NA
"whalen","class_weights",8,0,1100,0,0.731884057971015,0.631013793065698,-167.792308495832,-0.60794314672403,0.635355361609072,0.173475577663245,276,0.259259259259259,0.7,0.378378378378378,0.863309352517986,0.845070422535211,0.854092526690391,0.618181818181818,0.5,0.552845528455285,0.745454545454545,0.732142857142857,0.738738738738739,0,NA,10.6139775189439,4.51846559585426,11.2232024889858,4.2161510789561,8.70834775896159,4.30188705719164,4.20832608080217,1.48620653946901,0.010727559203948,0.0186813500706882,-2.92229598435231,1.03743836716002,-3.56378029554855,1.26772010900029,0.0075706643135386,0.0852727354798851,-0.0266469218691407,0.0476148700511361,-0.0153198251376339,0.00754259362270677,-3.03110945878751,1.00176866598165,-5.21127917219077,1.15722689526433,0.514267622442588,0.185775270605411,-0.0752072453290516,0.0146850477853162,0.240059475420144,0.0908932209819475,-0.132747322204868,0.0445595515160395,0.353587415443863,0.236976551771643,-2.89457598662823,1.02566487343262,-5.6650250105733,1.20321822611515,0.268971821096491,0.0970891900622246,-0.129315294024669,0.0476177856111967,2.67739805607292,0.446013169083523,-580.58581398489,-997.372298100358,0.417884560168053,TRUE,NA
"whalen","class_weights",8,1,1101,0,0.730909090909091,0.635627354390032,-170.295980437249,-0.619258110680905,0.628522619247629,0.280030380704981,275,0.222222222222222,0.888888888888889,0.355555555555556,0.897637795275591,0.797202797202797,0.844444444444444,0.693877551020408,0.507462686567164,0.586206896551724,0.714285714285714,0.803571428571429,0.756302521008403,0,NA,5.60217184527773,2.6469113176532,7.42539574357206,2.38457763963144,5.28955363056333,2.47738525502043,3.31079267533945,0.938561994144054,0.0215877868959144,0.0164967653275126,-0.645636298544303,1.28326919649641,-0.350741524256471,1.25637626945742,0.0278922086439653,0.0872180175207471,-0.0333991049189848,0.0398937944272726,-0.0151540498186419,0.007463791317362,-0.891593630298301,0.986700226630371,-2.54333566307054,0.919091599074518,0.319605449572169,0.188713722419246,-0.0915738057227615,0.0163828465371352,0.190124098482618,0.0868776559685249,-0.112410069047923,0.0386160604458212,0.201898472173844,0.205195998940039,-1.00058223392914,1.02129449626067,-3.16063353561948,0.968950505835192,0.195850407782291,0.094552475872177,-0.0958179210140124,0.0423665097560302,2.74939395758828,0.477112266295445,-607.208454928945,-998.247621765088,0.391725618283681,TRUE,NA
"whalen","class_weights",8,2,1101,0,0.763636363636364,0.682440915908186,-155.250723245849,-0.564548084530359,0.64789866047269,0.259342916489439,275,0.333333333333333,0.777777777777778,0.466666666666667,0.89922480620155,0.816901408450704,0.856088560885609,0.641791044776119,0.641791044776119,0.641791044776119,0.758620689655172,0.771929824561403,0.765217391304348,0,NA,6.2450239477097,2.37889715693728,8.76530279991198,1.98203621259115,5.99290832866602,2.09281802835398,3.75204692082095,0.577792717937468,0.0168867376194065,0.0151938894431393,-0.29785347780174,1.55508482171936,-0.119983417935579,1.54614168097125,0.131372645300325,0.107490348402717,-0.0843492600229884,0.0421618822846363,-0.0233690580760738,0.00817227914077218,-1.34572366455571,1.19964401677641,-3.13383609209385,1.13042552991795,0.414117928263816,0.190028003430958,-0.0879233506872745,0.0151607849854033,0.331953590939422,0.10767046906977,-0.182420197191842,0.0407279664774543,0.297313552484304,0.234613344306829,-1.05371114481897,1.21393446105422,-3.30261130514115,1.17651756249822,0.366953659824112,0.11409369393765,-0.180947793753287,0.0444397334689285,2.17229842281017,0.414957668740328,-600.466559270742,-1003.78760984274,0.401799191997582,TRUE,NA
"whalen","class_weights",8,3,1101,0,0.687272727272727,0.611954928107534,-186.951369313952,-0.679823161141644,0.613918358873733,0.211847835615762,275,0.303030303030303,1,0.465116279069767,0.848484848484849,0.788732394366197,0.817518248175182,0.517241379310345,0.447761194029851,0.48,0.711538461538462,0.660714285714286,0.685185185185185,0,NA,4.62913036039051,2.16087156241556,7.21578154111159,1.9788735094215,4.93385616773258,2.07560473011855,3.00403075998074,0.725539185944919,0.0434592157675863,0.0164923034082252,-1.1330178501681,0.970945027306038,-0.653599019664154,0.981126273165386,0.0542758290064153,0.0869024073209404,-0.028479424221612,0.0373030809298683,-0.0213642774150751,0.00791470472016626,-1.86561286032782,0.849518410967708,-3.3121505988848,0.821024732129886,0.47072796433381,0.194094129529578,-0.0933178273976198,0.0146703806379555,0.225091601225808,0.0902645702129675,-0.115850346861139,0.0380545514122796,0.310532880429873,0.245833152215677,-1.95985538387315,0.876992773595568,-3.88139555850746,0.860980510567185,0.216582307500694,0.0975731685995163,-0.108039741477774,0.0419667068814798,2.39925805774983,0.471560750682207,-591.953454259443,-995.50596998214,0.405374279905058,TRUE,NA
"whalen","class_weights",8,4,1101,0,0.734545454545455,0.654496016532072,-163.87607011,-0.595912982218182,0.625163458901588,0.2626981375436,275,0.344827586206897,1,0.512820512820513,0.908396946564885,0.838028169014085,0.871794871794872,0.571428571428571,0.477611940298507,0.520325203252032,0.694915254237288,0.732142857142857,0.71304347826087,0,NA,4.82033591789902,2.27451608899897,7.37473869854565,1.99960969212208,4.65300727178478,2.10160890933406,3.07219327998761,0.774789262106891,0.0141257447998332,0.0153837656430029,-0.846847297392617,1.15331216680158,-0.598931791279324,1.15046916223681,0.0639872819465482,0.0961972853141903,-0.0235831797678045,0.039429523305116,-0.0158647854695808,0.00734810739844149,-1.70625979976776,0.839797630821882,-3.45114421484117,0.803409542790776,0.332140363712529,0.185053311132013,-0.0853889771537428,0.0153243285813757,0.207146760045186,0.0949587953333644,-0.103001910357204,0.0390832523328122,0.495069742896723,0.226837307942342,-1.71297895767614,0.860853043910249,-3.52410470039974,0.847791204837856,0.209853679592202,0.10151154051987,-0.0984218374766801,0.0427482923966804,2.38653945285592,0.42895026589008,-607.594736090241,-999.401907353005,0.392041648490042,TRUE,NA
"whalen","class_weights",9,0,1100,0,0.778985507246377,0.700816732522743,-144.745012959941,-0.524438452753409,0.657008089208786,0.221562288953828,276,0.421052631578947,0.8,0.551724137931034,0.886524822695035,0.880281690140845,0.88339222614841,0.679245283018868,0.529411764705882,0.59504132231405,0.73015873015873,0.821428571428571,0.773109243697479,0,NA,7.31499993066901,2.860940877896,9.74195786692303,2.41519269662306,7.14300804879565,2.50574958455217,4.22407485222266,0.677682537389706,0.0210174357699885,0.0166415735987299,-0.728117078025693,1.50615903102104,-0.390573360658627,1.55275101013286,0.113944571300076,0.112327908958747,-0.0705679654501997,0.0385965372791445,-0.0159883422146364,0.00751379769186868,-1.63154182360811,1.19110758193931,-3.04722447387871,1.17687218716366,0.382979101226919,0.184403183681871,-0.0791809616717855,0.0148235547463749,0.261405470886909,0.109587770125222,-0.150776762002795,0.0377326423541415,0.445623082174196,0.243226276001602,-1.58428043327254,1.20282872068685,-3.14292661029027,1.20692467680724,0.281912499032856,0.115004873685393,-0.151424742196729,0.0414801283078451,2.418612562844,0.501482021259232,-598.892717217356,-1001.1326190407,0.401784832671596,TRUE,NA
"whalen","class_weights",9,1,1101,0,0.763636363636364,0.669012263317888,-168.854643501453,-0.61401688545983,0.634996217071672,0.299498438104693,275,0.204545454545455,1,0.339622641509434,0.951219512195122,0.818181818181818,0.879699248120301,0.784313725490196,0.597014925373134,0.677966101694915,0.771929824561403,0.785714285714286,0.778761061946903,0,NA,5.47853195763356,2.33498020264358,6.96412223650641,2.10279971683884,4.64720385448228,2.18519663563688,3.30439021197027,0.867001967978841,0.0132211944745638,0.0156233300732242,-0.434034156193306,1.24031827817075,-0.310294215045973,1.21672312963985,0.0195869528710098,0.0885266027497755,-0.0268222319925676,0.0386969960162865,-0.0169675041697682,0.00746471408596923,-0.869297115865081,0.952926588630124,-2.3616351156718,0.910903834999181,0.403232252260897,0.182022010041776,-0.0843710623955785,0.016386023439623,0.185730196166118,0.0869340068761846,-0.10542586248387,0.0368567320650527,0.281094083149968,0.20224643089463,-0.941083878516677,0.977554385163874,-2.99972472259416,0.9384527181484,0.228891196872292,0.0935068396305312,-0.110331262415058,0.0405617838956109,2.33963057767534,0.443416295018389,-610.9628171838,-998.298905114924,0.387996106122679,TRUE,NA
"whalen","class_weights",9,2,1101,0,0.687272727272727,0.596215400041922,-175.551940980378,-0.638370694474101,0.621328738851989,0.181415083130739,275,0.259259259259259,0.777777777777778,0.388888888888889,0.848484848484849,0.788732394366197,0.817518248175182,0.516666666666667,0.462686567164179,0.488188976377953,0.696428571428571,0.684210526315789,0.690265486725664,0,NA,8.82575020856238,3.60305881491025,10.4316704791202,3.29527806934006,7.73944812646168,3.39775329547651,3.7380222312457,1.15845883605801,0.0141635580625818,0.0183404662783326,-2.75348054713522,1.02110317372152,-2.86776498912157,1.1136355977589,0.0730423359628117,0.0855547839648576,-0.0498547035711276,0.0456713147229306,-0.019052901778407,0.00794895483412125,-2.86933956022702,0.994067412024022,-4.87309761578137,1.01438301567226,0.435588492819981,0.191809225569182,-0.0823745945908992,0.015182818249073,0.247616428964143,0.0904426031294359,-0.146081645858937,0.0430253961105926,0.383098755484477,0.245472974075657,-2.74520248754269,1.02116537599754,-5.16916293560408,1.06260759808564,0.242935802695367,0.0980905116412303,-0.12856966999837,0.0467822618912068,2.73217631581129,0.43947479508952,-577.310688232145,-998.833542257852,0.422015116826033,TRUE,NA
"whalen","class_weights",9,3,1101,0,0.701818181818182,0.639048553103154,-181.844134282369,-0.661251397390432,0.622586418180409,0.209347518534994,275,0.37037037037037,1,0.540540540540541,0.843283582089552,0.795774647887324,0.818840579710145,0.532258064516129,0.492537313432836,0.511627906976744,0.711538461538462,0.660714285714286,0.685185185185185,0,NA,4.50898396691819,2.13729813284863,6.84783901552173,1.90145030923697,4.79305011733083,2.01143371869316,2.85094395660986,0.687886372368776,0.0409326478238797,0.014590221472095,-1.42661741288509,1.08584768104849,-0.817997088702279,1.07946677684859,0.0412756218688021,0.0841606461408474,-0.0192591954707585,0.0361458842764562,-0.0168215902368286,0.00783644507525715,-2.00219897364377,0.909666732581226,-3.5426984821232,0.849445972814498,0.425149414486559,0.197162755370081,-0.0907722493093186,0.0151773380971862,0.267433474919291,0.0912107066932015,-0.128277576532145,0.0380143362489577,0.25116360344589,0.242556411180217,-2.0301635090683,0.933670010141173,-4.22922119282349,0.906322741897771,0.254016252878332,0.098833163750041,-0.114648688077899,0.0415849121367257,2.76089164198858,0.48200905304286,-597.445277366594,-999.692252262387,0.402370803600282,TRUE,NA
"whalen","class_weights",9,4,1101,0,0.698181818181818,0.619455243221691,-168.254317611966,-0.611833882225332,0.624558826313533,0.281829927736094,275,0.264705882352941,0.9,0.409090909090909,0.885245901639344,0.76056338028169,0.818181818181818,0.557377049180328,0.507462686567164,0.53125,0.706896551724138,0.732142857142857,0.719298245614035,0,NA,5.5411662238964,2.60741776755454,7.95966594410601,2.35185485248857,5.22424039666641,2.4334183005562,3.2649308942673,0.863746717560592,0.0159492670463504,0.0159287762528854,-0.278288424946369,1.3137374114252,-0.455027819888449,1.32011071781145,0.023507631968255,0.0964985903297806,-0.0262799542142062,0.0416040506915245,-0.0202585793335136,0.00756550960677553,-1.28391089537309,0.942376702230479,-3.52337626070673,0.889688541308646,0.428934011275934,0.188136832850779,-0.0957796778710893,0.0147788317510484,0.202525011628151,0.100645228639072,-0.107429660008517,0.0419927637388203,0.3267854120143,0.212957713669477,-1.13356119107846,0.960872207466359,-3.65994058581534,0.936118180909513,0.219860635254189,0.10672352710202,-0.0998650396437263,0.0453025003122098,2.21675050248765,0.403507950763489,-605.189424186906,-996.365741498309,0.392603138605672,TRUE,NA
