ID;CHOICE;LUGGAGE;AGE;GA;TRAIN_TT;TRAIN_CO;SM_TT;SM_CO;SM_SEATS;CAR_TT;CAR_CO
1;2;0;3;0;112;48;63;52;0;117;65
1;2;0;3;0;103;48;60;49;0;117;84
1;2;0;3;0;130;48;67;58;0;117;52
1;2;0;3;0;103;40;63;52;0;72;52
1;2;0;3;0;130;36;63;42;0;90;84
1;2;0;3;0;112;36;60;49;0;90;52
1;2;0;3;0;103;48;67;58;0;72;65
1;1;0;3;0;103;36;67;43;0;90;65
1;2;0;3;0;130;40;60;46;0;72;65
2;2;1;2;0;184;62;76;70;0;0;0
2;2;1;2;0;170;62;70;66;0;0;0
2;2;1;2;0;213;62;84;82;0;0;0
2;2;1;2;0;170;52;76;72;0;0;0
2;2;1;2;0;213;47;76;53;0;0;0
2;2;1;2;0;184;47;70;66;0;0;0
2;2;1;2;0;170;62;84;82;0;0;0
2;2;1;2;0;170;47;84;57;0;0;0
2;2;1;2;0;213;52;70;62;0;0;0
3;2;1;2;0;58;32;29;35;0;105;40
3;2;1;2;0;58;29;25;38;0;136;50
3;2;1;2;0;58;32;27;40;1;136;65
3;2;1;2;0;47;29;25;38;1;84;65
3;2;1;2;0;51;32;25;36;1;136;40
3;2;1;2;0;51;38;25;42;0;84;40
3;2;1;2;0;51;29;27;32;1;84;50
3;2;1;2;0;51;32;27;40;0;105;50
3;2;1;2;0;58;38;27;42;0;84;65
4;2;1;2;0;138;40;65;45;0;135;80
4;2;1;2;0;138;40;61;52;1;175;130
4;2;1;2;0;138;36;58;49;0;175;100
4;2;1;2;0;105;36;58;49;1;108;130
4;2;1;2;0;116;40;58;46;1;175;80
4;2;1;2;0;116;36;61;42;1;108;100
4;2;1;2;0;116;48;58;50;0;108;80
4;2;1;2;0;138;48;61;52;0;108;130
4;2;1;2;0;116;40;61;52;0;135;100
5;2;1;2;0;269;70;216;72;0;0;0
5;2;1;2;0;243;70;213;70;0;0;0
5;2;1;2;0;320;70;220;74;0;0;0
5;2;1;2;0;243;58;216;66;0;0;0
5;2;1;2;0;320;52;216;57;0;0;0
5;2;1;2;0;269;52;213;62;0;0;0
5;2;1;2;0;243;70;220;74;0;0;0
5;2;1;2;0;243;52;220;57;0;0;0
5;2;1;2;0;320;58;213;64;0;0;0
6;2;1;3;0;116;35;46;38;1;70;35
6;2;1;3;0;95;26;49;29;0;91;28
6;2;1;3;0;116;26;53;32;1;56;28
6;2;1;3;0;102;26;53;32;0;91;45
6;2;1;3;0;102;29;53;32;0;56;45
6;2;1;3;0;95;29;53;32;1;91;35
6;2;1;3;0;95;35;49;40;1;70;28
6;2;1;3;0;95;29;46;35;0;70;45
6;2;1;3;0;102;35;53;46;1;70;45
7;2;1;3;0;87;42;32;49;0;117;140
7;2;1;3;0;80;42;29;46;0;117;182
7;2;1;3;0;101;42;36;56;0;117;112
7;2;1;3;0;80;35;32;49;0;72;112
7;2;1;3;0;101;31;32;38;0;90;182
7;2;1;3;0;87;31;29;46;0;90;112
7;1;1;3;0;80;42;36;56;0;72;140
7;2;1;3;0;80;31;36;40;0;90;140
7;2;1;3;0;101;35;29;43;0;72;140
8;2;1;4;0;109;26;56;34;0;130;30
8;2;1;4;0;100;26;53;32;0;130;39
8;2;1;4;0;126;26;60;40;0;130;24
8;3;1;4;0;100;22;56;35;0;80;24
8;2;1;4;0;126;20;56;24;0;100;39
8;3;1;4;0;109;20;53;32;0;100;24
8;3;1;4;0;100;26;60;40;0;80;30
8;2;1;4;0;100;20;60;26;0;100;30
8;2;1;4;0;126;22;53;28;0;80;30
9;2;1;2;0;116;24;53;28;0;60;32
9;2;1;2;0;116;22;46;32;0;78;40
9;2;1;2;0;116;24;49;36;1;78;52
9;2;1;2;0;95;22;46;32;1;48;52
9;2;1;2;0;102;24;46;29;1;78;32
9;2;1;2;0;102;29;46;32;0;48;32
9;2;1;2;0;102;22;49;25;1;48;40
9;2;1;2;0;102;24;49;36;0;60;40
9;2;1;2;0;116;29;49;35;0;48;52
10;2;1;2;0;131;42;59;46;1;0;0
10;1;1;2;0;110;31;62;38;0;0;0
10;2;1;2;0;131;31;66;40;1;0;0
10;2;1;2;0;117;31;66;40;0;0;0
10;2;1;2;0;117;35;66;42;0;0;0
10;2;1;2;0;110;35;66;42;1;0;0
10;2;1;2;0;110;42;62;49;1;0;0
10;2;1;2;0;110;35;59;43;0;0;0
10;1;1;2;0;117;42;66;56;1;0;0
11;2;1;2;0;116;32;52;38;0;0;0
11;2;1;2;0;116;32;48;43;1;0;0
11;2;1;2;0;116;29;45;40;0;0;0
11;2;1;2;0;93;29;45;40;1;0;0
11;2;1;2;0;101;32;45;40;1;0;0
11;2;1;2;0;101;29;48;34;1;0;0
11;2;1;2;0;101;38;45;43;0;0;0
11;2;1;2;0;116;38;48;45;0;0;0
11;2;1;2;0;101;32;48;43;0;0;0
12;2;1;3;0;131;36;66;42;0;0;0
12;2;1;3;0;131;36;62;50;1;0;0
12;2;1;3;0;131;32;59;48;0;0;0
12;2;1;3;0;110;32;59;48;1;0;0
12;2;1;3;0;117;36;59;45;1;0;0
12;2;1;3;0;117;32;62;38;1;0;0
12;2;1;3;0;117;43;59;48;0;0;0
12;2;1;3;0;131;43;62;49;0;0;0
12;2;1;3;0;117;36;62;50;0;0;0
13;2;1;3;0;168;37;86;40;1;0;0
13;2;1;3;0;129;28;89;32;0;0;0
13;2;1;3;0;168;28;93;32;1;0;0
13;2;1;3;0;142;28;93;32;0;0;0
13;2;1;3;0;142;31;93;34;0;0;0
13;1;1;3;0;129;31;93;34;1;0;0
13;1;1;3;0;129;37;89;42;1;0;0
13;2;1;3;0;129;31;86;36;0;0;0
13;2;1;3;0;142;37;93;46;1;0;0
14;2;1;3;0;130;31;77;38;0;91;100
14;2;1;3;0;118;31;74;36;0;91;130
14;2;1;3;0;153;31;81;43;0;91;80
14;1;1;3;0;118;26;77;38;0;56;80
14;2;1;3;0;153;23;77;28;0;70;130
14;2;1;3;0;130;23;74;35;0;70;80
14;2;1;3;0;118;31;81;43;0;56;100
14;1;1;3;0;118;23;81;29;0;70;100
14;2;1;3;0;153;26;74;32;0;56;100
15;2;1;3;0;111;26;41;31;1;0;0
15;2;1;3;0;111;20;48;26;1;0;0
15;2;1;3;0;90;20;44;24;0;0;0
15;2;1;3;0;97;20;48;26;0;0;0
15;2;1;3;0;97;22;48;26;0;0;0
15;2;1;3;0;90;22;48;26;1;0;0
15;2;1;3;0;90;26;44;32;1;0;0
15;2;1;3;0;90;22;41;28;0;0;0
15;1;1;3;0;97;26;48;40;1;0;0
16;2;1;3;0;208;62;79;66;0;190;80
16;2;1;3;0;208;62;71;80;1;247;130
16;2;1;3;0;208;56;65;74;0;247;100
16;2;1;3;0;165;56;65;74;1;152;130
16;2;1;3;0;179;62;65;70;1;247;80
16;2;1;3;0;179;56;71;62;1;152;100
16;2;1;3;0;179;74;65;78;0;152;80
16;2;1;3;0;208;74;71;80;0;152;130
16;2;1;3;0;179;62;71;80;0;190;100
17;2;0;1;0;132;23;61;26;0;90;20
17;2;0;1;0;132;23;57;31;1;117;32
17;2;0;1;0;132;21;54;28;0;117;25
17;2;0;1;0;102;21;54;28;1;72;32
17;2;0;1;0;112;23;54;28;1;117;20
17;2;0;1;0;112;21;57;24;1;72;25
17;2;0;1;0;112;28;54;30;0;72;20
17;2;0;1;0;132;28;57;31;0;72;32
17;2;0;1;0;112;23;57;31;0;90;25
18;2;0;3;0;186;24;95;27;0;110;32
18;2;0;3;0;186;24;89;32;1;143;52
18;2;0;3;0;186;22;84;30;0;143;40
18;2;0;3;0;154;22;84;30;1;88;52
18;2;0;3;0;165;24;84;28;1;143;32
18;2;0;3;0;165;22;89;25;1;88;40
18;2;0;3;0;165;29;84;30;0;88;32
18;2;0;3;0;186;29;89;32;0;88;52
18;2;0;3;0;165;24;89;32;0;110;40
19;3;1;1;0;212;26;121;27;1;1200;10
19;1;1;1;0;177;20;128;23;0;1560;13
19;3;1;1;0;159;20;124;22;0;1560;8
19;3;1;1;0;212;20;128;23;1;960;8
19;1;1;1;0;177;22;128;24;0;960;13
19;1;1;1;0;159;22;128;24;1;1560;10
19;2;1;1;0;159;26;124;28;1;1200;8
19;2;1;1;0;159;22;121;25;0;1200;13
19;1;1;1;0;177;26;128;31;1;1200;13
20;2;1;2;0;179;31;96;32;1;110;30
20;2;1;2;0;137;23;99;27;0;143;24
20;3;1;2;0;179;23;103;28;1;88;24
20;2;1;2;0;151;23;103;28;0;143;39
20;2;1;2;0;151;26;103;28;0;88;39
20;2;1;2;0;137;26;103;28;1;143;30
20;2;1;2;0;137;31;99;34;1;110;24
20;2;1;2;0;137;26;96;30;0;110;39
20;2;1;2;0;151;31;103;38;1;110;39
21;2;0;2;0;133;96;57;106;0;0;0
21;2;0;2;0;122;96;52;99;0;0;0
21;1;0;2;0;154;96;63;123;0;0;0
21;2;0;2;0;122;80;57;106;0;0;0
21;2;0;2;0;154;72;57;83;0;0;0
21;2;0;2;0;133;72;52;99;0;0;0
21;2;0;2;0;122;96;63;123;0;0;0
21;2;0;2;0;122;72;63;86;0;0;0
21;2;0;2;0;154;80;52;91;0;0;0
22;3;0;5;0;108;52;43;62;0;70;36
22;1;0;5;0;108;52;39;80;1;91;58
22;1;0;5;0;108;47;36;71;0;91;45
22;1;0;5;0;87;47;36;71;1;56;58
22;3;0;5;0;94;52;36;65;1;91;36
22;1;0;5;0;94;47;39;57;1;56;45
22;3;0;5;0;94;62;36;71;0;56;36
22;3;0;5;0;108;62;39;76;0;56;58
22;3;0;5;0;94;52;39;80;0;70;45
23;2;1;2;0;102;54;49;68;0;78;50
23;2;1;2;0;95;54;46;63;0;78;65
23;1;1;2;0;116;54;53;83;0;78;40
23;1;1;2;0;95;45;49;70;0;48;40
23;2;1;2;0;116;40;49;50;0;60;65
23;2;1;2;0;102;40;46;63;0;60;40
23;1;1;2;0;95;54;53;83;0;48;50
23;1;1;2;0;95;40;53;52;0;60;50
23;2;1;2;0;116;45;46;58;0;48;50
24;2;1;3;0;210;118;60;128;1;0;0
24;2;1;3;0;164;88;66;103;0;0;0
24;2;1;3;0;210;88;74;108;1;0;0
24;2;1;3;0;179;88;74;108;0;0;0
24;2;1;3;0;179;98;74;111;0;0;0
24;2;1;3;0;164;98;74;111;1;0;0
24;2;1;3;0;164;118;66;132;1;0;0
24;2;1;3;0;164;98;60;116;0;0;0
24;1;1;3;0;179;118;74;161;1;0;0
25;3;1;3;0;179;119;66;139;0;182;90
25;3;1;3;0;164;99;66;139;0;112;72
25;2;1;3;0;164;119;60;128;0;182;117
25;2;1;3;0;210;119;74;161;0;182;72
25;2;1;3;0;210;89;66;106;0;140;117
25;2;1;3;0;179;89;60;128;0;140;72
25;3;1;3;0;164;119;74;161;0;112;90
25;3;1;3;0;164;89;74;111;0;140;90
25;3;1;3;0;210;99;60;123;0;112;90
26;2;0;3;0;233;74;77;84;0;190;44
26;2;0;3;0;233;74;67;104;1;247;71
26;2;0;3;0;233;67;59;97;0;247;55
26;2;0;3;0;177;67;59;97;1;152;71
26;2;0;3;0;196;74;59;87;1;247;44
26;2;0;3;0;196;67;67;77;1;152;55
26;2;0;3;0;196;89;59;97;0;152;44
26;2;0;3;0;233;89;67;100;0;152;71
26;2;0;3;0;196;74;67;104;0;190;55
27;2;1;2;0;86;36;31;46;0;0;0
27;2;1;2;0;79;36;28;41;0;0;0
27;2;1;2;0;100;36;35;52;0;0;0
27;2;1;2;0;79;30;31;46;0;0;0
27;2;1;2;0;100;27;31;31;0;0;0
27;2;1;2;0;86;27;28;41;0;0;0
27;2;1;2;0;79;36;35;52;0;0;0
27;2;1;2;0;79;27;35;34;0;0;0
27;2;1;2;0;100;30;28;38;0;0;0
28;2;1;5;0;92;60;68;65;0;0;0
28;2;1;5;0;108;60;70;80;0;0;0
28;2;1;5;0;84;60;66;60;0;0;0
28;1;1;5;0;84;50;68;80;0;0;0
28;2;1;5;0;108;45;68;60;0;0;0
28;2;1;5;0;84;60;70;80;0;0;0
28;1;1;5;0;92;45;66;80;0;0;0
28;2;1;5;0;108;50;66;65;0;0;0
28;1;1;5;0;84;45;70;65;0;0;0
29;1;1;3;0;110;60;55;65;0;91;80
29;2;1;3;0;103;60;52;60;0;91;104
29;1;1;3;0;124;60;59;80;0;91;64
29;1;1;3;0;103;50;55;80;0;56;64
29;1;1;3;0;124;45;55;60;0;70;104
29;2;1;3;0;110;45;52;80;0;70;64
29;2;1;3;0;103;60;59;80;0;56;80
29;1;1;3;0;103;45;59;65;0;70;80
29;2;1;3;0;124;50;52;65;0;56;80
30;2;1;2;0;118;60;46;60;1;70;27
30;2;1;2;0;97;45;49;60;0;91;22
30;2;1;2;0;118;45;53;65;1;56;22
30;2;1;2;0;104;45;53;65;0;91;35
30;2;1;2;0;104;50;53;60;0;56;35
30;2;1;2;0;97;50;53;60;1;91;27
30;2;1;2;0;97;60;49;65;1;70;22
30;2;1;2;0;97;50;46;65;0;70;35
30;2;1;2;0;104;60;53;80;1;70;35
31;2;1;3;0;182;60;69;65;0;182;80
31;2;1;3;0;165;60;63;60;0;182;104
31;2;1;3;0;215;60;77;80;0;182;64
31;2;1;3;0;165;50;69;80;0;112;64
31;2;1;3;0;215;45;69;60;0;140;104
31;2;1;3;0;182;45;63;80;0;140;64
31;3;1;3;0;165;60;77;80;0;112;80
31;2;1;3;0;165;45;77;65;0;140;80
31;2;1;3;0;215;50;63;65;0;112;80
32;2;1;2;0;281;50;119;60;0;0;0
32;1;1;2;0;281;50;109;80;1;0;0
32;2;1;2;0;281;45;101;80;0;0;0
32;2;1;2;0;216;45;101;80;1;0;0
32;2;1;2;0;238;50;101;65;1;0;0
32;2;1;2;0;238;45;109;60;1;0;0
32;2;1;2;0;238;60;101;60;0;0;0
32;2;1;2;0;281;60;109;65;0;0;0
32;2;1;2;0;238;50;109;80;0;0;0
33;2;0;2;1;64;3120;40;3380;0;0;0
33;2;0;2;1;71;3120;42;4160;0;0;0
33;2;0;2;1;61;3120;38;3120;0;0;0
33;1;0;2;1;61;2600;40;4160;0;0;0
33;1;0;2;1;71;2340;40;3120;0;0;0
33;1;0;2;1;64;2340;38;4160;0;0;0
33;2;0;2;1;61;3120;42;4160;0;0;0
33;2;0;2;1;71;2600;38;3380;0;0;0
33;2;0;2;1;61;2340;42;3380;0;0;0
34;2;0;3;1;139;2600;81;3120;0;0;0
34;2;0;3;1;139;2600;77;4160;1;0;0
34;1;0;3;1;139;2340;74;4160;0;0;0
34;1;0;3;1;110;2340;74;4160;1;0;0
34;2;0;3;1;120;2600;74;3380;1;0;0
34;1;0;3;1;120;2340;77;3120;1;0;0
34;2;0;3;1;120;3120;74;3120;0;0;0
34;2;0;3;1;139;3120;77;3380;0;0;0
34;1;0;3;1;120;2600;77;4160;0;0;0
35;2;1;2;1;148;2600;75;3120;0;0;0
35;1;1;2;1;148;2340;68;4160;0;0;0
35;1;1;2;1;148;2600;71;4160;1;0;0
35;1;1;2;1;112;2340;68;4160;1;0;0
35;1;1;2;1;124;2600;68;3380;1;0;0
35;1;1;2;1;124;2340;71;3120;1;0;0
35;2;1;2;1;124;3120;68;3120;0;0;0
35;1;1;2;1;148;3120;71;3380;0;0;0
35;1;1;2;1;124;2600;71;4160;0;0;0
36;2;1;2;1;87;3120;34;3380;0;0;0
36;2;1;2;1;80;3120;31;3120;0;0;0
36;2;1;2;1;101;3120;38;4160;0;0;0
36;2;1;2;1;80;2600;34;4160;0;0;0
36;2;1;2;1;101;2340;34;3120;0;0;0
36;1;1;2;1;87;2340;31;4160;0;0;0
36;2;1;2;1;80;3120;38;4160;0;0;0
36;1;1;2;1;80;2340;38;3380;0;0;0
36;2;1;2;1;101;2600;31;3380;0;0;0
37;2;1;2;1;66;2600;37;3120;0;50;32
37;2;1;2;1;66;2600;35;4160;1;65;52
37;2;1;2;1;66;2340;33;4160;0;65;40
37;2;1;2;1;56;2340;33;4160;1;40;52
37;2;1;2;1;59;2600;33;3380;1;65;32
37;2;1;2;1;59;2340;35;3120;1;40;40
37;2;1;2;1;59;3120;33;3120;0;40;32
37;2;1;2;1;66;3120;35;3380;0;40;52
37;2;1;2;1;59;2600;35;4160;0;50;40
38;2;1;2;1;121;3120;49;3120;1;0;0
38;2;1;2;1;100;2340;52;3120;0;0;0
38;2;1;2;1;121;2340;56;3380;1;0;0
38;2;1;2;1;107;2340;56;3380;0;0;0
38;2;1;2;1;107;2600;56;3120;0;0;0
38;2;1;2;1;100;2600;56;3120;1;0;0
38;2;1;2;1;100;3120;52;3380;1;0;0
38;2;1;2;1;100;2600;49;3380;0;0;0
38;1;1;2;1;107;3120;56;4160;1;0;0
39;2;1;2;1;205;3120;55;3120;1;0;0
39;2;1;2;1;159;2340;61;3120;0;0;0
39;2;1;2;1;205;2340;69;3380;1;0;0
39;2;1;2;1;174;2340;69;3380;0;0;0
39;2;1;2;1;174;2600;69;3120;0;0;0
39;1;1;2;1;159;2600;69;3120;1;0;0
39;2;1;2;1;159;3120;61;3380;1;0;0
39;2;1;2;1;159;2600;55;3380;0;0;0
39;1;1;2;1;174;3120;69;4160;1;0;0
40;2;1;3;1;97;3120;44;3380;0;0;0
40;2;1;3;1;88;3120;41;3120;0;0;0
40;2;1;3;1;114;3120;48;4160;0;0;0
40;2;1;3;1;88;2600;44;4160;0;0;0
40;2;1;3;1;114;2340;44;3120;0;0;0
40;2;1;3;1;97;2340;41;4160;0;0;0
40;2;1;3;1;88;3120;48;4160;0;0;0
40;2;1;3;1;88;2340;48;3380;0;0;0
40;2;1;3;1;114;2600;41;3380;0;0;0
41;2;1;3;1;274;2600;131;3120;0;210;48
41;1;1;3;1;274;2600;123;4160;1;273;78
41;1;1;3;1;274;2340;117;4160;0;273;60
41;1;1;3;1;209;2340;117;4160;1;168;78
41;2;1;3;1;231;2600;117;3380;1;273;48
41;2;1;3;1;231;2340;123;3120;1;168;60
41;2;1;3;1;231;3120;117;3120;0;168;48
41;2;1;3;1;274;3120;123;3380;0;168;78
41;1;1;3;1;231;2600;123;4160;0;210;60
42;2;1;2;1;109;2600;44;3120;0;90;40
42;2;1;2;1;109;2600;40;4160;1;117;65
42;1;1;2;1;109;2340;37;4160;0;117;50
42;2;1;2;1;88;2340;37;4160;1;72;65
42;2;1;2;1;95;2600;37;3380;1;117;40
42;2;1;2;1;95;2340;40;3120;1;72;50
42;2;1;2;1;95;3120;37;3120;0;72;40
42;2;1;2;1;109;3120;40;3380;0;72;65
42;2;1;2;1;95;2600;40;4160;0;90;50
43;2;1;3;1;85;3120;30;3380;0;0;0
43;2;1;3;1;78;3120;27;3120;0;0;0
43;2;1;3;1;99;3120;34;4160;0;0;0
43;2;1;3;1;78;2600;30;4160;0;0;0
43;2;1;3;1;99;2340;30;3120;0;0;0
43;2;1;3;1;85;2340;27;4160;0;0;0
43;2;1;3;1;78;3120;34;4160;0;0;0
43;2;1;3;1;78;2340;34;3380;0;0;0
43;2;1;3;1;99;2600;27;3380;0;0;0
44;2;1;3;1;141;3120;62;3120;1;90;55
44;2;1;3;1;109;2340;65;3120;0;117;44
44;2;1;3;1;141;2340;69;3380;1;72;44
44;2;1;3;1;120;2340;69;3380;0;117;71
44;2;1;3;1;120;2600;69;3120;0;72;71
44;2;1;3;1;109;2600;69;3120;1;117;55
44;2;1;3;1;109;3120;65;3380;1;90;44
44;2;1;3;1;109;2600;62;3380;0;90;71
44;1;1;3;1;120;3120;69;4160;1;90;71
45;2;1;3;1;173;2600;97;3120;0;90;48
45;1;1;3;1;173;2600;93;4160;1;117;78
45;1;1;3;1;173;2340;90;4160;0;117;60
45;1;1;3;1;136;2340;90;4160;1;72;78
45;1;1;3;1;148;2600;90;3380;1;117;48
45;2;1;3;1;148;2340;93;3120;1;72;60
45;2;1;3;1;148;3120;90;3120;0;72;48
45;2;1;3;1;173;3120;93;3380;0;72;78
45;1;1;3;1;148;2600;93;4160;0;90;60
46;2;1;3;1;152;3120;76;3120;1;0;0
46;1;1;3;1;122;2340;79;3120;0;0;0
46;2;1;3;1;152;2340;83;3380;1;0;0
46;2;1;3;1;132;2340;83;3380;0;0;0
46;2;1;3;1;132;2600;83;3120;0;0;0
46;1;1;3;1;122;2600;83;3120;1;0;0
46;2;1;3;1;122;3120;79;3380;1;0;0
46;2;1;3;1;122;2600;76;3380;0;0;0
46;1;1;3;1;132;3120;83;4160;1;0;0
47;2;1;2;1;92;3120;39;3380;0;78;30
47;2;1;2;1;85;3120;36;3120;0;78;39
47;2;1;2;1;106;3120;43;4160;0;78;24
47;2;1;2;1;85;2600;39;4160;0;48;24
47;2;1;2;1;106;2340;39;3120;0;60;39
47;2;1;2;1;92;2340;36;4160;0;60;24
47;2;1;2;1;85;3120;43;4160;0;48;30
47;2;1;2;1;85;2340;43;3380;0;60;30
47;2;1;2;1;106;2600;36;3380;0;48;30
48;2;1;3;1;54;3120;21;3120;1;40;84
48;1;1;3;1;54;2340;25;3380;1;32;67
48;2;1;3;1;44;2340;23;3120;0;52;67
48;1;1;3;1;47;2340;25;3380;0;52;109
48;2;1;3;1;47;2600;25;3120;0;32;109
48;2;1;3;1;44;2600;25;3120;1;52;84
48;2;1;3;1;44;3120;23;3380;1;40;67
48;1;1;3;1;47;3120;25;4160;1;40;109
48;1;1;3;1;44;2600;21;3380;0;40;109
49;2;1;3;1;133;2600;62;3120;0;75;40
49;2;1;3;1;133;2600;58;4160;1;97;65
49;2;1;3;1;133;2340;55;4160;0;97;50
49;2;1;3;1;103;2340;55;4160;1;60;65
49;2;1;3;1;113;2600;55;3380;1;97;40
49;2;1;3;1;113;2340;58;3120;1;60;50
49;2;1;3;1;113;3120;55;3120;0;60;40
49;2;1;3;1;133;3120;58;3380;0;60;65
49;2;1;3;1;113;2600;58;4160;0;75;50
50;2;1;4;1;263;3120;112;3120;1;150;75
50;2;1;4;1;203;2340;118;3120;0;195;60
50;2;1;4;1;263;2340;126;3380;1;120;60
50;2;1;4;1;223;2340;126;3380;0;195;97
50;2;1;4;1;223;2600;126;3120;0;120;97
50;2;1;4;1;203;2600;126;3120;1;195;75
50;2;1;4;1;203;3120;118;3380;1;150;60
50;2;1;4;1;203;2600;112;3380;0;150;97
50;1;1;4;1;223;3120;126;4160;1;150;97
51;2;1;4;1;107;2600;81;3120;0;90;44
51;2;1;4;1;107;2600;79;4160;1;117;71
51;2;1;4;1;107;2340;77;4160;0;117;55
51;2;1;4;1;82;2340;77;4160;1;72;71
51;2;1;4;1;90;2600;77;3380;1;117;44
51;2;1;4;1;90;2340;79;3120;1;72;55
51;2;1;4;1;90;3120;77;3120;0;72;44
51;2;1;4;1;107;3120;79;3380;0;72;71
51;2;1;4;1;90;2600;79;4160;0;90;55
52;2;1;2;1;195;3120;66;3380;0;0;0
52;2;1;2;1;177;3120;58;3120;0;0;0
52;2;1;2;1;231;3120;76;4160;0;0;0
52;1;1;2;1;177;2600;66;4160;0;0;0
52;2;1;2;1;231;2340;66;3120;0;0;0
52;1;1;2;1;195;2340;58;4160;0;0;0
52;2;1;2;1;177;3120;76;4160;0;0;0
52;1;1;2;1;177;2340;76;3380;0;0;0
52;2;1;2;1;231;2600;58;3380;0;0;0
53;2;3;2;1;138;3120;83;3380;0;104;160
53;2;3;2;1;126;3120;80;3120;0;104;208
53;2;3;2;1;163;3120;87;4160;0;104;128
53;1;3;2;1;126;2600;83;4160;0;64;128
53;2;3;2;1;163;2340;83;3120;0;80;208
53;2;3;2;1;138;2340;80;4160;0;80;128
53;2;3;2;1;126;3120;87;4160;0;64;160
53;2;3;2;1;126;2340;87;3380;0;80;160
53;2;3;2;1;163;2600;80;3380;0;64;160
54;2;1;2;1;97;2220;27;2220;1;0;0
54;2;1;2;1;76;1665;30;2220;0;0;0
54;1;1;2;1;97;1665;34;2405;1;0;0
54;1;1;2;1;83;1665;34;2405;0;0;0
54;2;1;2;1;83;1850;34;2220;0;0;0
54;2;1;2;1;76;1850;34;2220;1;0;0
54;2;1;2;1;76;2220;30;2405;1;0;0
54;2;1;2;1;76;1850;27;2405;0;0;0
54;2;1;2;1;83;2220;34;2960;1;0;0
55;2;1;1;0;131;162;55;162;1;0;0
55;1;1;1;0;101;121;58;162;0;0;0
55;1;1;1;0;131;121;62;175;1;0;0
55;1;1;1;0;111;121;62;175;0;0;0
55;1;1;1;0;111;135;62;162;0;0;0
55;1;1;1;0;101;135;62;162;1;0;0
55;2;1;1;0;101;162;58;175;1;0;0
55;1;1;1;0;101;135;55;175;0;0;0
55;1;1;1;0;111;162;62;216;1;0;0
56;2;1;2;0;97;218;39;262;0;50;28
56;2;1;2;0;97;218;36;349;1;65;45
56;1;1;2;0;97;196;34;349;0;65;35
56;1;1;2;0;79;196;34;349;1;40;45
56;2;1;2;0;85;218;34;283;1;65;28
56;2;1;2;0;85;196;36;262;1;40;35
56;2;1;2;0;85;262;34;262;0;40;28
56;2;1;2;0;97;262;36;283;0;40;45
56;2;1;2;0;85;218;36;349;0;50;35
57;2;0;3;0;257;60;102;60;1;160;105
57;2;0;3;0;195;45;108;60;0;208;84
57;2;0;3;0;257;45;116;65;1;128;84
57;2;0;3;0;216;45;116;65;0;208;136
57;2;0;3;0;216;50;116;60;0;128;136
57;2;0;3;0;195;50;116;60;1;208;105
57;2;0;3;0;195;60;108;65;1;160;84
57;2;0;3;0;195;50;102;65;0;160;136
57;2;0;3;0;216;60;116;80;1;160;136
58;2;1;1;0;92;179;34;215;0;60;24
58;1;1;1;0;92;179;31;286;1;78;39
58;1;1;1;0;92;161;29;286;0;78;30
58;1;1;1;0;74;161;29;286;1;48;39
58;1;1;1;0;80;179;29;233;1;78;24
58;1;1;1;0;80;161;31;215;1;48;30
58;2;1;1;0;80;215;29;215;0;48;24
58;2;1;1;0;92;215;31;233;0;48;39
58;1;1;1;0;80;179;31;286;0;60;30
59;2;1;3;0;292;168;71;168;1;190;110
59;2;1;3;0;224;126;80;168;0;247;88
59;2;1;3;0;292;126;92;182;1;152;88
59;2;1;3;0;247;126;92;182;0;247;143
59;2;1;3;0;247;140;92;168;0;152;143
59;2;1;3;0;224;140;92;168;1;247;110
59;2;1;3;0;224;168;80;182;1;190;88
59;2;1;3;0;224;140;71;182;0;190;143
59;2;1;3;0;247;168;92;224;1;190;143
60;3;1;4;0;132;259;54;259;1;60;45
60;3;1;4;0;102;194;57;259;0;78;36
60;3;1;4;0;132;194;61;281;1;48;36
60;3;1;4;0;112;194;61;281;0;78;58
60;3;1;4;0;112;216;61;259;0;48;58
60;3;1;4;0;102;216;61;259;1;78;45
60;3;1;4;0;102;259;57;281;1;60;36
60;3;1;4;0;102;216;54;281;0;60;58
60;3;1;4;0;112;259;61;346;1;60;58
61;2;1;3;0;240;20;84;20;1;160;115
61;2;1;3;0;185;15;90;20;0;208;92
61;2;1;3;0;240;15;98;22;1;128;92
61;2;1;3;0;203;15;98;22;0;208;149
61;2;1;3;0;203;17;98;20;0;128;149
61;2;1;3;0;185;17;98;20;1;208;115
61;2;1;3;0;185;20;90;22;1;160;92
61;2;1;3;0;185;17;84;22;0;160;149
61;2;1;3;0;203;20;98;27;1;160;149
62;2;1;2;0;186;81;123;84;0;210;88
62;2;1;2;0;186;81;119;92;1;273;143
62;2;1;2;0;186;73;116;88;0;273;110
62;2;1;2;0;165;73;116;88;1;168;143
62;2;1;2;0;172;81;116;88;1;273;88
62;2;1;2;0;172;73;119;81;1;168;110
62;2;1;2;0;172;97;116;97;0;168;88
62;2;1;2;0;186;97;119;99;0;168;143
62;2;1;2;0;172;81;119;92;0;210;110
63;2;1;3;0;120;50;67;65;0;78;35
63;1;1;3;0;141;50;71;74;0;78;28
63;2;1;3;0;109;50;64;60;0;78;45
63;2;1;3;0;109;42;67;65;0;48;28
63;2;1;3;0;141;38;67;46;0;60;45
63;1;1;3;0;120;38;64;58;0;60;28
63;1;1;3;0;109;50;71;74;0;48;35
63;1;1;3;0;109;38;71;48;0;60;35
63;2;1;3;0;141;42;64;54;0;48;35
64;2;1;3;0;113;60;48;71;0;80;40
64;1;1;3;0;113;60;44;84;1;104;65
64;2;1;3;0;113;54;41;78;0;104;50
64;2;1;3;0;92;54;41;78;1;64;65
64;2;1;3;0;99;60;41;74;1;104;40
64;2;1;3;0;99;54;44;65;1;64;50
64;2;1;3;0;99;72;41;78;0;64;40
64;2;1;3;0;113;72;44;84;0;64;65
64;2;1;3;0;99;60;44;84;0;80;50
65;2;0;4;0;215;84;79;97;0;140;72
65;2;0;4;0;215;76;65;109;0;182;90
65;2;0;4;0;215;84;71;118;1;182;117
65;2;0;4;0;169;76;65;109;1;112;117
65;2;0;4;0;184;84;65;105;1;182;72
65;2;0;4;0;184;76;71;90;1;112;90
65;2;0;4;0;184;101;65;109;0;112;72
65;2;0;4;0;215;101;71;118;0;112;117
65;2;0;4;0;184;84;71;118;0;140;90
66;2;1;2;0;206;71;122;78;0;135;56
66;2;1;2;0;206;71;118;92;1;175;91
66;2;1;2;0;206;64;115;84;0;175;70
66;2;1;2;0;157;64;115;84;1;108;91
66;2;1;2;0;173;71;115;81;1;175;56
66;2;1;2;0;173;64;118;74;1;108;70
66;2;1;2;0;173;85;115;88;0;108;56
66;2;1;2;0;206;85;118;92;0;108;91
66;2;1;2;0;173;71;118;92;0;135;70
67;2;1;2;0;140;78;62;84;1;90;60
67;2;1;2;0;110;58;65;68;0;117;48
67;2;1;2;0;140;58;69;74;1;72;48
67;2;1;2;0;120;58;69;74;0;117;78
67;2;1;2;0;120;65;69;74;0;72;78
67;2;1;2;0;110;65;69;74;1;117;60
67;1;1;2;0;110;78;65;88;1;90;48
67;2;1;2;0;110;65;62;78;0;90;78
67;2;1;2;0;120;78;69;99;1;90;78
68;2;1;2;0;147;50;70;58;1;60;35
68;3;1;2;0;116;38;73;44;0;78;28
68;3;1;2;0;147;38;77;48;1;48;28
68;2;1;2;0;126;38;77;48;0;78;45
68;2;1;2;0;126;42;77;48;0;48;45
68;3;1;2;0;116;42;77;48;1;78;35
68;3;1;2;0;116;50;73;60;1;60;28
68;3;1;2;0;116;42;70;53;0;60;45
68;3;1;2;0;126;50;77;71;1;60;45
69;2;1;2;0;202;110;113;112;1;150;240
69;2;1;2;0;202;83;120;94;1;120;192
69;2;1;2;0;155;83;116;92;0;195;192
69;2;1;2;0;171;83;120;94;0;195;312
69;2;1;2;0;171;92;120;99;0;120;312
69;2;1;2;0;155;110;116;118;1;150;192
69;2;1;2;0;155;92;120;99;1;195;240
69;2;1;2;0;155;92;113;105;0;150;312
69;2;1;2;0;171;110;120;133;1;150;312
70;2;1;3;0;116;72;44;78;1;60;50
70;1;1;3;0;95;54;47;65;0;78;40
70;3;1;3;0;116;54;51;68;1;48;40
70;2;1;3;0;102;54;51;68;0;78;65
70;2;1;3;0;102;60;51;71;0;48;65
70;2;1;3;0;95;60;51;71;1;78;50
70;2;1;3;0;95;72;47;84;1;60;40
70;2;1;3;0;95;60;44;74;0;60;65
70;3;1;3;0;102;72;51;94;1;60;65
71;2;1;3;0;177;101;64;112;0;143;95
71;2;1;3;0;162;101;58;109;0;143;123
71;2;1;3;0;208;101;72;137;0;143;76
71;2;1;3;0;162;84;64;118;0;88;76
71;2;1;3;0;208;76;64;88;0;110;123
71;2;1;3;0;177;76;58;109;0;110;76
71;2;1;3;0;162;101;72;137;0;88;95
71;2;1;3;0;162;76;72;92;0;110;95
71;1;1;3;0;208;84;58;99;0;88;95
72;2;1;3;0;127;85;78;92;0;130;144
72;2;1;3;0;118;85;75;88;0;130;187
72;2;1;3;0;145;85;82;105;0;130;115
72;2;1;3;0;118;71;78;92;0;80;115
72;2;1;3;0;145;64;78;74;0;100;187
72;2;1;3;0;127;64;75;84;0;100;115
72;2;1;3;0;118;85;82;105;0;80;144
72;2;1;3;0;118;64;82;76;0;100;144
72;2;1;3;0;145;71;75;84;0;80;144
73;2;1;3;0;91;46;38;58;0;0;0
73;2;1;3;0;83;46;35;54;0;0;0
73;2;1;3;0;108;46;42;68;0;0;0
73;2;1;3;0;83;38;38;60;0;0;0
73;2;1;3;0;108;34;38;42;0;0;0
73;2;1;3;0;91;34;35;54;0;0;0
73;2;1;3;0;83;46;42;68;0;0;0
73;2;1;3;0;83;34;42;44;0;0;0
73;2;1;3;0;108;38;35;50;0;0;0
74;2;1;2;0;102;72;28;78;1;110;50
74;2;1;2;0;78;54;31;65;0;143;40
74;2;1;2;0;102;54;35;68;1;88;40
74;2;1;2;0;86;54;35;68;0;143;65
74;2;1;2;0;86;60;35;71;0;88;65
74;1;1;2;0;78;60;35;71;1;143;50
74;1;1;2;0;78;72;31;84;1;110;40
74;2;1;2;0;78;60;28;74;0;110;65
74;1;1;2;0;86;72;35;94;1;110;65
75;2;3;2;0;98;48;87;48;0;156;50
75;2;3;2;0;115;48;89;51;0;156;40
75;2;3;2;0;90;48;85;47;0;156;65
75;2;3;2;0;90;40;87;46;0;96;40
75;2;3;2;0;115;36;87;40;0;120;65
75;2;3;2;0;98;36;85;42;0;120;40
75;2;3;2;0;90;48;89;51;0;96;50
75;2;3;2;0;115;40;85;42;0;96;50
75;1;3;2;0;90;36;89;40;0;120;50
76;2;0;2;0;62;76;43;116;0;0;0
76;2;0;2;0;57;76;41;108;0;0;0
76;1;0;2;0;72;76;46;136;0;0;0
76;2;0;2;0;57;63;43;116;0;0;0
76;2;0;2;0;72;57;43;82;0;0;0
76;2;0;2;0;62;57;41;106;0;0;0
76;2;0;2;0;57;76;46;136;0;0;0
76;2;0;2;0;57;57;46;89;0;0;0
76;2;0;2;0;72;63;41;97;0;0;0
77;2;0;4;0;126;156;71;169;0;117;65
77;2;0;4;0;147;156;75;194;0;117;52
77;2;0;4;0;115;156;68;162;0;117;84
77;1;0;4;0;115;130;71;176;0;72;52
77;2;0;4;0;147;117;71;136;0;90;84
77;2;0;4;0;115;156;75;194;0;72;65
77;2;0;4;0;126;117;68;162;0;90;52
77;2;0;4;0;147;130;68;153;0;72;65
77;2;0;4;0;115;117;75;142;0;90;65
78;2;1;2;0;135;156;57;167;1;0;0
78;2;1;2;0;105;117;60;136;0;0;0
78;2;1;2;0;135;117;64;147;1;0;0
78;2;1;2;0;115;117;64;147;0;0;0
78;2;1;2;0;115;130;64;147;0;0;0
78;2;1;2;0;105;130;64;147;1;0;0
78;2;1;2;0;105;156;60;176;1;0;0
78;2;1;2;0;105;130;57;155;0;0;0
78;2;1;2;0;115;156;64;198;1;0;0
79;2;1;3;0;122;145;78;153;1;80;80
79;2;1;3;0;122;109;82;130;1;64;64
79;2;1;3;0;95;109;80;119;0;104;64
79;2;1;3;0;104;109;82;130;0;104;104
79;2;1;3;0;104;121;82;136;0;64;104
79;2;1;3;0;95;145;80;155;1;80;64
79;2;1;3;0;95;121;82;136;1;104;80
79;3;1;3;0;104;145;82;167;1;80;104
79;2;1;3;0;95;121;78;136;0;80;104
80;2;1;4;0;117;70;64;82;0;0;0
80;2;1;4;0;106;70;61;79;0;0;0
80;2;1;4;0;139;70;68;92;0;0;0
80;1;1;4;0;106;58;64;82;0;0;0
80;2;1;4;0;139;52;64;60;0;0;0
80;1;1;4;0;117;52;61;74;0;0;0
80;1;1;4;0;106;70;68;92;0;0;0
80;2;1;4;0;106;52;68;63;0;0;0
80;2;1;4;0;139;58;61;70;0;0;0
81;2;0;2;0;72;48;37;53;1;40;15
81;2;0;2;0;72;36;41;43;1;32;12
81;2;0;2;0;59;36;39;41;0;52;12
81;2;0;2;0;63;36;41;43;0;52;19
81;2;0;2;0;63;40;41;45;0;32;19
81;2;0;2;0;59;40;41;45;1;52;15
81;1;0;2;0;59;48;39;58;1;40;12
81;1;0;2;0;63;48;41;67;1;40;19
81;1;0;2;0;59;40;37;50;0;40;19
82;2;1;3;0;169;100;56;108;0;195;140
82;2;1;3;0;154;100;50;100;0;195;182
82;2;1;3;0;200;100;64;133;0;195;112
82;2;1;3;0;154;83;56;133;0;120;112
82;2;1;3;0;200;75;56;100;0;150;182
82;2;1;3;0;169;75;50;133;0;150;112
82;2;1;3;0;154;100;64;133;0;120;140
82;2;1;3;0;154;75;64;108;0;150;140
82;2;1;3;0;200;83;50;108;0;120;140
83;2;1;2;0;199;100;86;108;0;208;90
83;2;1;2;0;238;100;94;133;0;208;72
83;2;1;2;0;180;100;80;100;0;208;117
83;1;1;2;0;180;83;86;133;0;128;72
83;2;1;2;0;238;75;86;100;0;160;117
83;3;1;2;0;180;100;94;133;0;128;90
83;1;1;2;0;199;75;80;133;0;160;72
83;2;1;2;0;180;75;94;108;0;160;90
83;2;1;2;0;238;83;80;108;0;128;90
84;2;1;2;0;209;100;63;100;1;150;100
84;2;1;2;0;161;75;69;100;0;195;80
84;2;1;2;0;209;75;77;108;1;120;80
84;2;1;2;0;177;75;77;108;0;195;130
84;2;1;2;0;177;83;77;100;0;120;130
84;2;1;2;0;161;83;77;100;1;195;100
84;2;1;2;0;161;100;69;108;1;150;80
84;2;1;2;0;161;83;63;108;0;150;130
84;2;1;2;0;177;100;77;133;1;150;130
85;3;1;3;0;111;83;48;100;0;60;28
85;3;1;3;0;111;83;44;133;1;78;45
85;3;1;3;0;90;75;41;133;1;48;45
85;3;1;3;0;111;75;41;133;0;78;35
85;3;1;3;0;97;83;41;108;1;78;28
85;3;1;3;0;97;75;44;100;1;48;35
85;3;1;3;0;97;100;41;100;0;48;28
85;3;1;3;0;111;100;44;108;0;48;45
85;3;1;3;0;97;83;44;133;0;60;35
86;2;1;3;0;249;100;76;100;1;250;205
86;2;1;3;0;195;75;84;100;0;325;164
86;2;1;3;0;249;75;94;108;1;200;164
86;2;1;3;0;213;75;94;108;0;325;266
86;2;1;3;0;213;83;94;100;0;200;266
86;2;1;3;0;195;83;94;100;1;325;205
86;2;1;3;0;195;100;84;108;1;250;164
86;2;1;3;0;195;83;76;108;0;250;266
86;2;1;3;0;213;100;94;133;1;250;266
87;2;1;2;0;181;100;126;108;0;182;85
87;2;1;2;0;164;100;123;100;0;182;110
87;1;1;2;0;164;83;126;133;0;112;68
87;2;1;2;0;214;100;130;133;0;182;68
87;2;1;2;0;214;75;126;100;0;140;110
87;3;1;2;0;181;75;123;133;0;140;68
87;2;1;2;0;164;100;130;133;0;112;85
87;1;1;2;0;164;75;130;108;0;140;85
87;2;1;2;0;214;83;123;108;0;112;85
88;2;1;3;1;207;5040;78;5460;0;214;165
88;2;1;3;1;189;5040;70;5040;0;214;214
88;2;1;3;1;243;5040;88;6720;0;214;132
88;2;1;3;1;189;4200;78;6720;0;132;132
88;2;1;3;1;243;3780;78;5040;0;165;214
88;2;1;3;1;207;3780;70;6720;0;165;132
88;2;1;3;1;189;5040;88;6720;0;132;165
88;2;1;3;1;189;3780;88;5460;0;165;165
88;2;1;3;1;243;4200;70;5460;0;132;165
89;2;1;3;1;133;4200;61;5040;0;120;60
89;2;1;3;1;133;4200;57;6720;1;156;97
89;2;1;3;1;133;3780;54;6720;0;156;75
89;2;1;3;1;102;3780;54;6720;1;96;97
89;2;1;3;1;112;4200;54;5460;1;156;60
89;2;1;3;1;112;3780;57;5040;1;96;75
89;2;1;3;1;112;5040;54;5040;0;96;60
89;2;1;3;1;133;5040;57;5460;0;96;97
89;2;1;3;1;112;4200;57;6720;0;120;75
90;2;1;4;1;97;5040;44;5460;0;0;0
90;2;1;4;1;111;5040;48;6720;0;0;0
90;2;1;4;1;90;5040;41;5040;0;0;0
90;2;1;4;1;90;4200;44;6720;0;0;0
90;2;1;4;1;111;3780;44;5040;0;0;0
90;2;1;4;1;97;3780;41;6720;0;0;0
90;2;1;4;1;90;5040;48;6720;0;0;0
90;2;1;4;1;90;3780;48;5460;0;0;0
90;2;1;4;1;111;4200;41;5460;0;0;0
91;2;1;1;1;77;5040;22;5460;0;117;120
91;2;1;1;1;70;5040;19;5040;0;117;156
91;1;1;1;1;91;5040;26;6720;0;117;96
91;1;1;1;1;70;4200;22;6720;0;72;96
91;1;1;1;1;91;3780;22;5040;0;90;156
91;1;1;1;1;77;3780;19;6720;0;90;96
91;2;1;1;1;70;5040;26;6720;0;72;120
91;1;1;1;1;70;3780;26;5460;0;90;120
91;2;1;1;1;91;4200;19;5460;0;72;120
92;2;1;2;1;117;4200;54;5040;0;80;24
92;2;1;2;1;117;4200;50;6720;1;104;39
92;1;1;2;1;117;3780;47;6720;0;104;30
92;2;1;2;1;96;3780;47;6720;1;64;39
92;2;1;2;1;103;4200;47;5460;1;104;24
92;2;1;2;1;103;3780;50;5040;1;64;30
92;2;1;2;1;103;5040;47;5040;0;64;24
92;2;1;2;1;117;5040;50;5460;0;64;39
92;2;1;2;1;103;4200;50;6720;0;80;30
93;2;1;3;1;136;5040;81;5460;0;104;50
93;2;1;3;1;125;5040;78;5040;0;104;65
93;1;1;3;1;158;5040;85;6720;0;104;40
93;1;1;3;1;125;4200;81;6720;0;64;40
93;1;1;3;1;158;3780;81;5040;0;80;65
93;1;1;3;1;136;3780;78;6720;0;80;40
93;1;1;3;1;125;5040;85;6720;0;64;50
93;1;1;3;1;125;3780;85;5460;0;80;50
93;1;1;3;1;158;4200;78;5460;0;64;50
94;2;1;3;1;102;5040;49;5460;0;78;100
94;2;1;3;1;93;5040;46;5040;0;78;130
94;2;1;3;1;120;5040;53;6720;0;78;80
94;1;1;3;1;93;4200;49;6720;0;48;80
94;2;1;3;1;120;3780;49;5040;0;60;130
94;2;1;3;1;102;3780;46;6720;0;60;80
94;2;1;3;1;93;5040;53;6720;0;48;100
94;2;1;3;1;93;3780;53;5460;0;60;100
94;2;1;3;1;120;4200;46;5460;0;48;100
95;2;1;3;1;107;5040;52;5460;0;156;80
95;2;1;3;1;100;5040;49;5040;0;156;104
95;2;1;3;1;121;5040;56;6720;0;156;64
95;2;1;3;1;100;4200;52;6720;0;96;64
95;2;1;3;1;121;3780;52;5040;0;120;104
95;2;1;3;1;107;3780;49;6720;0;120;64
95;2;1;3;1;100;5040;56;6720;0;96;80
95;2;1;3;1;100;3780;56;5460;0;120;80
95;2;1;3;1;121;4200;49;5460;0;96;80
96;2;1;3;1;126;5040;56;5040;1;100;150
96;2;1;3;1;105;3780;59;5040;0;130;120
96;2;1;3;1;126;3780;63;5460;1;80;120
96;2;1;3;1;112;3780;63;5460;0;130;195
96;2;1;3;1;112;4200;63;5040;0;80;195
96;2;1;3;1;105;4200;63;5040;1;130;150
96;2;1;3;1;105;5040;59;5460;1;100;120
96;2;1;3;1;105;4200;56;5460;0;100;195
96;2;1;3;1;112;5040;63;6720;1;100;195
97;2;1;4;1;132;5040;77;5460;0;117;65
97;2;1;4;1;122;5040;74;5040;0;117;84
97;1;1;4;1;122;4200;77;6720;0;72;52
97;1;1;4;1;152;5040;81;6720;0;117;52
97;2;1;4;1;152;3780;77;5040;0;90;84
97;1;1;4;1;132;3780;74;6720;0;90;52
97;1;1;4;1;122;5040;81;6720;0;72;65
97;1;1;4;1;122;3780;81;5460;0;90;65
97;1;1;4;1;152;4200;74;5460;0;72;65
98;1;3;2;1;167;4200;103;5040;0;80;120
98;2;3;2;1;167;4200;99;6720;1;104;195
98;2;3;2;1;167;3780;96;6720;0;104;150
98;2;3;2;1;126;3780;96;6720;1;64;195
98;2;3;2;1;140;4200;96;5460;1;104;120
98;2;3;2;1;140;3780;99;5040;1;64;150
98;2;3;2;1;140;5040;96;5040;0;64;120
98;2;3;2;1;167;5040;99;5460;0;64;195
98;2;3;2;1;140;4200;99;6720;0;80;150
99;2;1;3;1;136;4200;67;5040;0;70;36
99;1;1;3;1;136;3780;60;6720;0;91;45
99;1;1;3;1;136;4200;63;6720;1;91;58
99;1;1;3;1;106;3780;60;6720;1;56;58
99;2;1;3;1;116;4200;60;5460;1;91;36
99;2;1;3;1;116;5040;60;5040;0;56;36
99;2;1;3;1;116;3780;63;5040;1;56;45
99;2;1;3;1;136;5040;63;5460;0;56;58
99;1;1;3;1;116;4200;63;6720;0;70;45
100;1;1;4;1;103;5040;31;5040;1;0;0
100;1;1;4;1;82;3780;34;5040;0;0;0
100;1;1;4;1;103;3780;38;5460;1;0;0
100;1;1;4;1;89;3780;38;5460;0;0;0
100;1;1;4;1;89;4200;38;5040;0;0;0
100;1;1;4;1;82;4200;38;5040;1;0;0
100;1;1;4;1;82;5040;34;5460;1;0;0
100;1;1;4;1;82;4200;31;5460;0;0;0
100;1;1;4;1;89;5040;38;6720;1;0;0
101;1;1;4;1;94;5040;39;5460;0;97;25
101;1;1;4;1;86;5040;36;5040;0;97;32
101;3;1;4;1;111;5040;43;6720;0;97;20
101;1;1;4;1;86;4200;39;6720;0;60;20
101;3;1;4;1;111;3780;39;5040;0;75;32
101;3;1;4;1;94;3780;36;6720;0;75;20
101;3;1;4;1;86;5040;43;6720;0;60;25
101;1;1;4;1;86;3780;43;5460;0;75;25
101;3;1;4;1;111;4200;36;5460;0;60;25
102;2;1;3;0;103;179;33;179;1;60;40
102;2;1;3;0;82;134;36;179;0;78;32
102;2;1;3;0;103;134;40;194;1;48;32
102;1;1;3;0;89;134;40;194;0;78;52
102;2;1;3;0;89;149;40;179;0;48;52
102;2;1;3;0;82;149;40;179;1;78;40
102;2;1;3;0;82;179;36;194;1;60;32
102;2;1;3;0;82;149;33;194;0;60;52
102;1;1;3;0;89;179;40;238;1;60;52
103;2;1;3;0;61;209;28;209;1;0;0
103;2;1;3;0;61;157;32;226;1;0;0
103;2;1;3;0;51;157;30;209;0;0;0
103;2;1;3;0;54;157;32;226;0;0;0
103;2;1;3;0;54;174;32;209;0;0;0
103;2;1;3;0;51;209;30;226;1;0;0
103;2;1;3;0;51;174;32;209;1;0;0
103;2;1;3;0;54;209;32;278;1;0;0
103;2;1;3;0;51;174;28;226;0;0;0
104;2;1;3;0;97;266;44;289;0;78;40
104;2;1;3;0;90;266;41;266;0;78;52
104;2;1;3;0;111;266;48;355;0;78;32
104;2;1;3;0;90;222;44;355;0;48;32
104;2;1;3;0;111;200;44;266;0;60;52
104;2;1;3;0;97;200;41;355;0;60;32
104;2;1;3;0;90;266;48;355;0;48;40
104;2;1;3;0;90;200;48;289;0;60;40
104;2;1;3;0;111;222;41;289;0;48;40
105;2;1;2;0;115;271;91;294;0;117;45
105;2;1;2;0;131;271;93;362;0;117;36
105;2;1;2;0;107;271;89;271;0;117;58
105;3;1;2;0;107;226;91;362;0;72;36
105;2;1;2;0;131;203;91;271;0;90;58
105;3;1;2;0;107;271;93;362;0;72;45
105;2;1;2;0;115;203;89;362;0;90;36
105;3;1;2;0;131;226;89;294;0;72;45
105;3;1;2;0;107;203;93;294;0;90;45
106;2;0;3;0;215;62;135;64;1;150;65
106;2;0;3;0;164;47;138;52;0;195;52
106;2;0;3;0;215;47;142;53;1;120;52
106;2;0;3;0;181;47;142;53;0;195;84
106;2;0;3;0;181;52;142;56;0;120;84
106;2;0;3;0;164;52;142;56;1;195;65
106;2;0;3;0;164;62;138;66;1;150;52
106;2;0;3;0;164;52;135;57;0;150;84
106;2;0;3;0;181;62;142;72;1;150;84
107;2;1;2;0;162;40;87;45;0;120;48
107;2;1;2;0;162;40;83;52;1;156;78
107;2;1;2;0;162;36;80;49;0;156;60
107;2;1;2;0;126;36;80;49;1;96;78
107;2;1;2;0;138;40;80;46;1;156;48
107;2;1;2;0;138;36;83;42;1;96;60
107;2;1;2;0;138;48;80;50;0;96;48
107;2;1;2;0;162;48;83;52;0;96;78
107;2;1;2;0;138;40;83;52;0;120;60
108;2;1;2;0;125;43;49;46;1;0;0
108;2;1;2;0;98;32;52;38;0;0;0
108;2;1;2;0;125;32;56;40;1;0;0
108;2;1;2;0;107;32;56;40;0;0;0
108;2;1;2;0;107;36;56;42;0;0;0
108;2;1;2;0;98;36;56;42;1;0;0
108;2;1;2;0;98;43;52;49;1;0;0
108;2;1;2;0;98;36;49;43;0;0;0
108;2;1;2;0;107;43;56;56;1;0;0
109;2;1;2;0;147;54;104;57;0;0;0
109;2;1;2;0;134;54;101;54;0;0;0
109;2;1;2;0;173;54;108;64;0;0;0
109;2;1;2;0;134;45;104;56;0;0;0
109;2;1;2;0;173;40;104;45;0;0;0
109;2;1;2;0;147;40;101;53;0;0;0
109;2;1;2;0;134;54;108;64;0;0;0
109;1;1;2;0;134;40;108;48;0;0;0
109;2;1;2;0;173;45;101;50;0;0;0
110;2;1;2;0;192;74;63;82;0;0;0
110;2;1;2;0;174;74;55;78;0;0;0
110;2;1;2;0;228;74;73;99;0;0;0
110;2;1;2;0;174;62;63;86;0;0;0
110;2;1;2;0;228;56;63;64;0;0;0
110;2;1;2;0;192;56;55;78;0;0;0
110;2;1;2;0;174;74;73;99;0;0;0
110;2;1;2;0;174;56;73;66;0;0;0
110;2;1;2;0;228;62;55;72;0;0;0
111;2;1;3;0;136;38;65;43;0;90;40
111;2;1;3;0;136;38;61;52;1;117;65
111;2;1;3;0;136;34;58;48;0;117;50
111;2;1;3;0;106;34;58;48;1;72;65
111;1;1;3;0;116;38;58;45;1;117;40
111;2;1;3;0;116;34;61;40;1;72;50
111;3;1;3;0;116;46;58;48;0;72;40
111;2;1;3;0;136;46;61;50;0;72;65
111;2;1;3;0;116;38;61;52;0;90;50
112;2;1;3;0;98;35;33;42;0;90;12
112;2;1;3;0;98;35;29;49;1;117;19
112;2;1;3;0;98;31;26;46;0;117;15
112;2;1;3;0;77;31;26;46;1;72;19
112;1;1;3;0;84;35;26;43;1;117;12
112;2;1;3;0;84;31;29;38;1;72;15
112;2;1;3;0;84;42;26;46;0;72;12
112;2;1;3;0;98;42;29;49;0;72;19
112;2;1;3;0;84;35;29;49;0;90;15
113;2;1;3;0;113;38;83;42;1;0;0
113;2;1;3;0;88;29;85;32;0;0;0
113;2;1;3;0;113;29;87;32;1;0;0
113;2;1;3;0;96;29;87;32;0;0;0
113;2;1;3;0;96;32;87;35;0;0;0
113;1;1;3;0;88;32;87;35;1;0;0
113;1;1;3;0;88;38;85;42;1;0;0
113;2;1;3;0;88;32;83;36;0;0;0
113;1;1;3;0;96;38;87;46;1;0;0
114;2;1;3;0;123;25;58;29;0;0;0
114;1;1;3;0;123;25;54;38;1;0;0
114;1;1;3;0;123;22;51;34;0;0;0
114;1;1;3;0;102;22;51;34;1;0;0
114;2;1;3;0;109;25;51;32;1;0;0
114;2;1;3;0;109;22;54;26;1;0;0
114;2;1;3;0;109;30;51;34;0;0;0
114;2;1;3;0;123;30;54;38;0;0;0
114;1;1;3;0;109;25;54;38;0;0;0
115;2;1;2;0;87;54;63;53;0;195;90
115;2;1;2;0;103;54;65;56;0;195;72
115;2;1;2;0;79;54;61;52;0;195;117
115;2;1;2;0;79;45;63;50;0;120;72
115;2;1;2;0;103;40;63;43;0;150;117
115;2;1;2;0;87;40;61;46;0;150;72
115;2;1;2;0;79;54;65;56;0;120;90
115;2;1;2;0;103;45;61;48;0;120;90
115;2;1;2;0;79;40;65;45;0;150;90
116;2;3;3;0;150;48;48;52;1;0;0
116;2;3;3;0;118;36;53;43;0;0;0
116;2;3;3;0;150;36;59;45;1;0;0
116;2;3;3;0;129;36;59;45;0;0;0
116;2;3;3;0;129;40;59;46;0;0;0
116;1;3;3;0;118;40;59;46;1;0;0
116;2;3;3;0;118;48;53;54;1;0;0
116;2;3;3;0;118;40;48;48;0;0;0
116;2;3;3;0;129;48;59;62;1;0;0
117;2;1;2;0;148;40;74;45;0;75;48
117;2;1;2;0;148;40;70;52;1;97;78
117;2;1;2;0;148;36;67;49;0;97;60
117;2;1;2;0;114;36;67;49;1;60;78
117;2;1;2;0;125;40;67;46;1;97;48
117;2;1;2;0;125;36;70;42;1;60;60
117;2;1;2;0;125;48;67;49;0;60;48
117;2;1;2;0;148;48;70;52;0;60;78
117;2;1;2;0;125;40;70;52;0;75;60
118;2;1;3;0;89;30;34;38;0;0;0
118;2;1;3;0;82;30;31;34;0;0;0
118;2;1;3;0;103;30;38;43;0;0;0
118;1;1;3;0;82;25;34;38;0;0;0
118;2;1;3;0;103;22;34;26;0;0;0
118;2;1;3;0;89;22;31;34;0;0;0
118;2;1;3;0;82;30;38;43;0;0;0
118;2;1;3;0;82;22;38;28;0;0;0
118;2;1;3;0;103;25;31;32;0;0;0
119;2;1;1;0;162;22;85;24;0;60;28
119;2;1;1;0;162;22;81;28;1;78;45
119;1;1;1;0;162;20;78;26;0;78;35
119;1;1;1;0;123;20;78;26;1;48;45
119;1;1;1;0;136;22;78;25;1;78;28
119;3;1;1;0;136;20;81;22;1;48;35
119;3;1;1;0;136;26;78;27;0;48;28
119;3;1;1;0;162;26;81;28;0;48;45
119;2;1;1;0;136;22;81;28;0;60;35
120;2;1;1;0;68;13;44;16;0;65;24
120;2;1;1;0;78;13;46;19;0;65;19
120;2;1;1;0;63;13;42;15;0;65;31
120;2;1;1;0;63;11;44;16;0;40;19
120;2;1;1;0;78;10;44;12;0;50;31
120;2;1;1;0;63;13;46;19;0;40;24
120;2;1;1;0;68;10;42;14;0;50;19
120;2;1;1;0;78;11;42;13;0;40;24
120;2;1;1;0;63;10;46;12;0;50;24
121;2;1;4;0;72;12;48;15;0;52;60
121;2;1;4;0;79;12;50;18;0;52;48
121;2;1;4;0;69;12;46;14;0;52;78
121;2;1;4;0;69;10;48;16;0;32;48
121;2;1;4;0;79;9;48;11;0;40;78
121;2;1;4;0;69;12;50;18;0;32;60
121;2;1;4;0;72;9;46;14;0;40;48
121;2;1;4;0;79;10;46;12;0;32;60
121;2;1;4;0;69;9;50;12;0;40;60
122;2;3;2;0;108;20;70;23;0;100;32
122;2;3;2;0;108;20;68;25;1;130;52
122;2;3;2;0;108;18;66;23;0;130;40
122;2;3;2;0;84;18;66;23;1;80;52
122;2;3;2;0;92;20;66;23;1;130;32
122;2;3;2;0;92;18;68;20;1;80;40
122;2;3;2;0;92;24;66;26;0;80;32
122;2;3;2;0;108;24;68;26;0;80;52
122;2;3;2;0;92;20;68;25;0;100;40
123;2;1;1;0;150;76;79;86;0;0;0
123;1;1;1;0;150;76;75;103;1;0;0
123;1;1;1;0;150;68;72;95;0;0;0
123;1;1;1;0;120;68;72;95;1;0;0
123;1;1;1;0;130;76;72;91;1;0;0
123;1;1;1;0;130;68;75;80;1;0;0
123;2;1;1;0;130;91;72;98;0;0;0
123;1;1;1;0;150;91;75;103;0;0;0
123;1;1;1;0;130;76;75;103;0;0;0
124;2;1;2;0;97;52;44;65;0;0;0
124;2;1;2;0;90;52;41;62;0;0;0
124;1;1;2;0;111;52;48;80;0;0;0
124;1;1;2;0;90;43;44;68;0;0;0
124;2;1;2;0;111;39;44;48;0;0;0
124;1;1;2;0;97;39;41;62;0;0;0
124;1;1;2;0;90;52;48;80;0;0;0
124;2;1;2;0;90;39;48;52;0;0;0
124;2;1;2;0;111;43;41;57;0;0;0
125;2;1;2;0;125;100;70;108;0;117;50
125;2;1;2;0;114;100;67;103;0;117;65
125;2;1;2;0;146;100;74;123;0;117;40
125;1;1;2;0;114;83;70;108;0;72;40
125;2;1;2;0;146;75;70;86;0;90;65
125;1;1;2;0;125;75;67;99;0;90;40
125;1;1;2;0;114;100;74;123;0;72;50
125;1;1;2;0;114;75;74;90;0;90;50
125;1;1;2;0;146;83;67;95;0;72;50
126;2;0;1;0;67;137;33;139;1;210;50
126;2;0;1;0;67;103;37;111;1;168;40
126;1;0;1;0;55;103;35;111;0;273;40
126;1;0;1;0;59;103;37;111;0;273;65
126;2;0;1;0;59;114;37;123;0;168;65
126;2;0;1;0;55;137;35;139;1;210;40
126;2;0;1;0;55;114;37;123;1;273;50
126;2;0;1;0;59;137;37;144;1;210;65
126;2;0;1;0;55;114;33;123;0;210;65
127;2;0;5;0;105;42;81;48;0;91;20
127;2;0;5;0;120;42;83;52;0;91;16
127;2;0;5;0;97;42;79;46;0;91;26
127;2;0;5;0;97;35;81;46;0;56;16
127;2;0;5;0;120;31;81;35;0;70;26
127;2;0;5;0;105;31;79;42;0;70;16
127;2;0;5;0;97;42;83;52;0;56;20
127;2;0;5;0;120;35;79;41;0;56;20
127;2;0;5;0;97;31;83;37;0;70;20
128;2;1;1;0;92;60;37;65;0;0;0
128;2;1;1;0;84;60;34;62;0;0;0
128;1;1;1;0;107;60;41;74;0;0;0
128;1;1;1;0;84;50;37;65;0;0;0
128;2;1;1;0;107;45;37;52;0;0;0
128;2;1;1;0;92;45;34;60;0;0;0
128;2;1;1;0;84;60;41;74;0;0;0
128;2;1;1;0;84;45;41;54;0;0;0
128;2;1;1;0;107;50;34;59;0;0;0
129;2;1;2;0;158;60;56;60;1;100;40
129;2;1;2;0;126;45;61;60;0;130;32
129;3;1;2;0;158;45;67;65;1;80;32
129;2;1;2;0;137;45;67;65;0;130;52
129;2;1;2;0;137;50;67;60;0;80;52
129;3;1;2;0;126;50;67;60;1;130;40
129;3;1;2;0;126;60;61;65;1;100;32
129;2;1;2;0;126;50;56;65;0;100;52
129;3;1;2;0;137;60;67;80;1;100;52
130;2;0;2;1;81;3120;26;3380;0;78;45
130;2;0;2;1;74;3120;23;3120;0;78;58
130;3;0;2;1;95;3120;30;4160;0;78;36
130;1;0;2;1;74;2600;26;4160;0;48;36
130;2;0;2;1;95;2340;26;3120;0;60;58
130;3;0;2;1;81;2340;23;4160;0;60;36
130;3;0;2;1;74;3120;30;4160;0;48;45
130;1;0;2;1;74;2340;30;3380;0;60;45
130;2;0;2;1;95;2600;23;3380;0;48;45
131;2;1;1;1;131;3120;54;3120;1;0;0
131;1;1;1;1;102;2340;57;3120;0;0;0
131;1;1;1;1;131;2340;61;3380;1;0;0
131;1;1;1;1;112;2340;61;3380;0;0;0
131;2;1;1;1;112;2600;61;3120;0;0;0
131;2;1;1;1;102;2600;61;3120;1;0;0
131;2;1;1;1;102;3120;57;3380;1;0;0
131;2;1;1;1;102;2600;54;3380;0;0;0
131;1;1;1;1;112;3120;61;4160;1;0;0
132;1;1;1;1;54;3120;30;3380;0;65;12
132;1;1;1;1;61;3120;32;4160;0;65;10
132;1;1;1;1;51;3120;28;3120;0;65;16
132;1;1;1;1;51;2600;30;4160;0;40;10
132;1;1;1;1;61;2340;30;3120;0;50;16
132;1;1;1;1;54;2340;28;4160;0;50;10
132;1;1;1;1;51;3120;32;4160;0;40;12
132;1;1;1;1;61;2600;28;3380;0;40;12
132;1;1;1;1;51;2340;32;3380;0;50;12
133;2;1;2;1;113;2600;48;3120;0;0;0
133;1;1;2;1;113;2600;44;4160;1;0;0
133;1;1;2;1;113;2340;41;4160;0;0;0
133;1;1;2;1;92;2340;41;4160;1;0;0
133;2;1;2;1;99;2600;41;3380;1;0;0
133;2;1;2;1;99;2340;44;3120;1;0;0
133;2;1;2;1;99;3120;41;3120;0;0;0
133;2;1;2;1;113;3120;44;3380;0;0;0
133;1;1;2;1;99;2600;44;4160;0;0;0
134;2;1;2;1;216;2600;138;3120;0;0;0
134;1;1;2;1;216;2600;134;4160;1;0;0
134;1;1;2;1;216;2340;131;4160;0;0;0
134;1;1;2;1;168;2340;131;4160;1;0;0
134;1;1;2;1;184;2600;131;3380;1;0;0
134;1;1;2;1;184;2340;134;3120;1;0;0
134;2;1;2;1;184;3120;131;3120;0;0;0
134;2;1;2;1;216;3120;134;3380;0;0;0
134;1;1;2;1;184;2600;134;4160;0;0;0
135;2;1;2;1;92;3120;39;3380;0;78;35
135;2;1;2;1;85;3120;36;3120;0;78;45
135;2;1;2;1;106;3120;43;4160;0;78;28
135;1;1;2;1;85;2600;39;4160;0;48;28
135;2;1;2;1;106;2340;39;3120;0;60;45
135;2;1;2;1;92;2340;36;4160;0;60;28
135;3;1;2;1;85;3120;43;4160;0;48;35
135;2;1;2;1;85;2340;43;3380;0;60;35
135;2;1;2;1;106;2600;36;3380;0;48;35
136;2;1;2;1;117;3120;64;3380;0;0;0
136;1;1;2;1;131;3120;68;4160;0;0;0
136;2;1;2;1;110;3120;61;3120;0;0;0
136;1;1;2;1;110;2600;64;4160;0;0;0
136;1;1;2;1;131;2340;64;3120;0;0;0
136;1;1;2;1;117;2340;61;4160;0;0;0
136;1;1;2;1;110;3120;68;4160;0;0;0
136;1;1;2;1;110;2340;68;3380;0;0;0
136;1;1;2;1;131;2600;61;3380;0;0;0
137;2;1;2;1;49;3120;25;3380;0;0;0
137;2;1;2;1;58;3120;27;4160;0;0;0
137;2;1;2;1;45;3120;23;3120;0;0;0
137;1;1;2;1;45;2600;25;4160;0;0;0
137;2;1;2;1;58;2340;25;3120;0;0;0
137;2;1;2;1;45;3120;27;4160;0;0;0
137;1;1;2;1;49;2340;23;4160;0;0;0
137;2;1;2;1;58;2600;23;3380;0;0;0
137;2;1;2;1;45;2340;27;3380;0;0;0
138;2;1;2;1;89;3120;34;3380;0;97;40
138;2;1;2;1;82;3120;31;3120;0;97;52
138;2;1;2;1;103;3120;38;4160;0;97;32
138;2;1;2;1;82;2600;34;4160;0;60;32
138;2;1;2;1;103;2340;34;3120;0;75;52
138;2;1;2;1;89;2340;31;4160;0;75;32
138;2;1;2;1;82;3120;38;4160;0;60;40
138;2;1;2;1;82;2340;38;3380;0;75;40
138;2;1;2;1;103;2600;31;3380;0;60;40
139;2;1;2;1;59;3120;26;3120;1;0;0
139;2;1;2;1;59;2340;30;3380;1;0;0
139;1;1;2;1;49;2340;28;3120;0;0;0
139;2;1;2;1;52;2340;30;3380;0;0;0
139;2;1;2;1;52;2600;30;3120;0;0;0
139;2;1;2;1;49;3120;28;3380;1;0;0
139;2;1;2;1;49;2600;30;3120;1;0;0
139;1;1;2;1;52;3120;30;4160;1;0;0
139;2;1;2;1;49;2600;26;3380;0;0;0
140;2;1;2;1;57;3120;33;3380;0;78;25
140;2;1;2;1;64;3120;35;4160;0;78;20
140;2;1;2;1;54;3120;31;3120;0;78;32
140;1;1;2;1;54;2600;33;4160;0;48;20
140;2;1;2;1;64;2340;33;3120;0;60;32
140;3;1;2;1;54;3120;35;4160;0;48;25
140;3;1;2;1;57;2340;31;4160;0;60;20
140;2;1;2;1;64;2600;31;3380;0;48;25
140;1;1;2;1;54;2340;35;3380;0;60;25
141;1;1;2;1;116;3120;46;3120;1;0;0
141;2;1;2;1;102;2340;53;3380;0;0;0
141;2;1;2;1;95;2340;49;3120;0;0;0
141;1;1;2;1;116;2340;53;3380;1;0;0
141;2;1;2;1;102;2600;53;3120;0;0;0
141;1;1;2;1;95;2600;53;3120;1;0;0
141;1;1;2;1;95;3120;49;3380;1;0;0
141;2;1;2;1;95;2600;46;3380;0;0;0
141;1;1;2;1;102;3120;53;4160;1;0;0
142;2;1;2;1;158;3120;76;3120;1;0;0
142;1;1;2;1;122;2340;79;3120;0;0;0
142;1;1;2;1;158;2340;83;3380;1;0;0
142;1;1;2;1;134;2340;83;3380;0;0;0
142;1;1;2;1;134;2600;83;3120;0;0;0
142;1;1;2;1;122;2600;83;3120;1;0;0
142;2;1;2;1;122;3120;79;3380;1;0;0
142;1;1;2;1;122;2600;76;3380;0;0;0
142;1;1;2;1;134;3120;83;4160;1;0;0
143;2;1;2;1;108;3120;36;3120;1;0;0
143;2;1;2;1;87;2340;39;3120;0;0;0
143;2;1;2;1;108;2340;43;3380;1;0;0
143;2;1;2;1;94;2340;43;3380;0;0;0
143;2;1;2;1;94;2600;43;3120;0;0;0
143;2;1;2;1;87;2600;43;3120;1;0;0
143;2;1;2;1;87;3120;39;3380;1;0;0
143;2;1;2;1;87;2600;36;3380;0;0;0
143;1;1;2;1;94;3120;43;4160;1;0;0
144;2;1;2;1;162;3120;54;3380;0;0;0
144;2;1;2;1;148;3120;48;3120;0;0;0
144;2;1;2;1;191;3120;62;4160;0;0;0
144;2;1;2;1;148;2600;54;4160;0;0;0
144;2;1;2;1;191;2340;54;3120;0;0;0
144;2;1;2;1;162;2340;48;4160;0;0;0
144;1;1;2;1;148;3120;62;4160;0;0;0
144;1;1;2;1;148;2340;62;3380;0;0;0
144;2;1;2;1;191;2600;48;3380;0;0;0
145;1;1;2;1;104;2600;39;3120;0;110;80
145;2;1;2;1;104;2600;35;4160;1;143;130
145;1;1;2;1;104;2340;32;4160;0;143;100
145;1;1;2;1;83;2340;32;4160;1;88;130
145;2;1;2;1;90;2600;32;3380;1;143;80
145;2;1;2;1;90;2340;35;3120;1;88;100
145;2;1;2;1;90;3120;32;3120;0;88;80
145;1;1;2;1;104;3120;35;3380;0;88;130
145;1;1;2;1;90;2600;35;4160;0;110;100
146;2;1;2;1;54;3120;30;3380;0;0;0
146;2;1;2;1;51;3120;28;3120;0;0;0
146;2;1;2;1;61;3120;32;4160;0;0;0
146;1;1;2;1;51;2600;30;4160;0;0;0
146;2;1;2;1;61;2340;30;3120;0;0;0
146;1;1;2;1;54;2340;28;4160;0;0;0
146;2;1;2;1;51;3120;32;4160;0;0;0
146;1;1;2;1;51;2340;32;3380;0;0;0
146;2;1;2;1;61;2600;28;3380;0;0;0
147;2;1;2;1;133;3120;57;3380;0;0;0
147;1;1;2;1;122;3120;52;3120;0;0;0
147;1;1;2;1;154;3120;63;4160;0;0;0
147;1;1;2;1;122;2600;57;4160;0;0;0
147;1;1;2;1;154;2340;57;3120;0;0;0
147;1;1;2;1;133;2340;52;4160;0;0;0
147;1;1;2;1;122;3120;63;4160;0;0;0
147;1;1;2;1;122;2340;63;3380;0;0;0
147;1;1;2;1;154;2600;52;3380;0;0;0
148;2;1;2;1;103;3120;31;3120;1;60;40
148;2;1;2;1;82;2340;34;3120;0;78;32
148;2;1;2;1;103;2340;38;3380;1;48;32
148;1;1;2;1;89;2340;38;3380;0;78;52
148;2;1;2;1;89;2600;38;3120;0;48;52
148;2;1;2;1;82;2600;38;3120;1;78;40
148;1;1;2;1;82;3120;34;3380;1;60;32
148;1;1;2;1;82;2600;31;3380;0;60;52
148;1;1;2;1;89;3120;38;4160;1;60;52
149;1;1;3;1;61;2600;32;3120;0;40;20
149;1;1;3;1;61;2340;28;4160;0;52;25
149;2;1;3;1;61;2600;30;4160;1;52;32
149;1;1;3;1;51;2340;28;4160;1;32;32
149;2;1;3;1;54;2600;28;3380;1;52;20
149;2;1;3;1;54;3120;28;3120;0;32;20
149;1;1;3;1;54;2340;30;3120;1;32;25
149;1;1;3;1;54;2600;30;4160;0;40;25
149;2;1;3;1;61;3120;30;3380;0;32;32
150;2;1;3;1;82;3120;27;3380;0;117;100
150;2;1;3;1;75;3120;24;3120;0;117;130
150;2;1;3;1;96;3120;31;4160;0;117;80
150;1;1;3;1;75;2600;27;4160;0;72;80
150;1;1;3;1;96;2340;27;3120;0;90;130
150;3;1;3;1;82;2340;24;4160;0;90;80
150;2;1;3;1;75;3120;31;4160;0;72;100
150;2;1;3;1;75;2340;31;3380;0;90;100
150;3;1;3;1;96;2600;24;3380;0;72;100
151;2;1;3;1;55;3120;31;3380;0;52;35
151;1;1;3;1;62;3120;33;4160;0;52;28
151;2;1;3;1;52;3120;29;3120;0;52;45
151;1;1;3;1;52;2600;31;4160;0;32;28
151;2;1;3;1;62;2340;31;3120;0;40;45
151;2;1;3;1;52;3120;33;4160;0;32;35
151;2;1;3;1;55;2340;29;4160;0;40;28
151;2;1;3;1;62;2600;29;3380;0;32;35
151;1;1;3;1;52;2340;33;3380;0;40;35
152;2;1;2;1;92;3120;55;3120;1;60;40
152;1;1;2;1;92;2340;59;3380;1;48;32
152;1;1;2;1;75;2340;57;3120;0;78;32
152;1;1;2;1;81;2340;59;3380;0;78;52
152;1;1;2;1;81;2600;59;3120;0;48;52
152;2;1;2;1;75;3120;57;3380;1;60;32
152;1;1;2;1;75;2600;59;3120;1;78;40
152;1;1;2;1;81;3120;59;4160;1;60;52
152;1;1;2;1;75;2600;55;3380;0;60;52
153;2;1;2;1;150;3120;74;3380;0;156;50
153;2;1;2;1;139;3120;69;3120;0;156;65
153;2;1;2;1;171;3120;80;4160;0;156;40
153;2;1;2;1;139;2600;74;4160;0;96;40
153;2;1;2;1;171;2340;74;3120;0;120;65
153;2;1;2;1;150;2340;69;4160;0;120;40
153;2;1;2;1;139;3120;80;4160;0;96;50
153;2;1;2;1;139;2340;80;3380;0;120;50
153;2;1;2;1;171;2600;69;3380;0;96;50
154;2;1;2;1;51;2600;22;3120;0;50;20
154;2;1;2;1;51;2340;18;4160;0;65;25
154;2;1;2;1;51;2600;20;4160;1;65;32
154;2;1;2;1;41;2340;18;4160;1;40;32
154;2;1;2;1;44;2600;18;3380;1;65;20
154;2;1;2;1;44;3120;18;3120;0;40;20
154;2;1;2;1;44;2340;20;3120;1;40;25
154;2;1;2;1;44;2600;20;4160;0;50;25
154;2;1;2;1;51;3120;20;3380;0;40;32
155;2;1;2;1;61;3120;28;3120;1;50;60
155;2;1;2;1;61;2340;32;3380;1;40;48
155;2;1;2;1;51;2340;30;3120;0;65;48
155;1;1;2;1;54;2340;32;3380;0;65;78
155;2;1;2;1;54;2600;32;3120;0;40;78
155;2;1;2;1;51;3120;30;3380;1;50;48
155;1;1;2;1;51;2600;32;3120;1;65;60
155;1;1;2;1;54;3120;32;4160;1;50;78
155;2;1;2;1;51;2600;28;3380;0;50;78
156;2;1;2;1;120;3120;65;3380;0;130;150
156;2;1;2;1;110;3120;62;3120;0;130;195
156;2;1;2;1;141;3120;69;4160;0;130;120
156;2;1;2;1;110;2600;65;4160;0;80;120
156;2;1;2;1;141;2340;65;3120;0;100;195
156;2;1;2;1;120;2340;62;4160;0;100;120
156;2;1;2;1;110;3120;69;4160;0;80;150
156;2;1;2;1;110;2340;69;3380;0;100;150
156;2;1;2;1;141;2600;62;3380;0;80;150
157;2;1;2;1;63;3120;29;3120;1;0;0
157;2;1;2;1;63;2340;33;3380;1;0;0
157;2;1;2;1;51;2340;31;3120;0;0;0
157;2;1;2;1;55;2340;33;3380;0;0;0
157;2;1;2;1;55;2600;33;3120;0;0;0
157;2;1;2;1;51;2600;33;3120;1;0;0
157;2;1;2;1;51;3120;31;3380;1;0;0
157;2;1;2;1;55;3120;33;4160;1;0;0
157;2;1;2;1;51;2600;29;3380;0;0;0
158;2;1;3;1;69;3120;45;3380;0;0;0
158;2;1;3;1;76;3120;47;4160;0;0;0
158;2;1;3;1;66;3120;43;3120;0;0;0
158;1;1;3;1;66;2600;45;4160;0;0;0
158;1;1;3;1;76;2340;45;3120;0;0;0
158;1;1;3;1;66;3120;47;4160;0;0;0
158;1;1;3;1;69;2340;43;4160;0;0;0
158;2;1;3;1;76;2600;43;3380;0;0;0
158;2;1;3;1;66;2340;47;3380;0;0;0
159;2;1;1;1;103;1850;38;2220;0;0;0
159;1;1;1;1;103;1850;34;2960;1;0;0
159;1;1;1;1;103;1665;31;2960;0;0;0
159;1;1;1;1;82;1665;31;2960;1;0;0
159;2;1;1;1;89;1850;31;2405;1;0;0
159;1;1;1;1;89;1665;34;2220;1;0;0
159;2;1;1;1;89;2220;31;2220;0;0;0
159;2;1;1;1;103;2220;34;2405;0;0;0
159;1;1;1;1;89;1850;34;2960;0;0;0
160;2;1;1;1;98;2220;26;2220;1;0;0
160;2;1;1;1;77;1665;29;2220;0;0;0
160;2;1;1;1;98;1665;33;2405;1;0;0
160;2;1;1;1;84;1665;33;2405;0;0;0
160;2;1;1;1;84;1850;33;2220;0;0;0
160;2;1;1;1;77;1850;33;2220;1;0;0
160;2;1;1;1;77;2220;29;2405;1;0;0
160;2;1;1;1;77;1850;26;2405;0;0;0
160;1;1;1;1;84;2220;33;2960;1;0;0
161;2;1;1;1;81;2220;48;2220;1;0;0
161;1;1;1;1;81;1665;52;2405;1;0;0
161;2;1;1;1;71;1665;50;2220;0;0;0
161;1;1;1;1;74;1665;52;2405;0;0;0
161;2;1;1;1;74;1850;52;2220;0;0;0
161;1;1;1;1;71;1850;52;2220;1;0;0
161;1;1;1;1;71;2220;50;2405;1;0;0
161;1;1;1;1;74;2220;52;2960;1;0;0
161;2;1;1;1;71;1850;48;2405;0;0;0
162;1;1;1;1;54;1850;25;2220;0;60;24
162;2;1;1;1;54;1850;23;2960;1;78;39
162;1;1;1;1;54;1665;21;2960;0;78;30
162;2;1;1;1;44;1665;21;2960;1;48;39
162;2;1;1;1;47;1850;21;2405;1;78;24
162;2;1;1;1;47;1665;23;2220;1;48;30
162;2;1;1;1;47;2220;21;2220;0;48;24
162;2;1;1;1;54;2220;23;2405;0;48;39
162;1;1;1;1;47;1850;23;2960;0;60;30
163;2;1;1;1;78;2220;23;2405;0;0;0
163;2;1;1;1;71;2220;20;2220;0;0;0
163;2;1;1;1;92;2220;27;2960;0;0;0
163;1;1;1;1;71;1850;23;2960;0;0;0
163;1;1;1;1;92;1665;23;2220;0;0;0
163;2;1;1;1;78;1665;20;2960;0;0;0
163;2;1;1;1;71;2220;27;2960;0;0;0
163;1;1;1;1;71;1665;27;2405;0;0;0
163;2;1;1;1;92;1850;20;2405;0;0;0
164;2;3;1;1;99;1850;34;2220;0;0;0
164;2;3;1;1;99;1850;30;2960;1;0;0
164;2;3;1;1;99;1665;27;2960;0;0;0
164;2;3;1;1;78;1665;27;2960;1;0;0
164;1;3;1;1;85;1850;27;2405;1;0;0
164;2;3;1;1;85;1665;30;2220;1;0;0
164;2;3;1;1;85;2220;27;2220;0;0;0
164;1;3;1;1;99;2220;30;2405;0;0;0
164;2;3;1;1;85;1850;30;2960;0;0;0
165;2;1;1;1;128;2220;56;2220;1;0;0
165;1;1;1;1;107;1665;59;2220;0;0;0
165;1;1;1;1;128;1665;63;2405;1;0;0
165;1;1;1;1;114;1665;63;2405;0;0;0
165;1;1;1;1;114;1850;63;2220;0;0;0
165;1;1;1;1;107;1850;63;2220;1;0;0
165;1;1;1;1;107;2220;59;2405;1;0;0
165;1;1;1;1;107;1850;56;2405;0;0;0
165;1;1;1;1;114;2220;63;2960;1;0;0
166;2;1;1;0;53;208;20;208;1;40;20
166;1;1;1;0;53;156;24;225;1;32;16
166;1;1;1;0;43;156;22;208;0;52;16
166;1;1;1;0;46;156;24;225;0;52;26
166;1;1;1;0;46;173;24;208;0;32;26
166;1;1;1;0;43;173;24;208;1;52;20
166;1;1;1;0;43;208;22;225;1;40;16
166;1;1;1;0;46;208;24;277;1;40;26
166;1;1;1;0;43;173;20;225;0;40;26
167;2;1;2;0;90;307;37;333;0;0;0
167;2;1;2;0;83;307;34;307;0;0;0
167;1;1;2;0;104;307;41;410;0;0;0
167;1;1;2;0;83;256;37;410;0;0;0
167;1;1;2;0;104;230;37;307;0;0;0
167;1;1;2;0;90;230;34;410;0;0;0
167;1;1;2;0;83;307;41;410;0;0;0
167;1;1;2;0;83;230;41;333;0;0;0
167;1;1;2;0;104;256;34;333;0;0;0
168;2;1;2;0;76;252;45;302;0;0;0
168;1;1;2;0;76;227;41;403;0;0;0
168;1;1;2;0;76;252;43;403;1;0;0
168;1;1;2;0;62;227;41;403;1;0;0
168;2;1;2;0;67;252;41;328;1;0;0
168;2;1;2;0;67;302;41;302;0;0;0
168;2;1;2;0;67;227;43;302;1;0;0
168;1;1;2;0;67;252;43;403;0;0;0
168;2;1;2;0;76;302;43;328;0;0;0
169;2;1;2;0;59;122;26;122;1;40;25
169;2;1;2;0;59;92;30;133;1;32;20
169;2;1;2;0;49;92;28;122;0;52;20
169;2;1;2;0;52;92;30;133;0;52;32
169;2;1;2;0;52;102;30;122;0;32;32
169;2;1;2;0;49;122;28;133;1;40;20
169;2;1;2;0;49;102;30;122;1;52;25
169;2;1;2;0;52;122;30;163;1;40;32
169;2;1;2;0;49;102;26;133;0;40;32
170;2;1;2;0;57;268;33;290;0;117;35
170;1;1;2;0;64;268;35;357;0;117;28
170;2;1;2;0;54;268;31;268;0;117;45
170;1;1;2;0;54;223;33;357;0;72;28
170;2;1;2;0;64;201;33;268;0;90;45
170;1;1;2;0;57;201;31;357;0;90;28
170;1;1;2;0;54;268;35;357;0;72;35
170;2;1;2;0;64;223;31;290;0;72;35
170;1;1;2;0;54;201;35;290;0;90;35
171;2;1;2;0;79;295;55;320;0;78;40
171;1;1;2;0;86;295;57;394;0;78;32
171;2;1;2;0;76;295;53;295;0;78;52
171;1;1;2;0;76;246;55;394;0;48;32
171;2;1;2;0;86;221;55;295;0;60;52
171;2;1;2;0;76;295;57;394;0;48;40
171;2;1;2;0;79;221;53;394;0;60;32
171;2;1;2;0;86;246;53;320;0;48;40
171;1;1;2;0;76;221;57;320;0;60;40
172;2;1;2;0;49;268;25;290;0;0;0
172;1;1;2;0;46;223;25;357;0;0;0
172;1;1;2;0;56;201;25;268;0;0;0
172;2;1;2;0;69;268;45;290;0;0;0
172;1;1;2;0;66;223;45;357;0;0;0
172;2;1;2;0;76;201;45;268;0;0;0
172;1;1;2;0;49;201;23;357;0;0;0
172;2;1;2;0;69;201;43;357;0;0;0
172;1;1;2;0;46;268;27;357;0;0;0
173;2;1;2;0;66;268;47;357;0;0;0
173;2;1;2;0;46;268;23;268;0;0;0
173;1;1;2;0;56;268;27;357;0;0;0
173;2;1;2;0;46;201;27;290;0;0;0
173;2;1;2;0;66;268;43;268;0;0;0
173;1;1;2;0;76;268;47;357;0;0;0
173;1;1;2;0;66;201;47;290;0;0;0
173;2;1;2;0;56;223;23;290;0;0;0
173;2;1;2;0;76;223;43;290;0;0;0
174;2;1;2;0;56;282;23;282;1;40;30
174;2;1;2;0;56;211;27;305;1;32;24
174;2;1;2;0;46;211;25;282;0;52;24
174;2;1;2;0;49;211;27;305;0;52;39
174;2;1;2;0;49;235;27;282;0;32;39
174;2;1;2;0;46;282;25;305;1;40;24
174;2;1;2;0;46;235;27;282;1;52;30
174;1;1;2;0;49;282;27;376;1;40;39
174;2;1;2;0;46;235;23;305;0;40;39
175;2;1;2;0;61;199;32;239;0;0;0
175;1;1;2;0;61;179;28;318;0;0;0
175;1;1;2;0;61;199;30;318;1;0;0
175;1;1;2;0;51;179;28;318;1;0;0
175;1;1;2;0;54;199;28;259;1;0;0
175;1;1;2;0;54;239;28;239;0;0;0
175;2;1;2;0;54;179;30;239;1;0;0
175;1;1;2;0;54;199;30;318;0;0;0
175;2;1;2;0;61;239;30;259;0;0;0
176;2;1;4;1;53;2007;24;2408;0;40;20
176;1;1;4;1;53;2007;22;3211;1;52;32
176;1;1;4;1;53;1806;20;3211;0;52;25
176;1;1;4;1;43;1806;20;3211;1;32;32
176;1;1;4;1;46;2007;20;2609;1;52;20
176;1;1;4;1;46;1806;22;2408;1;32;25
176;2;1;4;1;46;2408;20;2408;0;32;20
176;2;1;4;1;53;2408;22;2609;0;32;32
176;1;1;4;1;46;2007;22;3211;0;40;25
177;2;1;2;0;74;235;45;282;0;60;24
177;2;1;2;0;74;211;41;376;0;78;30
177;2;1;2;0;74;235;43;376;1;78;39
177;2;1;2;0;64;211;41;376;1;48;39
177;2;1;2;0;67;235;41;305;1;78;24
177;2;1;2;0;67;282;41;282;0;48;24
177;2;1;2;0;67;211;43;282;1;48;30
177;2;1;2;0;67;235;43;376;0;60;30
177;2;1;2;0;74;282;43;305;0;48;39
178;2;1;2;0;66;360;31;360;1;60;40
178;2;1;2;0;66;270;35;390;1;48;32
178;2;1;2;0;52;270;33;360;0;78;32
178;2;1;2;0;57;270;35;390;0;78;52
178;2;1;2;0;57;300;35;360;0;48;52
178;2;1;2;0;52;360;33;390;1;60;32
178;2;1;2;0;52;300;35;360;1;78;40
178;2;1;2;0;57;360;35;480;1;60;52
178;2;1;2;0;52;300;31;390;0;60;52
179;2;1;2;0;66;223;37;268;0;40;24
179;1;1;2;0;66;201;33;357;0;52;30
179;2;1;2;0;66;223;35;357;1;52;39
179;2;1;2;0;56;201;33;357;1;32;39
179;2;1;2;0;59;223;33;290;1;52;24
179;2;1;2;0;59;268;33;268;0;32;24
179;2;1;2;0;59;201;35;268;1;32;30
179;2;1;2;0;59;223;35;357;0;40;30
179;2;1;2;0;66;268;35;290;0;32;39
180;2;1;2;0;69;308;32;308;1;60;40
180;2;1;2;0;69;231;36;334;1;48;32
180;2;1;2;0;53;231;34;308;0;78;32
180;2;1;2;0;58;231;36;334;0;78;52
180;2;1;2;0;58;257;36;308;0;48;52
180;2;1;2;0;53;308;34;334;1;60;32
180;2;1;2;0;53;257;36;308;1;78;40
180;1;1;2;0;58;308;36;411;1;60;52
180;2;1;2;0;53;257;32;334;0;60;52
181;2;1;2;0;69;246;36;295;0;60;32
181;2;1;2;0;69;221;32;394;0;78;40
181;2;1;2;0;69;246;34;394;1;78;52
181;2;1;2;0;53;221;32;394;1;48;52
181;2;1;2;0;58;246;32;320;1;78;32
181;2;1;2;0;58;295;32;295;0;48;32
181;2;1;2;0;58;221;34;295;1;48;40
181;2;1;2;0;58;246;34;394;0;60;40
181;2;1;2;0;69;295;34;320;0;48;52
182;2;1;2;0;105;180;52;195;0;78;40
182;2;1;2;0;95;180;49;180;0;78;52
182;3;1;2;0;124;180;56;240;0;78;32
182;3;1;2;0;95;150;52;240;0;48;32
182;2;1;2;0;124;135;52;180;0;60;52
182;3;1;2;0;105;135;49;240;0;60;32
182;3;1;2;0;95;180;56;240;0;48;40
182;3;1;2;0;95;135;56;195;0;60;40
182;1;1;2;0;124;150;49;195;0;48;40
183;2;1;1;1;61;1500;32;1800;0;50;24
183;2;1;1;1;61;1350;28;2400;0;65;30
183;2;1;1;1;61;1500;30;2400;1;65;39
183;2;1;1;1;51;1350;28;2400;1;40;39
183;2;1;1;1;54;1500;28;1950;1;65;24
183;2;1;1;1;54;1800;28;1800;0;40;24
183;2;1;1;1;54;1350;30;1800;1;40;30
183;2;1;1;1;54;1500;30;2400;0;50;30
183;2;1;1;1;61;1800;30;1950;0;40;39
184;2;0;3;0;149;82;94;90;0;0;0
184;2;0;3;0;138;82;91;84;0;0;0
184;2;0;3;0;171;82;98;105;0;0;0
184;1;0;3;0;138;68;94;90;0;0;0
184;2;0;3;0;171;61;94;71;0;0;0
184;2;0;3;0;149;61;91;84;0;0;0
184;2;0;3;0;138;82;98;105;0;0;0
184;1;0;3;0;138;61;98;76;0;0;0
184;2;0;3;0;171;68;91;81;0;0;0
185;2;1;2;0;99;72;44;84;0;104;50
185;2;1;2;0;113;72;48;94;0;104;40
185;2;1;2;0;92;72;41;78;0;104;65
185;2;1;2;0;92;60;44;84;0;64;40
185;2;1;2;0;113;54;44;65;0;80;65
185;2;1;2;0;92;72;48;94;0;64;50
185;2;1;2;0;99;54;41;78;0;80;40
185;2;1;2;0;113;60;41;74;0;64;50
185;2;1;2;0;92;54;48;68;0;80;50
186;2;1;2;0;130;54;104;60;0;0;0
186;2;1;2;0;130;54;102;68;1;0;0
186;2;1;2;0;130;49;100;65;0;0;0
186;1;1;2;0;105;49;100;65;1;0;0
186;1;1;2;0;113;54;100;60;1;0;0
186;1;1;2;0;113;49;102;54;1;0;0
186;1;1;2;0;113;65;100;71;0;0;0
186;2;1;2;0;130;65;102;71;0;0;0
186;1;1;2;0;113;54;102;68;0;0;0
187;2;1;3;0;172;94;92;94;1;120;140
187;2;1;3;0;131;70;95;78;0;156;112
187;2;1;3;0;172;70;99;81;1;96;112
187;2;1;3;0;145;70;99;81;0;156;182
187;2;1;3;0;145;78;99;84;0;96;182
187;2;1;3;0;131;78;99;84;1;156;140
187;2;1;3;0;131;94;95;99;1;120;112
187;2;1;3;0;131;78;92;88;0;120;182
187;2;1;3;0;145;94;99;112;1;120;182
188;2;0;2;0;261;105;106;118;0;0;0
188;2;0;2;0;261;94;88;133;0;0;0
188;2;0;2;0;261;105;96;146;1;0;0
188;2;0;2;0;207;94;88;133;1;0;0
188;2;0;2;0;225;105;88;122;1;0;0
188;2;0;2;0;225;126;88;133;0;0;0
188;2;0;2;0;225;94;96;109;1;0;0
188;2;0;2;0;225;105;96;146;0;0;0
188;2;0;2;0;261;126;96;140;0;0;0
189;2;1;2;0;61;35;28;38;1;40;25
189;2;1;2;0;51;26;30;32;0;52;20
189;3;1;2;0;61;26;32;32;1;32;20
189;2;1;2;0;54;26;32;32;0;52;32
189;2;1;2;0;54;29;32;34;0;32;32
189;2;1;2;0;51;29;32;34;1;52;25
189;3;1;2;0;51;35;30;42;1;40;20
189;2;1;2;0;51;29;28;36;0;40;32
189;1;1;2;0;54;35;32;53;1;40;32
190;2;1;3;0;190;91;111;94;1;120;70
190;2;1;3;0;151;68;114;78;0;156;56
190;3;1;3;0;190;68;118;81;1;96;56
190;2;1;3;0;164;68;118;81;0;156;91
190;2;1;3;0;164;76;118;84;0;96;91
190;2;1;3;0;151;76;118;84;1;156;70
190;2;1;3;0;151;91;114;99;1;120;56
190;2;1;3;0;151;76;111;88;0;120;91
190;3;1;3;0;164;91;118;112;1;120;91
191;2;1;3;0;61;17;32;20;0;0;0
191;1;1;3;0;61;15;28;23;0;0;0
191;2;1;3;0;61;17;30;26;1;0;0
191;1;1;3;0;51;15;28;23;1;0;0
191;1;1;3;0;54;17;28;22;1;0;0
191;2;1;3;0;54;20;28;23;0;0;0
191;2;1;3;0;54;15;30;19;1;0;0
191;1;1;3;0;54;17;30;26;0;0;0
191;1;1;3;0;61;20;30;26;0;0;0
192;2;1;2;0;219;176;86;198;0;150;68
192;1;1;2;0;219;176;78;245;1;195;110
192;1;1;2;0;219;158;72;225;0;195;85
192;1;1;2;0;170;158;72;225;1;120;110
192;1;1;2;0;186;176;72;210;1;195;68
192;1;1;2;0;186;158;78;184;1;120;85
192;2;1;2;0;186;211;72;225;0;120;68
192;1;1;2;0;219;211;78;245;0;120;110
192;1;1;2;0;186;176;78;245;0;150;85
193;2;1;2;0;76;70;43;77;1;60;30
193;2;1;2;0;66;52;45;63;0;78;24
193;3;1;2;0;76;52;47;65;1;48;24
193;2;1;2;0;69;52;47;65;0;78;39
193;3;1;2;0;69;58;47;68;0;48;39
193;2;1;2;0;66;58;47;68;1;78;30
193;2;1;2;0;66;70;45;85;1;60;24
193;2;1;2;0;66;58;43;72;0;60;39
193;3;1;2;0;69;70;47;106;1;60;39
194;1;1;1;0;328;83;101;100;0;0;0
194;2;1;1;0;328;83;87;133;1;0;0
194;2;1;1;0;328;75;76;133;0;0;0
194;2;1;1;0;249;75;76;133;1;0;0
194;2;1;1;0;275;83;76;108;1;0;0
194;2;1;1;0;275;75;87;100;1;0;0
194;2;1;1;0;275;100;76;100;0;0;0
194;2;1;1;0;328;100;87;108;0;0;0
194;2;1;1;0;275;83;87;133;0;0;0
195;2;1;2;0;59;100;35;108;0;156;110
195;3;1;2;0;66;100;37;133;0;156;88
195;2;1;2;0;56;100;33;100;0;156;143
195;3;1;2;0;56;83;35;133;0;96;88
195;2;1;2;0;66;75;35;100;0;120;143
195;1;1;2;0;59;75;33;133;0;120;88
195;3;1;2;0;56;100;37;133;0;96;110
195;3;1;2;0;66;83;33;108;0;96;110
195;1;1;2;0;56;75;37;108;0;120;110
196;2;1;3;0;135;100;59;108;0;156;100
196;2;1;3;0;156;100;65;133;0;156;80
196;2;1;3;0;124;100;54;100;0;156;130
196;2;1;3;0;124;83;59;133;0;96;80
196;2;1;3;0;156;75;59;100;0;120;130
196;2;1;3;0;124;100;65;133;0;96;100
196;2;1;3;0;135;75;54;133;0;120;80
196;2;1;3;0;156;83;54;108;0;96;100
196;2;1;3;0;124;75;65;108;0;120;100
197;2;1;2;0;56;100;23;100;1;0;0
197;2;1;2;0;46;75;25;100;0;0;0
197;2;1;2;0;56;75;27;108;1;0;0
197;2;1;2;0;49;75;27;108;0;0;0
197;2;1;2;0;49;83;27;100;0;0;0
197;2;1;2;0;46;83;27;100;1;0;0
197;2;1;2;0;46;100;25;108;1;0;0
197;2;1;2;0;46;83;23;108;0;0;0
197;1;1;2;0;49;100;27;133;1;0;0
198;2;1;2;1;117;4200;49;5040;0;90;40
198;2;1;2;1;117;4200;45;6720;1;117;65
198;2;1;2;1;117;3780;42;6720;0;117;50
198;1;1;2;1;92;3780;42;6720;1;72;65
198;2;1;2;1;100;4200;42;5460;1;117;40
198;2;1;2;1;100;3780;45;5040;1;72;50
198;2;1;2;1;100;5040;42;5040;0;72;40
198;2;1;2;1;117;5040;45;5460;0;72;65
198;2;1;2;1;100;4200;45;6720;0;90;50
199;0;1;3;1;106;5040;64;5040;1;90;50
199;0;1;3;1;106;3780;68;5460;1;72;40
199;0;1;3;1;82;3780;66;5040;0;117;40
199;0;1;3;1;90;3780;68;5460;0;117;65
199;0;1;3;1;90;4200;68;5040;0;72;65
199;0;1;3;1;82;5040;66;5460;1;90;40
199;0;1;3;1;82;4200;68;5040;1;117;50
199;0;1;3;1;90;5040;68;6720;1;90;65
199;0;1;3;1;82;4200;64;5460;0;90;65
200;2;1;3;1;101;5040;31;5040;1;0;0
200;2;1;3;1;80;3780;34;5040;0;0;0
200;2;1;3;1;101;3780;38;5460;1;0;0
200;1;1;3;1;87;3780;38;5460;0;0;0
200;2;1;3;1;87;4200;38;5040;0;0;0
200;2;1;3;1;80;4200;38;5040;1;0;0
200;2;1;3;1;80;5040;34;5460;1;0;0
200;2;1;3;1;80;4200;31;5460;0;0;0
200;1;1;3;1;87;5040;38;6720;1;0;0
201;2;1;3;1;84;5040;44;5040;1;50;35
201;2;1;3;1;84;3780;48;5460;1;40;28
201;2;1;3;1;63;3780;46;5040;0;65;28
201;2;1;3;1;70;3780;48;5460;0;65;45
201;2;1;3;1;70;4200;48;5040;0;40;45
201;2;1;3;1;63;5040;46;5460;1;50;28
201;2;1;3;1;63;4200;48;5040;1;65;35
201;2;1;3;1;70;5040;48;6720;1;50;45
201;2;1;3;1;63;4200;44;5460;0;50;45
202;2;1;3;1;71;5040;36;5040;1;60;150
202;2;1;3;1;71;3780;40;5460;1;48;120
202;2;1;3;1;57;3780;38;5040;0;78;120
202;2;1;3;1;62;3780;40;5460;0;78;195
202;2;1;3;1;62;4200;40;5040;0;48;195
202;2;1;3;1;57;5040;38;5460;1;60;120
202;2;1;3;1;57;4200;40;5040;1;78;150
202;1;1;3;1;62;5040;40;6720;1;60;195
202;2;1;3;1;57;4200;36;5460;0;60;195
203;2;1;3;1;110;5040;68;5040;1;120;70
203;2;1;3;1;110;3780;72;5460;1;96;56
203;2;1;3;1;86;3780;70;5040;0;156;56
203;2;1;3;1;94;3780;72;5460;0;156;91
203;1;1;3;1;94;4200;72;5040;0;96;91
203;1;1;3;1;86;4200;72;5040;1;156;70
203;1;1;3;1;86;5040;70;5460;1;120;56
203;1;1;3;1;94;5040;72;6720;1;120;91
203;1;1;3;1;86;4200;68;5460;0;120;91
204;2;0;3;1;66;4200;35;5040;0;0;0
204;1;0;3;1;66;3780;31;6720;0;0;0
204;2;0;3;1;66;4200;33;6720;1;0;0
204;1;0;3;1;52;3780;31;6720;1;0;0
204;2;0;3;1;57;4200;31;5460;1;0;0
204;2;0;3;1;57;5040;31;5040;0;0;0
204;2;0;3;1;57;3780;33;5040;1;0;0
204;1;0;3;1;57;4200;33;6720;0;0;0
204;2;0;3;1;66;5040;33;5460;0;0;0
205;2;1;2;1;88;5040;35;5460;0;78;30
205;2;1;2;1;81;5040;32;5040;0;78;39
205;2;1;2;1;102;5040;39;6720;0;78;24
205;2;1;2;1;81;4200;35;6720;0;48;24
205;2;1;2;1;102;3780;35;5040;0;60;39
205;2;1;2;1;88;3780;32;6720;0;60;24
205;2;1;2;1;81;5040;39;6720;0;48;30
205;2;1;2;1;81;3780;39;5460;0;60;30
205;2;1;2;1;102;4200;32;5460;0;48;30
206;2;1;2;1;71;5040;38;5040;1;0;0
206;2;1;2;1;61;3780;40;5040;0;0;0
206;2;1;2;1;71;3780;42;5460;1;0;0
206;2;1;2;1;64;3780;42;5460;0;0;0
206;2;1;2;1;64;4200;42;5040;0;0;0
206;2;1;2;1;61;4200;42;5040;1;0;0
206;2;1;2;1;61;5040;40;5460;1;0;0
206;2;1;2;1;61;4200;38;5460;0;0;0
206;1;1;2;1;64;5040;42;6720;1;0;0
207;2;1;3;1;112;4200;74;5040;0;80;96
207;1;1;3;1;112;3780;70;6720;0;104;120
207;1;1;3;1;112;4200;72;6720;1;104;156
207;1;1;3;1;88;3780;70;6720;1;64;156
207;2;1;3;1;96;4200;70;5460;1;104;96
207;2;1;3;1;96;5040;70;5040;0;64;96
207;1;1;3;1;96;3780;72;5040;1;64;120
207;1;1;3;1;96;4200;72;6720;0;80;120
207;2;1;3;1;112;5040;72;5460;0;64;156
208;2;1;3;1;94;5040;55;5040;1;100;50
208;2;1;3;1;94;3780;59;5460;1;80;40
208;1;1;3;1;75;3780;57;5040;0;130;40
208;2;1;3;1;81;3780;59;5460;0;130;65
208;1;1;3;1;81;4200;59;5040;0;80;65
208;2;1;3;1;75;5040;57;5460;1;100;40
208;1;1;3;1;75;4200;59;5040;1;130;50
208;1;1;3;1;81;5040;59;6720;1;100;65
208;1;1;3;1;75;4200;55;5460;0;100;65
209;2;1;4;1;71;4200;42;5040;0;50;24
209;1;1;4;1;71;3780;38;6720;0;65;30
209;2;1;4;1;71;4200;40;6720;1;65;39
209;2;1;4;1;61;3780;38;6720;1;40;39
209;1;1;4;1;64;4200;38;5460;1;65;24
209;2;1;4;1;64;5040;38;5040;0;40;24
209;2;1;4;1;64;3780;40;5040;1;40;30
209;2;1;4;1;64;4200;40;6720;0;50;30
209;2;1;4;1;71;5040;40;5460;0;40;39
210;3;1;2;1;95;5040;42;5460;0;78;70
210;2;1;2;1;88;5040;39;5040;0;78;91
210;2;1;2;1;109;5040;46;6720;0;78;56
210;1;1;2;1;88;4200;42;6720;0;48;56
210;2;1;2;1;109;3780;42;5040;0;60;91
210;3;1;2;1;95;3780;39;6720;0;60;56
210;3;1;2;1;88;5040;46;6720;0;48;70
210;1;1;2;1;88;3780;46;5460;0;60;70
210;2;1;2;1;109;4200;39;5460;0;48;70
211;2;1;2;1;130;5040;54;5040;1;0;0
211;2;1;2;1;103;3780;57;5040;0;0;0
211;2;1;2;1;130;3780;61;5460;1;0;0
211;2;1;2;1;112;3780;61;5460;0;0;0
211;2;1;2;1;112;4200;61;5040;0;0;0
211;2;1;2;1;103;4200;61;5040;1;0;0
211;2;1;2;1;103;5040;57;5460;1;0;0
211;2;1;2;1;103;4200;54;5460;0;0;0
211;1;1;2;1;112;5040;61;6720;1;0;0
212;2;1;4;1;76;4200;47;5040;0;0;0
212;2;1;4;1;76;3780;43;6720;0;0;0
212;2;1;4;1;76;4200;45;6720;1;0;0
212;2;1;4;1;66;3780;43;6720;1;0;0
212;2;1;4;1;69;4200;43;5460;1;0;0
212;2;1;4;1;69;3780;45;5040;1;0;0
212;2;1;4;1;69;5040;43;5040;0;0;0
212;2;1;4;1;69;4200;45;6720;0;0;0
212;2;1;4;1;76;5040;45;5460;0;0;0
213;2;1;1;0;59;205;35;222;0;65;20
213;1;1;1;0;66;205;37;274;0;65;16
213;2;1;1;0;56;205;33;205;0;65;26
213;2;1;1;0;56;171;35;274;0;40;16
213;2;1;1;0;66;154;35;205;0;50;26
213;2;1;1;0;59;154;33;274;0;50;16
213;2;1;1;0;56;205;37;274;0;40;20
213;2;1;1;0;66;171;33;222;0;40;20
213;2;1;1;0;56;154;37;222;0;50;20
214;2;0;2;0;51;443;18;443;1;50;25
214;3;0;2;0;51;332;22;480;1;40;20
214;2;0;2;0;41;332;20;443;0;65;20
214;1;0;2;0;44;332;22;480;0;65;32
214;2;0;2;0;44;369;22;443;0;40;32
214;2;0;2;0;41;369;22;443;1;65;25
214;3;0;2;0;41;443;20;480;1;50;20
214;3;0;2;0;44;443;22;590;1;50;32
214;3;0;2;0;41;369;18;480;0;50;32
215;2;1;2;0;61;350;32;420;0;50;20
215;1;1;2;0;61;315;28;560;0;65;25
215;2;1;2;0;61;350;30;560;1;65;32
215;1;1;2;0;51;315;28;560;1;40;32
215;2;1;2;0;54;350;28;455;1;65;20
215;2;1;2;0;54;315;30;420;1;40;25
215;2;1;2;0;54;420;28;420;0;40;20
215;1;1;2;0;54;350;30;560;0;50;25
215;2;1;2;0;61;420;30;455;0;40;32
216;2;1;3;0;92;557;53;557;1;0;0
216;2;1;3;0;73;418;55;557;0;0;0
216;2;1;3;0;92;418;57;603;1;0;0
216;2;1;3;0;79;418;57;603;0;0;0
216;2;1;3;0;79;464;57;557;0;0;0
216;2;1;3;0;73;464;57;557;1;0;0
216;2;1;3;0;73;557;55;603;1;0;0
216;2;1;3;0;73;464;53;603;0;0;0
216;2;1;3;0;79;557;57;742;1;0;0
217;1;1;3;0;41;35;12;42;0;40;64
217;2;1;3;0;41;31;8;56;0;52;80
217;2;1;3;0;41;35;10;56;1;52;104
217;1;1;3;0;31;31;8;56;1;32;104
217;2;1;3;0;34;35;8;45;1;52;64
217;2;1;3;0;34;31;10;42;1;32;80
217;2;1;3;0;34;42;8;42;0;32;64
217;1;1;3;0;34;35;10;56;0;40;80
217;2;1;3;0;41;42;10;45;0;32;104
218;1;1;5;0;52;209;19;209;1;40;84
218;1;1;5;0;52;157;23;226;1;32;67
218;1;1;5;0;42;157;21;209;0;52;67
218;1;1;5;0;45;157;23;226;0;52;109
218;1;1;5;0;45;174;23;209;0;32;109
218;1;1;5;0;42;209;21;226;1;40;67
218;1;1;5;0;42;174;23;209;1;52;84
218;1;1;5;0;45;209;23;278;1;40;109
218;1;1;5;0;42;174;19;226;0;40;109
219;2;0;2;0;229;77;100;88;0;0;0
219;2;0;2;0;207;77;92;82;0;0;0
219;2;0;2;0;273;77;110;102;0;0;0
219;2;0;2;0;207;64;100;88;0;0;0
219;2;0;2;0;273;58;100;66;0;0;0
219;2;0;2;0;229;58;92;82;0;0;0
219;2;0;2;0;207;77;110;102;0;0;0
219;2;0;2;0;207;58;110;72;0;0;0
219;2;0;2;0;273;64;92;78;0;0;0
220;2;0;2;0;54;18;25;21;0;0;0
220;2;0;2;0;54;16;21;24;0;0;0
220;2;0;2;0;54;18;23;26;1;0;0
220;2;0;2;0;44;16;21;24;1;0;0
220;2;0;2;0;47;18;21;22;1;0;0
220;2;0;2;0;47;22;21;25;0;0;0
220;2;0;2;0;47;16;23;19;1;0;0
220;2;0;2;0;47;18;23;26;0;0;0
220;2;0;2;0;54;22;23;26;0;0;0
221;2;0;4;0;103;30;31;34;1;70;20
221;2;0;4;0;82;22;34;26;0;91;16
221;2;0;4;0;103;22;38;28;1;56;16
221;2;0;4;0;89;22;38;28;0;91;26
221;2;0;4;0;89;25;38;29;0;56;26
221;2;0;4;0;82;25;38;29;1;91;20
221;2;0;4;0;82;30;34;38;1;70;16
221;2;0;4;0;82;25;31;32;0;70;26
221;1;0;4;0;89;30;38;43;1;70;26
222;2;0;1;0;227;79;100;91;0;0;0
222;2;0;1;0;207;79;92;86;0;0;0
222;2;0;1;0;268;79;110;105;0;0;0
222;1;0;1;0;207;66;100;91;0;0;0
222;2;0;1;0;268;59;100;70;0;0;0
222;1;0;1;0;227;59;92;82;0;0;0
222;2;0;1;0;207;79;110;105;0;0;0
222;2;0;1;0;207;59;110;72;0;0;0
222;2;0;1;0;268;66;92;78;0;0;0
223;1;0;3;0;280;57;134;64;0;0;0
223;2;0;3;0;280;57;126;78;1;0;0
223;1;0;3;0;280;51;120;72;0;0;0
223;1;0;3;0;211;51;120;72;1;0;0
223;1;0;3;0;234;57;120;66;1;0;0
223;2;0;3;0;234;51;126;58;1;0;0
223;2;0;3;0;234;68;120;72;0;0;0
223;2;0;3;0;280;68;126;78;0;0;0
223;2;0;3;0;234;57;126;78;0;0;0
224;2;0;3;0;75;35;51;40;0;104;35
224;2;0;3;0;88;35;53;43;0;104;28
224;2;0;3;0;68;35;49;38;0;104;45
224;2;0;3;0;68;29;51;38;0;64;28
224;2;0;3;0;88;26;51;29;0;80;45
224;2;0;3;0;68;35;53;43;0;64;35
224;2;0;3;0;75;26;49;34;0;80;28
224;2;0;3;0;88;29;49;32;0;64;35
224;2;0;3;0;68;26;53;31;0;80;35
225;1;0;2;0;294;38;198;42;0;0;0
225;2;0;2;0;294;38;194;50;1;0;0
225;1;0;2;0;294;34;191;48;0;0;0
225;1;0;2;0;227;34;191;48;1;0;0
225;1;0;2;0;249;38;191;45;1;0;0
225;1;0;2;0;249;34;194;40;1;0;0
225;1;0;2;0;249;46;191;48;0;0;0
225;1;0;2;0;294;46;194;50;0;0;0
225;1;0;2;0;249;38;194;50;0;0;0
226;2;1;1;0;128;42;73;46;0;0;0
226;2;1;1;0;116;42;70;45;0;0;0
226;2;1;1;0;153;42;77;50;0;0;0
226;1;1;1;0;116;35;73;45;0;0;0
226;2;1;1;0;153;31;73;35;0;0;0
226;2;1;1;0;128;31;70;42;0;0;0
226;1;1;1;0;116;42;77;50;0;0;0
226;2;1;1;0;116;31;77;38;0;0;0
226;2;1;1;0;153;35;70;42;0;0;0
227;2;1;1;0;131;26;63;29;0;0;0
227;2;1;1;0;131;23;56;34;0;0;0
227;2;1;1;0;131;26;59;38;1;0;0
227;2;1;1;0;102;23;56;34;1;0;0
227;2;1;1;0;112;26;56;32;1;0;0
227;2;1;1;0;112;31;56;35;0;0;0
227;2;1;1;0;112;23;59;26;1;0;0
227;2;1;1;0;112;26;59;38;0;0;0
227;1;1;1;0;131;31;59;38;0;0;0
228;2;1;1;0;107;38;42;43;0;0;0
228;1;1;1;0;107;34;35;48;0;0;0
228;1;1;1;0;107;38;38;52;1;0;0
228;1;1;1;0;86;34;35;48;1;0;0
228;2;1;1;0;93;38;35;45;1;0;0
228;2;1;1;0;93;46;35;48;0;0;0
228;2;1;1;0;93;34;38;40;1;0;0
228;1;1;1;0;93;38;38;52;0;0;0
228;2;1;1;0;107;46;38;50;0;0;0
229;2;1;1;0;154;58;78;62;0;0;0
229;2;1;1;0;140;58;73;58;0;0;0
229;2;1;1;0;183;58;84;70;0;0;0
229;1;1;1;0;140;48;78;62;0;0;0
229;2;1;1;0;183;43;78;49;0;0;0
229;2;1;1;0;154;43;73;57;0;0;0
229;2;1;1;0;140;58;84;70;0;0;0
229;2;1;1;0;140;43;84;50;0;0;0
229;2;1;1;0;183;48;73;54;0;0;0
230;2;1;2;0;89;26;40;32;0;0;0
230;1;1;2;0;83;26;38;31;0;0;0
230;2;1;2;0;101;26;43;38;0;0;0
230;1;1;2;0;83;22;40;32;0;0;0
230;2;1;2;0;101;20;40;22;0;0;0
230;2;1;2;0;89;20;38;29;0;0;0
230;2;1;2;0;83;26;43;38;0;0;0
230;2;1;2;0;83;20;43;25;0;0;0
230;2;1;2;0;101;22;38;26;0;0;0
231;2;1;2;0;143;40;52;45;0;110;52
231;1;1;2;0;143;40;46;53;1;143;84
231;1;1;2;0;143;36;41;50;0;143;65
231;1;1;2;0;111;36;41;50;1;88;84
231;2;1;2;0;122;40;41;46;1;143;52
231;2;1;2;0;122;36;46;42;1;88;65
231;2;1;2;0;122;48;41;50;0;88;52
231;2;1;2;0;143;48;46;53;0;88;84
231;1;1;2;0;122;40;46;53;0;110;65
232;2;1;2;0;70;24;39;26;0;0;0
232;2;1;2;0;70;22;35;29;0;0;0
232;2;1;2;0;70;24;37;32;1;0;0
232;2;1;2;0;56;22;35;29;1;0;0
232;2;1;2;0;61;24;35;28;1;0;0
232;2;1;2;0;61;29;35;32;0;0;0
232;2;1;2;0;61;22;37;25;1;0;0
232;2;1;2;0;61;24;37;32;0;0;0
232;2;1;2;0;70;29;37;34;0;0;0
233;2;1;2;0;71;19;38;22;1;0;0
233;2;1;2;0;71;14;42;19;1;0;0
233;2;1;2;0;61;14;40;18;0;0;0
233;2;1;2;0;64;14;42;19;0;0;0
233;2;1;2;0;64;16;42;20;0;0;0
233;2;1;2;0;61;16;42;20;1;0;0
233;2;1;2;0;61;19;40;25;1;0;0
233;2;1;2;0;64;19;42;31;1;0;0
233;2;1;2;0;61;16;38;21;0;0;0
234;2;1;2;0;130;22;63;26;0;0;0
234;2;1;2;0;130;22;59;35;1;0;0
234;2;1;2;0;130;20;56;32;0;0;0
234;2;1;2;0;103;20;56;32;1;0;0
234;2;1;2;0;112;22;56;29;1;0;0
234;2;1;2;0;112;20;59;25;1;0;0
234;2;1;2;0;112;26;56;32;0;0;0
234;2;1;2;0;130;26;59;35;0;0;0
234;2;1;2;0;112;22;59;35;0;0;0
235;2;1;2;0;254;67;180;78;0;221;100
235;2;1;2;0;234;67;174;74;0;221;130
235;2;1;2;0;294;67;188;88;0;221;80
235;2;1;2;0;234;56;180;78;0;136;80
235;2;1;2;0;294;50;180;62;0;170;130
235;2;1;2;0;254;50;174;72;0;170;80
235;2;1;2;0;234;67;188;88;0;136;100
235;2;1;2;0;234;50;188;64;0;170;100
235;2;1;2;0;294;56;174;70;0;136;100
236;2;1;3;0;151;35;71;40;1;0;0
236;2;1;3;0;115;26;74;31;0;0;0
236;2;1;3;0;151;26;78;32;1;0;0
236;2;1;3;0;127;26;78;32;0;0;0
236;2;1;3;0;127;29;78;34;0;0;0
236;2;1;3;0;115;29;78;34;1;0;0
236;2;1;3;0;115;35;74;42;1;0;0
236;2;1;3;0;115;29;71;35;0;0;0
236;2;1;3;0;127;35;78;46;1;0;0
237;2;1;3;0;247;65;95;70;1;160;100
237;2;1;3;0;190;49;101;57;0;208;80
237;2;1;3;0;247;49;109;62;1;128;80
237;1;1;3;0;209;49;109;62;0;208;130
237;2;1;3;0;209;54;109;62;0;128;130
237;2;1;3;0;190;54;109;62;1;208;100
237;1;1;3;0;190;65;101;74;1;160;80
237;2;1;3;0;190;54;95;64;0;160;130
237;1;1;3;0;209;65;109;86;1;160;130
238;1;1;3;0;213;68;70;72;1;190;95
238;1;1;3;0;170;51;76;58;0;247;76
238;1;1;3;0;213;51;84;62;1;152;76
238;1;1;3;0;184;51;84;62;0;247;123
238;2;1;3;0;184;57;84;64;0;152;123
238;3;1;3;0;170;57;84;64;1;247;95
238;2;1;3;0;170;68;76;78;1;190;76
238;2;1;3;0;170;57;70;66;0;190;123
238;1;1;3;0;184;68;84;88;1;190;123
239;2;1;4;0;129;31;105;38;0;0;0
239;2;1;4;0;148;31;107;42;0;0;0
239;2;1;4;0;120;31;103;36;0;0;0
239;2;1;4;0;120;26;105;36;0;0;0
239;2;1;4;0;148;23;105;26;0;0;0
239;2;1;4;0;120;31;107;42;0;0;0
239;2;1;4;0;129;23;103;32;0;0;0
239;2;1;4;0;148;26;103;32;0;0;0
239;2;1;4;0;120;23;107;29;0;0;0
240;1;1;4;0;81;18;52;20;0;50;20
240;1;1;4;0;81;16;48;24;0;65;25
240;1;1;4;0;81;18;50;26;1;65;32
240;1;1;4;0;71;16;48;24;1;40;32
240;2;1;4;0;74;18;48;22;1;65;20
240;2;1;4;0;74;16;50;18;1;40;25
240;2;1;4;0;74;22;48;24;0;40;20
240;1;1;4;0;74;18;50;26;0;50;25
240;2;1;4;0;81;22;50;26;0;40;32
241;1;1;4;0;266;74;93;78;1;190;130
241;1;1;4;0;212;56;101;64;0;247;104
241;1;1;4;0;266;56;111;66;1;152;104
241;1;1;4;0;230;56;111;66;0;247;169
241;1;1;4;0;230;62;111;70;0;152;169
241;1;1;4;0;212;62;111;70;1;247;130
241;1;1;4;0;212;74;101;82;1;190;104
241;1;1;4;0;212;62;93;72;0;190;169
241;1;1;4;0;230;74;111;99;1;190;169
242;1;1;4;0;78;25;45;28;0;60;32
242;1;1;4;0;78;22;41;31;0;78;40
242;1;1;4;0;78;25;43;34;1;78;52
242;1;1;4;0;61;22;41;31;1;48;52
242;1;1;4;0;67;25;41;29;1;78;32
242;1;1;4;0;67;22;43;25;1;48;40
242;1;1;4;0;67;30;41;32;0;48;32
242;1;1;4;0;67;25;43;34;0;60;40
242;1;1;4;0;78;30;43;35;0;48;52
243;2;1;4;0;133;48;68;52;0;0;0
243;2;1;4;0;133;48;64;58;1;0;0
243;2;1;4;0;133;43;61;54;0;0;0
243;1;1;4;0;112;43;61;54;1;0;0
243;1;1;4;0;119;48;61;53;1;0;0
243;1;1;4;0;119;43;64;48;1;0;0
243;1;1;4;0;119;58;61;57;0;0;0
243;1;1;4;0;133;58;64;62;0;0;0
243;1;1;4;0;119;48;64;58;0;0;0
244;1;1;5;0;125;38;95;42;1;0;0
244;2;1;5;0;125;29;99;32;1;0;0
244;1;1;5;0;100;29;97;32;0;0;0
244;1;1;5;0;108;29;99;32;0;0;0
244;1;1;5;0;108;32;99;35;0;0;0
244;1;1;5;0;100;32;99;35;1;0;0
244;1;1;5;0;100;38;97;42;1;0;0
244;1;1;5;0;108;38;99;46;1;0;0
244;1;1;5;0;100;32;95;36;0;0;0
245;3;1;5;0;161;40;70;45;0;75;56
245;2;1;5;0;161;40;64;53;1;97;91
245;2;1;5;0;161;36;59;50;0;97;70
245;2;1;5;0;129;36;59;50;1;60;91
245;2;1;5;0;140;40;59;46;1;97;56
245;2;1;5;0;140;36;64;42;1;60;70
245;2;1;5;0;140;48;59;50;0;60;56
245;2;1;5;0;161;48;64;53;0;60;91
245;2;1;5;0;140;40;64;53;0;75;70
246;2;1;5;0;144;48;70;50;1;110;70
246;2;1;5;0;120;36;73;42;0;143;56
246;2;1;5;0;144;36;77;43;1;88;56
246;2;1;5;0;128;36;77;43;0;143;91
246;2;1;5;0;128;40;77;45;0;88;91
246;2;1;5;0;120;40;77;45;1;143;70
246;2;1;5;0;120;48;73;53;1;110;56
246;2;1;5;0;120;40;70;48;0;110;91
246;2;1;5;0;128;48;77;62;1;110;91
247;2;1;5;0;98;38;87;42;0;130;40
247;2;1;5;0;90;38;85;42;0;130;52
247;1;1;5;0;115;38;89;46;0;130;32
247;1;1;5;0;90;32;87;40;0;80;32
247;2;1;5;0;115;29;87;32;0;100;52
247;1;1;5;0;98;29;85;38;0;100;32
247;1;1;5;0;90;38;89;46;0;80;40
247;1;1;5;0;90;29;89;32;0;100;40
247;2;1;5;0;115;32;85;36;0;80;40
248;1;1;5;0;96;26;62;29;0;0;0
248;1;1;5;0;96;23;58;32;0;0;0
248;1;1;5;0;96;26;60;35;1;0;0
248;1;1;5;0;78;23;58;32;1;0;0
248;1;1;5;0;84;26;58;31;1;0;0
248;1;1;5;0;84;31;58;34;0;0;0
248;1;1;5;0;84;23;60;26;1;0;0
248;1;1;5;0;84;26;60;35;0;0;0
248;1;1;5;0;96;31;60;36;0;0;0
250;2;1;1;0;101;35;36;42;0;0;0
250;2;1;1;0;101;35;32;49;1;0;0
250;2;1;1;0;101;31;29;46;0;0;0
250;2;1;1;0;80;31;29;46;1;0;0
250;2;1;1;0;87;35;29;43;1;0;0
250;2;1;1;0;87;31;32;38;1;0;0
250;2;1;1;0;87;42;29;46;0;0;0
250;2;1;1;0;101;42;32;49;0;0;0
250;2;1;1;0;87;35;32;49;0;0;0
251;2;1;2;0;125;48;49;53;0;143;35
251;2;1;2;0;114;48;44;50;0;143;45
251;2;1;2;0;146;48;55;62;0;143;28
251;2;1;2;0;114;40;49;53;0;88;28
251;2;1;2;0;146;36;49;42;0;110;45
251;2;1;2;0;125;36;44;50;0;110;28
251;3;1;2;0;114;48;55;62;0;88;35
251;2;1;2;0;114;36;55;43;0;110;35
251;2;1;2;0;146;40;44;46;0;88;35
252;2;1;2;0;115;48;39;53;0;143;65
252;2;1;2;0;136;48;45;62;0;143;52
252;2;1;2;0;104;48;34;50;0;143;84
252;2;1;2;0;104;40;39;53;0;88;52
252;2;1;2;0;136;36;39;42;0;110;84
252;2;1;2;0;115;36;34;50;0;110;52
252;2;1;2;0;104;48;45;62;0;88;65
252;2;1;2;0;136;40;34;46;0;88;65
252;2;1;2;0;104;36;45;43;0;110;65
253;2;1;2;0;214;74;85;82;0;0;0
253;2;1;2;0;194;74;77;80;0;0;0
253;2;1;2;0;254;74;95;99;0;0;0
253;2;1;2;0;194;62;85;86;0;0;0
253;2;1;2;0;254;56;85;64;0;0;0
253;1;1;2;0;214;56;77;80;0;0;0
253;2;1;2;0;194;74;95;99;0;0;0
253;1;1;2;0;194;56;95;66;0;0;0
253;2;1;2;0;254;62;77;72;0;0;0
254;2;1;3;0;146;40;55;45;0;0;0
254;2;1;3;0;146;40;49;53;1;0;0
254;1;1;3;0;146;36;44;50;0;0;0
254;2;1;3;0;114;36;44;50;1;0;0
254;1;1;3;0;125;40;44;46;1;0;0
254;1;1;3;0;125;36;49;42;1;0;0
254;2;1;3;0;125;48;44;50;0;0;0
254;1;1;3;0;146;48;49;53;0;0;0
254;2;1;3;0;125;40;49;53;0;0;0
255;2;1;3;0;150;38;78;43;0;80;40
255;2;1;3;0;150;38;74;50;1;104;65
255;2;1;3;0;150;34;71;48;0;104;50
255;2;1;3;0;118;34;71;48;1;64;65
255;2;1;3;0;129;38;71;45;1;104;40
255;2;1;3;0;129;34;74;40;1;64;50
255;2;1;3;0;129;46;71;48;0;64;40
255;2;1;3;0;150;46;74;50;0;64;65
255;2;1;3;0;129;38;74;50;0;80;50
256;2;1;3;0;131;26;62;31;0;70;53
256;2;1;3;0;131;26;58;38;1;91;86
256;2;1;3;0;131;23;55;35;0;91;66
256;2;1;3;0;104;23;55;35;1;56;86
256;2;1;3;0;113;26;55;32;1;91;53
256;2;1;3;0;113;23;58;26;1;56;66
256;2;1;3;0;113;31;55;36;0;56;53
256;2;1;3;0;131;31;58;38;0;56;86
256;2;1;3;0;113;26;58;38;0;70;66
257;2;1;4;0;131;50;88;54;0;143;70
257;1;1;4;0;121;50;85;52;0;143;91
257;1;1;4;0;150;50;92;62;0;143;56
257;1;1;4;0;121;42;88;54;0;88;56
257;1;1;4;0;150;38;88;43;0;110;91
257;2;1;4;0;131;38;85;50;0;110;56
257;2;1;4;0;121;50;92;62;0;88;70
257;1;1;4;0;121;38;92;45;0;110;70
257;1;1;4;0;150;42;85;48;0;88;70
258;1;1;3;0;192;52;63;57;0;0;0
258;2;1;3;0;192;52;55;72;1;0;0
258;2;1;3;0;192;47;49;66;0;0;0
258;2;1;3;0;149;47;49;66;1;0;0
258;2;1;3;0;163;52;49;62;1;0;0
258;2;1;3;0;163;47;55;53;1;0;0
258;2;1;3;0;163;62;49;66;0;0;0
258;2;1;3;0;192;62;55;70;0;0;0
258;2;1;3;0;163;52;55;72;0;0;0
259;2;3;2;0;197;54;142;57;0;234;65
259;2;3;2;0;177;54;139;56;0;234;84
259;2;3;2;0;236;54;146;66;0;234;52
259;3;3;2;0;177;45;142;57;0;144;52
259;2;3;2;0;236;40;142;46;0;180;84
259;3;3;2;0;197;40;139;53;0;180;52
259;3;3;2;0;177;54;146;66;0;144;65
259;2;3;2;0;177;40;146;48;0;180;65
259;2;3;2;0;236;45;139;52;0;144;65
260;2;3;3;0;147;54;71;58;0;0;0
260;2;3;3;0;133;54;66;56;0;0;0
260;1;3;3;0;174;54;77;66;0;0;0
260;1;3;3;0;133;45;71;58;0;0;0
260;2;3;3;0;174;40;71;46;0;0;0
260;1;3;3;0;147;40;66;54;0;0;0
260;1;3;3;0;133;54;77;66;0;0;0
260;2;3;3;0;133;40;77;49;0;0;0
260;2;3;3;0;174;45;66;52;0;0;0
261;2;3;4;0;71;19;38;22;1;0;0
261;2;3;4;0;71;14;42;19;1;0;0
261;2;3;4;0;61;14;40;18;0;0;0
261;1;3;4;0;64;14;42;19;0;0;0
261;2;3;4;0;64;16;42;20;0;0;0
261;2;3;4;0;61;16;42;20;1;0;0
261;2;3;4;0;61;19;40;25;1;0;0
261;2;3;4;0;64;19;42;31;1;0;0
261;2;3;4;0;61;16;38;21;0;0;0
262;1;1;1;0;102;26;32;31;1;0;0
262;2;1;1;0;81;20;35;24;0;0;0
262;2;1;1;0;102;20;39;26;1;0;0
262;1;1;1;0;88;20;39;26;0;0;0
262;2;1;1;0;88;22;39;26;0;0;0
262;1;1;1;0;81;22;39;26;1;0;0
262;1;1;1;0;81;26;35;32;1;0;0
262;2;1;1;0;81;22;32;28;0;0;0
262;1;1;1;0;88;26;39;40;1;0;0
263;2;0;1;0;251;44;78;47;1;0;0
263;2;0;1;0;197;33;86;38;0;0;0
263;2;0;1;0;251;33;96;40;1;0;0
263;2;0;1;0;215;33;96;40;0;0;0
263;2;0;1;0;215;37;96;42;0;0;0
263;2;0;1;0;197;37;96;42;1;0;0
263;2;0;1;0;197;44;86;50;1;0;0
263;2;0;1;0;197;37;78;44;0;0;0
263;1;0;1;0;215;44;96;60;1;0;0
264;2;1;2;0;134;18;65;20;0;0;0
264;2;1;2;0;134;18;61;24;1;0;0
264;1;1;2;0;134;16;58;23;0;0;0
264;1;1;2;0;104;16;58;23;1;0;0
264;2;1;2;0;114;18;58;21;1;0;0
264;2;1;2;0;114;16;61;18;1;0;0
264;2;1;2;0;114;22;58;23;0;0;0
264;2;1;2;0;134;22;61;24;0;0;0
264;1;1;2;0;114;18;61;24;0;0;0
265;1;1;4;0;64;18;40;21;0;91;60
265;1;1;4;0;76;18;42;24;0;91;48
265;1;1;4;0;58;18;38;20;0;91;78
265;1;1;4;0;58;15;40;20;0;56;48
265;1;1;4;0;76;13;40;15;0;70;78
265;1;1;4;0;58;18;42;24;0;56;60
265;1;1;4;0;64;13;38;18;0;70;48
265;1;1;4;0;76;15;38;18;0;56;60
265;1;1;4;0;58;13;42;16;0;70;60
266;2;1;5;0;81;10;52;12;0;60;8
266;2;1;5;0;81;9;48;14;0;78;10
266;2;1;5;0;81;10;50;16;1;78;13
266;1;1;5;0;71;9;48;14;1;48;13
266;2;1;5;0;74;10;48;12;1;78;8
266;2;1;5;0;74;12;48;14;0;48;8
266;2;1;5;0;74;9;50;11;1;48;10
266;3;1;5;0;74;10;50;16;0;60;10
266;2;1;5;0;81;12;50;15;0;48;13
267;2;1;1;0;109;15;44;18;0;0;0
267;1;1;1;0;109;15;40;23;1;0;0
267;1;1;1;0;109;13;37;20;0;0;0
267;2;1;1;0;88;13;37;20;1;0;0
267;1;1;1;0;95;15;37;19;1;0;0
267;2;1;1;0;95;13;40;16;1;0;0
267;2;1;1;0;95;18;37;20;0;0;0
267;2;1;1;0;109;18;40;23;0;0;0
267;1;1;1;0;95;15;40;23;0;0;0
268;2;1;1;0;38;12;14;15;0;0;0
268;2;1;1;0;45;12;16;18;0;0;0
268;2;1;1;0;35;12;12;14;0;0;0
268;2;1;1;0;35;10;14;16;0;0;0
268;2;1;1;0;45;9;14;11;0;0;0
268;2;1;1;0;38;9;12;14;0;0;0
268;2;1;1;0;35;12;16;18;0;0;0
268;2;1;1;0;45;10;12;12;0;0;0
268;2;1;1;0;35;9;16;12;0;0;0
269;2;1;1;0;122;76;45;83;1;70;50
269;2;1;1;0;94;57;48;65;0;91;40
269;2;1;1;0;122;57;52;70;1;56;40
269;1;1;1;0;103;57;52;70;0;91;65
269;2;1;1;0;103;63;52;71;0;56;65
269;2;1;1;0;94;63;52;71;1;91;50
269;2;1;1;0;94;76;48;86;1;70;40
269;2;1;1;0;94;63;45;76;0;70;65
269;2;1;1;0;103;76;52;98;1;70;65
270;2;1;1;0;197;114;111;116;1;0;0
270;2;1;1;0;155;85;114;98;0;0;0
270;2;1;1;0;197;85;118;99;1;0;0
270;1;1;1;0;169;85;118;99;0;0;0
270;1;1;1;0;169;95;118;103;0;0;0
270;1;1;1;0;155;95;118;103;1;0;0
270;1;1;1;0;155;114;114;123;1;0;0
270;1;1;1;0;155;95;111;106;0;0;0
270;1;1;1;0;169;114;118;139;1;0;0
271;2;1;2;0;199;127;86;144;0;0;0
271;2;1;2;0;184;127;80;139;0;0;0
271;2;1;2;0;230;127;94;165;0;0;0
271;2;1;2;0;184;106;86;144;0;0;0
271;2;1;2;0;230;95;86;111;0;0;0
271;2;1;2;0;199;95;80;132;0;0;0
271;2;1;2;0;184;127;94;165;0;0;0
271;2;1;2;0;184;95;94;116;0;0;0
271;2;1;2;0;230;106;80;128;0;0;0
272;2;1;3;0;141;62;94;80;1;0;0
272;1;1;3;0;110;47;97;62;0;0;0
272;2;1;3;0;141;47;101;65;1;0;0
272;2;1;3;0;120;47;101;65;0;0;0
272;2;1;3;0;120;52;101;68;0;0;0
272;1;1;3;0;110;52;101;68;1;0;0
272;1;1;3;0;110;62;97;83;1;0;0
272;1;1;3;0;110;52;94;71;0;0;0
272;1;1;3;0;120;62;101;91;1;0;0
273;2;1;3;0;166;96;90;108;0;156;85
273;2;1;3;0;152;96;85;103;0;156;110
273;2;1;3;0;194;96;96;123;0;156;68
273;2;1;3;0;152;80;90;108;0;96;68
273;2;1;3;0;194;72;90;86;0;120;110
273;2;1;3;0;166;72;85;99;0;120;68
273;2;1;3;0;152;96;96;123;0;96;85
273;2;1;3;0;152;72;96;90;0;120;85
273;2;1;3;0;194;80;85;95;0;96;85
274;2;1;3;0;116;58;46;65;1;60;40
274;1;1;3;0;95;43;49;50;0;78;32
274;3;1;3;0;116;43;53;53;1;48;32
274;2;1;3;0;102;43;53;53;0;78;52
274;2;1;3;0;102;48;53;53;0;48;52
274;3;1;3;0;95;48;53;53;1;78;40
274;3;1;3;0;95;58;49;70;1;60;32
274;2;1;3;0;95;48;46;58;0;60;52
274;1;1;3;0;102;58;53;83;1;60;52
275;2;1;1;0;143;52;81;62;0;0;0
275;2;1;1;0;143;52;77;76;1;0;0
275;1;1;1;0;143;47;74;70;0;0;0
275;1;1;1;0;111;47;74;70;1;0;0
275;1;1;1;0;122;52;74;63;1;0;0
275;2;1;1;0;122;47;77;53;1;0;0
275;2;1;1;0;122;62;74;71;0;0;0
275;2;1;1;0;143;62;77;76;0;0;0
275;1;1;1;0;122;52;77;76;0;0;0
276;1;1;5;0;60;46;36;57;0;52;20
276;1;1;5;0;68;46;38;65;0;52;16
276;1;1;5;0;56;46;34;52;0;52;26
276;1;1;5;0;56;38;36;57;0;32;16
276;1;1;5;0;68;34;36;40;0;40;26
276;1;1;5;0;56;46;38;65;0;32;20
276;1;1;5;0;60;34;34;52;0;40;16
276;1;1;5;0;68;38;34;48;0;32;20
276;1;1;5;0;56;34;38;42;0;40;20
277;2;1;2;0;243;108;106;123;0;0;0
277;2;1;2;0;243;108;98;149;1;0;0
277;2;1;2;0;243;97;92;139;0;0;0
277;2;1;2;0;187;97;92;139;1;0;0
277;2;1;2;0;206;108;92;128;1;0;0
277;2;1;2;0;206;97;98;114;1;0;0
277;2;1;2;0;206;130;92;139;0;0;0
277;2;1;2;0;243;130;98;149;0;0;0
277;2;1;2;0;206;108;98;149;0;0;0
278;2;3;4;0;197;148;68;165;0;247;100
278;2;3;4;0;179;148;60;156;0;247;130
278;2;3;4;0;233;148;78;198;0;247;80
278;2;3;4;0;179;123;68;172;0;152;80
278;2;3;4;0;233;111;68;128;0;190;130
278;2;3;4;0;197;111;60;156;0;190;80
278;2;3;4;0;179;148;78;198;0;152;100
278;2;3;4;0;179;111;78;132;0;190;100
278;2;3;4;0;233;123;60;144;0;152;100
279;2;3;1;0;244;148;71;161;1;0;0
279;2;3;1;0;190;111;79;128;0;0;0
279;2;3;1;0;244;111;89;132;1;0;0
279;1;3;1;0;208;111;89;132;0;0;0
279;2;3;1;0;208;123;89;139;0;0;0
279;2;3;1;0;190;123;89;139;1;0;0
279;2;3;1;0;190;148;79;165;1;0;0
279;2;3;1;0;190;123;71;144;0;0;0
279;2;3;1;0;208;148;89;198;1;0;0
280;1;3;2;0;66;45;37;52;0;70;28
280;1;3;2;0;66;40;33;58;0;91;35
280;1;3;2;0;66;45;35;63;1;91;45
280;1;3;2;0;56;40;33;58;1;56;45
280;1;3;2;0;59;45;33;57;1;91;28
280;3;3;2;0;59;40;35;48;1;56;35
280;3;3;2;0;59;54;33;63;0;56;28
280;3;3;2;0;59;45;35;63;0;70;35
280;3;3;2;0;66;54;35;65;0;56;45
281;2;3;2;0;53;44;20;50;1;50;30
281;2;3;2;0;43;33;22;38;0;65;24
281;2;3;2;0;53;33;24;40;1;40;24
281;2;3;2;0;46;33;24;40;0;65;39
281;2;3;2;0;46;37;24;42;0;40;39
281;2;3;2;0;43;37;24;42;1;65;30
281;2;3;2;0;43;44;22;53;1;50;24
281;2;3;2;0;43;37;20;43;0;50;39
281;1;3;2;0;46;44;24;63;1;50;39
282;2;3;3;0;114;68;74;76;0;70;40
282;2;3;3;0;114;61;70;76;0;91;50
282;2;3;3;0;114;68;72;83;1;91;65
282;3;3;3;0;87;61;70;76;1;56;65
282;3;3;3;0;96;68;70;76;1;91;40
282;3;3;3;0;96;82;70;86;0;56;40
282;1;3;3;0;96;61;72;68;1;56;50
282;3;3;3;0;96;68;72;83;0;70;50
282;2;3;3;0;114;82;72;90;0;56;65
283;1;3;2;0;216;130;108;149;0;221;100
283;1;3;2;0;202;130;102;139;0;221;130
283;2;3;2;0;245;130;116;172;0;221;80
283;2;3;2;0;202;108;108;149;0;136;80
283;2;3;2;0;245;97;108;114;0;170;130
283;1;3;2;0;216;97;102;139;0;170;80
283;3;3;2;0;202;130;116;172;0;136;100
283;2;3;2;0;202;97;116;123;0;170;100
283;2;3;2;0;245;108;102;128;0;136;100
284;2;3;1;0;46;44;22;53;0;0;0
284;2;3;1;0;43;44;20;50;0;0;0
284;2;3;1;0;53;44;24;63;0;0;0
284;2;3;1;0;43;37;22;53;0;0;0
284;2;3;1;0;53;33;22;38;0;0;0
284;2;3;1;0;46;33;20;48;0;0;0
284;2;3;1;0;43;44;24;63;0;0;0
284;2;3;1;0;43;33;24;40;0;0;0
284;2;3;1;0;53;37;20;43;0;0;0
285;2;0;1;0;160;52;136;55;0;195;30
285;2;0;1;0;180;52;138;59;0;195;24
285;2;0;1;0;150;52;134;54;0;195;39
285;2;0;1;0;150;43;136;52;0;120;24
285;2;0;1;0;180;39;136;42;0;150;39
285;2;0;1;0;150;52;138;59;0;120;30
285;2;0;1;0;160;39;134;48;0;150;24
285;2;0;1;0;180;43;134;48;0;120;30
285;2;0;1;0;150;39;138;46;0;150;30
286;2;0;2;0;262;74;107;84;0;210;52
286;2;0;2;0;262;74;97;104;1;273;84
286;2;0;2;0;262;67;89;94;0;273;65
286;2;0;2;0;208;67;89;94;1;168;84
286;2;0;2;0;226;74;89;87;1;273;52
286;3;0;2;0;226;67;97;77;1;168;65
286;3;0;2;0;226;89;89;94;0;168;52
286;3;0;2;0;262;89;97;100;0;168;84
286;2;0;2;0;226;74;97;104;0;210;65
287;1;0;2;0;219;67;100;84;0;0;0
287;1;0;2;0;219;74;100;84;0;0;0
287;1;0;2;0;219;67;100;84;0;0;0
287;2;0;2;0;219;74;100;84;0;0;0
287;1;0;2;0;258;89;82;97;1;0;0
287;2;0;2;0;258;89;82;97;1;0;0
287;1;0;2;0;200;74;100;84;1;0;0
287;2;0;2;0;200;74;100;84;1;0;0
287;1;0;2;0;200;89;90;104;1;0;0
288;1;0;2;0;200;89;90;104;1;0;0
288;1;0;2;0;200;67;90;77;0;0;0
288;1;0;2;0;258;67;100;84;1;0;0
288;1;0;2;0;200;74;82;90;0;0;0
288;1;0;2;0;219;89;100;120;1;0;0
288;1;0;2;0;200;67;90;77;0;0;0
288;1;0;2;0;258;67;100;84;1;0;0
288;1;0;2;0;200;74;82;90;0;0;0
288;1;0;2;0;219;89;100;120;1;0;0
289;2;3;3;0;92;24;34;29;0;0;0
289;2;3;3;0;92;24;31;38;1;0;0
289;2;3;3;0;92;22;29;34;0;0;0
289;2;3;3;0;74;22;29;34;1;0;0
289;2;3;3;0;80;24;29;31;1;0;0
289;2;3;3;0;80;22;31;26;1;0;0
289;2;3;3;0;80;29;29;34;0;0;0
289;2;3;3;0;92;29;31;37;0;0;0
289;2;3;3;0;80;24;31;38;0;0;0
290;1;1;2;0;286;50;146;60;0;180;84
290;1;1;2;0;286;50;138;80;1;234;136
290;1;1;2;0;286;45;132;80;0;234;105
290;1;1;2;0;226;45;132;80;1;144;136
290;1;1;2;0;246;50;132;65;1;234;84
290;3;1;2;0;246;45;138;60;1;144;105
290;3;1;2;0;246;60;132;60;0;144;84
290;1;1;2;0;286;60;138;65;0;144;136
290;1;1;2;0;246;50;138;80;0;180;105
291;2;1;2;0;214;60;85;65;0;273;115
291;2;1;2;0;196;60;77;60;0;273;149
291;2;1;2;0;250;60;95;80;0;273;92
291;1;1;2;0;196;50;85;80;0;168;92
291;2;1;2;0;250;45;85;60;0;210;149
291;2;1;2;0;214;45;77;80;0;210;92
291;2;1;2;0;196;60;95;80;0;168;115
291;2;1;2;0;196;45;95;65;0;210;115
291;2;1;2;0;250;50;77;65;0;168;115
292;2;1;3;0;222;50;85;60;0;160;76
292;2;1;3;0;222;50;77;80;1;208;123
292;2;1;3;0;222;45;71;80;0;208;95
292;2;1;3;0;166;45;71;80;1;128;123
292;2;1;3;0;185;50;71;65;1;208;76
292;2;1;3;0;185;45;77;60;1;128;95
292;2;1;3;0;185;60;71;60;0;128;76
292;1;1;3;0;222;60;77;65;0;128;123
292;2;1;3;0;185;50;77;80;0;160;95
293;1;1;3;0;232;50;98;60;0;170;92
293;1;1;3;0;232;50;90;80;1;221;149
293;1;1;3;0;232;45;84;80;0;221;115
293;1;1;3;0;181;45;84;80;1;136;149
293;1;1;3;0;198;50;84;65;1;221;92
293;1;1;3;0;198;45;90;60;1;136;115
293;2;1;3;0;198;60;84;60;0;136;92
293;2;1;3;0;232;60;90;65;0;136;149
293;1;1;3;0;198;50;90;80;0;170;115
294;2;1;4;0;203;50;67;60;0;0;0
294;2;1;4;0;203;50;59;80;1;0;0
294;2;1;4;0;203;45;53;80;0;0;0
294;2;1;4;0;157;45;53;80;1;0;0
294;2;1;4;0;172;50;53;65;1;0;0
294;2;1;4;0;172;45;59;60;1;0;0
294;2;1;4;0;172;60;53;60;0;0;0
294;2;1;4;0;203;60;59;65;0;0;0
294;2;1;4;0;172;50;59;80;0;0;0
295;2;0;1;1;242;3120;75;3380;0;0;0
295;2;0;1;1;219;3120;66;3120;0;0;0
295;2;0;1;1;287;3120;87;4160;0;0;0
295;1;0;1;1;219;2600;75;4160;0;0;0
295;2;0;1;1;287;2340;75;3120;0;0;0
295;1;0;1;1;242;2340;66;4160;0;0;0
295;1;0;1;1;219;3120;87;4160;0;0;0
295;1;0;1;1;219;2340;87;3380;0;0;0
295;2;0;1;1;287;2600;66;3380;0;0;0
296;2;0;2;1;163;3120;85;3120;1;0;0
296;1;0;2;1;163;2340;92;3380;1;0;0
296;1;0;2;1;133;2340;88;3120;0;0;0
296;1;0;2;1;143;2340;92;3380;0;0;0
296;2;0;2;1;143;2600;92;3120;0;0;0
296;2;0;2;1;133;3120;88;3380;1;0;0
296;2;0;2;1;133;2600;92;3120;1;0;0
296;1;0;2;1;143;3120;92;4160;1;0;0
296;1;0;2;1;133;2600;85;3380;0;0;0
297;2;0;2;1;131;3120;88;3380;0;0;0
297;2;0;2;1;120;3120;85;3120;0;0;0
297;1;0;2;1;153;3120;92;4160;0;0;0
297;1;0;2;1;120;2600;88;4160;0;0;0
297;1;0;2;1;153;2340;88;3120;0;0;0
297;1;0;2;1;131;2340;85;4160;0;0;0
297;1;0;2;1;120;3120;92;4160;0;0;0
297;1;0;2;1;120;2340;92;3380;0;0;0
297;1;0;2;1;153;2600;85;3380;0;0;0
298;3;0;4;1;103;3120;31;3120;1;80;40
298;3;0;4;1;82;2340;34;3120;0;104;32
298;3;0;4;1;103;2340;38;3380;1;64;32
298;3;0;4;1;89;2340;38;3380;0;104;52
298;3;0;4;1;89;2600;38;3120;0;64;52
298;3;0;4;1;82;2600;38;3120;1;104;40
298;3;0;4;1;82;3120;34;3380;1;80;32
298;3;0;4;1;82;2600;31;3380;0;80;52
298;3;0;4;1;89;3120;38;4160;1;80;52
299;2;1;1;1;138;3120;59;3120;1;0;0
299;1;1;1;1;138;2340;66;3380;1;0;0
299;1;1;1;1;106;2340;62;3120;0;0;0
299;1;1;1;1;117;2340;66;3380;0;0;0
299;2;1;1;1;117;2600;66;3120;0;0;0
299;2;1;1;1;106;3120;62;3380;1;0;0
299;2;1;1;1;106;2600;66;3120;1;0;0
299;1;1;1;1;106;2600;59;3380;0;0;0
299;1;1;1;1;117;3120;66;4160;1;0;0
300;2;1;1;1;86;2600;57;3120;0;0;0
300;1;1;1;1;86;2340;53;4160;0;0;0
300;1;1;1;1;86;2600;55;4160;1;0;0
300;1;1;1;1;76;2340;53;4160;1;0;0
300;2;1;1;1;79;2600;53;3380;1;0;0
300;2;1;1;1;79;2340;55;3120;1;0;0
300;2;1;1;1;79;3120;53;3120;0;0;0
300;1;1;1;1;79;2600;55;4160;0;0;0
300;2;1;1;1;86;3120;55;3380;0;0;0
301;1;1;1;1;119;2600;93;3120;0;0;0
301;1;1;1;1;119;2600;91;4160;1;0;0
301;1;1;1;1;119;2340;89;4160;0;0;0
301;1;1;1;1;94;2340;89;4160;1;0;0
301;1;1;1;1;102;2600;89;3380;1;0;0
301;2;1;1;1;102;2340;91;3120;1;0;0
301;2;1;1;1;102;3120;89;3120;0;0;0
301;1;1;1;1;119;3120;91;3380;0;0;0
301;1;1;1;1;102;2600;91;4160;0;0;0
302;2;1;1;1;153;2600;62;3120;0;0;0
302;1;1;1;1;153;2600;56;4160;1;0;0
302;1;1;1;1;153;2340;51;4160;0;0;0
302;1;1;1;1;121;2340;51;4160;1;0;0
302;1;1;1;1;132;2600;51;3380;1;0;0
302;1;1;1;1;132;2340;56;3120;1;0;0
302;2;1;1;1;132;3120;51;3120;0;0;0
302;1;1;1;1;153;3120;56;3380;0;0;0
302;1;1;1;1;132;2600;56;4160;0;0;0
303;1;1;1;1;205;2600;101;3120;0;0;0
303;1;1;1;1;205;2600;93;4160;1;0;0
303;1;1;1;1;205;2340;87;4160;0;0;0
303;1;1;1;1;161;2340;87;4160;1;0;0
303;1;1;1;1;176;2600;87;3380;1;0;0
303;1;1;1;1;176;2340;93;3120;1;0;0
303;2;1;1;1;176;3120;87;3120;0;0;0
303;2;1;1;1;205;3120;93;3380;0;0;0
303;1;1;1;1;176;2600;93;4160;0;0;0
304;2;1;1;1;87;3120;63;3380;0;91;40
304;1;1;1;1;102;3120;65;4160;0;91;32
304;2;1;1;1;79;3120;61;3120;0;91;52
304;1;1;1;1;79;2600;63;4160;0;56;32
304;2;1;1;1;102;2340;63;3120;0;70;52
304;2;1;1;1;87;2340;61;4160;0;70;32
304;1;1;1;1;79;3120;65;4160;0;56;40
304;1;1;1;1;102;2600;61;3380;0;56;40
304;1;1;1;1;79;2340;65;3380;0;70;40
305;2;1;1;1;232;3120;177;3380;0;0;0
305;2;1;1;1;210;3120;174;3120;0;0;0
305;2;1;1;1;276;3120;181;4160;0;0;0
305;1;1;1;1;210;2600;177;4160;0;0;0
305;2;1;1;1;276;2340;177;3120;0;0;0
305;2;1;1;1;232;2340;174;4160;0;0;0
305;1;1;1;1;210;3120;181;4160;0;0;0
305;2;1;1;1;210;2340;181;3380;0;0;0
305;1;1;1;1;276;2600;174;3380;0;0;0
306;2;1;2;1;147;3120;70;3120;1;110;80
306;2;1;2;1;114;2340;73;3120;0;143;64
306;2;1;2;1;147;2340;77;3380;1;88;64
306;2;1;2;1;125;2340;77;3380;0;143;104
306;2;1;2;1;125;2600;77;3120;0;88;104
306;2;1;2;1;114;2600;77;3120;1;143;80
306;2;1;2;1;114;3120;73;3380;1;110;64
306;2;1;2;1;114;2600;70;3380;0;110;104
306;1;1;2;1;125;3120;77;4160;1;110;104
307;2;1;2;1;81;3120;26;3380;0;0;0
307;2;1;2;1;73;3120;23;3120;0;0;0
307;2;1;2;1;96;3120;30;4160;0;0;0
307;1;1;2;1;73;2600;26;4160;0;0;0
307;2;1;2;1;96;2340;26;3120;0;0;0
307;2;1;2;1;81;2340;23;4160;0;0;0
307;2;1;2;1;73;3120;30;4160;0;0;0
307;2;1;2;1;73;2340;30;3380;0;0;0
307;2;1;2;1;96;2600;23;3380;0;0;0
308;2;1;2;1;146;3120;44;3120;1;0;0
308;1;1;2;1;114;2340;49;3120;0;0;0
308;1;1;2;1;146;2340;55;3380;1;0;0
308;1;1;2;1;125;2340;55;3380;0;0;0
308;1;1;2;1;125;2600;55;3120;0;0;0
308;1;1;2;1;114;2600;55;3120;1;0;0
308;2;1;2;1;114;3120;49;3380;1;0;0
308;1;1;2;1;114;2600;44;3380;0;0;0
308;1;1;2;1;125;3120;55;4160;1;0;0
309;1;1;2;1;236;3120;63;3120;1;0;0
309;1;1;2;1;182;2340;71;3120;0;0;0
309;1;1;2;1;236;2340;81;3380;1;0;0
309;1;1;2;1;200;2340;81;3380;0;0;0
309;1;1;2;1;200;2600;81;3120;0;0;0
309;1;1;2;1;182;2600;81;3120;1;0;0
309;1;1;2;1;182;3120;71;3380;1;0;0
309;1;1;2;1;182;2600;63;3380;0;0;0
309;1;1;2;1;200;3120;81;4160;1;0;0
310;2;1;3;1;110;3120;57;3380;0;0;0
310;2;1;3;1;124;3120;61;4160;0;0;0
310;2;1;3;1;103;3120;54;3120;0;0;0
310;1;1;3;1;103;2600;57;4160;0;0;0
310;2;1;3;1;124;2340;57;3120;0;0;0
310;2;1;3;1;103;3120;61;4160;0;0;0
310;1;1;3;1;110;2340;54;4160;0;0;0
310;2;1;3;1;124;2600;54;3380;0;0;0
310;2;1;3;1;103;2340;61;3380;0;0;0
311;2;1;3;1;121;3120;66;3380;0;130;60
311;2;1;3;1;141;3120;70;4160;0;130;48
311;2;1;3;1;111;3120;63;3120;0;130;78
311;2;1;3;1;111;2600;66;4160;0;80;48
311;2;1;3;1;141;2340;66;3120;0;100;78
311;2;1;3;1;111;3120;70;4160;0;80;60
311;2;1;3;1;121;2340;63;4160;0;100;48
311;2;1;3;1;141;2600;63;3380;0;80;60
311;2;1;3;1;111;2340;70;3380;0;100;60
312;2;1;3;1;116;2600;53;3120;0;0;0
312;1;1;3;1;116;2600;49;4160;1;0;0
312;1;1;3;1;116;2340;46;4160;0;0;0
312;1;1;3;1;95;2340;46;4160;1;0;0
312;2;1;3;1;102;2600;46;3380;1;0;0
312;2;1;3;1;102;2340;49;3120;1;0;0
312;2;1;3;1;102;3120;46;3120;0;0;0
312;2;1;3;1;116;3120;49;3380;0;0;0
312;1;1;3;1;102;2600;49;4160;0;0;0
313;1;1;4;1;141;2600;69;3120;0;0;0
313;1;1;4;1;141;2600;65;4160;1;0;0
313;1;1;4;1;141;2340;62;4160;0;0;0
313;1;1;4;1;109;2340;62;4160;1;0;0
313;1;1;4;1;120;2600;62;3380;1;0;0
313;1;1;4;1;120;2340;65;3120;1;0;0
313;2;1;4;1;120;3120;62;3120;0;0;0
313;2;1;4;1;141;3120;65;3380;0;0;0
313;1;1;4;1;120;2600;65;4160;0;0;0
314;1;1;5;1;87;3120;34;3380;0;0;0
314;1;1;5;1;101;3120;38;4160;0;0;0
314;1;1;5;1;80;3120;31;3120;0;0;0
314;1;1;5;1;80;2600;34;4160;0;0;0
314;1;1;5;1;101;2340;34;3120;0;0;0
314;1;1;5;1;80;3120;38;4160;0;0;0
314;1;1;5;1;87;2340;31;4160;0;0;0
314;1;1;5;1;101;2600;31;3380;0;0;0
314;1;1;5;1;80;2340;38;3380;0;0;0
315;1;1;5;1;244;3120;115;3380;0;0;0
315;1;1;5;1;221;3120;107;3120;0;0;0
315;1;1;5;1;221;2600;115;4160;0;0;0
315;1;1;5;1;290;3120;125;4160;0;0;0
315;1;1;5;1;290;2340;115;3120;0;0;0
315;1;1;5;1;244;2340;107;4160;0;0;0
315;1;1;5;1;221;3120;125;4160;0;0;0
315;1;1;5;1;221;2340;125;3380;0;0;0
315;1;1;5;1;290;2600;107;3380;0;0;0
316;2;1;2;1;102;3120;47;3380;0;0;0
316;2;1;2;1;95;3120;44;3120;0;0;0
316;1;1;2;1;116;3120;51;4160;0;0;0
316;1;1;2;1;95;2600;47;4160;0;0;0
316;1;1;2;1;116;2340;47;3120;0;0;0
316;1;1;2;1;102;2340;44;4160;0;0;0
316;1;1;2;1;95;3120;51;4160;0;0;0
316;1;1;2;1;95;2340;51;3380;0;0;0
316;1;1;2;1;116;2600;44;3380;0;0;0
317;2;1;4;1;392;3120;284;3380;0;273;130
317;3;1;4;1;353;3120;278;3120;0;273;169
317;3;1;4;1;470;3120;292;4160;0;273;104
317;3;1;4;1;353;2600;284;4160;0;168;104
317;3;1;4;1;470;2340;284;3120;0;210;169
317;3;1;4;1;392;2340;278;4160;0;210;104
317;3;1;4;1;353;3120;292;4160;0;168;130
317;3;1;4;1;353;2340;292;3380;0;210;130
317;3;1;4;1;470;2600;278;3380;0;168;130
318;1;1;5;1;112;3120;40;3120;1;70;30
318;1;1;5;1;91;2340;43;3120;0;91;24
318;1;1;5;1;112;2340;47;3380;1;56;24
318;1;1;5;1;98;2340;47;3380;0;91;39
318;1;1;5;1;98;2600;47;3120;0;56;39
318;1;1;5;1;91;2600;47;3120;1;91;30
318;1;1;5;1;91;3120;43;3380;1;70;24
318;1;1;5;1;91;2600;40;3380;0;70;39
318;1;1;5;1;98;3120;47;4160;1;70;39
319;2;1;5;1;121;3120;66;3380;0;0;0
319;1;1;5;1;111;3120;63;3120;0;0;0
319;1;1;5;1;140;3120;70;4160;0;0;0
319;1;1;5;1;111;2600;66;4160;0;0;0
319;1;1;5;1;140;2340;66;3120;0;0;0
319;2;1;5;1;121;2340;63;4160;0;0;0
319;2;1;5;1;111;3120;70;4160;0;0;0
319;1;1;5;1;111;2340;70;3380;0;0;0
319;1;1;5;1;140;2600;63;3380;0;0;0
320;2;1;3;1;108;3120;36;3120;1;80;50
320;3;1;3;1;87;2340;39;3120;0;104;40
320;1;1;3;1;94;2340;43;3380;0;104;65
320;3;1;3;1;108;2340;43;3380;1;64;40
320;3;1;3;1;94;2600;43;3120;0;64;65
320;3;1;3;1;87;2600;43;3120;1;104;50
320;3;1;3;1;87;3120;39;3380;1;80;40
320;3;1;3;1;87;2600;36;3380;0;80;65
320;3;1;3;1;94;3120;43;4160;1;80;65
321;2;3;2;1;257;2600;117;3120;0;180;40
321;3;3;2;1;257;2600;109;4160;1;234;65
321;3;3;2;1;257;2340;103;4160;0;234;50
321;3;3;2;1;197;2340;103;4160;1;144;65
321;2;3;2;1;217;2600;103;3380;1;234;40
321;1;3;2;1;217;2340;109;3120;1;144;50
321;3;3;2;1;217;3120;103;3120;0;144;40
321;3;3;2;1;257;3120;109;3380;0;144;65
321;1;3;2;1;217;2600;109;4160;0;180;50
322;1;3;5;1;286;3120;157;3380;0;351;95
322;1;3;5;1;258;3120;149;3120;0;351;123
322;1;3;5;1;341;3120;167;4160;0;351;76
322;1;3;5;1;258;2600;157;4160;0;216;76
322;1;3;5;1;341;2340;157;3120;0;270;123
322;1;3;5;1;286;2340;149;4160;0;270;76
322;1;3;5;1;258;3120;167;4160;0;216;95
322;1;3;5;1;258;2340;167;3380;0;270;95
322;1;3;5;1;341;2600;149;3380;0;216;95
323;2;1;3;1;82;3120;27;3380;0;91;55
323;1;1;3;1;75;3120;24;3120;0;91;71
323;1;1;3;1;96;3120;31;4160;0;91;44
323;1;1;3;1;75;2600;27;4160;0;56;44
323;1;1;3;1;96;2340;27;3120;0;70;71
323;2;1;3;1;82;2340;24;4160;0;70;44
323;2;1;3;1;75;3120;31;4160;0;56;55
323;1;1;3;1;75;2340;31;3380;0;70;55
323;1;1;3;1;96;2600;24;3380;0;56;55
324;2;1;1;1;155;3120;100;3380;0;0;0
324;2;1;1;1;141;3120;97;3120;0;0;0
324;2;1;1;1;183;3120;104;4160;0;0;0
324;1;1;1;1;141;2600;100;4160;0;0;0
324;2;1;1;1;183;2340;100;3120;0;0;0
324;2;1;1;1;155;2340;97;4160;0;0;0
324;2;1;1;1;141;3120;104;4160;0;0;0
324;1;1;1;1;141;2340;104;3380;0;0;0
324;2;1;1;1;183;2600;97;3380;0;0;0
325;1;1;1;1;132;2220;77;2405;0;0;0
325;2;1;1;1;125;2220;74;2220;0;0;0
325;1;1;1;1;146;2220;81;2960;0;0;0
325;1;1;1;1;125;1850;77;2960;0;0;0
325;1;1;1;1;146;1665;77;2220;0;0;0
325;1;1;1;1;132;1665;74;2960;0;0;0
325;1;1;1;1;125;2220;81;2960;0;0;0
325;1;1;1;1;125;1665;81;2405;0;0;0
325;1;1;1;1;146;1850;74;2405;0;0;0
326;2;1;1;1;144;2220;89;2405;0;117;50
326;2;1;1;1;132;2220;86;2220;0;117;65
326;1;1;1;1;167;2220;93;2960;0;117;40
326;1;1;1;1;132;1850;89;2960;0;72;40
326;1;1;1;1;167;1665;89;2220;0;90;65
326;1;1;1;1;144;1665;86;2960;0;90;40
326;1;1;1;1;132;2220;93;2960;0;72;50
326;1;1;1;1;132;1665;93;2405;0;90;50
326;1;1;1;1;167;1850;86;2405;0;72;50
327;2;1;1;1;111;2220;41;2220;1;0;0
327;2;1;1;1;90;1665;44;2220;0;0;0
327;2;1;1;1;111;1665;48;2405;1;0;0
327;1;1;1;1;97;1665;48;2405;0;0;0
327;2;1;1;1;97;1850;48;2220;0;0;0
327;1;1;1;1;90;1850;48;2220;1;0;0
327;2;1;1;1;90;2220;44;2405;1;0;0
327;2;1;1;1;90;1850;41;2405;0;0;0
327;1;1;1;1;97;2220;48;2960;1;0;0
328;2;1;1;1;75;2220;56;2405;0;65;25
328;2;1;1;1;70;2220;54;2220;0;65;32
328;1;1;1;1;85;2220;59;2960;0;65;20
328;1;1;1;1;70;1850;56;2960;0;40;20
328;1;1;1;1;85;1665;56;2220;0;50;32
328;3;1;1;1;75;1665;54;2960;0;50;20
328;3;1;1;1;70;2220;59;2960;0;40;25
328;1;1;1;1;70;1665;59;2405;0;50;25
328;1;1;1;1;85;1850;54;2405;0;40;25
329;1;1;1;1;202;1850;126;2220;0;0;0
329;1;1;1;1;202;1850;122;2960;1;0;0
329;1;1;1;1;202;1665;119;2960;0;0;0
329;1;1;1;1;159;1665;119;2960;1;0;0
329;1;1;1;1;173;1850;119;2405;1;0;0
329;1;1;1;1;173;1665;122;2220;1;0;0
329;2;1;1;1;173;2220;119;2220;0;0;0
329;1;1;1;1;202;2220;122;2405;0;0;0
329;1;1;1;1;173;1850;122;2960;0;0;0
330;2;1;2;1;163;2220;82;2220;1;0;0
330;2;1;2;1;129;1665;85;2220;0;0;0
330;2;1;2;1;163;1665;89;2405;1;0;0
330;2;1;2;1;140;1665;89;2405;0;0;0
330;2;1;2;1;140;1850;89;2220;0;0;0
330;2;1;2;1;129;1850;89;2220;1;0;0
330;2;1;2;1;129;2220;85;2405;1;0;0
330;2;1;2;1;129;1850;82;2405;0;0;0
330;2;1;2;1;140;2220;89;2960;1;0;0
331;1;1;5;1;130;1850;62;2220;0;0;0
331;1;1;5;1;130;1850;58;2960;1;0;0
331;1;1;5;1;130;1665;55;2960;0;0;0
331;1;1;5;1;101;1665;55;2960;1;0;0
331;1;1;5;1;111;1850;55;2405;1;0;0
331;1;1;5;1;111;1665;58;2220;1;0;0
331;2;1;5;1;111;2220;55;2220;0;0;0
331;2;1;5;1;130;2220;58;2405;0;0;0
331;1;1;5;1;111;1850;58;2960;0;0;0
332;2;1;1;1;139;2220;86;2405;0;0;0
332;2;1;1;1;126;2220;83;2220;0;0;0
332;1;1;1;1;165;2220;90;2960;0;0;0
332;1;1;1;1;126;1850;86;2960;0;0;0
332;1;1;1;1;165;1665;86;2220;0;0;0
332;1;1;1;1;139;1665;83;2960;0;0;0
332;1;1;1;1;126;2220;90;2960;0;0;0
332;1;1;1;1;126;1665;90;2405;0;0;0
332;1;1;1;1;165;1850;83;2405;0;0;0
333;2;0;1;1;96;2220;43;2405;0;0;0
333;2;0;1;1;88;2220;40;2220;0;0;0
333;2;0;1;1;112;2220;47;2960;0;0;0
333;1;0;1;1;88;1850;43;2960;0;0;0
333;2;0;1;1;112;1665;43;2220;0;0;0
333;1;0;1;1;96;1665;40;2960;0;0;0
333;2;0;1;1;88;2220;47;2960;0;0;0
333;1;0;1;1;88;1665;47;2405;0;0;0
333;2;0;1;1;112;1850;40;2405;0;0;0
334;2;1;1;1;102;2220;49;2405;0;0;0
334;2;1;1;1;95;2220;46;2220;0;0;0
334;1;1;1;1;116;2220;53;2960;0;0;0
334;1;1;1;1;95;1850;49;2960;0;0;0
334;2;1;1;1;116;1665;49;2220;0;0;0
334;1;1;1;1;102;1665;46;2960;0;0;0
334;1;1;1;1;95;2220;53;2960;0;0;0
334;1;1;1;1;95;1665;53;2405;0;0;0
334;2;1;1;1;116;1850;46;2405;0;0;0
335;2;1;1;1;171;1850;93;2220;0;100;32
335;1;1;1;1;171;1850;89;2960;1;130;52
335;1;1;1;1;171;1665;86;2960;0;130;40
335;1;1;1;1;131;1665;86;2960;1;80;52
335;1;1;1;1;144;1850;86;2405;1;130;32
335;2;1;1;1;144;1665;89;2220;1;80;40
335;2;1;1;1;144;2220;86;2220;0;80;32
335;2;1;1;1;171;2220;89;2405;0;80;52
335;1;1;1;1;144;1850;89;2960;0;100;40
336;2;1;1;1;126;1850;87;2220;0;0;0
336;2;1;1;1;126;1850;85;2960;1;0;0
336;1;1;1;1;126;1665;83;2960;0;0;0
336;2;1;1;1;100;1665;83;2960;1;0;0
336;1;1;1;1;109;1850;83;2405;1;0;0
336;1;1;1;1;109;1665;85;2220;1;0;0
336;2;1;1;1;109;2220;83;2220;0;0;0
336;2;1;1;1;126;2220;85;2405;0;0;0
336;1;1;1;1;109;1850;85;2960;0;0;0
337;1;1;1;0;61;209;32;251;0;0;0
337;1;1;1;0;61;188;28;334;0;0;0
337;1;1;1;0;61;209;30;334;1;0;0
337;1;1;1;0;51;188;28;334;1;0;0
337;1;1;1;0;54;209;28;272;1;0;0
337;2;1;1;0;54;188;30;251;1;0;0
337;2;1;1;0;54;251;28;251;0;0;0
337;1;1;1;0;54;209;30;334;0;0;0
337;2;1;1;0;61;251;30;272;0;0;0
338;2;1;1;0;71;116;42;139;0;0;0
338;1;1;1;0;71;104;38;186;0;0;0
338;1;1;1;0;71;116;40;186;1;0;0
338;1;1;1;0;61;104;38;186;1;0;0
338;2;1;1;0;64;116;38;151;1;0;0
338;2;1;1;0;64;104;40;139;1;0;0
338;2;1;1;0;64;139;38;139;0;0;0
338;2;1;1;0;64;116;40;186;0;0;0
338;2;1;1;0;71;139;40;151;0;0;0
339;2;1;5;0;121;259;49;259;1;0;0
339;2;1;5;0;100;194;52;259;0;0;0
339;2;1;5;0;121;194;56;281;1;0;0
339;2;1;5;0;107;194;56;281;0;0;0
339;2;1;5;0;107;216;56;259;0;0;0
339;2;1;5;0;100;216;56;259;1;0;0
339;1;1;5;0;100;259;52;281;1;0;0
339;2;1;5;0;100;216;49;281;0;0;0
339;2;1;5;0;107;259;56;346;1;0;0
340;2;1;1;0;80;65;56;70;0;0;0
340;2;1;1;0;73;65;54;65;0;0;0
340;1;1;1;0;94;65;58;86;0;0;0
340;1;1;1;0;73;54;56;86;0;0;0
340;2;1;1;0;94;49;56;65;0;0;0
340;1;1;1;0;80;49;54;86;0;0;0
340;1;1;1;0;73;65;58;86;0;0;0
340;1;1;1;0;73;49;58;70;0;0;0
340;2;1;1;0;94;54;54;70;0;0;0
341;3;1;4;0;63;53;29;53;1;45;30
341;1;1;4;0;63;40;33;57;1;36;24
341;1;1;4;0;51;40;31;53;0;58;24
341;1;1;4;0;55;40;33;57;0;58;39
341;3;1;4;0;55;44;33;53;0;36;39
341;1;1;4;0;51;44;33;53;1;58;30
341;3;1;4;0;51;53;31;57;1;45;24
341;1;1;4;0;55;53;33;70;1;45;39
341;1;1;4;0;51;44;29;57;0;45;39
342;2;0;3;0;237;106;82;112;1;140;85
342;2;0;3;0;237;79;96;97;1;112;68
342;2;0;3;0;183;79;88;90;0;182;68
342;2;0;3;0;201;79;96;97;0;182;110
342;2;0;3;0;201;88;96;97;0;112;110
342;2;0;3;0;183;106;88;118;1;140;68
342;2;0;3;0;183;88;96;97;1;182;85
342;2;0;3;0;201;106;96;137;1;140;110
342;2;0;3;0;183;88;82;105;0;140;110
343;2;0;5;0;125;64;50;68;1;70;40
343;2;0;5;0;100;48;53;54;0;91;32
343;2;0;5;0;125;48;57;56;1;56;32
343;2;0;5;0;108;48;57;56;0;91;52
343;2;0;5;0;108;53;57;58;0;56;52
343;2;0;5;0;100;53;57;58;1;91;40
343;2;0;5;0;100;64;53;71;1;70;32
343;2;0;5;0;100;53;50;60;0;70;52
343;1;0;5;0;108;64;57;81;1;70;52
344;2;1;2;0;175;55;95;65;1;60;35
344;2;1;2;0;139;41;98;48;0;78;28
344;3;1;2;0;175;41;102;53;1;48;28
344;2;1;2;0;151;41;102;53;0;78;45
344;3;1;2;0;151;46;102;54;0;48;45
344;3;1;2;0;139;46;102;54;1;78;35
344;3;1;2;0;139;55;98;68;1;60;28
344;2;1;2;0;139;46;95;56;0;60;45
344;3;1;2;0;151;55;102;76;1;60;45
345;2;1;2;0;164;82;81;84;1;100;100
345;2;1;2;0;126;61;84;71;0;130;80
345;2;1;2;0;164;61;88;74;1;80;80
345;2;1;2;0;139;61;88;74;0;130;130
345;2;1;2;0;139;68;88;76;0;80;130
345;2;1;2;0;126;68;88;76;1;130;100
345;1;1;2;0;126;82;84;90;1;100;80
345;2;1;2;0;126;68;81;81;0;100;130
345;1;1;2;0;139;82;88;105;1;100;130
346;2;1;2;0;116;65;86;71;1;0;0
346;1;1;2;0;91;49;88;54;0;0;0
346;2;1;2;0;116;49;90;56;1;0;0
346;2;1;2;0;99;49;90;56;0;0;0
346;2;1;2;0;99;54;90;60;0;0;0
346;2;1;2;0;91;54;90;60;1;0;0
346;2;1;2;0;91;65;88;71;1;0;0
346;2;1;2;0;91;54;86;60;0;0;0
346;2;1;2;0;99;65;90;78;1;0;0
347;2;1;3;0;123;72;51;81;1;0;0
347;2;1;3;0;102;54;54;68;0;0;0
347;2;1;3;0;123;54;58;71;1;0;0
347;2;1;3;0;109;54;58;71;0;0;0
347;2;1;3;0;109;60;58;71;0;0;0
347;2;1;3;0;102;60;58;71;1;0;0
347;2;1;3;0;102;72;54;84;1;0;0
347;2;1;3;0;102;60;51;76;0;0;0
347;1;1;3;0;109;72;58;97;1;0;0
348;2;1;3;0;192;89;107;92;1;150;80
348;2;1;3;0;192;67;114;78;1;120;64
348;2;1;3;0;151;67;110;76;0;195;64
348;2;1;3;0;165;67;114;78;0;195;104
348;2;1;3;0;165;74;114;81;0;120;104
348;2;1;3;0;151;89;110;94;1;150;64
348;2;1;3;0;151;74;114;81;1;195;80
348;2;1;3;0;165;89;114;109;1;150;104
348;2;1;3;0;151;74;107;84;0;150;104
349;2;1;4;0;283;99;138;112;0;0;0
349;2;1;4;0;283;99;130;133;1;0;0
349;2;1;4;0;283;89;124;122;0;0;0
349;2;1;4;0;215;89;124;122;1;0;0
349;2;1;4;0;238;99;124;118;1;0;0
349;2;1;4;0;238;89;130;105;1;0;0
349;2;1;4;0;238;119;124;127;0;0;0
349;2;1;4;0;283;119;130;137;0;0;0
349;2;1;4;0;238;99;130;133;0;0;0
350;2;1;4;0;193;106;50;112;1;180;95
350;2;1;4;0;150;79;56;90;0;234;76
350;2;1;4;0;193;79;64;97;1;144;76
350;2;1;4;0;164;79;64;97;0;234;123
350;2;1;4;0;164;88;64;97;0;144;123
350;2;1;4;0;150;88;64;97;1;234;95
350;2;1;4;0;150;106;56;118;1;180;76
350;2;1;4;0;150;88;50;105;0;180;123
350;2;1;4;0;164;106;64;140;1;180;123
351;1;1;5;0;97;97;44;99;0;234;100
351;1;1;5;0;90;81;44;92;0;144;80
351;1;1;5;0;90;97;41;97;0;234;130
351;1;1;5;0;111;97;48;109;0;234;80
351;1;1;5;0;111;73;44;81;0;180;130
351;1;1;5;0;97;73;41;88;0;180;80
351;1;1;5;0;90;97;48;109;0;144;100
351;1;1;5;0;90;73;48;81;0;180;100
351;1;1;5;0;111;81;41;88;0;144;100
352;2;1;2;0;153;82;77;90;0;143;65
352;1;1;2;0;142;82;72;84;0;143;84
352;1;1;2;0;174;82;83;105;0;143;52
352;2;1;2;0;142;68;77;90;0;88;52
352;2;1;2;0;174;61;77;71;0;110;84
352;2;1;2;0;153;61;72;84;0;110;52
352;1;1;2;0;142;82;83;105;0;88;65
352;2;1;2;0;142;61;83;74;0;110;65
352;2;1;2;0;174;68;72;78;0;88;65
353;2;1;3;0;207;131;99;146;0;221;95
353;2;1;3;0;187;131;93;140;0;221;123
353;2;1;3;0;246;131;107;165;0;221;76
353;2;1;3;0;187;109;99;146;0;136;76
353;2;1;3;0;246;98;99;112;0;170;123
353;2;1;3;0;207;98;93;133;0;170;76
353;2;1;3;0;187;131;107;165;0;136;95
353;2;1;3;0;187;98;107;118;0;170;95
353;2;1;3;0;246;109;93;127;0;136;95
354;2;1;3;0;300;118;135;133;0;180;132
354;2;1;3;0;300;118;125;161;1;234;214
354;2;1;3;0;300;106;117;146;0;234;165
354;2;1;3;0;231;106;117;146;1;144;214
354;2;1;3;0;254;118;117;137;1;234;132
354;2;1;3;0;254;106;125;118;1;144;165
354;2;1;3;0;254;142;117;150;0;144;132
354;2;1;3;0;300;142;125;161;0;144;214
354;2;1;3;0;254;118;125;161;0;180;165
355;2;1;5;0;190;97;80;99;1;150;90
355;2;1;5;0;190;73;91;84;1;120;72
355;2;1;5;0;146;73;85;84;0;195;72
355;2;1;5;0;161;73;91;84;0;195;117
355;2;1;5;0;161;81;91;88;0;120;117
355;2;1;5;0;146;81;91;88;1;195;90
355;3;1;5;0;146;97;85;105;1;150;72
355;2;1;5;0;161;97;91;118;1;150;117
355;2;1;5;0;146;81;80;92;0;150;117
356;1;1;5;0;135;65;65;74;0;90;44
356;1;1;5;0;135;58;58;81;0;117;55
356;1;1;5;0;135;65;61;88;1;117;71
356;1;1;5;0;106;58;58;81;1;72;71
356;1;1;5;0;116;65;58;76;1;117;44
356;1;1;5;0;116;78;58;84;0;72;44
356;1;1;5;0;116;58;61;68;1;72;55
356;1;1;5;0;116;65;61;88;0;90;55
356;1;1;5;0;135;78;61;84;0;72;71
357;2;3;1;0;313;127;143;140;0;0;0
357;2;3;1;0;313;127;133;168;1;0;0
357;2;3;1;0;313;114;125;155;0;0;0
357;2;3;1;0;236;114;125;155;1;0;0
357;2;3;1;0;262;127;125;146;1;0;0
357;2;3;1;0;262;114;133;127;1;0;0
357;2;3;1;0;262;152;125;161;0;0;0
357;2;3;1;0;313;152;133;168;0;0;0
357;2;3;1;0;262;127;133;168;0;0;0
358;2;1;2;0;87;26;34;34;0;0;0
358;2;1;2;0;80;26;31;32;0;0;0
358;1;1;2;0;101;26;38;41;0;0;0
358;1;1;2;0;80;22;34;35;0;0;0
358;2;1;2;0;101;20;34;25;0;0;0
358;2;1;2;0;87;20;31;32;0;0;0
358;1;1;2;0;80;26;38;41;0;0;0
358;2;1;2;0;80;20;38;26;0;0;0
358;2;1;2;0;101;22;31;29;0;0;0
359;2;0;2;0;111;74;48;89;0;0;0
359;1;0;2;0;111;67;41;106;0;0;0
359;1;0;2;0;111;74;44;116;1;0;0
359;1;0;2;0;90;67;41;106;1;0;0
359;1;0;2;0;97;74;41;97;1;0;0
359;1;0;2;0;97;67;44;82;1;0;0
359;1;0;2;0;97;89;41;106;0;0;0
359;1;0;2;0;111;89;44;111;0;0;0
359;1;0;2;0;97;74;44;116;0;0;0
360;1;1;3;0;208;176;79;194;0;120;76
360;1;1;3;0;208;176;71;245;1;156;123
360;1;1;3;0;208;158;65;225;0;156;95
360;3;1;3;0;165;158;65;225;1;96;123
360;1;1;3;0;179;176;65;210;1;156;76
360;3;1;3;0;179;158;71;181;1;96;95
360;3;1;3;0;179;211;65;225;0;96;76
360;3;1;3;0;208;211;71;237;0;96;123
360;1;1;3;0;179;176;71;245;0;120;95
361;2;1;3;0;175;163;95;169;1;0;0
361;2;1;3;0;142;122;98;142;0;0;0
361;2;1;3;0;175;122;102;147;1;0;0
361;2;1;3;0;153;122;102;147;0;0;0
361;2;1;3;0;153;136;102;153;0;0;0
361;2;1;3;0;142;136;102;153;1;0;0
361;2;1;3;0;142;163;98;176;1;0;0
361;2;1;3;0;142;136;95;155;0;0;0
361;2;1;3;0;153;163;102;210;1;0;0
362;2;1;3;0;189;211;76;237;0;182;85
362;2;1;3;0;174;211;70;225;0;182;110
362;1;1;3;0;220;211;84;281;0;182;68
362;1;1;3;0;174;176;76;245;0;112;68
362;2;1;3;0;220;158;76;184;0;140;110
362;1;1;3;0;189;158;70;225;0;140;68
362;3;1;3;0;174;211;84;281;0;112;85
362;3;1;3;0;174;158;84;194;0;140;85
362;3;1;3;0;220;176;70;210;0;112;85
363;2;1;4;0;94;102;39;130;0;91;45
363;2;1;4;0;87;102;36;116;0;91;58
363;3;1;4;0;108;102;43;147;0;91;36
363;3;1;4;0;87;85;39;130;0;56;36
363;3;1;4;0;108;76;39;89;0;70;58
363;3;1;4;0;94;76;36;116;0;70;36
363;3;1;4;0;87;102;43;147;0;56;45
363;3;1;4;0;87;76;43;97;0;70;45
363;3;1;4;0;108;85;36;108;0;56;45
364;2;3;2;0;136;163;34;169;1;0;0
364;2;3;2;0;104;122;39;142;0;0;0
364;2;3;2;0;136;122;45;147;1;0;0
364;2;3;2;0;115;122;45;147;0;0;0
364;2;3;2;0;115;136;45;153;0;0;0
364;2;3;2;0;104;136;45;153;1;0;0
364;2;3;2;0;104;163;39;181;1;0;0
364;2;3;2;0;104;136;34;155;0;0;0
364;1;3;2;0;115;163;45;210;1;0;0
365;2;3;4;0;159;184;91;189;1;110;200
365;2;3;4;0;123;138;94;155;0;143;160
365;2;3;4;0;159;138;98;162;1;88;160
365;2;3;4;0;135;138;98;162;0;143;260
365;2;3;4;0;135;153;98;167;0;88;260
365;2;3;4;0;123;153;98;167;1;143;200
365;2;3;4;0;123;184;94;194;1;110;160
365;2;3;4;0;123;153;91;169;0;110;260
365;2;3;4;0;135;184;98;218;1;110;260
366;3;3;4;0;85;119;61;136;0;91;40
366;3;3;4;0;100;119;63;147;0;91;32
366;1;3;4;0;77;119;59;130;0;91;52
366;3;3;4;0;77;99;61;130;0;56;32
366;3;3;4;0;100;89;61;99;0;70;52
366;3;3;4;0;77;119;63;147;0;56;40
366;3;3;4;0;85;89;59;119;0;70;32
366;3;3;4;0;100;99;59;116;0;56;40
366;3;3;4;0;77;89;63;106;0;70;40
367;2;1;4;0;204;100;54;100;1;140;80
367;2;1;4;0;204;75;68;108;1;112;64
367;2;1;4;0;158;75;60;100;0;182;64
367;2;1;4;0;173;75;68;108;0;182;104
367;2;1;4;0;173;83;68;100;0;112;104
367;2;1;4;0;158;100;60;108;1;140;64
367;2;1;4;0;158;83;68;100;1;182;80
367;2;1;4;0;173;100;68;133;1;140;104
367;2;1;4;0;158;83;54;108;0;140;104
368;1;1;5;0;268;83;130;100;0;0;0
368;1;1;5;0;268;83;122;133;1;0;0
368;1;1;5;0;268;75;116;133;0;0;0
368;1;1;5;0;211;75;116;133;1;0;0
368;1;1;5;0;230;83;116;108;1;0;0
368;1;1;5;0;230;75;122;100;1;0;0
368;2;1;5;0;230;100;116;100;0;0;0
368;1;1;5;0;268;100;122;108;0;0;0
368;1;1;5;0;230;83;122;133;0;0;0
369;2;1;5;0;161;100;53;108;0;260;145
369;2;1;5;0;146;100;47;100;0;260;188
369;1;1;5;0;192;100;61;133;0;260;116
369;1;1;5;0;146;83;53;133;0;160;116
369;2;1;5;0;192;75;53;100;0;200;188
369;1;1;5;0;161;75;47;133;0;200;116
369;1;1;5;0;146;100;61;133;0;160;145
369;1;1;5;0;146;75;61;108;0;200;145
369;2;1;5;0;192;83;47;108;0;160;145
370;1;0;5;1;186;5040;131;5460;0;0;0
370;1;0;5;1;169;5040;128;5040;0;0;0
370;1;0;5;1;220;5040;135;6720;0;0;0
370;1;0;5;1;169;4200;131;6720;0;0;0
370;1;0;5;1;220;3780;131;5040;0;0;0
370;1;0;5;1;186;3780;128;6720;0;0;0
370;1;0;5;1;169;5040;135;6720;0;0;0
370;1;0;5;1;169;3780;135;5460;0;0;0
370;1;0;5;1;220;4200;128;5460;0;0;0
371;2;1;4;1;128;5040;56;5040;1;0;0
371;2;1;4;1;107;3780;59;5040;0;0;0
371;2;1;4;1;128;3780;63;5460;1;0;0
371;2;1;4;1;114;3780;63;5460;0;0;0
371;2;1;4;1;114;4200;63;5040;0;0;0
371;2;1;4;1;107;4200;63;5040;1;0;0
371;2;1;4;1;107;5040;59;5460;1;0;0
371;2;1;4;1;107;4200;56;5460;0;0;0
371;2;1;4;1;114;5040;63;6720;1;0;0
372;2;1;4;1;130;4200;67;5040;0;80;56
372;2;1;4;1;130;4200;63;6720;1;104;91
372;2;1;4;1;130;3780;60;6720;0;104;70
372;2;1;4;1;103;3780;60;6720;1;64;91
372;2;1;4;1;112;4200;60;5460;1;104;56
372;2;1;4;1;112;3780;63;5040;1;64;70
372;2;1;4;1;112;5040;60;5040;0;64;56
372;2;1;4;1;130;5040;63;5460;0;64;91
372;2;1;4;1;112;4200;63;6720;0;80;70
373;1;1;5;1;137;5040;63;5040;1;0;0
373;1;1;5;1;110;3780;66;5040;0;0;0
373;1;1;5;1;137;3780;70;5460;1;0;0
373;1;1;5;1;119;3780;70;5460;0;0;0
373;1;1;5;1;119;4200;70;5040;0;0;0
373;1;1;5;1;110;4200;70;5040;1;0;0
373;1;1;5;1;110;5040;66;5460;1;0;0
373;1;1;5;1;110;4200;63;5460;0;0;0
373;1;1;5;1;119;5040;70;6720;1;0;0
374;1;1;5;1;172;5040;117;5460;0;0;0
374;1;1;5;1;165;5040;114;5040;0;0;0
374;1;1;5;1;186;5040;121;6720;0;0;0
374;1;1;5;1;165;4200;117;6720;0;0;0
374;1;1;5;1;186;3780;117;5040;0;0;0
374;1;1;5;1;172;3780;114;6720;0;0;0
374;1;1;5;1;165;5040;121;6720;0;0;0
374;1;1;5;1;165;3780;121;5460;0;0;0
374;1;1;5;1;186;4200;114;5460;0;0;0
375;1;1;4;1;106;5040;33;5040;1;80;55
375;1;1;4;1;83;3780;36;5040;0;104;44
375;1;1;4;1;106;3780;40;5460;1;64;44
375;1;1;4;1;91;3780;40;5460;0;104;71
375;1;1;4;1;91;4200;40;5040;0;64;71
375;1;1;4;1;83;4200;40;5040;1;104;55
375;1;1;4;1;83;5040;36;5460;1;80;44
375;1;1;4;1;83;4200;33;5460;0;80;71
375;1;1;4;1;91;5040;40;6720;1;80;71
376;2;1;4;1;171;5040;89;5040;1;0;0
376;1;1;4;1;135;3780;92;5040;0;0;0
376;1;1;4;1;171;3780;96;5460;1;0;0
376;2;1;4;1;147;3780;96;5460;0;0;0
376;2;1;4;1;147;4200;96;5040;0;0;0
376;2;1;4;1;135;4200;96;5040;1;0;0
376;2;1;4;1;135;5040;92;5460;1;0;0
376;2;1;4;1;135;4200;89;5460;0;0;0
376;2;1;4;1;147;5040;96;6720;1;0;0
377;2;1;4;1;159;4200;86;5040;0;90;48
377;1;1;4;1;159;4200;82;6720;1;117;78
377;1;1;4;1;159;3780;79;6720;0;117;60
377;1;1;4;1;126;3780;79;6720;1;72;78
377;2;1;4;1;137;4200;79;5460;1;117;48
377;1;1;4;1;137;3780;82;5040;1;72;60
377;2;1;4;1;137;5040;79;5040;0;72;48
377;2;1;4;1;159;5040;82;5460;0;72;78
377;1;1;4;1;137;4200;82;6720;0;90;60
378;2;1;4;1;185;5040;72;5460;0;182;90
378;1;1;4;1;221;5040;80;6720;0;182;72
378;2;1;4;1;167;5040;66;5040;0;182;117
378;1;1;4;1;167;4200;72;6720;0;112;72
378;1;1;4;1;221;3780;72;5040;0;140;117
378;1;1;4;1;167;5040;80;6720;0;112;90
378;1;1;4;1;185;3780;66;6720;0;140;72
378;1;1;4;1;221;4200;66;5460;0;112;90
378;1;1;4;1;167;3780;80;5460;0;140;90
379;2;1;3;1;157;5040;107;5460;0;0;0
379;2;1;3;1;142;5040;104;5040;0;0;0
379;1;1;3;1;186;5040;111;6720;0;0;0
379;1;1;3;1;142;4200;107;6720;0;0;0
379;2;1;3;1;186;3780;107;5040;0;0;0
379;1;1;3;1;157;3780;104;6720;0;0;0
379;1;1;3;1;142;5040;111;6720;0;0;0
379;1;1;3;1;142;3780;111;5460;0;0;0
379;2;1;3;1;186;4200;104;5460;0;0;0
380;2;0;2;1;203;5040;53;5040;1;0;0
380;2;0;2;1;157;3780;59;5040;0;0;0
380;2;0;2;1;203;3780;67;5460;1;0;0
380;2;0;2;1;172;3780;67;5460;0;0;0
380;2;0;2;1;172;4200;67;5040;0;0;0
380;2;0;2;1;157;4200;67;5040;1;0;0
380;2;0;2;1;157;5040;59;5460;1;0;0
380;2;0;2;1;157;4200;53;5460;0;0;0
380;2;0;2;1;172;5040;67;6720;1;0;0
381;2;3;2;1;209;4200;131;5040;0;0;0
381;2;3;2;1;209;4200;127;6720;1;0;0
381;1;3;2;1;209;3780;124;6720;0;0;0
381;1;3;2;1;161;3780;124;6720;1;0;0
381;1;3;2;1;177;4200;124;5460;1;0;0
381;1;3;2;1;177;3780;127;5040;1;0;0
381;2;3;2;1;177;5040;124;5040;0;0;0
381;2;3;2;1;209;5040;127;5460;0;0;0
381;1;3;2;1;177;4200;127;6720;0;0;0
382;1;1;5;1;189;5040;76;5460;0;0;0
382;2;1;5;1;174;5040;70;5040;0;0;0
382;2;1;5;1;220;5040;84;6720;0;0;0
382;2;1;5;1;174;4200;76;6720;0;0;0
382;2;1;5;1;220;3780;76;5040;0;0;0
382;2;1;5;1;189;3780;70;6720;0;0;0
382;2;1;5;1;174;5040;84;6720;0;0;0
382;2;1;5;1;174;3780;84;5460;0;0;0
382;2;1;5;1;220;4200;70;5460;0;0;0
383;1;1;5;1;106;3480;34;3480;1;0;0
383;1;1;5;1;92;2610;41;3770;0;0;0
383;1;1;5;1;85;2610;37;3480;0;0;0
383;1;1;5;1;106;2610;41;3770;1;0;0
383;1;1;5;1;92;2900;41;3480;0;0;0
383;1;1;5;1;85;2900;41;3480;1;0;0
383;1;1;5;1;85;3480;37;3770;1;0;0
383;1;1;5;1;85;2900;34;3770;0;0;0
383;1;1;5;1;92;3480;41;4640;1;0;0
384;1;1;5;1;189;3480;104;3480;1;0;0
384;1;1;5;1;148;2610;107;3480;0;0;0
384;1;1;5;1;189;2610;111;3770;1;0;0
384;1;1;5;1;162;2610;111;3770;0;0;0
384;1;1;5;1;162;2900;111;3480;0;0;0
384;1;1;5;1;148;2900;111;3480;1;0;0
384;1;1;5;1;148;3480;107;3770;1;0;0
384;1;1;5;1;148;2900;104;3770;0;0;0
384;1;1;5;1;162;3480;111;4640;1;0;0
385;1;1;5;1;189;3480;76;3770;0;0;0
385;2;1;5;1;174;3480;70;3480;0;0;0
385;1;1;5;1;220;3480;84;4640;0;0;0
385;1;1;5;1;174;2900;76;4640;0;0;0
385;1;1;5;1;220;2610;76;3480;0;0;0
385;1;1;5;1;189;2610;70;4640;0;0;0
385;1;1;5;1;174;3480;84;4640;0;0;0
385;1;1;5;1;174;2610;84;3770;0;0;0
385;1;1;5;1;220;2900;70;3770;0;0;0
386;2;1;5;1;172;3480;59;3770;0;0;0
386;2;1;5;1;157;3480;53;3480;0;0;0
386;1;1;5;1;203;3480;67;4640;0;0;0
386;1;1;5;1;157;2900;59;4640;0;0;0
386;1;1;5;1;203;2610;59;3480;0;0;0
386;1;1;5;1;172;2610;53;4640;0;0;0
386;1;1;5;1;157;3480;67;4640;0;0;0
386;1;1;5;1;157;2610;67;3770;0;0;0
386;1;1;5;1;203;2900;53;3770;0;0;0
387;1;1;5;1;108;2900;70;3480;0;80;36
387;1;1;5;1;108;2610;66;4640;0;104;45
387;1;1;5;1;108;2900;68;4640;1;104;58
387;1;1;5;1;84;2610;66;4640;1;64;58
387;1;1;5;1;92;2900;66;3770;1;104;36
387;1;1;5;1;92;3480;66;3480;0;64;36
387;1;1;5;1;92;2610;68;3480;1;64;45
387;1;1;5;1;92;2900;68;4640;0;80;45
387;1;1;5;1;108;3480;68;3770;0;64;58
388;2;1;5;1;61;3480;37;3770;0;0;0
388;1;1;5;1;68;3480;39;4640;0;0;0
388;1;1;5;1;58;3480;35;3480;0;0;0
388;1;1;5;1;58;2900;37;4640;0;0;0
388;1;1;5;1;68;2610;37;3480;0;0;0
388;1;1;5;1;58;3480;39;4640;0;0;0
388;1;1;5;1;61;2610;35;4640;0;0;0
388;1;1;5;1;68;2900;35;3770;0;0;0
388;1;1;5;1;58;2610;39;3770;0;0;0
389;3;1;5;1;112;3480;88;3770;0;182;400
389;1;1;5;1;128;3480;90;4640;0;182;320
389;2;1;5;1;104;3480;86;3480;0;182;520
389;1;1;5;1;104;2900;88;4640;0;112;320
389;2;1;5;1;128;2610;88;3480;0;140;520
389;1;1;5;1;104;3480;90;4640;0;112;400
389;2;1;5;1;112;2610;86;4640;0;140;320
389;1;1;5;1;128;2900;86;3770;0;112;400
389;1;1;5;1;104;2610;90;3770;0;140;400
390;2;1;5;1;65;3480;32;3480;1;40;60
390;2;1;5;1;65;2610;36;3770;1;32;48
390;2;1;5;1;55;2610;34;3480;0;52;48
390;2;1;5;1;58;2610;36;3770;0;52;78
390;1;1;5;1;58;2900;36;3480;0;32;78
390;1;1;5;1;55;2900;36;3480;1;52;60
390;1;1;5;1;55;3480;34;3770;1;40;48
390;1;1;5;1;58;3480;36;4640;1;40;78
390;1;1;5;1;55;2900;32;3770;0;40;78
391;3;0;4;0;169;196;119;196;1;90;50
391;3;0;4;0;169;147;123;212;1;72;40
391;3;0;4;0;133;147;121;196;0;117;40
391;3;0;4;0;145;147;123;212;0;117;65
391;3;0;4;0;145;163;123;196;0;72;65
391;3;0;4;0;133;196;121;212;1;90;40
391;3;0;4;0;133;163;123;196;1;117;50
391;3;0;4;0;145;196;123;261;1;90;65
391;3;0;4;0;133;163;119;212;0;90;65
392;1;1;3;1;111;1429;48;1715;0;70;32
392;1;1;3;1;111;1429;44;2286;1;91;52
392;1;1;3;1;111;1286;41;2286;0;91;40
392;1;1;3;1;90;1286;41;2286;1;56;52
392;1;1;3;1;97;1429;41;1858;1;91;32
392;1;1;3;1;97;1286;44;1715;1;56;40
392;1;1;3;1;97;1715;41;1715;0;56;32
392;1;1;3;1;111;1715;44;1858;0;56;52
392;1;1;3;1;97;1429;44;2286;0;70;40
393;2;1;3;0;64;245;31;245;1;60;70
393;1;1;3;0;64;184;35;265;1;48;56
393;1;1;3;0;54;184;33;245;0;78;56
393;2;1;3;0;57;184;35;265;0;78;91
393;2;1;3;0;57;204;35;245;0;48;91
393;2;1;3;0;54;245;33;265;1;60;56
393;2;1;3;0;54;204;35;245;1;78;70
393;1;1;3;0;57;245;35;326;1;60;91
393;2;1;3;0;54;204;31;265;0;60;91
394;2;1;2;0;217;576;104;624;0;234;150
394;2;1;2;0;197;576;98;576;0;234;195
394;2;1;2;0;257;576;112;768;0;234;120
394;1;1;2;0;197;480;104;768;0;144;120
394;1;1;2;0;257;432;104;576;0;180;195
394;1;1;2;0;217;432;98;768;0;180;120
394;2;1;2;0;197;576;112;768;0;144;150
394;1;1;2;0;197;432;112;624;0;180;150
394;2;1;2;0;257;480;98;624;0;144;150
395;2;1;4;0;152;266;99;289;0;0;0
395;2;1;4;0;145;266;96;266;0;0;0
395;2;1;4;0;166;266;103;355;0;0;0
395;2;1;4;0;145;222;99;355;0;0;0
395;2;1;4;0;166;200;99;266;0;0;0
395;1;1;4;0;152;200;96;355;0;0;0
395;2;1;4;0;145;266;103;355;0;0;0
395;2;1;4;0;145;200;103;289;0;0;0
395;2;1;4;0;166;222;96;289;0;0;0
396;2;1;3;0;127;70;51;75;0;156;80
396;2;1;3;0;116;70;46;70;0;156;104
396;2;1;3;0;148;70;57;93;0;156;64
396;2;1;3;0;116;58;51;93;0;96;64
396;2;1;3;0;148;52;51;70;0;120;104
396;3;1;3;0;127;52;46;93;0;120;64
396;2;1;3;0;116;70;57;93;0;96;80
396;2;1;3;0;116;52;57;75;0;120;80
396;2;1;3;0;148;58;46;75;0;96;80
397;1;1;5;0;146;31;93;38;0;0;0
397;1;1;5;0;132;31;90;36;0;0;0
397;1;1;5;0;173;31;97;43;0;0;0
397;1;1;5;0;132;26;93;38;0;0;0
397;1;1;5;0;173;23;93;28;0;0;0
397;1;1;5;0;146;23;90;35;0;0;0
397;1;1;5;0;132;31;97;43;0;0;0
397;1;1;5;0;132;23;97;29;0;0;0
397;1;1;5;0;173;26;90;32;0;0;0
398;1;1;1;0;164;22;87;24;0;0;0
398;2;1;1;0;164;22;83;28;1;0;0
398;2;1;1;0;164;20;80;26;0;0;0
398;1;1;1;0;125;20;80;26;1;0;0
398;2;1;1;0;138;22;80;25;1;0;0
398;2;1;1;0;138;20;83;23;1;0;0
398;2;1;1;0;138;26;80;28;0;0;0
398;1;1;1;0;164;26;83;28;0;0;0
398;2;1;1;0;138;22;83;28;0;0;0
399;2;1;5;1;157;2220;76;2220;1;0;0
399;1;1;5;1;123;1665;79;2220;0;0;0
399;1;1;5;1;157;1665;83;2405;1;0;0
399;1;1;5;1;134;1665;83;2405;0;0;0
399;1;1;5;1;134;1850;83;2220;0;0;0
399;1;1;5;1;123;1850;83;2220;1;0;0
399;2;1;5;1;123;2220;79;2405;1;0;0
399;1;1;5;1;123;1850;76;2405;0;0;0
399;1;1;5;1;134;2220;83;2960;1;0;0
400;2;1;4;0;106;46;51;50;0;117;45
400;2;1;4;0;124;46;55;57;0;117;36
400;2;1;4;0;97;46;48;48;0;117;58
400;2;1;4;0;97;38;51;50;0;72;36
400;2;1;4;0;124;34;51;40;0;90;58
400;2;1;4;0;106;34;48;48;0;90;36
400;2;1;4;0;97;46;55;57;0;72;45
400;2;1;4;0;97;34;55;42;0;90;45
400;2;1;4;0;124;38;48;45;0;72;45
401;2;1;3;0;111;42;39;46;1;60;50
401;2;1;3;0;90;31;42;38;0;78;40
401;2;1;3;0;111;31;46;40;1;48;40
401;2;1;3;0;97;31;46;40;0;78;65
401;2;1;3;0;97;35;46;42;0;48;65
401;2;1;3;0;90;35;46;42;1;78;50
401;2;1;3;0;90;42;42;49;1;60;40
401;2;1;3;0;90;35;39;43;0;60;65
401;1;1;3;0;97;42;46;56;1;60;65
402;2;3;2;0;123;29;53;30;1;0;0
402;2;3;2;0;96;22;56;25;0;0;0
402;2;3;2;0;123;22;60;26;1;0;0
402;2;3;2;0;105;22;60;26;0;0;0
402;2;3;2;0;105;24;60;27;0;0;0
402;2;3;2;0;96;24;60;27;1;0;0
402;2;3;2;0;96;29;56;31;1;0;0
402;2;3;2;0;96;24;53;28;0;0;0
402;1;3;2;0;105;29;60;35;1;0;0
403;2;1;2;0;220;60;67;60;1;150;85
403;2;1;2;0;220;45;81;65;1;120;68
403;2;1;2;0;169;45;73;60;0;195;68
403;2;1;2;0;186;45;81;65;0;195;110
403;2;1;2;0;186;50;81;60;0;120;110
403;2;1;2;0;169;60;73;65;1;150;68
403;2;1;2;0;169;50;81;60;1;195;85
403;2;1;2;0;186;60;81;80;1;150;110
403;2;1;2;0;169;50;67;65;0;150;110
404;2;1;4;0;226;60;118;65;0;221;95
404;2;1;4;0;205;60;112;60;0;221;123
404;2;1;4;0;268;60;126;80;0;221;76
404;2;1;4;0;205;50;118;80;0;136;76
404;2;1;4;0;268;45;118;60;0;170;123
404;2;1;4;0;226;45;112;80;0;170;76
404;2;1;4;0;205;60;126;80;0;136;95
404;2;1;4;0;205;45;126;65;0;170;95
404;2;1;4;0;268;50;112;65;0;136;95
405;2;1;3;1;161;3120;79;3120;1;100;60
405;2;1;3;1;161;2340;86;3380;1;80;48
405;2;1;3;1;125;2340;82;3120;0;130;48
405;2;1;3;1;137;2340;86;3380;0;130;78
405;2;1;3;1;137;2600;86;3120;0;80;78
405;2;1;3;1;125;2600;86;3120;1;130;60
405;2;1;3;1;125;3120;82;3380;1;100;48
405;2;1;3;1;125;2600;79;3380;0;100;78
405;2;1;3;1;137;3120;86;4160;1;100;78
406;2;1;3;1;127;3120;51;3120;1;80;50
406;2;1;3;1;100;2340;54;3120;0;104;40
406;2;1;3;1;127;2340;58;3380;1;64;40
406;2;1;3;1;109;2340;58;3380;0;104;65
406;2;1;3;1;109;2600;58;3120;0;64;65
406;2;1;3;1;100;2600;58;3120;1;104;50
406;2;1;3;1;100;3120;54;3380;1;80;40
406;2;1;3;1;100;2600;51;3380;0;80;65
406;2;1;3;1;109;3120;58;4160;1;80;65
407;2;1;4;1;174;3120;61;3380;0;182;90
407;2;1;4;1;159;3120;55;3120;0;182;117
407;1;1;4;1;205;3120;69;4160;0;182;72
407;1;1;4;1;159;2600;61;4160;0;112;72
407;1;1;4;1;205;2340;61;3120;0;140;117
407;1;1;4;1;174;2340;55;4160;0;140;72
407;1;1;4;1;159;3120;69;4160;0;112;90
407;1;1;4;1;159;2340;69;3380;0;140;90
407;2;1;4;1;205;2600;55;3380;0;112;90
408;2;1;2;1;145;2600;73;3120;0;90;48
408;2;1;2;1;145;2600;69;4160;1;117;78
408;2;1;2;1;145;2340;66;4160;0;117;60
408;2;1;2;1;114;2340;66;4160;1;72;78
408;2;1;2;1;124;2600;66;3380;1;117;48
408;2;1;2;1;124;2340;69;3120;1;72;60
408;2;1;2;1;124;3120;66;3120;0;72;48
408;2;1;2;1;145;3120;69;3380;0;72;78
408;2;1;2;1;124;2600;69;4160;0;90;60
409;2;1;3;1;131;2600;61;3120;0;90;40
409;1;1;3;1;131;2340;54;4160;0;117;50
409;1;1;3;1;131;2600;57;4160;1;117;65
409;1;1;3;1;102;2340;54;4160;1;72;65
409;2;1;3;1;112;2600;54;3380;1;117;40
409;2;1;3;1;112;3120;54;3120;0;72;40
409;2;1;3;1;112;2340;57;3120;1;72;50
409;2;1;3;1;131;3120;57;3380;0;72;65
409;1;1;3;1;112;2600;57;4160;0;90;50
410;1;1;3;0;99;60;34;71;0;90;48
410;2;1;3;0;99;60;30;84;1;117;78
410;1;1;3;0;99;54;27;78;0;117;60
410;1;1;3;0;78;54;27;78;1;72;78
410;1;1;3;0;85;60;27;74;1;117;48
410;1;1;3;0;85;54;30;65;1;72;60
410;1;1;3;0;85;72;27;78;0;72;48
410;1;1;3;0;99;72;30;84;0;72;78
410;1;1;3;0;85;60;30;84;0;90;60
411;2;1;4;0;179;101;66;118;0;182;90
411;2;1;4;0;164;101;60;109;0;182;117
411;2;1;4;0;210;101;74;137;0;182;72
411;2;1;4;0;164;84;66;118;0;112;72
411;2;1;4;0;210;76;66;90;0;140;117
411;2;1;4;0;179;76;60;109;0;140;72
411;2;1;4;0;164;101;74;137;0;112;90
411;2;1;4;0;164;76;74;94;0;140;90
411;2;1;4;0;210;84;60;105;0;112;90
412;2;1;2;1;97;5040;44;5460;0;91;35
412;2;1;2;1;90;5040;41;5040;0;91;45
412;2;1;2;1;111;5040;48;6720;0;91;28
412;2;1;2;1;90;4200;44;6720;0;56;28
412;2;1;2;1;111;3780;44;5040;0;70;45
412;2;1;2;1;97;3780;41;6720;0;70;28
412;2;1;2;1;90;5040;48;6720;0;56;35
412;2;1;2;1;90;3780;48;5460;0;70;35
412;2;1;2;1;111;4200;41;5460;0;56;35
413;2;1;3;1;241;5040;95;5040;1;150;95
413;2;1;3;1;188;3780;101;5040;0;195;76
413;2;1;3;1;241;3780;109;5460;1;120;76
413;2;1;3;1;206;3780;109;5460;0;195;123
413;2;1;3;1;206;4200;109;5040;0;120;123
413;2;1;3;1;188;4200;109;5040;1;195;95
413;2;1;3;1;188;5040;101;5460;1;150;76
413;2;1;3;1;188;4200;95;5460;0;150;123
413;2;1;3;1;206;5040;109;6720;1;150;123
414;2;1;4;1;106;4200;41;5040;0;90;140
414;2;1;4;1;106;4200;37;6720;1;117;227
414;1;1;4;1;106;3780;34;6720;0;117;175
414;1;1;4;1;85;3780;34;6720;1;72;227
414;2;1;4;1;92;4200;34;5460;1;117;140
414;2;1;4;1;92;3780;37;5040;1;72;175
414;2;1;4;1;92;5040;34;5040;0;72;140
414;2;1;4;1;106;5040;37;5460;0;72;227
414;1;1;4;1;92;4200;37;6720;0;90;175
415;2;1;4;0;116;498;44;498;1;80;120
415;2;1;4;0;95;373;47;498;0;104;96
415;1;1;4;0;116;373;51;539;1;64;96
415;1;1;4;0;102;373;51;539;0;104;156
415;2;1;4;0;102;415;51;498;0;64;156
415;2;1;4;0;95;415;51;498;1;104;120
415;2;1;4;0;95;498;47;539;1;80;96
415;2;1;4;0;95;415;44;539;0;80;156
415;2;1;4;0;102;498;51;664;1;80;156
416;1;0;3;0;125;46;101;48;0;156;75
416;1;0;3;0;143;46;103;50;0;156;60
416;1;0;3;0;116;46;99;46;0;156;97
416;1;0;3;0;116;38;101;45;0;96;60
416;1;0;3;0;143;34;101;38;0;120;97
416;1;0;3;0;116;46;103;50;0;96;75
416;1;0;3;0;125;34;99;42;0;120;60
416;1;0;3;0;143;38;99;42;0;96;75
416;1;0;3;0;116;34;103;40;0;120;75
417;2;0;4;0;168;29;96;32;0;110;32
417;2;0;4;0;168;29;92;40;1;143;52
417;2;0;4;0;168;26;89;38;0;143;40
417;2;0;4;0;134;26;89;38;1;88;52
417;2;0;4;0;145;29;89;35;1;143;32
417;2;0;4;0;145;26;92;29;1;88;40
417;2;0;4;0;145;35;89;38;0;88;32
417;2;0;4;0;168;35;92;40;0;88;52
417;2;0;4;0;145;29;92;40;0;110;40
418;2;0;2;0;78;11;49;12;0;85;12
418;2;0;2;0;78;10;45;15;0;110;15
418;2;0;2;0;78;11;47;16;1;110;19
418;2;0;2;0;68;10;45;15;1;68;19
418;2;0;2;0;71;11;45;14;1;110;12
418;2;0;2;0;71;10;47;12;1;68;15
418;2;0;2;0;71;13;45;15;0;68;12
418;2;0;2;0;71;11;47;16;0;85;15
418;2;0;2;0;78;13;47;16;0;68;19
419;2;1;3;0;87;16;51;18;1;70;15
419;2;1;3;0;87;12;55;15;1;56;12
419;2;1;3;0;72;12;53;14;0;91;12
419;2;1;3;0;77;12;55;15;0;91;19
419;3;1;3;0;77;13;55;16;0;56;19
419;3;1;3;0;72;16;53;19;1;70;12
419;2;1;3;0;72;13;55;16;1;91;15
419;3;1;3;0;77;16;55;23;1;70;19
419;2;1;3;0;72;13;51;16;0;70;19
420;3;1;1;0;143;49;63;51;1;90;25
420;2;1;1;0;110;37;66;42;0;117;20
420;3;1;1;0;143;37;70;44;1;72;20
420;2;1;1;0;121;37;70;44;0;117;32
420;2;1;1;0;121;41;70;46;0;72;32
420;2;1;1;0;110;41;70;46;1;117;25
420;2;1;1;0;110;49;66;53;1;90;20
420;2;1;1;0;110;41;63;47;0;90;32
420;3;1;1;0;121;49;70;60;1;90;32
421;1;1;3;1;132;5040;77;5460;0;117;50
421;2;1;3;1;121;5040;74;5040;0;117;65
421;3;1;3;1;153;5040;81;6720;0;117;40
421;3;1;3;1;121;4200;77;6720;0;72;40
421;1;1;3;1;153;3780;77;5040;0;90;65
421;3;1;3;1;132;3780;74;6720;0;90;40
421;1;1;3;1;121;5040;81;6720;0;72;50
421;1;1;3;1;121;3780;81;5460;0;90;50
421;3;1;3;1;153;4200;74;5460;0;72;50
422;2;1;3;1;96;4200;31;5040;0;70;112
422;2;1;3;1;96;4200;27;6720;1;91;182
422;2;1;3;1;96;3780;24;6720;0;91;140
422;2;1;3;1;75;3780;24;6720;1;56;182
422;2;1;3;1;82;4200;24;5460;1;91;112
422;2;1;3;1;82;3780;27;5040;1;56;140
422;2;1;3;1;82;5040;24;5040;0;56;112
422;2;1;3;1;96;5040;27;5460;0;56;182
422;2;1;3;1;82;4200;27;6720;0;70;140
423;2;0;2;0;258;77;129;88;0;0;0
423;2;0;2;0;235;77;121;82;0;0;0
423;2;0;2;0;305;77;139;105;0;0;0
423;2;0;2;0;235;64;129;88;0;0;0
423;2;0;2;0;305;58;129;66;0;0;0
423;2;0;2;0;258;58;121;82;0;0;0
423;2;0;2;0;235;77;139;105;0;0;0
423;2;0;2;0;235;58;139;72;0;0;0
423;2;0;2;0;305;64;121;78;0;0;0
424;2;0;4;0;110;43;35;48;1;80;45
424;2;0;4;0;85;32;38;38;0;104;36
424;2;0;4;0;110;32;42;42;1;64;36
424;2;0;4;0;93;32;42;42;0;104;58
424;2;0;4;0;93;36;42;42;0;64;58
424;2;0;4;0;85;36;42;42;1;104;45
424;2;0;4;0;85;43;38;50;1;80;36
424;2;0;4;0;85;36;35;45;0;80;58
424;2;0;4;0;93;43;42;57;1;80;58
425;2;1;1;0;190;66;119;72;0;180;68
425;2;1;1;0;190;66;115;80;1;234;110
425;2;1;1;0;190;59;112;72;0;234;85
425;1;1;1;0;160;59;112;72;1;144;110
425;1;1;1;0;170;66;112;74;1;234;68
425;1;1;1;0;170;59;115;66;1;144;85
425;2;1;1;0;170;79;112;82;0;144;68
425;2;1;1;0;190;79;115;86;0;144;110
425;1;1;1;0;170;66;115;80;0;180;85
426;2;1;1;0;134;40;63;45;0;90;48
426;2;1;1;0;134;36;56;49;0;117;60
426;2;1;1;0;134;40;59;53;1;117;78
426;2;1;1;0;104;36;56;49;1;72;78
426;2;1;1;0;114;40;56;46;1;117;48
426;2;1;1;0;114;36;59;42;1;72;60
426;2;1;1;0;114;48;56;50;0;72;48
426;2;1;1;0;134;48;59;53;0;72;78
426;2;1;1;0;114;40;59;53;0;90;60
427;2;3;1;0;178;38;140;42;0;0;0
427;1;3;1;0;178;34;136;42;0;0;0
427;2;3;1;0;178;38;138;45;1;0;0
427;1;3;1;0;154;34;136;42;1;0;0
427;1;3;1;0;162;38;136;42;1;0;0
427;2;3;1;0;162;46;136;46;0;0;0
427;2;3;1;0;162;34;138;38;1;0;0
427;1;3;1;0;162;38;138;45;0;0;0
427;2;3;1;0;178;46;138;48;0;0;0
428;2;1;4;0;151;48;49;50;1;110;80
428;2;1;4;0;119;36;54;42;0;143;64
428;2;1;4;0;151;36;60;43;1;88;64
428;2;1;4;0;130;36;60;43;0;143;104
428;2;1;4;0;130;40;60;45;0;88;104
428;2;1;4;0;119;40;60;45;1;143;80
428;2;1;4;0;119;48;54;53;1;110;64
428;2;1;4;0;119;40;49;46;0;110;104
428;2;1;4;0;130;48;60;62;1;110;104
429;2;1;2;0;151;100;71;103;1;90;60
429;2;1;2;0;118;75;74;86;0;117;48
429;2;1;2;0;151;75;78;90;1;72;48
429;2;1;2;0;129;75;78;90;0;117;78
429;2;1;2;0;129;83;78;91;0;72;78
429;2;1;2;0;118;83;78;91;1;117;60
429;2;1;2;0;118;100;74;108;1;90;48
429;2;1;2;0;118;83;71;95;0;90;78
429;2;1;2;0;129;100;78;123;1;90;78
430;2;0;3;0;126;68;98;71;0;100;120
430;2;0;3;0;126;68;96;83;1;130;195
430;2;0;3;0;126;61;94;76;0;130;150
430;3;0;3;0;97;61;94;76;1;80;195
430;1;0;3;0;107;68;94;76;1;130;120
430;2;0;3;0;107;61;96;65;1;80;150
430;3;0;3;0;107;82;94;83;0;80;120
430;3;0;3;0;126;82;96;86;0;80;195
430;3;0;3;0;107;68;96;83;0;100;150
431;2;1;2;1;146;3120;71;3120;1;90;40
431;2;1;2;1;146;2340;78;3380;1;72;32
431;2;1;2;1;117;2340;74;3120;0;117;32
431;2;1;2;1;127;2340;78;3380;0;117;52
431;2;1;2;1;127;2600;78;3120;0;72;52
431;2;1;2;1;117;3120;74;3380;1;90;32
431;2;1;2;1;117;2600;78;3120;1;117;40
431;2;1;2;1;127;3120;78;4160;1;90;52
431;2;1;2;1;117;2600;71;3380;0;90;52
432;2;1;1;1;126;3120;56;3120;1;60;35
432;1;1;1;1;105;2340;59;3120;0;78;28
432;1;1;1;1;126;2340;63;3380;1;48;28
432;1;1;1;1;112;2340;63;3380;0;78;45
432;1;1;1;1;112;2600;63;3120;0;48;45
432;1;1;1;1;105;2600;63;3120;1;78;35
432;2;1;1;1;105;3120;59;3380;1;60;28
432;1;1;1;1;105;2600;56;3380;0;60;45
432;1;1;1;1;112;3120;63;4160;1;60;45
433;2;1;1;1;152;2220;72;2220;1;0;0
433;1;1;1;1;119;1665;75;2220;0;0;0
433;1;1;1;1;152;1665;79;2405;1;0;0
433;1;1;1;1;130;1665;79;2405;0;0;0
433;1;1;1;1;130;1850;79;2220;0;0;0
433;1;1;1;1;119;1850;79;2220;1;0;0
433;1;1;1;1;119;2220;75;2405;1;0;0
433;1;1;1;1;119;1850;72;2405;0;0;0
433;1;1;1;1;130;2220;79;2960;1;0;0
434;2;1;2;1;143;2220;88;2405;0;0;0
434;2;1;2;1;133;2220;85;2220;0;0;0
434;1;1;2;1;163;2220;92;2960;0;0;0
434;1;1;2;1;133;1850;88;2960;0;0;0
434;1;1;2;1;163;1665;88;2220;0;0;0
434;1;1;2;1;143;1665;85;2960;0;0;0
434;2;1;2;1;133;2220;92;2960;0;0;0
434;1;1;2;1;133;1665;92;2405;0;0;0
434;2;1;2;1;163;1850;85;2405;0;0;0
435;1;3;1;1;170;1850;97;2220;0;0;0
435;1;3;1;1;170;1850;93;2960;1;0;0
435;1;3;1;1;170;1665;90;2960;0;0;0
435;1;3;1;1;137;1665;90;2960;1;0;0
435;1;3;1;1;148;1850;90;2405;1;0;0
435;1;3;1;1;148;1665;93;2220;1;0;0
435;2;3;1;1;148;2220;90;2220;0;0;0
435;1;3;1;1;170;2220;93;2405;0;0;0
435;1;3;1;1;148;1850;93;2960;0;0;0
436;2;0;2;0;331;133;160;146;0;280;160
436;2;0;2;0;331;133;150;174;1;364;260
436;2;0;2;0;331;120;142;161;0;364;200
436;2;0;2;0;253;120;142;161;1;224;260
436;2;0;2;0;279;133;142;150;1;364;160
436;2;0;2;0;279;120;150;137;1;224;200
436;2;0;2;0;279;160;142;168;0;224;160
436;2;0;2;0;331;160;150;178;0;224;260
436;2;0;2;0;279;133;150;174;0;280;200
437;1;3;3;0;267;262;91;281;1;200;100
437;2;3;3;0;206;196;99;225;0;260;80
437;3;3;3;0;267;196;109;245;1;160;80
437;2;3;3;0;226;196;109;245;0;260;130
437;3;3;3;0;226;218;109;245;0;160;130
437;2;3;3;0;206;218;109;245;1;260;100
437;3;3;3;0;206;262;99;301;1;200;80
437;2;3;3;0;206;218;91;266;0;200;130
437;3;3;3;0;226;262;109;357;1;200;130
438;2;3;2;0;84;36;65;39;0;0;0
438;2;3;2;0;76;36;63;36;0;0;0
438;1;3;2;0;99;36;68;48;0;0;0
438;1;3;2;0;76;30;65;48;0;0;0
438;2;3;2;0;99;27;65;36;0;0;0
438;1;3;2;0;84;27;63;48;0;0;0
438;2;3;2;0;76;36;68;48;0;0;0
438;1;3;2;0;76;27;68;39;0;0;0
438;2;3;2;0;99;30;63;39;0;0;0
439;2;1;3;0;121;130;52;147;0;90;44
439;1;1;3;0;121;130;48;176;1;117;71
439;1;1;3;0;121;117;45;162;0;117;55
439;1;1;3;0;94;117;45;162;1;72;71
439;2;1;3;0;103;130;45;153;1;117;44
439;2;1;3;0;103;117;48;136;1;72;55
439;2;1;3;0;103;156;45;162;0;72;44
439;2;1;3;0;121;156;48;169;0;72;71
439;1;1;3;0;103;130;48;176;0;90;55
440;2;1;2;0;110;18;71;20;0;90;16
440;2;1;2;0;110;16;67;21;0;117;20
440;2;1;2;0;110;18;69;23;1;117;26
440;2;1;2;0;85;16;67;21;1;72;26
440;2;1;2;0;93;18;67;20;1;117;16
440;2;1;2;0;93;22;67;23;0;72;16
440;2;1;2;0;93;16;69;18;1;72;20
440;2;1;2;0;93;18;69;23;0;90;20
440;2;1;2;0;110;22;69;24;0;72;26
441;2;1;1;0;115;6;62;6;0;0;0
441;2;1;1;0;105;6;59;6;0;0;0
441;2;1;1;0;134;6;66;8;0;0;0
441;2;1;1;0;105;5;62;8;0;0;0
441;2;1;1;0;134;4;62;6;0;0;0
441;2;1;1;0;115;4;59;8;0;0;0
441;2;1;1;0;105;6;66;8;0;0;0
441;2;1;1;0;105;4;66;6;0;0;0
441;1;1;1;0;134;5;59;6;0;0;0
442;2;0;4;0;103;30;31;34;0;70;40
442;2;0;4;0;82;22;34;26;0;91;32
442;3;0;4;0;103;22;38;28;0;56;32
442;2;0;4;0;89;22;38;28;0;91;52
442;2;0;4;0;89;25;38;29;0;56;52
442;2;0;4;0;82;25;38;29;0;91;40
442;2;0;4;0;82;30;34;38;0;70;32
442;2;0;4;0;82;25;31;32;0;70;52
442;2;0;4;0;89;30;38;43;0;70;52
443;2;0;2;0;271;79;104;94;0;299;145
443;2;0;2;0;245;79;95;88;0;299;188
443;2;0;2;0;323;79;116;110;0;299;116
443;3;0;2;0;245;66;104;94;0;184;116
443;2;0;2;0;323;59;104;72;0;230;188
443;2;0;2;0;271;59;95;86;0;230;116
443;3;0;2;0;245;79;116;110;0;184;145
443;2;0;2;0;245;59;116;74;0;230;145
443;3;0;2;0;323;66;95;80;0;184;145
444;2;0;2;0;126;31;47;38;0;70;45
444;2;0;2;0;94;23;50;28;0;91;36
444;2;0;2;0;126;23;54;31;0;56;36
444;2;0;2;0;105;23;54;31;0;91;58
444;2;0;2;0;105;26;54;32;0;56;58
444;2;0;2;0;94;26;54;32;0;91;45
444;2;0;2;0;94;31;50;40;0;70;36
444;2;0;2;0;94;26;47;34;0;70;58
444;2;0;2;0;105;31;54;45;0;70;58
445;2;0;3;0;54;19;30;25;0;65;30
445;2;0;3;0;51;19;28;22;0;65;39
445;1;0;3;0;61;19;32;31;0;65;24
445;1;0;3;0;51;16;30;26;0;40;24
445;2;0;3;0;61;14;30;18;0;50;39
445;2;0;3;0;54;14;28;22;0;50;24
445;1;0;3;0;51;19;32;31;0;40;30
445;1;0;3;0;51;14;32;19;0;50;30
445;2;0;3;0;61;16;28;21;0;40;30
446;2;0;3;0;110;31;55;40;0;91;40
446;2;0;3;0;99;31;52;36;0;91;52
446;3;0;3;0;132;31;59;45;0;91;32
446;3;0;3;0;99;26;55;40;0;56;32
446;2;0;3;0;132;23;55;28;0;70;52
446;2;0;3;0;110;23;52;36;0;70;32
446;2;0;3;0;99;31;59;45;0;56;40
446;2;0;3;0;99;23;59;29;0;70;40
446;2;0;3;0;132;26;52;32;0;56;40
447;2;0;4;0;104;31;49;40;0;104;40
447;2;0;4;0;97;31;46;36;0;104;52
447;2;0;4;0;118;31;53;45;0;104;32
447;2;0;4;0;97;26;49;40;0;64;32
447;2;0;4;0;118;23;49;28;0;80;52
447;2;0;4;0;104;23;46;36;0;80;32
447;2;0;4;0;97;31;53;45;0;64;40
447;2;0;4;0;97;23;53;29;0;80;40
447;2;0;4;0;118;26;46;32;0;64;40
448;3;1;2;0;138;35;66;38;0;100;48
448;2;1;2;0;138;35;62;45;0;130;78
448;2;1;2;0;138;31;59;42;0;130;60
448;3;1;2;0;106;31;59;42;0;80;78
448;2;1;2;0;117;35;59;40;0;130;48
448;3;1;2;0;117;31;62;35;0;80;60
448;3;1;2;0;117;42;59;45;0;80;48
448;3;1;2;0;138;42;62;46;0;80;78
448;2;1;2;0;117;35;62;45;0;100;60
449;2;1;2;0;299;70;135;74;0;180;100
449;2;1;2;0;224;52;141;62;0;234;80
449;3;1;2;0;299;52;149;64;0;144;80
449;2;1;2;0;249;52;149;64;0;234;130
449;3;1;2;0;249;58;149;66;0;144;130
449;2;1;2;0;224;58;149;66;0;234;100
449;3;1;2;0;224;70;141;78;0;180;80
449;3;1;2;0;224;58;135;70;0;180;130
449;3;1;2;0;249;70;149;91;0;180;130
450;2;1;3;0;119;50;70;54;0;130;60
450;2;1;3;0;107;50;67;52;0;130;78
450;2;1;3;0;143;50;74;62;0;130;48
450;2;1;3;0;107;42;70;54;0;80;48
450;2;1;3;0;143;38;70;43;0;100;78
450;2;1;3;0;119;38;67;50;0;100;48
450;2;1;3;0;107;50;74;62;0;80;60
450;2;1;3;0;107;38;74;45;0;100;60
450;2;1;3;0;143;42;67;49;0;80;60
451;2;0;2;0;341;62;202;66;0;200;100
451;2;0;2;0;341;62;194;80;0;260;162
451;2;0;2;0;341;56;188;74;0;260;125
451;2;0;2;0;280;56;188;74;0;160;162
451;2;0;2;0;300;62;188;70;0;260;100
451;2;0;2;0;300;56;194;62;0;160;125
451;2;0;2;0;300;74;188;78;0;160;100
451;2;0;2;0;341;74;194;80;0;160;162
451;2;0;2;0;300;62;194;80;0;200;125
452;1;0;4;0;96;22;67;48;0;70;32
452;1;0;4;0;96;22;63;56;0;91;52
452;1;0;4;0;96;20;60;52;0;91;40
452;1;0;4;0;75;20;60;52;0;56;52
452;1;0;4;0;82;22;60;50;0;91;32
452;1;0;4;0;82;20;63;45;0;56;40
452;1;0;4;0;82;26;60;53;0;56;32
452;1;0;4;0;96;26;63;56;0;56;52
452;1;0;4;0;82;22;63;56;0;70;40
453;2;1;2;0;200;74;71;82;0;325;160
453;2;1;2;0;182;74;63;78;0;325;208
453;2;1;2;0;236;74;81;99;0;325;128
453;2;1;2;0;182;62;71;86;0;200;128
453;2;1;2;0;236;56;71;64;0;250;208
453;2;1;2;0;200;56;63;78;0;250;128
453;2;1;2;0;182;74;81;99;0;200;160
453;2;1;2;0;182;56;81;66;0;250;160
453;2;1;2;0;236;62;63;72;0;200;160
454;2;0;2;0;193;62;50;66;0;200;115
454;2;0;2;0;150;47;56;53;0;260;92
454;3;0;2;0;193;47;64;57;0;160;92
454;3;0;2;0;164;47;64;57;0;260;149
454;3;0;2;0;164;52;64;57;0;160;149
454;3;0;2;0;150;52;64;57;0;260;115
454;2;0;2;0;150;62;56;70;0;200;92
454;2;0;2;0;150;52;50;62;0;200;149
454;3;0;2;0;164;62;64;82;0;200;149
455;3;0;4;0;146;40;55;45;0;120;56
455;2;0;4;0;146;40;49;53;0;156;91
455;2;0;4;0;146;36;44;50;0;156;70
455;3;0;4;0;114;36;44;50;0;96;91
455;3;0;4;0;125;40;44;46;0;156;56
455;2;0;4;0;125;36;49;42;0;96;70
455;3;0;4;0;125;48;44;50;0;96;56
455;2;0;4;0;146;48;49;53;0;96;91
455;2;0;4;0;125;40;49;53;0;120;70
456;3;0;2;0;120;63;94;70;0;90;44
456;2;0;2;0;120;63;92;80;0;117;71
456;2;0;2;0;120;57;90;76;0;117;55
456;3;0;2;0;95;57;90;76;0;72;71
456;3;0;2;0;103;63;90;71;0;117;44
456;3;0;2;0;103;57;92;63;0;72;55
456;3;0;2;0;103;76;90;83;0;72;44
456;3;0;2;0;120;76;92;83;0;72;71
456;3;0;2;0;103;63;92;80;0;90;55
457;2;0;2;0;89;60;34;76;0;91;45
457;1;0;2;0;82;60;31;68;0;91;58
457;3;0;2;0;103;60;38;86;0;91;36
457;3;0;2;0;82;50;34;76;0;56;36
457;2;0;2;0;103;45;34;52;0;70;58
457;2;0;2;0;89;45;31;68;0;70;36
457;3;0;2;0;82;60;38;86;0;56;45
457;2;0;2;0;82;45;38;57;0;70;45
457;2;0;2;0;103;50;31;63;0;56;45
458;2;0;3;0;120;96;65;106;0;130;60
458;2;0;3;0;109;96;62;99;0;130;78
458;3;0;3;0;142;96;69;123;0;130;48
458;3;0;3;0;109;80;65;106;0;80;48
458;2;0;3;0;142;72;65;83;0;100;78
458;3;0;3;0;120;72;62;98;0;100;48
458;3;0;3;0;109;96;69;123;0;80;60
458;2;0;3;0;109;72;69;90;0;100;60
458;2;0;3;0;142;80;62;95;0;80;60
459;3;0;3;0;222;111;90;123;0;170;76
459;2;0;3;0;222;111;82;149;0;221;123
459;2;0;3;0;222;100;76;139;0;221;95
459;2;0;3;0;171;100;76;139;0;136;123
459;2;0;3;0;188;111;76;132;0;221;76
459;2;0;3;0;188;100;82;114;0;136;95
459;3;0;3;0;188;133;76;144;0;136;76
459;3;0;3;0;222;133;82;149;0;136;123
459;3;0;3;0;188;111;82;149;0;170;95
460;3;0;3;0;163;43;124;50;0;40;24
460;3;0;3;0;163;43;122;62;0;52;39
460;3;0;3;0;163;39;120;57;0;52;30
460;3;0;3;0;138;39;120;57;0;32;39
460;3;0;3;0;146;43;120;53;0;52;24
460;3;0;3;0;146;39;122;45;0;32;30
460;3;0;3;0;146;52;120;58;0;32;24
460;3;0;3;0;163;52;122;63;0;32;39
460;3;0;3;0;146;43;122;62;0;40;30
461;2;0;1;0;89;60;34;76;0;91;35
461;2;0;1;0;82;60;31;68;0;91;45
461;3;0;1;0;103;60;38;86;0;91;28
461;3;0;1;0;82;50;34;76;0;56;28
461;2;0;1;0;103;45;34;52;0;70;45
461;2;0;1;0;89;45;31;68;0;70;28
461;3;0;1;0;82;60;38;86;0;56;35
461;2;0;1;0;82;45;38;57;0;70;35
461;3;0;1;0;103;50;31;63;0;56;35
462;3;0;3;0;126;62;71;76;0;91;40
462;3;0;3;0;114;62;68;71;0;91;52
462;3;0;3;0;149;62;75;90;0;91;32
462;3;0;3;0;114;52;71;80;0;56;32
462;3;0;3;0;149;47;71;53;0;70;52
462;3;0;3;0;126;47;68;70;0;70;32
462;3;0;3;0;114;62;75;90;0;56;40
462;3;0;3;0;114;47;75;58;0;70;40
462;3;0;3;0;149;52;68;65;0;56;40
463;3;0;3;0;145;64;90;80;0;91;40
463;2;0;3;0;138;64;87;76;0;91;52
463;3;0;3;0;159;64;94;90;0;91;32
463;3;0;3;0;138;53;90;80;0;56;32
463;2;0;3;0;159;48;90;57;0;70;52
463;3;0;3;0;145;48;87;71;0;70;32
463;3;0;3;0;138;64;94;90;0;56;40
463;2;0;3;0;138;48;94;62;0;70;40
463;2;0;3;0;159;53;87;68;0;56;40
464;2;0;4;0;92;84;37;98;0;117;55
464;2;0;4;0;85;84;34;91;0;117;71
464;3;0;4;0;106;84;41;111;0;117;44
464;1;0;4;0;85;70;37;98;0;72;44
464;2;0;4;0;106;63;37;76;0;90;71
464;3;0;4;0;92;63;34;91;0;90;44
464;3;0;4;0;85;84;41;111;0;72;55
464;1;0;4;0;85;63;41;80;0;90;55
464;2;0;4;0;106;70;34;86;0;72;55
465;2;1;1;0;200;148;71;165;0;273;120
465;2;1;1;0;182;148;63;156;0;273;156
465;3;1;1;0;236;148;81;198;0;273;96
465;3;1;1;0;182;123;71;172;0;168;96
465;2;1;1;0;236;111;71;128;0;210;156
465;2;1;1;0;200;111;63;156;0;210;96
465;3;1;1;0;182;148;81;198;0;168;120
465;2;1;1;0;182;111;81;132;0;210;120
465;2;1;1;0;236;123;63;144;0;168;120
466;3;1;2;0;130;100;60;103;0;100;60
466;2;1;2;0;103;75;63;86;0;130;48
466;3;1;2;0;130;75;67;90;0;80;48
466;2;1;2;0;112;75;67;90;0;130;78
466;3;1;2;0;112;83;67;91;0;80;78
466;2;1;2;0;103;83;67;91;0;130;60
466;3;1;2;0;103;100;63;108;0;100;48
466;3;1;2;0;103;83;60;95;0;100;78
466;3;1;2;0;112;100;67;123;0;100;78
467;2;1;3;0;119;91;64;103;0;130;70
467;2;1;3;0;108;91;61;98;0;130;91
467;3;1;3;0;141;91;68;116;0;130;56
467;3;1;3;0;108;76;64;103;0;80;56
467;2;1;3;0;141;68;64;80;0;100;91
467;3;1;3;0;119;68;61;95;0;100;56
467;3;1;3;0;108;91;68;116;0;80;70
467;2;1;3;0;108;68;68;86;0;100;70
467;2;1;3;0;141;76;61;91;0;80;70
468;3;1;3;0;191;103;103;103;0;140;95
468;3;1;3;0;146;77;106;86;0;182;76
468;3;1;3;0;191;77;110;90;0;112;76
468;2;1;3;0;161;77;110;90;0;182;123
468;3;1;3;0;161;86;110;91;0;112;123
468;2;1;3;0;146;86;110;91;0;182;95
468;3;1;3;0;146;103;106;106;0;140;76
468;2;1;3;0;146;86;103;95;0;140;123
468;3;1;3;0;161;103;110;116;0;140;123
469;2;0;2;0;54;40;30;50;0;65;30
469;2;0;2;0;51;40;28;45;0;65;39
469;3;0;2;0;61;40;32;62;0;65;24
469;3;0;2;0;51;33;30;52;0;40;24
469;2;0;2;0;61;30;30;37;0;50;39
469;3;0;2;0;54;30;28;45;0;50;24
469;3;0;2;0;51;40;32;62;0;40;30
469;2;0;2;0;51;30;32;38;0;50;30
469;2;0;2;0;61;33;28;42;0;40;30
470;2;0;3;0;189;133;81;149;0;221;135
470;2;0;3;0;171;133;75;144;0;221;175
470;2;0;3;0;225;133;89;172;0;221;108
470;2;0;3;0;171;111;81;149;0;136;108
470;2;0;3;0;225;100;81;114;0;170;175
470;2;0;3;0;189;100;75;139;0;170;108
470;3;0;3;0;171;133;89;172;0;136;135
470;3;0;3;0;171;100;89;123;0;170;135
470;2;0;3;0;225;111;75;132;0;136;135
471;3;1;2;0;227;106;91;123;0;170;88
471;2;1;2;0;227;106;83;144;0;221;143
471;2;1;2;0;227;95;77;132;0;221;110
471;2;1;2;0;173;95;77;132;0;136;143
471;2;1;2;0;191;106;77;128;0;221;88
471;2;1;2;0;191;95;83;111;0;136;110
471;3;1;2;0;191;127;77;139;0;136;88
471;2;1;2;0;227;127;83;144;0;136;143
471;2;1;2;0;191;106;83;144;0;170;110
472;2;1;3;0;167;130;112;139;0;221;110
472;2;1;3;0;151;130;109;132;0;221;143
472;3;1;3;0;198;130;116;156;0;221;88
472;3;1;3;0;151;108;112;132;0;136;88
472;2;1;3;0;198;97;112;108;0;170;143
472;3;1;3;0;167;97;109;123;0;170;88
472;2;1;3;0;151;130;116;156;0;136;110
472;2;1;3;0;151;97;116;111;0;170;110
472;2;1;3;0;198;108;109;123;0;136;110
473;2;0;3;0;388;193;280;210;0;299;165
473;2;0;3;0;355;193;274;198;0;299;214
473;3;0;3;0;454;193;288;231;0;299;132
473;3;0;3;0;355;161;280;198;0;184;132
473;2;0;3;0;454;145;280;161;0;230;214
473;3;0;3;0;388;145;274;182;0;230;132
473;3;0;3;0;355;193;288;231;0;184;165
473;2;0;3;0;355;145;288;165;0;230;165
473;3;0;3;0;454;161;274;182;0;184;165
474;3;0;5;0;118;53;51;63;0;70;32
474;3;0;5;0;118;53;47;80;0;91;52
474;1;0;5;0;118;48;44;71;0;91;40
474;3;0;5;0;94;48;44;71;0;56;52
474;3;0;5;0;102;53;44;68;0;91;32
474;2;0;5;0;102;48;47;57;0;56;40
474;3;0;5;0;102;64;44;76;0;56;32
474;3;0;5;0;118;64;47;80;0;56;52
474;3;0;5;0;102;53;47;80;0;70;40
475;2;0;3;0;146;80;55;90;0;110;64
475;2;0;3;0;146;80;49;106;0;143;104
475;2;0;3;0;146;72;44;99;0;143;80
475;2;0;3;0;114;72;44;99;0;88;104
475;2;0;3;0;125;80;44;91;0;143;64
475;3;0;3;0;125;72;49;83;0;88;80
475;3;0;3;0;125;96;44;99;0;88;64
475;3;0;3;0;146;96;49;106;0;88;104
475;3;0;3;0;125;80;49;106;0;110;80
476;2;0;4;0;1022;137;785;144;0;200;130
476;2;0;4;0;788;103;790;114;0;260;104
476;2;0;4;0;1022;103;796;123;0;160;104
476;2;0;4;0;866;103;796;123;0;260;169
476;2;0;4;0;866;114;796;128;0;160;169
476;2;0;4;0;788;114;796;128;0;260;130
476;2;0;4;0;788;137;790;149;0;200;104
476;2;0;4;0;788;114;785;128;0;200;169
476;2;0;4;0;866;137;796;165;0;200;169
477;3;0;2;0;175;89;120;90;0;130;60
477;2;0;2;0;160;89;117;88;0;130;78
477;3;0;2;0;205;89;124;97;0;130;48
477;3;0;2;0;160;74;120;88;0;80;48
477;2;0;2;0;205;67;120;74;0;100;78
477;3;0;2;0;175;67;117;81;0;100;48
477;3;0;2;0;160;89;124;97;0;80;60
477;3;0;2;0;160;67;124;76;0;100;60
477;3;0;2;0;205;74;117;81;0;80;60
478;2;0;2;0;236;105;81;118;0;190;132
478;2;0;2;0;236;105;71;146;0;247;214
478;2;0;2;0;236;94;63;133;0;247;165
478;3;0;2;0;182;94;63;133;0;152;214
478;2;0;2;0;200;105;63;122;0;247;132
478;3;0;2;0;200;94;71;109;0;152;165
478;3;0;2;0;200;126;63;133;0;152;132
478;3;0;2;0;236;126;71;140;0;152;214
478;2;0;2;0;200;105;71;146;0;190;165
479;2;0;3;0;61;29;32;34;0;40;24
479;2;0;3;0;61;29;30;44;0;52;39
479;2;0;3;0;61;26;28;38;0;52;30
479;2;0;3;0;51;26;28;38;0;32;39
479;2;0;3;0;54;29;28;36;0;52;24
479;2;0;3;0;54;26;30;32;0;32;30
479;2;0;3;0;54;35;28;38;0;32;24
479;2;0;3;0;61;35;30;42;0;32;39
479;2;0;3;0;54;29;30;44;0;40;30
480;2;0;2;0;236;126;63;133;0;210;125
480;2;0;2;0;182;94;71;109;0;273;100
480;2;0;2;0;236;94;81;112;0;168;100
480;2;0;2;0;200;94;81;112;0;273;162
480;2;0;2;0;200;105;81;118;0;168;162
480;2;0;2;0;182;105;81;118;0;273;125
480;2;0;2;0;182;126;71;140;0;210;100
480;2;0;2;0;182;105;63;122;0;210;162
480;2;0;2;0;200;126;81;168;0;210;162
481;3;0;4;0;61;29;32;34;0;40;28
481;2;0;4;0;61;29;30;44;0;52;45
481;2;0;4;0;61;26;28;38;0;52;35
481;3;0;4;0;51;26;28;38;0;32;45
481;2;0;4;0;54;29;28;36;0;52;28
481;3;0;4;0;54;26;30;32;0;32;35
481;3;0;4;0;54;35;28;38;0;32;28
481;3;0;4;0;61;35;30;42;0;32;45
481;3;0;4;0;54;29;30;44;0;40;35
482;3;1;4;0;303;108;153;118;0;170;110
482;2;1;4;0;249;81;159;94;0;221;88
482;3;1;4;0;303;81;167;99;0;136;88
482;2;1;4;0;267;81;167;99;0;221;143
482;3;1;4;0;267;90;167;105;0;136;143
482;2;1;4;0;249;90;167;105;0;221;110
482;3;1;4;0;249;108;159;122;0;170;88
482;2;1;4;0;249;90;153;109;0;170;143
482;2;1;4;0;267;108;167;146;0;170;143
483;2;1;2;0;129;82;74;90;0;130;70
483;2;1;2;0;116;82;71;84;0;130;91
483;2;1;2;0;155;82;78;105;0;130;56
483;3;1;2;0;116;68;74;90;0;80;56
483;2;1;2;0;155;61;74;71;0;100;91
483;2;1;2;0;129;61;71;84;0;100;56
483;2;1;2;0;116;82;78;105;0;80;70
483;3;1;2;0;116;61;78;74;0;100;70
483;2;1;2;0;155;68;71;78;0;80;70
484;3;0;2;0;119;36;93;56;0;60;24
484;2;0;2;0;119;36;90;68;0;78;39
484;2;0;2;0;119;32;88;60;0;78;30
484;3;0;2;0;92;32;88;60;0;48;39
484;2;0;2;0;101;36;88;58;0;78;24
484;3;0;2;0;101;32;90;50;0;48;30
484;3;0;2;0;101;43;88;65;0;48;24
484;3;0;2;0;119;43;90;68;0;48;39
484;3;0;2;0;101;36;90;68;0;60;30
485;2;0;3;0;168;82;61;84;0;110;75
485;2;0;3;0;129;61;66;71;0;143;60
485;3;0;3;0;168;61;72;76;0;88;60
485;2;0;3;0;142;61;72;76;0;143;97
485;2;0;3;0;142;68;72;76;0;88;97
485;2;0;3;0;129;68;72;76;0;143;75
485;2;0;3;0;129;82;66;90;0;110;60
485;2;0;3;0;129;68;61;81;0;110;97
485;3;0;3;0;142;82;72;105;0;110;97
486;2;0;3;0;277;90;141;105;0;170;100
486;2;0;3;0;277;90;133;127;0;221;162
486;2;0;3;0;277;81;127;118;0;221;125
486;2;0;3;0;223;81;127;118;0;136;162
486;2;0;3;0;241;90;127;109;0;221;100
486;2;0;3;0;241;81;133;94;0;136;125
486;2;0;3;0;241;108;127;118;0;136;100
486;2;0;3;0;277;108;133;122;0;136;162
486;2;0;3;0;241;90;133;127;0;170;125
487;2;0;3;0;227;90;89;105;0;170;84
487;2;0;3;0;227;90;81;122;0;221;136
487;2;0;3;0;227;81;75;112;0;221;105
487;2;0;3;0;170;81;75;112;0;136;136
487;2;0;3;0;189;90;75;109;0;221;84
487;2;0;3;0;189;81;81;94;0;136;105
487;2;0;3;0;189;108;75;118;0;136;84
487;2;0;3;0;227;108;81;122;0;136;136
487;2;0;3;0;189;90;81;122;0;170;105
488;2;0;3;0;103;42;38;50;0;70;36
488;2;0;3;0;103;42;34;65;0;91;58
488;2;0;3;0;103;38;31;58;0;91;45
488;2;0;3;0;82;38;31;58;0;56;58
488;2;0;3;0;89;42;31;54;0;91;36
488;2;0;3;0;89;38;34;44;0;56;45
488;2;0;3;0;89;50;31;58;0;56;36
488;2;0;3;0;103;50;34;65;0;56;58
488;2;0;3;0;89;42;34;65;0;70;45
489;2;0;4;0;275;105;131;112;0;200;108
489;2;0;4;0;275;105;123;137;0;260;175
489;2;0;4;0;275;94;117;127;0;260;135
489;2;0;4;0;209;94;117;127;0;160;175
489;2;0;4;0;231;105;117;122;0;260;108
489;2;0;4;0;231;94;123;109;0;160;135
489;2;0;4;0;231;126;117;133;0;160;108
489;2;0;4;0;275;126;123;137;0;160;175
489;2;0;4;0;231;105;123;137;0;200;135
490;2;0;3;0;216;116;108;133;0;234;115
490;2;0;3;0;199;116;102;122;0;234;149
490;3;0;3;0;250;116;116;150;0;234;92
490;3;0;3;0;199;97;108;133;0;144;92
490;2;0;3;0;250;87;108;99;0;180;149
490;2;0;3;0;216;87;102;122;0;180;92
490;2;0;3;0;199;116;116;150;0;144;115
490;2;0;3;0;199;87;116;105;0;180;115
490;3;0;3;0;250;97;102;112;0;144;115
491;2;0;3;0;169;89;85;92;0;120;70
491;2;0;3;0;130;67;88;76;0;156;56
491;3;0;3;0;169;67;92;78;0;96;56
491;2;0;3;0;143;67;92;78;0;156;91
491;3;0;3;0;143;74;92;81;0;96;91
491;2;0;3;0;130;74;92;81;0;156;70
491;2;0;3;0;130;89;88;94;0;120;56
491;2;0;3;0;130;74;85;84;0;120;91
491;2;0;3;0;143;89;92;109;0;120;91
492;2;1;3;0;265;110;116;118;0;180;105
492;2;1;3;0;212;83;122;97;0;234;84
492;3;1;3;0;265;83;130;105;0;144;84
492;2;1;3;0;230;83;130;105;0;234;136
492;3;1;3;0;230;92;130;105;0;144;136
492;2;1;3;0;212;92;130;105;0;234;105
492;2;1;3;0;212;110;122;127;0;180;84
492;2;1;3;0;212;92;116;109;0;180;136
492;2;1;3;0;230;110;130;146;0;180;136
493;3;0;3;0;118;78;42;81;0;90;60
493;2;0;3;0;91;58;45;68;0;117;48
493;3;0;3;0;118;58;49;71;0;72;48
493;2;0;3;0;100;58;49;71;0;117;78
493;3;0;3;0;100;65;49;71;0;72;78
493;2;0;3;0;91;65;49;71;0;117;60
493;3;0;3;0;91;78;45;84;0;90;48
493;2;0;3;0;91;65;42;76;0;90;78
493;2;0;3;0;100;78;49;97;0;90;78
494;2;0;3;0;230;90;123;97;0;190;124
494;2;0;3;0;230;90;117;112;0;247;201
494;2;0;3;0;230;81;112;105;0;247;155
494;3;0;3;0;175;81;112;105;0;152;201
494;2;0;3;0;193;90;112;99;0;247;124
494;2;0;3;0;193;81;117;90;0;152;155
494;3;0;3;0;193;108;112;109;0;152;124
494;3;0;3;0;230;108;117;112;0;152;201
494;2;0;3;0;193;90;117;112;0;190;155
495;3;0;3;0;127;184;72;194;0;169;70
495;2;0;3;0;114;184;69;184;0;169;91
495;3;0;3;0;152;184;76;218;0;169;56
495;3;0;3;0;114;153;72;189;0;104;56
495;2;0;3;0;152;138;72;153;0;130;91
495;3;0;3;0;127;138;69;181;0;130;56
495;3;0;3;0;114;184;76;218;0;104;70
495;3;0;3;0;114;138;76;162;0;130;70
495;3;0;3;0;152;153;69;169;0;104;70
496;3;0;3;0;154;200;99;218;0;182;95
496;2;0;3;0;140;200;96;210;0;182;123
496;3;0;3;0;183;200;103;237;0;182;76
496;3;0;3;0;140;167;99;210;0;112;76
496;2;0;3;0;183;150;99;169;0;140;123
496;3;0;3;0;154;150;96;194;0;140;76
496;3;0;3;0;140;200;103;237;0;112;95
496;3;0;3;0;140;150;103;176;0;140;95
496;3;0;3;0;183;167;96;184;0;112;95
497;3;1;3;0;255;153;176;162;0;140;64
497;3;1;3;0;255;153;172;176;0;182;104
497;3;1;3;0;255;138;169;167;0;182;80
497;3;1;3;0;198;138;169;167;0;112;104
497;3;1;3;0;217;153;169;162;0;182;64
497;3;1;3;0;217;138;172;153;0;112;80
497;3;1;3;0;217;184;169;181;0;112;64
497;3;1;3;0;255;184;172;184;0;112;104
497;3;1;3;0;217;153;172;176;0;140;80
498;2;1;3;0;197;211;121;225;0;234;110
498;2;1;3;0;178;211;116;218;0;234;143
498;3;1;3;0;234;211;127;254;0;234;88
498;3;1;3;0;178;176;121;225;0;144;88
498;2;1;3;0;234;158;121;181;0;180;143
498;3;1;3;0;197;158;116;210;0;180;88
498;3;1;3;0;178;211;127;254;0;144;110
498;2;1;3;0;178;158;127;184;0;180;110
498;2;1;3;0;234;176;116;198;0;144;110
499;2;0;2;0;209;211;62;225;0;170;110
499;2;0;2;0;159;158;68;184;0;221;88
499;3;0;2;0;209;158;76;194;0;136;88
499;2;0;2;0;176;158;76;194;0;221;143
499;3;0;2;0;176;176;76;198;0;136;143
499;2;0;2;0;159;176;76;198;0;221;110
499;3;0;2;0;159;211;68;245;0;170;88
499;2;0;2;0;159;176;62;218;0;170;143
499;3;0;2;0;176;211;76;281;0;170;143
500;2;0;3;0;225;221;139;225;0;160;105
500;2;0;3;0;179;166;142;184;0;208;84
500;3;0;3;0;225;166;146;189;0;128;84
500;2;0;3;0;194;166;146;189;0;208;136
500;3;0;3;0;194;184;146;198;0;128;136
500;2;0;3;0;179;184;146;198;0;208;105
500;2;0;3;0;179;221;142;237;0;160;84
500;3;0;3;0;179;184;139;210;0;160;136
500;2;0;3;0;194;221;146;254;0;160;136
501;2;0;3;0;164;211;56;237;0;221;135
501;2;0;3;0;150;211;50;225;0;221;175
501;2;0;3;0;193;211;64;281;0;221;108
501;2;0;3;0;150;176;56;245;0;136;108
501;2;0;3;0;193;158;56;181;0;170;175
501;2;0;3;0;164;158;50;225;0;170;108
501;2;0;3;0;150;211;64;281;0;136;135
501;2;0;3;0;150;158;64;194;0;170;135
501;2;0;3;0;193;176;50;210;0;136;135
502;3;0;4;0;150;145;78;162;0;90;60
502;3;0;4;0;129;109;81;136;0;117;48
502;3;0;4;0;150;109;85;142;0;72;48
502;3;0;4;0;136;109;85;142;0;117;78
502;3;0;4;0;136;121;85;142;0;72;78
502;3;0;4;0;129;121;85;142;0;117;60
502;3;0;4;0;129;145;81;169;0;90;48
502;3;0;4;0;129;121;78;153;0;90;78
502;3;0;4;0;136;145;85;194;0;90;78
503;3;0;4;0;229;170;133;167;0;130;80
503;2;0;4;0;172;128;136;142;0;169;64
503;3;0;4;0;229;128;140;142;0;104;64
503;2;0;4;0;191;128;140;142;0;169;104
503;3;0;4;0;191;142;140;147;0;104;104
503;2;0;4;0;172;142;140;147;0;169;80
503;3;0;4;0;172;170;136;169;0;130;64
503;3;0;4;0;172;142;133;153;0;130;104
503;3;0;4;0;191;170;140;189;0;130;104
504;3;0;3;0;230;217;112;218;0;170;110
504;2;0;3;0;175;163;117;181;0;221;88
504;3;0;3;0;230;163;123;184;0;136;88
504;2;0;3;0;193;163;123;184;0;221;143
504;3;0;3;0;193;181;123;194;0;136;143
504;2;0;3;0;175;181;123;194;0;221;110
504;3;0;3;0;175;217;117;225;0;170;88
504;2;0;3;0;175;181;112;198;0;170;143
504;3;0;3;0;193;217;123;254;0;170;143
505;3;0;4;0;344;270;112;293;0;220;185
505;3;0;4;0;260;202;121;237;0;286;148
505;3;0;4;0;344;202;133;245;0;176;148
505;2;0;4;0;288;202;133;245;0;286;240
505;2;0;4;0;288;225;133;254;0;176;240
505;2;0;4;0;260;225;133;254;0;286;185
505;3;0;4;0;260;270;121;310;0;220;148
505;2;0;4;0;260;225;112;274;0;220;240
505;3;0;4;0;288;270;133;366;0;220;240
506;3;1;3;0;318;218;170;237;0;220;92
506;2;1;3;0;318;218;162;281;0;286;149
506;2;1;3;0;318;196;156;266;0;286;115
506;3;1;3;0;238;196;156;266;0;176;149
506;3;1;3;0;265;218;156;245;0;286;92
506;3;1;3;0;265;196;162;218;0;176;115
506;3;1;3;0;265;262;156;274;0;176;92
506;3;1;3;0;318;262;162;281;0;176;149
506;3;1;3;0;265;218;162;281;0;220;115
507;3;1;3;0;147;111;115;121;0;90;48
507;2;1;3;0;147;111;113;142;0;117;78
507;2;1;3;0;147;100;111;130;0;117;60
507;3;1;3;0;113;100;111;130;0;72;78
507;3;1;3;0;124;111;111;130;0;117;48
507;2;1;3;0;124;100;113;111;0;72;60
507;3;1;3;0;124;133;111;142;0;72;48
507;3;1;3;0;147;133;113;147;0;72;78
507;3;1;3;0;124;111;113;142;0;90;60
508;3;1;3;0;228;184;93;210;0;210;88
508;2;1;3;0;228;184;85;254;0;273;143
508;2;1;3;0;228;166;79;237;0;273;110
508;3;1;3;0;176;166;79;237;0;168;143
508;2;1;3;0;193;184;79;218;0;273;88
508;3;1;3;0;193;166;85;189;0;168;110
508;3;1;3;0;193;221;79;237;0;168;88
508;3;1;3;0;228;221;85;254;0;168;143
508;2;1;3;0;193;184;85;254;0;210;110
509;3;0;3;0;193;176;64;194;0;170;88
509;2;0;3;0;193;176;56;245;0;221;143
509;2;0;3;0;193;158;50;225;0;221;110
509;2;0;3;0;150;158;50;225;0;136;143
509;2;0;3;0;164;176;50;210;0;221;88
509;2;0;3;0;164;158;56;181;0;136;110
509;3;0;3;0;164;211;50;225;0;136;88
509;3;0;3;0;193;211;56;237;0;136;143
509;2;0;3;0;164;176;56;245;0;170;110
510;2;0;2;0;174;23;66;25;0;221;95
510;2;0;2;0;158;23;60;23;0;221;123
510;2;0;2;0;207;23;74;31;0;221;76
510;2;0;2;0;158;19;66;31;0;136;76
510;2;0;2;0;207;17;66;23;0;170;123
510;2;0;2;0;174;17;60;31;0;170;76
510;2;0;2;0;158;23;74;31;0;136;95
510;2;0;2;0;158;17;74;25;0;170;95
510;2;0;2;0;207;19;60;25;0;136;95
511;2;0;3;0;112;23;37;23;0;110;75
511;2;0;3;0;86;17;40;23;0;143;60
511;2;0;3;0;112;17;44;25;0;88;60
511;2;0;3;0;95;17;44;25;0;143;97
511;2;0;3;0;95;19;44;23;0;88;97
511;2;0;3;0;86;19;44;23;0;143;75
511;2;0;3;0;86;23;40;25;0;110;60
511;2;0;3;0;86;19;37;25;0;110;97
511;2;0;3;0;95;23;44;31;0;110;97
512;2;0;4;0;266;77;99;91;0;299;140
512;2;0;4;0;240;77;90;86;0;299;182
512;2;0;4;0;317;77;111;108;0;299;112
512;2;0;4;0;240;64;99;91;0;184;112
512;2;0;4;0;317;58;99;70;0;230;182
512;2;0;4;0;266;58;90;86;0;230;112
512;2;0;4;0;240;77;111;108;0;184;140
512;2;0;4;0;240;58;111;72;0;230;140
512;2;0;4;0;317;64;90;78;0;184;140
513;3;0;4;0;116;31;47;34;0;70;40
513;2;0;4;0;116;31;43;42;0;91;65
513;3;0;4;0;116;28;40;40;0;91;50
513;3;0;4;0;89;28;40;40;0;56;65
513;3;0;4;0;98;31;40;36;0;91;40
513;1;0;4;0;98;28;43;32;0;56;50
513;3;0;4;0;98;37;40;40;0;56;40
513;2;0;4;0;116;37;43;42;0;56;65
513;3;0;4;0;98;31;43;42;0;70;50
514;3;1;1;0;209;59;154;62;0;182;95
514;2;1;1;0;191;59;151;57;0;182;123
514;3;1;1;0;246;59;158;64;0;182;76
514;3;1;1;0;191;49;154;56;0;112;76
514;2;1;1;0;246;44;154;48;0;140;123
514;3;1;1;0;209;44;151;53;0;140;76
514;3;1;1;0;191;59;158;64;0;112;95
514;3;1;1;0;191;44;158;49;0;140;95
514;3;1;1;0;246;49;151;53;0;112;95
515;3;1;3;0;200;55;113;56;0;110;60
515;2;1;3;0;152;41;116;46;0;143;48
515;3;1;3;0;200;41;120;49;0;88;48
515;2;1;3;0;168;41;120;49;0;143;78
515;3;1;3;0;168;46;120;50;0;88;78
515;1;1;3;0;152;46;120;50;0;143;60
515;3;1;3;0;152;55;116;58;0;110;48
515;2;1;3;0;152;46;113;52;0;110;78
515;3;1;3;0;168;55;120;66;0;110;78
516;2;1;4;0;149;40;73;43;0;90;48
516;3;1;4;0;149;40;69;52;0;117;78
516;1;1;4;0;149;36;66;49;0;117;60
516;3;1;4;0;112;36;66;49;0;72;78
516;2;1;4;0;124;40;66;46;0;117;48
516;2;1;4;0;124;36;69;42;0;72;60
516;3;1;4;0;124;48;66;49;0;72;48
516;2;1;4;0;149;48;69;52;0;72;78
516;2;1;4;0;124;40;69;52;0;90;60
517;2;1;5;0;151;46;96;48;0;143;70
517;2;1;5;0;138;46;93;46;0;143;91
517;3;1;5;0;177;46;100;53;0;143;56
517;3;1;5;0;138;38;96;48;0;88;56
517;2;1;5;0;177;34;96;38;0;110;91
517;3;1;5;0;151;34;93;45;0;110;56
517;2;1;5;0;138;46;100;53;0;88;70
517;2;1;5;0;138;34;100;40;0;110;70
517;2;1;5;0;177;38;93;43;0;88;70
518;2;1;5;0;224;67;74;72;0;170;100
518;2;1;5;0;170;50;80;57;0;221;80
518;2;1;5;0;224;50;88;62;0;136;80
518;2;1;5;0;188;50;88;62;0;221;130
518;2;1;5;0;188;56;88;62;0;136;130
518;2;1;5;0;170;56;88;62;0;221;100
518;3;1;5;0;170;67;80;74;0;170;80
518;2;1;5;0;170;56;74;66;0;170;130
518;2;1;5;0;188;67;88;86;0;170;130
519;3;0;5;0;221;119;68;132;0;140;80
519;3;0;5;0;170;89;74;106;0;182;64
519;3;0;5;0;221;89;82;111;0;112;64
519;2;0;5;0;187;89;82;111;0;182;104
519;2;0;5;0;187;99;82;114;0;112;104
519;2;0;5;0;170;99;82;114;0;182;80
519;3;0;5;0;170;119;74;139;0;140;64
519;2;0;5;0;170;99;68;123;0;140;104
519;3;0;5;0;187;119;82;161;0;140;104
520;3;0;3;0;256;127;138;132;0;170;115
520;2;0;3;0;201;95;143;108;0;221;92
520;3;0;3;0;256;95;149;111;0;136;92
520;2;0;3;0;219;95;149;111;0;221;149
520;3;0;3;0;219;106;149;116;0;136;149
520;2;0;3;0;201;106;149;116;0;221;115
520;3;0;3;0;201;127;143;139;0;170;92
520;3;0;3;0;201;106;138;123;0;170;149
520;3;0;3;0;219;127;149;156;0;170;149
521;3;0;2;0;120;82;89;83;0;90;55
521;2;0;2;0;93;61;91;65;0;117;44
521;3;0;2;0;120;61;93;68;0;72;44
521;2;0;2;0;102;61;93;68;0;117;71
521;3;0;2;0;102;68;93;71;0;72;71
521;2;0;2;0;93;68;93;71;0;117;55
521;3;0;2;0;93;82;91;86;0;90;44
521;3;0;2;0;93;68;89;76;0;90;71
521;3;0;2;0;102;82;93;91;0;90;71
522;2;0;2;0;125;96;49;106;0;156;80
522;2;0;2;0;114;96;44;99;0;156;104
522;3;0;2;0;146;96;55;123;0;156;64
522;3;0;2;0;114;80;49;106;0;96;64
522;2;0;2;0;146;72;49;83;0;120;104
522;2;0;2;0;125;72;44;99;0;120;64
522;3;0;2;0;114;96;55;123;0;96;80
522;2;0;2;0;114;72;55;86;0;120;80
522;2;0;2;0;146;80;44;91;0;96;80
523;3;1;2;0;221;133;74;144;0;180;95
523;2;1;2;0;168;100;80;116;0;234;76
523;3;1;2;0;221;100;88;123;0;144;76
523;2;1;2;0;186;100;88;123;0;234;123
523;2;1;2;0;186;111;88;128;0;144;123
523;2;1;2;0;168;111;88;128;0;234;95
523;3;1;2;0;168;133;80;149;0;180;76
523;2;1;2;0;168;111;74;132;0;180;123
523;3;1;2;0;186;133;88;177;0;180;123
524;3;1;4;0;130;80;67;90;0;100;48
524;1;1;4;0;130;80;63;103;0;130;78
524;1;1;4;0;130;72;60;98;0;130;60
524;1;1;4;0;103;72;60;98;0;80;78
524;3;1;4;0;112;80;60;91;0;130;48
524;1;1;4;0;112;72;63;83;0;80;60
524;3;1;4;0;112;96;60;98;0;80;48
524;3;1;4;0;130;96;63;103;0;80;78
524;3;1;4;0;112;80;63;103;0;100;60
525;3;1;4;0;168;80;72;91;0;120;60
525;1;1;4;0;168;80;66;108;0;156;97
525;1;1;4;0;168;72;61;99;0;156;75
525;1;1;4;0;129;72;61;99;0;96;97
525;3;1;4;0;142;80;61;95;0;156;60
525;1;1;4;0;142;72;66;86;0;96;75
525;3;1;4;0;142;96;61;103;0;96;60
525;3;1;4;0;168;96;66;108;0;96;97
525;3;1;4;0;142;80;66;108;0;120;75
526;3;1;2;0;375;156;140;172;0;290;172
526;2;1;2;0;375;156;126;215;0;377;279
526;2;1;2;0;375;140;115;198;0;377;215
526;3;1;2;0;284;140;115;198;0;232;279
526;2;1;2;0;314;156;115;182;0;377;172
526;3;1;2;0;314;140;126;161;0;232;215
526;3;1;2;0;314;187;115;198;0;232;172
526;3;1;2;0;375;187;126;215;0;232;279
526;3;1;2;0;314;156;126;215;0;290;215
527;2;1;2;0;226;14;101;15;0;273;115
527;2;1;2;0;204;14;93;14;0;273;149
527;1;1;2;0;269;14;111;19;0;273;92
527;1;1;2;0;204;12;101;19;0;168;92
527;2;1;2;0;269;11;101;14;0;210;149
527;1;1;2;0;226;11;93;19;0;210;92
527;2;1;2;0;204;14;111;19;0;168;115
527;2;1;2;0;204;11;111;15;0;210;115
527;2;1;2;0;269;12;93;15;0;168;115
528;2;1;3;0;106;14;34;14;0;80;50
528;2;1;3;0;85;11;37;14;0;104;40
528;2;1;3;0;106;11;41;15;0;64;40
528;1;1;3;0;92;11;41;15;0;104;65
528;2;1;3;0;92;12;41;14;0;64;65
528;1;1;3;0;85;12;41;14;0;104;50
528;1;1;3;0;85;14;37;15;0;80;40
528;2;1;3;0;85;12;34;15;0;80;65
528;1;1;3;0;92;14;41;19;0;80;65
529;3;0;3;0;103;50;31;58;0;70;40
529;2;0;3;0;82;38;34;44;0;91;32
529;3;0;3;0;103;38;38;48;0;56;32
529;1;0;3;0;89;38;38;48;0;91;52
529;2;0;3;0;89;42;38;50;0;56;52
529;1;0;3;0;82;42;38;50;0;91;40
529;3;0;3;0;82;50;34;65;0;70;32
529;2;0;3;0;82;42;31;54;0;70;52
529;1;0;3;0;89;50;38;74;0;70;52
530;3;0;5;0;200;126;71;140;0;273;140
530;2;0;5;0;182;126;63;133;0;273;182
530;3;0;5;0;236;126;81;168;0;273;112
530;3;0;5;0;182;105;71;146;0;168;112
530;2;0;5;0;236;94;71;109;0;210;182
530;3;0;5;0;200;94;63;133;0;210;112
530;3;0;5;0;182;126;81;168;0;168;140
530;2;0;5;0;182;94;81;112;0;210;140
530;2;0;5;0;236;105;63;122;0;168;140
531;2;1;2;0;193;106;50;112;0;170;105
531;2;1;2;0;150;79;56;90;0;221;84
531;2;1;2;0;193;79;64;97;0;136;84
531;2;1;2;0;164;79;64;97;0;221;136
531;2;1;2;0;164;88;64;97;0;136;136
531;2;1;2;0;150;88;64;97;0;221;105
531;2;1;2;0;150;106;56;118;0;170;84
531;2;1;2;0;150;88;50;105;0;170;136
531;2;1;2;0;164;106;64;140;0;170;136
532;2;1;3;0;238;116;140;118;0;210;125
532;2;1;3;0;178;87;143;97;0;273;100
532;3;1;3;0;238;87;147;99;0;168;100
532;2;1;3;0;198;87;147;99;0;273;162
532;2;1;3;0;198;97;147;105;0;168;162
532;2;1;3;0;178;97;147;105;0;273;125
532;2;1;3;0;178;116;143;122;0;210;100
532;2;1;3;0;178;97;140;109;0;210;162
532;2;1;3;0;198;116;147;137;0;210;162
533;3;1;3;0;250;84;143;90;0;150;76
533;2;1;3;0;250;84;137;109;0;195;123
533;2;1;3;0;250;76;132;97;0;195;95
533;3;1;3;0;194;76;132;97;0;120;123
533;3;1;3;0;213;84;132;94;0;195;76
533;3;1;3;0;213;76;137;84;0;120;95
533;3;1;3;0;213;101;132;105;0;120;76
533;2;1;3;0;250;101;137;109;0;120;123
533;2;1;3;0;213;84;137;109;0;150;95
534;2;1;4;0;272;131;95;140;0;220;135
534;2;1;4;0;206;98;103;112;0;286;108
534;3;1;4;0;272;98;113;118;0;176;108
534;2;1;4;0;228;98;113;118;0;286;175
534;2;1;4;0;228;109;113;122;0;176;175
534;2;1;4;0;206;109;113;122;0;286;135
534;2;1;4;0;206;131;103;150;0;220;108
534;2;1;4;0;206;109;95;127;0;220;175
534;3;1;4;0;228;131;113;174;0;220;175
535;2;1;3;0;317;112;153;127;0;210;128
535;2;1;3;0;317;112;143;155;0;273;208
535;2;1;3;0;317;101;135;146;0;273;160
535;2;1;3;0;249;101;135;146;0;168;208
535;2;1;3;0;272;112;135;137;0;273;128
535;3;1;3;0;272;101;143;118;0;168;160
535;3;1;3;0;272;134;135;146;0;168;128
535;2;1;3;0;317;134;143;155;0;168;208
535;2;1;3;0;272;112;143;155;0;210;160
536;3;0;3;0;122;145;67;162;0;143;90
536;2;0;3;0;112;145;64;155;0;143;117
536;3;0;3;0;141;145;71;176;0;143;72
536;3;0;3;0;112;121;67;155;0;88;72
536;2;0;3;0;141;109;67;130;0;110;117
536;3;0;3;0;122;109;64;147;0;110;72
536;3;0;3;0;112;145;71;176;0;88;90
536;3;0;3;0;112;109;71;130;0;110;90
536;3;0;3;0;141;121;64;142;0;88;90
537;3;0;4;0;109;109;85;130;0;91;50
537;3;0;4;0;102;109;83;121;0;91;65
537;3;0;4;0;123;109;87;142;0;91;40
537;3;0;4;0;102;91;85;121;0;56;40
537;2;0;4;0;123;82;85;91;0;70;65
537;3;0;4;0;109;82;83;111;0;70;40
537;3;0;4;0;102;109;87;142;0;56;50
537;3;0;4;0;102;82;87;97;0;70;50
537;3;0;4;0;123;91;83;108;0;56;50
538;3;1;4;0;150;130;124;136;0;90;44
538;3;1;4;0;150;130;122;153;0;117;71
538;3;1;4;0;150;117;120;142;0;117;55
538;3;1;4;0;125;117;120;142;0;72;71
538;3;1;4;0;133;130;120;142;0;117;44
538;3;1;4;0;133;117;122;130;0;72;55
538;3;1;4;0;133;156;120;155;0;72;44
538;3;1;4;0;150;156;122;155;0;72;71
538;3;1;4;0;133;130;122;153;0;90;55
539;3;0;4;0;120;130;90;142;0;110;65
539;2;0;4;0;95;97;92;108;0;143;52
539;3;0;4;0;120;97;94;111;0;88;52
539;2;0;4;0;103;97;94;111;0;143;84
539;2;0;4;0;103;108;94;119;0;88;84
539;2;0;4;0;95;108;94;119;0;143;65
539;3;0;4;0;95;130;92;142;0;110;52
539;2;0;4;0;95;108;90;121;0;110;84
539;3;0;4;0;103;130;94;155;0;110;84
540;2;1;3;0;206;23;126;23;0;130;80
540;2;1;3;0;155;17;129;23;0;169;64
540;3;1;3;0;206;17;133;25;0;104;64
540;2;1;3;0;172;17;133;25;0;169;104
540;3;1;3;0;172;19;133;23;0;104;104
540;2;1;3;0;155;19;133;23;0;169;80
540;2;1;3;0;155;23;129;25;0;130;64
540;2;1;3;0;155;19;126;25;0;130;104
540;2;1;3;0;172;23;133;31;0;130;104
541;2;0;3;0;105;37;50;43;0;117;50
541;2;0;3;0;95;37;47;40;0;117;65
541;2;0;3;0;124;37;54;48;0;117;40
541;3;0;3;0;95;31;50;42;0;72;40
541;2;0;3;0;124;28;50;32;0;90;65
541;2;0;3;0;105;28;47;40;0;90;40
541;3;0;3;0;95;37;54;48;0;72;50
541;2;0;3;0;95;28;54;32;0;90;50
541;2;0;3;0;124;31;47;38;0;72;50
542;2;0;3;0;146;48;44;50;0;140;95
542;2;0;3;0;114;36;49;42;0;182;76
542;2;0;3;0;146;36;55;43;0;112;76
542;2;0;3;0;125;36;55;43;0;182;123
542;2;0;3;0;125;40;55;45;0;112;123
542;2;0;3;0;114;40;55;45;0;182;95
542;2;0;3;0;114;48;49;53;0;140;76
542;2;0;3;0;114;40;44;46;0;140;123
542;2;0;3;0;125;48;55;62;0;140;123
543;2;0;3;0;193;62;50;66;0;170;105
543;2;0;3;0;150;47;56;53;0;221;84
543;2;0;3;0;193;47;64;57;0;136;84
543;2;0;3;0;164;47;64;57;0;221;136
543;2;0;3;0;164;52;64;57;0;136;136
543;2;0;3;0;150;52;64;57;0;221;105
543;2;0;3;0;150;62;56;70;0;170;84
543;2;0;3;0;150;52;50;62;0;170;136
543;2;0;3;0;164;62;64;82;0;170;136
544;2;0;3;0;148;48;72;53;0;143;70
544;2;0;3;0;137;48;67;50;0;143;91
544;2;0;3;0;169;48;78;62;0;143;56
544;1;0;3;0;137;40;72;54;0;88;56
544;1;0;3;0;169;36;72;42;0;110;91
544;2;0;3;0;148;36;67;50;0;110;56
544;2;0;3;0;137;48;78;62;0;88;70
544;1;0;3;0;137;36;78;45;0;110;70
544;2;0;3;0;169;40;67;48;0;88;70
545;3;0;3;0;126;32;54;38;0;90;44
545;2;0;3;0;126;32;50;45;0;117;71
545;2;0;3;0;126;29;47;42;0;117;55
545;1;0;3;0;94;29;47;42;0;72;71
545;2;0;3;0;105;32;47;40;0;117;44
545;3;0;3;0;105;29;50;34;0;72;55
545;3;0;3;0;105;38;47;43;0;72;44
545;2;0;3;0;126;38;50;45;0;72;71
545;1;0;3;0;105;32;50;45;0;90;55
546;2;0;2;0;240;68;164;72;0;273;125
546;2;0;2;0;220;68;159;70;0;273;162
546;3;0;2;0;280;68;170;80;0;273;100
546;3;0;2;0;220;57;164;70;0;168;100
546;2;0;2;0;280;51;164;57;0;210;162
546;2;0;2;0;240;51;159;66;0;210;100
546;3;0;2;0;220;68;170;80;0;168;125
546;2;0;2;0;220;51;170;58;0;210;125
546;2;0;2;0;280;57;159;64;0;168;125
547;2;0;3;0;120;38;90;42;0;100;65
547;2;0;3;0;95;29;92;32;0;130;52
547;2;0;3;0;120;29;94;32;0;80;52
547;2;0;3;0;103;29;94;32;0;130;84
547;2;0;3;0;103;32;94;35;0;80;84
547;2;0;3;0;95;32;94;35;0;130;65
547;2;0;3;0;95;38;92;42;0;100;52
547;2;0;3;0;95;32;90;36;0;100;84
547;2;0;3;0;103;38;94;46;0;100;84
548;3;0;4;0;106;35;41;42;0;90;40
548;1;0;4;0;106;35;37;49;0;117;65
548;1;0;4;0;106;31;34;46;0;117;50
548;1;0;4;0;85;31;34;46;0;72;65
548;1;0;4;0;92;35;34;43;0;117;40
548;1;0;4;0;92;31;37;38;0;72;50
548;2;0;4;0;92;42;34;46;0;72;40
548;2;0;4;0;106;42;37;49;0;72;65
548;1;0;4;0;92;35;37;49;0;90;50
549;2;1;2;0;89;30;34;38;0;91;40
549;2;1;2;0;82;30;31;34;0;91;52
549;2;1;2;0;103;30;38;43;0;91;32
549;3;1;2;0;82;25;34;38;0;56;32
549;2;1;2;0;103;22;34;26;0;70;52
549;2;1;2;0;89;22;31;34;0;70;32
549;3;1;2;0;82;30;38;43;0;56;40
549;2;1;2;0;82;22;38;28;0;70;40
549;2;1;2;0;103;25;31;32;0;56;40
550;3;1;2;0;106;35;41;42;0;80;36
550;2;1;2;0;106;35;37;49;0;104;58
550;2;1;2;0;106;31;34;46;0;104;45
550;3;1;2;0;85;31;34;46;0;64;58
550;3;1;2;0;92;35;34;43;0;104;36
550;3;1;2;0;92;31;37;38;0;64;45
550;3;1;2;0;92;42;34;46;0;64;36
550;3;1;2;0;106;42;37;49;0;64;58
550;3;1;2;0;92;35;37;49;0;80;45
551;3;1;2;0;212;42;132;43;0;120;48
551;2;1;2;0;212;42;128;49;0;156;78
551;2;1;2;0;212;38;125;45;0;156;60
551;3;1;2;0;165;38;125;45;0;96;78
551;2;1;2;0;181;42;125;45;0;156;48
551;3;1;2;0;181;38;128;40;0;96;60
551;3;1;2;0;181;50;125;49;0;96;48
551;3;1;2;0;212;50;128;50;0;96;78
551;3;1;2;0;181;42;128;49;0;120;60
552;2;1;3;0;193;54;138;57;0;143;60
552;2;1;3;0;181;54;135;54;0;143;78
552;2;1;3;0;217;54;142;64;0;143;48
552;3;1;3;0;181;45;138;56;0;88;48
552;2;1;3;0;217;40;138;45;0;110;78
552;2;1;3;0;193;40;135;52;0;110;48
552;3;1;3;0;181;54;142;64;0;88;60
552;2;1;3;0;181;40;142;46;0;110;60
552;3;1;3;0;217;45;135;50;0;88;60
553;2;1;3;0;233;53;96;58;0;170;84
553;2;1;3;0;233;53;88;72;0;221;136
553;2;1;3;0;233;48;82;66;0;221;105
553;2;1;3;0;177;48;82;66;0;136;136
553;2;1;3;0;196;53;82;64;0;221;84
553;2;1;3;0;196;48;88;54;0;136;105
553;2;1;3;0;196;64;82;66;0;136;84
553;2;1;3;0;233;64;88;72;0;136;136
553;2;1;3;0;196;53;88;72;0;170;105
554;2;1;3;0;125;46;48;49;0;100;60
554;2;1;3;0;96;34;51;40;0;130;48
554;3;1;3;0;125;34;55;43;0;80;48
554;2;1;3;0;106;34;55;43;0;130;78
554;3;1;3;0;106;38;55;43;0;80;78
554;2;1;3;0;96;38;55;43;0;130;60
554;2;1;3;0;96;46;51;52;0;100;48
554;2;1;3;0;96;38;48;46;0;100;78
554;2;1;3;0;106;46;55;58;0;100;78
555;2;1;4;0;264;77;85;82;0;220;145
555;2;1;4;0;201;58;93;66;0;286;116
555;2;1;4;0;264;58;103;72;0;176;116
555;2;1;4;0;222;58;103;72;0;286;188
555;2;1;4;0;222;64;103;72;0;176;188
555;2;1;4;0;201;64;103;72;0;286;145
555;3;1;4;0;201;77;93;88;0;220;116
555;2;1;4;0;201;64;85;78;0;220;188
555;2;1;4;0;222;77;103;105;0;220;188
556;2;0;2;0;116;25;49;28;0;60;32
556;2;0;2;0;116;25;45;36;0;78;52
556;2;0;2;0;116;22;42;32;0;78;40
556;1;0;2;0;89;22;42;32;0;48;52
556;2;0;2;0;98;25;42;31;0;78;32
556;2;0;2;0;98;22;45;26;0;48;40
556;2;0;2;0;98;30;42;34;0;48;32
556;2;0;2;0;116;30;45;36;0;48;52
556;3;0;2;0;98;25;45;36;0;60;40
557;2;0;2;0;214;62;61;66;0;140;75
557;2;0;2;0;163;47;67;53;0;182;60
557;3;0;2;0;214;47;75;56;0;112;60
557;2;0;2;0;180;47;75;56;0;182;97
557;2;0;2;0;180;52;75;57;0;112;97
557;2;0;2;0;163;52;75;57;0;182;75
557;2;0;2;0;163;62;67;70;0;140;60
557;2;0;2;0;163;52;61;62;0;140;97
557;2;0;2;0;180;62;75;80;0;140;97
558;2;0;2;0;199;65;91;74;0;221;95
558;2;0;2;0;180;65;85;70;0;221;123
558;3;0;2;0;237;65;99;86;0;221;76
558;2;0;2;0;180;54;91;74;0;136;76
558;2;0;2;0;237;49;91;57;0;170;123
558;2;0;2;0;199;49;85;70;0;170;76
558;2;0;2;0;180;65;99;86;0;136;95
558;2;0;2;0;180;49;99;62;0;170;95
558;2;0;2;0;237;54;85;64;0;136;95
559;2;0;2;0;130;48;52;50;0;100;60
559;2;0;2;0;100;36;55;42;0;130;48
559;2;0;2;0;130;36;59;43;0;80;48
559;2;0;2;0;110;36;59;43;0;130;78
559;2;0;2;0;110;40;59;45;0;80;78
559;2;0;2;0;100;40;59;45;0;130;60
559;2;0;2;0;100;48;55;53;0;100;48
559;2;0;2;0;100;40;52;46;0;100;78
559;1;0;2;0;110;48;59;62;0;100;78
560;2;0;2;0;174;59;61;66;0;182;80
560;2;0;2;0;159;59;55;64;0;182;104
560;2;0;2;0;205;59;69;80;0;182;64
560;3;0;2;0;159;49;61;70;0;112;64
560;2;0;2;0;205;44;61;52;0;140;104
560;2;0;2;0;174;44;55;64;0;140;64
560;3;0;2;0;159;59;69;80;0;112;80
560;2;0;2;0;159;44;69;54;0;140;80
560;3;0;2;0;205;49;55;58;0;112;80
561;2;0;3;0;212;49;146;53;0;180;76
561;2;0;3;0;212;49;142;62;0;234;123
561;2;0;3;0;212;44;139;56;0;234;95
561;3;0;3;0;171;44;139;56;0;144;123
561;2;0;3;0;185;49;139;54;0;234;76
561;3;0;3;0;185;44;142;49;0;144;95
561;2;0;3;0;185;59;139;62;0;144;76
561;2;0;3;0;212;59;142;64;0;144;123
561;2;0;3;0;185;49;142;62;0;180;95
562;2;0;3;0;103;30;31;34;0;90;55
562;2;0;3;0;82;22;34;26;0;117;44
562;3;0;3;0;103;22;38;28;0;72;44
562;2;0;3;0;89;22;38;28;0;117;71
562;3;0;3;0;89;25;38;29;0;72;71
562;2;0;3;0;82;25;38;29;0;117;55
562;2;0;3;0;82;30;34;38;0;90;44
562;2;0;3;0;82;25;31;32;0;90;71
562;1;0;3;0;89;30;38;43;0;90;71
563;2;0;2;0;156;50;74;52;0;110;65
563;2;0;2;0;120;38;77;43;0;143;52
563;3;0;2;0;156;38;81;45;0;88;52
563;2;0;2;0;132;38;81;45;0;143;84
563;2;0;2;0;132;42;81;46;0;88;84
563;2;0;2;0;120;42;81;46;0;143;65
563;2;0;2;0;120;50;77;54;0;110;52
563;2;0;2;0;120;42;74;49;0;110;84
563;2;0;2;0;132;50;81;62;0;110;84
564;3;0;2;0;164;52;115;54;0;130;55
564;2;0;2;0;152;52;112;53;0;130;71
564;3;0;2;0;189;52;119;64;0;130;44
564;3;0;2;0;152;43;115;54;0;80;44
564;2;0;2;0;189;39;115;43;0;100;71
564;2;0;2;0;164;39;112;52;0;100;44
564;3;0;2;0;152;52;119;64;0;80;55
564;2;0;2;0;152;39;119;46;0;100;55
564;3;0;2;0;189;43;112;49;0;80;55
565;3;1;2;0;149;42;75;46;0;110;56
565;2;1;2;0;149;42;71;54;0;143;91
565;2;1;2;0;149;38;68;50;0;143;70
565;3;1;2;0;114;38;68;50;0;88;91
565;2;1;2;0;126;42;68;49;0;143;56
565;3;1;2;0;126;38;71;43;0;88;70
565;3;1;2;0;126;50;68;52;0;88;56
565;3;1;2;0;149;50;71;54;0;88;91
565;3;1;2;0;126;42;71;54;0;110;70
566;2;1;2;0;245;65;97;72;0;160;105
566;2;1;2;0;194;49;103;57;0;208;84
566;2;1;2;0;245;49;111;62;0;128;84
566;2;1;2;0;211;49;111;62;0;208;136
566;2;1;2;0;211;54;111;62;0;128;136
566;2;1;2;0;194;54;111;62;0;208;105
566;2;1;2;0;194;65;103;74;0;160;84
566;2;1;2;0;194;54;97;66;0;160;136
566;2;1;2;0;211;65;111;86;0;160;136
567;2;1;2;0;108;50;53;54;0;130;65
567;2;1;2;0;98;50;50;52;0;130;84
567;2;1;2;0;128;50;57;62;0;130;52
567;3;1;2;0;98;42;53;54;0;80;52
567;2;1;2;0;128;38;53;43;0;100;84
567;3;1;2;0;108;38;50;50;0;100;52
567;3;1;2;0;98;50;57;62;0;80;65
567;3;1;2;0;98;38;57;45;0;100;65
567;3;1;2;0;128;42;50;49;0;80;65
568;3;1;2;0;159;42;84;46;0;110;44
568;2;1;2;0;159;42;80;53;0;143;71
568;2;1;2;0;159;38;77;50;0;143;55
568;3;1;2;0;123;38;77;50;0;88;71
568;2;1;2;0;135;42;77;48;0;143;44
568;3;1;2;0;135;38;80;43;0;88;55
568;3;1;2;0;135;50;77;52;0;88;44
568;3;1;2;0;159;50;80;53;0;88;71
568;2;1;2;0;135;42;80;53;0;110;55
569;2;1;2;0;205;49;69;56;0;150;68
569;2;1;2;0;205;49;61;70;0;195;110
569;2;1;2;0;205;44;55;64;0;195;85
569;2;1;2;0;159;44;55;64;0;120;110
569;2;1;2;0;174;49;55;58;0;195;68
569;2;1;2;0;174;44;61;52;0;120;85
569;2;1;2;0;174;59;55;64;0;120;68
569;2;1;2;0;205;59;61;66;0;120;110
569;2;1;2;0;174;49;61;70;0;150;85
570;2;1;2;0;233;50;149;54;0;140;64
570;2;1;2;0;233;50;145;64;0;182;104
570;2;1;2;0;233;45;142;58;0;182;80
570;3;1;2;0;177;45;142;58;0;112;104
570;2;1;2;0;196;50;142;57;0;182;64
570;3;1;2;0;196;45;145;50;0;112;80
570;3;1;2;0;196;60;142;62;0;112;64
570;3;1;2;0;233;60;145;64;0;112;104
570;2;1;2;0;196;50;145;64;0;140;80
571;2;1;2;0;193;62;50;66;0;170;125
571;2;1;2;0;150;47;56;53;0;221;100
571;3;1;2;0;193;47;64;57;0;136;100
571;2;1;2;0;164;47;64;57;0;221;162
571;2;1;2;0;164;52;64;57;0;136;162
571;2;1;2;0;150;52;64;57;0;221;125
571;3;1;2;0;150;62;56;70;0;170;100
571;2;1;2;0;150;52;50;62;0;170;162
571;2;1;2;0;164;62;64;82;0;170;162
572;2;1;3;0;240;64;91;70;0;200;125
572;2;1;3;0;188;48;97;56;0;260;100
572;2;1;3;0;240;48;105;58;0;160;100
572;2;1;3;0;205;48;105;58;0;260;162
572;2;1;3;0;205;53;105;62;0;160;162
572;2;1;3;0;188;53;105;62;0;260;125
572;2;1;3;0;188;64;97;72;0;200;100
572;2;1;3;0;188;53;91;64;0;200;162
572;2;1;3;0;205;64;105;86;0;200;162
573;2;1;3;0;211;46;128;49;0;130;52
573;2;1;3;0;211;46;124;57;0;169;84
573;2;1;3;0;211;41;121;53;0;169;65
573;1;1;3;0;158;41;121;53;0;104;84
573;2;1;3;0;176;46;121;52;0;169;52
573;2;1;3;0;176;41;124;46;0;104;65
573;2;1;3;0;176;55;121;56;0;104;52
573;2;1;3;0;211;55;124;58;0;104;84
573;2;1;3;0;176;46;124;57;0;130;65
574;1;1;3;0;105;43;50;50;0;104;65
574;2;1;3;0;95;43;47;48;0;104;84
574;3;1;3;0;124;43;54;57;0;104;52
574;3;1;3;0;95;36;50;50;0;64;52
574;2;1;3;0;124;32;50;38;0;80;84
574;3;1;3;0;105;32;47;48;0;80;52
574;3;1;3;0;95;43;54;57;0;64;65
574;3;1;3;0;95;32;54;42;0;80;65
574;3;1;3;0;124;36;47;45;0;64;65
575;3;1;3;0;131;38;60;43;0;90;40
575;2;1;3;0;131;38;56;52;0;117;65
575;3;1;3;0;131;34;53;48;0;117;50
575;2;1;3;0;101;34;53;48;0;72;65
575;2;1;3;0;111;38;53;46;0;117;40
575;2;1;3;0;111;34;56;40;0;72;50
575;2;1;3;0;111;46;53;49;0;72;40
575;3;1;3;0;131;46;56;52;0;72;65
575;3;1;3;0;111;38;56;52;0;90;50
576;3;1;3;0;281;79;176;80;0;270;180
576;3;1;3;0;211;59;179;66;0;351;144
576;3;1;3;0;281;59;183;66;0;216;144
576;3;1;3;0;234;59;183;66;0;351;234
576;3;1;3;0;234;66;183;70;0;216;234
576;3;1;3;0;211;66;183;70;0;351;180
576;3;1;3;0;211;79;179;82;0;270;144
576;3;1;3;0;211;66;176;72;0;270;234
576;3;1;3;0;234;79;183;91;0;270;234
577;3;1;3;0;184;48;109;52;0;130;64
577;2;1;3;0;184;48;105;62;0;169;104
577;2;1;3;0;184;43;102;56;0;169;80
577;3;1;3;0;144;43;102;56;0;104;104
577;2;1;3;0;157;48;102;54;0;169;64
577;3;1;3;0;157;43;105;49;0;104;80
577;3;1;3;0;157;58;102;58;0;104;64
577;3;1;3;0;184;58;105;62;0;104;104
577;3;1;3;0;157;48;105;62;0;130;80
578;3;1;3;0;255;54;109;62;0;160;88
578;3;1;3;0;255;54;101;72;0;208;143
578;3;1;3;0;255;49;95;66;0;208;110
578;3;1;3;0;194;49;95;66;0;128;143
578;3;1;3;0;214;54;95;64;0;208;88
578;3;1;3;0;214;49;101;56;0;128;110
578;3;1;3;0;214;65;95;70;0;128;88
578;3;1;3;0;255;65;101;72;0;128;143
578;3;1;3;0;214;54;101;72;0;160;110
579;2;1;4;0;225;58;115;58;0;150;90
579;2;1;4;0;181;43;120;49;0;195;72
579;3;1;4;0;225;43;126;50;0;120;72
579;2;1;4;0;196;43;126;50;0;195;117
579;3;1;4;0;196;48;126;52;0;120;117
579;1;1;4;0;181;48;126;52;0;195;90
579;3;1;4;0;181;58;120;62;0;150;72
579;2;1;4;0;181;48;115;54;0;150;117
579;2;1;4;0;196;58;126;70;0;150;117
580;2;1;2;0;200;49;122;53;0;120;64
580;2;1;2;0;200;49;118;62;0;156;104
580;2;1;2;0;200;44;115;56;0;156;80
580;2;1;2;0;152;44;115;56;0;96;104
580;2;1;2;0;168;49;115;54;0;156;64
580;2;1;2;0;168;44;118;49;0;96;80
580;3;1;2;0;168;59;115;58;0;96;64
580;2;1;2;0;200;59;118;62;0;96;104
580;3;1;2;0;168;49;118;62;0;120;80
581;2;1;3;0;339;74;170;78;0;220;180
581;2;1;3;0;257;56;176;64;0;286;144
581;2;1;3;0;339;56;184;66;0;176;144
581;2;1;3;0;284;56;184;66;0;286;234
581;2;1;3;0;284;62;184;70;0;176;234
581;2;1;3;0;257;62;184;70;0;286;180
581;2;1;3;0;257;74;176;82;0;220;144
581;2;1;3;0;257;62;170;72;0;220;234
581;2;1;3;0;284;74;184;94;0;220;234
582;2;1;4;0;193;62;50;66;0;170;95
582;2;1;4;0;150;47;56;53;0;221;76
582;2;1;4;0;193;47;64;57;0;136;76
582;2;1;4;0;164;47;64;57;0;221;123
582;2;1;4;0;164;52;64;57;0;136;123
582;2;1;4;0;150;52;64;57;0;221;95
582;2;1;4;0;150;62;56;70;0;170;76
582;2;1;4;0;150;52;50;62;0;170;123
582;2;1;4;0;164;62;64;82;0;170;123
583;2;1;4;0;251;58;139;58;0;140;95
583;2;1;4;0;205;43;144;49;0;182;76
583;3;1;4;0;251;43;150;50;0;112;76
583;2;1;4;0;220;43;150;50;0;182;123
583;2;1;4;0;220;48;150;52;0;112;123
583;2;1;4;0;205;48;150;52;0;182;95
583;2;1;4;0;205;58;144;62;0;140;76
583;2;1;4;0;205;48;139;54;0;140;123
583;2;1;4;0;220;58;150;70;0;140;123
584;2;1;3;0;178;45;100;49;0;120;56
584;2;1;3;0;178;45;96;57;0;156;91
584;2;1;3;0;178;40;93;53;0;156;70
584;2;1;3;0;133;40;93;53;0;96;91
584;2;1;3;0;148;45;93;52;0;156;56
584;2;1;3;0;148;40;96;46;0;96;70
584;3;1;3;0;148;54;93;56;0;96;56
584;2;1;3;0;178;54;96;58;0;96;91
584;2;1;3;0;148;45;96;57;0;120;70
585;2;0;2;0;128;50;76;53;0;143;60
585;2;0;2;0;117;50;73;52;0;143;78
585;2;0;2;0;150;50;80;62;0;143;48
585;3;0;2;0;117;42;76;53;0;88;48
585;2;0;2;0;150;38;76;43;0;110;78
585;3;0;2;0;128;38;73;50;0;110;48
585;3;0;2;0;117;50;80;62;0;88;60
585;3;0;2;0;117;38;80;45;0;110;60
585;2;0;2;0;150;42;73;48;0;88;60
586;3;0;2;0;135;38;65;43;0;80;40
586;2;0;2;0;135;38;61;52;0;104;65
586;2;0;2;0;135;34;58;48;0;104;50
586;3;0;2;0;106;34;58;48;0;64;65
586;3;0;2;0;116;38;58;45;0;104;40
586;2;0;2;0;116;34;61;40;0;64;50
586;2;0;2;0;116;46;58;49;0;64;40
586;3;0;2;0;135;46;61;50;0;64;65
586;1;0;2;0;116;38;61;52;0;80;50
587;2;0;3;0;205;49;69;56;0;150;76
587;2;0;3;0;205;49;61;70;0;195;123
587;2;0;3;0;205;44;55;64;0;195;95
587;2;0;3;0;159;44;55;64;0;120;123
587;2;0;3;0;174;49;55;58;0;195;76
587;2;0;3;0;174;44;61;52;0;120;95
587;2;0;3;0;174;59;55;64;0;120;76
587;2;0;3;0;205;59;61;66;0;120;123
587;2;0;3;0;174;49;61;70;0;150;95
588;2;0;4;0;72;22;48;26;0;65;25
588;2;0;4;0;69;22;46;25;0;65;32
588;3;0;4;0;79;22;50;32;0;65;20
588;2;0;4;0;69;18;48;26;0;40;20
588;2;0;4;0;79;16;48;19;0;50;32
588;2;0;4;0;72;16;46;24;0;50;20
588;3;0;4;0;69;22;50;32;0;40;25
588;2;0;4;0;69;16;50;20;0;50;25
588;2;0;4;0;79;18;46;22;0;40;25
589;3;0;5;0;210;52;142;56;0;150;68
589;1;0;5;0;210;52;138;64;0;195;110
589;1;0;5;0;210;47;135;62;0;195;85
589;1;0;5;0;167;47;135;62;0;120;110
589;3;0;5;0;181;52;135;58;0;195;68
589;1;0;5;0;181;47;138;53;0;120;85
589;3;0;5;0;181;62;135;64;0;120;68
589;1;0;5;0;210;62;138;66;0;120;110
589;1;0;5;0;181;52;138;64;0;150;85
590;2;1;3;0;252;56;167;62;0;170;76
590;2;1;3;0;252;56;163;66;0;221;123
590;2;1;3;0;252;50;160;64;0;221;95
590;3;1;3;0;196;50;160;64;0;136;123
590;2;1;3;0;215;56;160;62;0;221;76
590;3;1;3;0;215;50;163;56;0;136;95
590;3;1;3;0;215;67;160;70;0;136;76
590;3;1;3;0;252;67;163;70;0;136;123
590;3;1;3;0;215;56;163;66;0;170;95
591;2;1;2;0;193;52;64;57;0;170;84
591;2;1;2;0;193;52;56;72;0;221;136
591;2;1;2;0;193;47;50;66;0;221;105
591;2;1;2;0;150;47;50;66;0;136;136
591;2;1;2;0;164;52;50;62;0;221;84
591;2;1;2;0;164;47;56;53;0;136;105
591;2;1;2;0;164;62;50;66;0;136;84
591;2;1;2;0;193;62;56;70;0;136;136
591;2;1;2;0;164;52;56;72;0;170;105
592;2;1;3;0;186;60;143;64;0;208;90
592;2;1;3;0;168;60;140;62;0;208;117
592;2;1;3;0;221;60;147;72;0;208;72
592;3;1;3;0;168;50;143;62;0;128;72
592;2;1;3;0;221;45;143;50;0;160;117
592;2;1;3;0;186;45;140;57;0;160;72
592;3;1;3;0;168;60;147;72;0;128;90
592;1;1;3;0;168;45;147;52;0;160;90
592;3;1;3;0;221;50;140;56;0;128;90
593;3;0;2;0;157;96;74;99;0;100;60
593;2;0;2;0;119;72;77;83;0;130;48
593;3;0;2;0;157;72;81;86;0;80;48
593;2;0;2;0;132;72;81;86;0;130;78
593;3;0;2;0;132;80;81;90;0;80;78
593;2;0;2;0;119;80;81;90;0;130;60
593;3;0;2;0;119;96;77;106;0;100;48
593;2;0;2;0;119;80;74;95;0;100;78
593;3;0;2;0;132;96;81;123;0;100;78
594;2;0;2;0;125;96;49;106;0;156;70
594;1;0;2;0;114;96;44;99;0;156;91
594;3;0;2;0;146;96;55;123;0;156;56
594;3;0;2;0;114;80;49;106;0;96;56
594;2;0;2;0;146;72;49;83;0;120;91
594;2;0;2;0;125;72;44;99;0;120;56
594;3;0;2;0;114;96;55;123;0;96;70
594;2;0;2;0;114;72;55;86;0;120;70
594;3;0;2;0;146;80;44;91;0;96;70
595;2;0;2;0;298;148;140;156;0;200;115
595;2;0;2;0;232;111;146;128;0;260;92
595;2;0;2;0;298;111;154;132;0;160;92
595;2;0;2;0;254;111;154;132;0;260;149
595;2;0;2;0;254;123;154;132;0;160;149
595;2;0;2;0;232;123;154;132;0;260;115
595;2;0;2;0;232;148;146;161;0;200;92
595;2;0;2;0;232;123;140;144;0;200;149
595;2;0;2;0;254;148;154;189;0;200;149
596;3;0;3;0;120;80;55;90;0;110;52
596;3;0;3;0;120;80;51;103;0;143;84
596;3;0;3;0;120;72;48;98;0;143;65
596;3;0;3;0;99;72;48;98;0;88;84
596;3;0;3;0;106;80;48;91;0;143;52
596;3;0;3;0;106;72;51;83;0;88;65
596;3;0;3;0;106;96;48;99;0;88;52
596;3;0;3;0;120;96;51;103;0;88;84
596;3;0;3;0;106;80;51;103;0;110;65
597;2;0;4;0;125;96;49;106;0;156;80
597;2;0;4;0;114;96;44;99;0;156;104
597;2;0;4;0;146;96;55;123;0;156;64
597;3;0;4;0;114;80;49;106;0;96;64
597;2;0;4;0;146;72;49;83;0;120;104
597;2;0;4;0;125;72;44;99;0;120;64
597;3;0;4;0;114;96;55;123;0;96;80
597;2;0;4;0;114;72;55;86;0;120;80
597;3;0;4;0;146;80;44;91;0;96;80
598;2;1;3;0;308;139;143;156;0;250;144
598;2;1;3;0;308;139;133;189;0;325;234
598;2;1;3;0;308;125;125;172;0;325;180
598;2;1;3;0;236;125;125;172;0;200;234
598;2;1;3;0;260;139;125;161;0;325;144
598;2;1;3;0;260;125;133;139;0;200;180
598;3;1;3;0;260;167;125;177;0;200;144
598;3;1;3;0;308;167;133;189;0;200;234
598;2;1;3;0;260;139;133;189;0;250;180
599;2;0;2;0;92;84;37;98;0;143;60
599;2;0;2;0;85;84;34;91;0;143;78
599;3;0;2;0;106;84;41;111;0;143;48
599;3;0;2;0;85;70;37;98;0;88;48
599;2;0;2;0;106;63;37;76;0;110;78
599;2;0;2;0;92;63;34;91;0;110;48
599;3;0;2;0;85;84;41;111;0;88;60
599;1;0;2;0;85;63;41;80;0;110;60
599;2;0;2;0;106;70;34;86;0;88;60
600;2;0;2;0;171;91;96;99;0;120;64
600;2;0;2;0;171;91;92;116;0;156;104
600;2;0;2;0;171;82;89;108;0;156;80
600;3;0;2;0;131;82;89;108;0;96;104
600;2;0;2;0;144;91;89;103;0;156;64
600;3;0;2;0;144;82;92;95;0;96;80
600;3;0;2;0;144;109;89;114;0;96;64
600;3;0;2;0;171;109;92;116;0;96;104
600;2;0;2;0;144;91;92;116;0;120;80
601;3;0;2;0;149;108;94;114;0;143;65
601;2;0;2;0;134;108;91;111;0;143;84
601;3;0;2;0;179;108;98;128;0;143;52
601;3;0;2;0;134;90;94;114;0;88;52
601;2;0;2;0;179;81;94;91;0;110;84
601;3;0;2;0;149;81;91;106;0;110;52
601;3;0;2;0;134;108;98;128;0;88;65
601;3;0;2;0;134;81;98;95;0;110;65
601;3;0;2;0;179;90;91;99;0;88;65
602;3;0;3;0;254;111;117;123;0;180;104
602;2;0;3;0;254;111;109;149;0;234;169
602;2;0;3;0;254;100;103;139;0;234;130
602;3;0;3;0;193;100;103;139;0;144;169
602;2;0;3;0;213;111;103;132;0;234;104
602;3;0;3;0;213;100;109;114;0;144;130
602;3;0;3;0;213;133;103;144;0;144;104
602;2;0;3;0;254;133;109;149;0;144;169
602;3;0;3;0;213;111;109;149;0;180;130
603;3;0;3;0;106;70;41;83;0;80;36
603;3;0;3;0;106;70;37;98;0;104;58
603;3;0;3;0;106;63;34;91;0;104;45
603;3;0;3;0;85;63;34;91;0;64;58
603;3;0;3;0;92;70;34;86;0;104;36
603;3;0;3;0;92;63;37;76;0;64;45
603;3;0;3;0;92;84;34;91;0;64;36
603;3;0;3;0;106;84;37;98;0;64;58
603;3;0;3;0;92;70;37;98;0;80;45
604;2;0;3;0;205;118;55;128;0;180;110
604;2;0;3;0;159;88;61;103;0;234;88
604;3;0;3;0;205;88;69;108;0;144;88
604;2;0;3;0;174;88;69;108;0;234;143
604;3;0;3;0;174;98;69;111;0;144;143
604;2;0;3;0;159;98;69;111;0;234;110
604;3;0;3;0;159;118;61;132;0;180;88
604;2;0;3;0;159;98;55;116;0;180;143
604;3;0;3;0;174;118;69;161;0;180;143
605;3;0;2;0;171;91;96;99;0;120;64
605;2;0;2;0;171;91;92;116;0;156;104
605;2;0;2;0;171;82;89;108;0;156;80
605;3;0;2;0;131;82;89;108;0;96;104
605;2;0;2;0;144;91;89;103;0;156;64
605;3;0;2;0;144;82;92;95;0;96;80
605;3;0;2;0;144;109;89;114;0;96;64
605;3;0;2;0;171;109;92;116;0;96;104
605;2;0;2;0;144;91;92;116;0;120;80
606;2;0;3;0;106;70;41;83;0;90;44
606;3;0;3;0;106;70;37;98;0;117;71
606;2;0;3;0;106;63;34;91;0;117;55
606;2;0;3;0;85;63;34;91;0;72;71
606;2;0;3;0;92;70;34;86;0;117;44
606;2;0;3;0;92;63;37;76;0;72;55
606;2;0;3;0;92;84;34;91;0;72;44
606;2;0;3;0;106;84;37;98;0;72;71
606;2;0;3;0;92;70;37;98;0;90;55
607;2;0;4;0;247;154;80;177;0;286;130
607;2;0;4;0;224;154;71;165;0;286;169
607;3;0;4;0;292;154;92;210;0;286;104
607;3;0;4;0;224;128;80;182;0;176;104
607;2;0;4;0;292;115;80;132;0;220;169
607;2;0;4;0;247;115;71;165;0;220;104
607;2;0;4;0;224;154;92;210;0;176;130
607;2;0;4;0;224;115;92;144;0;220;130
607;3;0;4;0;292;128;71;156;0;176;130
608;2;1;2;0;218;127;69;139;0;160;105
608;2;1;2;0;166;95;75;111;0;208;84
608;3;1;2;0;218;95;83;116;0;128;84
608;2;1;2;0;183;95;83;116;0;208;136
608;3;1;2;0;183;106;83;123;0;128;136
608;2;1;2;0;166;106;83;123;0;208;105
608;3;1;2;0;166;127;75;144;0;160;84
608;2;1;2;0;166;106;69;128;0;160;136
608;3;1;2;0;183;127;83;172;0;160;136
609;2;1;2;0;106;84;34;91;0;90;50
609;2;1;2;0;85;63;37;76;0;117;40
609;2;1;2;0;106;63;41;80;0;72;40
609;2;1;2;0;92;63;41;80;0;117;65
609;2;1;2;0;92;70;41;83;0;72;65
609;2;1;2;0;85;70;41;83;0;117;50
609;1;1;2;0;85;84;37;98;0;90;40
609;2;1;2;0;85;70;34;86;0;90;65
609;1;1;2;0;92;84;41;111;0;90;65
610;3;1;3;0;143;80;70;90;0;100;48
610;3;1;3;0;143;80;66;103;0;130;78
610;3;1;3;0;143;72;63;98;0;130;60
610;3;1;3;0;110;72;63;98;0;80;78
610;3;1;3;0;121;80;63;91;0;130;48
610;3;1;3;0;121;72;66;83;0;80;60
610;3;1;3;0;121;96;63;98;0;80;48
610;3;1;3;0;143;96;66;103;0;80;78
610;3;1;3;0;121;80;66;103;0;100;60
611;2;1;5;0;164;96;57;99;0;120;70
611;2;1;5;0;125;72;62;83;0;156;56
611;3;1;5;0;164;72;68;90;0;96;56
611;2;1;5;0;138;72;68;90;0;156;91
611;2;1;5;0;138;80;68;90;0;96;91
611;2;1;5;0;125;80;68;90;0;156;70
611;3;1;5;0;125;96;62;106;0;120;56
611;2;1;5;0;125;80;57;95;0;120;91
611;1;1;5;0;138;96;68;123;0;120;91
612;3;1;3;0;192;119;109;144;0;169;70
612;3;1;3;0;176;119;103;132;0;169;91
612;3;1;3;0;224;119;117;165;0;169;56
612;3;1;3;0;176;99;109;144;0;104;56
612;2;1;3;0;224;89;109;108;0;130;91
612;3;1;3;0;192;89;103;132;0;130;56
612;3;1;3;0;176;119;117;165;0;104;70
612;3;1;3;0;176;89;117;114;0;130;70
612;3;1;3;0;224;99;103;128;0;104;70
613;3;1;3;0;164;108;92;108;0;150;95
613;2;1;3;0;125;81;95;91;0;195;76
613;3;1;3;0;164;81;99;95;0;120;76
613;2;1;3;0;138;81;99;95;0;195;123
613;3;1;3;0;138;90;99;98;0;120;123
613;2;1;3;0;125;90;99;98;0;195;95
613;3;1;3;0;125;108;95;114;0;150;76
613;3;1;3;0;125;90;92;99;0;150;123
613;3;1;3;0;138;108;99;128;0;150;123
614;2;0;2;0;236;148;63;156;0;190;115
614;2;0;2;0;182;111;71;128;0;247;92
614;3;0;2;0;236;111;81;132;0;152;92
614;2;0;2;0;200;111;81;132;0;247;149
614;3;0;2;0;200;123;81;139;0;152;149
614;2;0;2;0;182;123;81;139;0;247;115
614;2;0;2;0;182;148;71;165;0;190;92
614;2;0;2;0;182;123;63;144;0;190;149
614;2;0;2;0;200;148;81;198;0;190;149
615;3;0;2;0;222;108;89;123;0;170;84
615;2;0;2;0;222;108;81;149;0;221;136
615;1;0;2;0;222;97;75;139;0;221;105
615;1;0;2;0;173;97;75;139;0;136;136
615;2;0;2;0;189;108;75;128;0;221;84
615;3;0;2;0;189;97;81;114;0;136;105
615;3;0;2;0;189;130;75;139;0;136;84
615;2;0;2;0;222;130;81;149;0;136;136
615;1;0;2;0;189;108;81;149;0;170;105
616;2;0;2;0;247;154;80;177;0;286;135
616;2;0;2;0;224;154;71;165;0;286;175
616;3;0;2;0;292;154;92;210;0;286;108
616;3;0;2;0;224;128;80;182;0;176;108
616;2;0;2;0;292;115;80;132;0;220;175
616;3;0;2;0;247;115;71;165;0;220;108
616;3;0;2;0;224;154;92;210;0;176;135
616;2;0;2;0;224;115;92;144;0;220;135
616;2;0;2;0;292;128;71;156;0;176;135
617;2;0;2;0;125;76;53;86;0;90;48
617;2;0;2;0;125;76;49;99;0;117;78
617;2;0;2;0;125;68;46;95;0;117;60
617;3;0;2;0;94;68;46;95;0;72;78
617;2;0;2;0;104;76;46;90;0;117;48
617;2;0;2;0;104;68;49;80;0;72;60
617;2;0;2;0;104;91;46;95;0;72;48
617;3;0;2;0;125;91;49;99;0;72;78
617;2;0;2;0;104;76;49;99;0;90;60
618;2;0;2;0;200;148;71;165;0;273;135
618;2;0;2;0;182;148;63;156;0;273;175
618;2;0;2;0;236;148;81;198;0;273;108
618;2;0;2;0;182;123;71;172;0;168;108
618;2;0;2;0;236;111;71;128;0;210;175
618;2;0;2;0;200;111;63;156;0;210;108
618;2;0;2;0;182;148;81;198;0;168;135
618;2;0;2;0;182;111;81;132;0;210;135
618;2;0;2;0;236;123;63;144;0;168;135
619;2;0;2;0;308;167;125;177;0;250;155
619;2;0;2;0;236;125;133;139;0;325;124
619;3;0;2;0;308;125;143;149;0;200;124
619;2;0;2;0;260;125;143;149;0;325;201
619;3;0;2;0;260;139;143;156;0;200;201
619;2;0;2;0;236;139;143;156;0;325;155
619;3;0;2;0;236;167;133;189;0;250;124
619;2;0;2;0;236;139;125;161;0;250;201
619;2;0;2;0;260;167;143;215;0;250;201
620;2;0;3;0;106;70;41;83;0;90;56
620;2;0;3;0;106;70;37;98;0;117;91
620;2;0;3;0;106;63;34;91;0;117;70
620;3;0;3;0;85;63;34;91;0;72;91
620;2;0;3;0;92;70;34;86;0;117;56
620;2;0;3;0;92;63;37;76;0;72;70
620;3;0;3;0;92;84;34;91;0;72;56
620;3;0;3;0;106;84;37;98;0;72;91
620;3;0;3;0;92;70;37;98;0;90;70
621;2;0;3;0;116;74;40;80;0;80;55
621;2;0;3;0;89;56;43;63;0;104;44
621;2;0;3;0;116;56;47;65;0;64;44
621;2;0;3;0;98;56;47;65;0;104;71
621;2;0;3;0;98;62;47;68;0;64;71
621;2;0;3;0;89;62;47;68;0;104;55
621;2;0;3;0;89;74;43;83;0;80;44
621;2;0;3;0;89;62;40;71;0;80;71
621;2;0;3;0;98;74;47;95;0;80;71
622;3;0;3;0;216;127;68;132;0;170;100
622;2;0;3;0;165;95;74;108;0;221;80
622;3;0;3;0;216;95;82;116;0;136;80
622;2;0;3;0;182;95;82;116;0;221;130
622;3;0;3;0;182;106;82;116;0;136;130
622;3;0;3;0;165;106;82;116;0;221;100
622;2;0;3;0;165;127;74;144;0;170;80
622;3;0;3;0;165;106;68;128;0;170;130
622;3;0;3;0;182;127;82;165;0;170;130
623;3;0;3;0;142;96;66;98;0;100;65
623;2;0;3;0;106;72;69;83;0;130;52
623;3;0;3;0;142;72;73;86;0;80;52
623;2;0;3;0;118;72;73;86;0;130;84
623;3;0;3;0;118;80;73;90;0;80;84
623;2;0;3;0;106;80;73;90;0;130;65
623;3;0;3;0;106;96;69;103;0;100;52
623;3;0;3;0;106;80;66;91;0;100;84
623;3;0;3;0;118;96;73;116;0;100;84
624;3;0;3;0;132;83;80;98;0;130;68
624;2;0;3;0;132;83;74;116;0;169;110
624;2;0;3;0;132;75;69;108;0;169;85
624;3;0;3;0;102;75;69;108;0;104;110
624;2;0;3;0;112;83;69;103;0;169;68
624;3;0;3;0;112;75;74;91;0;104;85
624;3;0;3;0;112;100;69;111;0;104;68
624;3;0;3;0;132;100;74;116;0;104;110
624;2;0;3;0;112;83;74;116;0;130;85
625;2;0;4;0;255;130;100;139;0;200;120
625;2;0;4;0;194;97;106;114;0;260;96
625;3;0;4;0;255;97;114;123;0;160;96
625;2;0;4;0;214;97;114;123;0;260;156
625;3;0;4;0;214;108;114;123;0;160;156
625;2;0;4;0;194;108;114;123;0;260;120
625;3;0;4;0;194;130;106;149;0;200;96
625;2;0;4;0;194;108;100;128;0;200;156
625;2;0;4;0;214;130;114;172;0;200;156
626;2;1;2;0;190;103;83;108;0;130;100
626;2;1;2;0;151;77;88;90;0;169;80
626;3;1;2;0;190;77;94;91;0;104;80
626;2;1;2;0;164;77;94;91;0;169;130
626;3;1;2;0;164;86;94;95;0;104;130
626;2;1;2;0;151;86;94;95;0;169;100
626;2;1;2;0;151;103;88;111;0;130;80
626;2;1;2;0;151;86;83;99;0;130;130
626;2;1;2;0;164;103;94;128;0;130;130
627;3;1;2;0;233;137;128;156;0;195;90
627;2;1;2;0;210;137;122;149;0;195;117
627;3;1;2;0;278;137;136;177;0;195;72
627;3;1;2;0;210;114;128;156;0;120;72
627;2;1;2;0;278;103;128;123;0;150;117
627;3;1;2;0;233;103;122;144;0;150;72
627;3;1;2;0;210;137;136;177;0;120;90
627;2;1;2;0;210;103;136;128;0;150;90
627;3;1;2;0;278;114;122;132;0;120;90
628;2;1;2;0;146;96;44;99;0;120;85
628;2;1;2;0;114;72;49;83;0;156;68
628;3;1;2;0;146;72;55;86;0;96;68
628;2;1;2;0;125;72;55;86;0;156;110
628;3;1;2;0;125;80;55;90;0;96;110
628;2;1;2;0;114;80;55;90;0;156;85
628;2;1;2;0;114;96;49;106;0;120;68
628;2;1;2;0;114;80;44;91;0;120;110
628;2;1;2;0;125;96;55;123;0;120;110
629;3;1;2;0;149;100;68;103;0;110;75
629;2;1;2;0;114;75;71;86;0;143;60
629;3;1;2;0;149;75;75;90;0;88;60
629;1;1;2;0;126;75;75;90;0;143;97
629;2;1;2;0;126;83;75;91;0;88;97
629;2;1;2;0;114;83;75;91;0;143;75
629;3;1;2;0;114;100;71;108;0;110;60
629;2;1;2;0;114;83;68;98;0;110;97
629;3;1;2;0;126;100;75;123;0;110;97
630;3;1;2;0;179;114;124;123;0;143;65
630;2;1;2;0;161;114;121;116;0;143;84
630;3;1;2;0;215;114;128;139;0;143;52
630;3;1;2;0;161;95;124;123;0;88;52
630;2;1;2;0;215;85;124;95;0;110;84
630;3;1;2;0;179;85;121;111;0;110;52
630;3;1;2;0;161;114;128;139;0;88;65
630;3;1;2;0;161;85;128;99;0;110;65
630;3;1;2;0;215;95;121;106;0;88;65
631;2;1;2;0;214;127;70;139;0;210;130
631;2;1;2;0;163;95;76;111;0;273;104
631;2;1;2;0;214;95;84;116;0;168;104
631;2;1;2;0;180;95;84;116;0;273;169
631;2;1;2;0;180;106;84;123;0;168;169
631;2;1;2;0;163;106;84;123;0;273;130
631;2;1;2;0;163;127;76;144;0;210;104
631;2;1;2;0;163;106;70;128;0;210;169
631;2;1;2;0;180;127;84;172;0;210;169
632;2;1;2;0;173;130;65;149;0;221;95
632;2;1;2;0;157;130;59;139;0;221;123
632;2;1;2;0;206;130;73;172;0;221;76
632;3;1;2;0;157;108;65;149;0;136;76
632;2;1;2;0;206;97;65;114;0;170;123
632;3;1;2;0;173;97;59;139;0;170;76
632;3;1;2;0;157;130;73;172;0;136;95
632;3;1;2;0;157;97;73;123;0;170;95
632;3;1;2;0;206;108;59;128;0;136;95
633;2;1;2;0;247;154;80;177;0;260;140
633;2;1;2;0;224;154;71;165;0;260;182
633;2;1;2;0;292;154;92;210;0;260;112
633;3;1;2;0;224;128;80;182;0;160;112
633;2;1;2;0;292;115;80;132;0;200;182
633;2;1;2;0;247;115;71;165;0;200;112
633;3;1;2;0;224;154;92;210;0;160;140
633;2;1;2;0;224;115;92;144;0;200;140
633;3;1;2;0;292;128;71;156;0;160;140
634;2;1;2;0;214;114;120;114;0;150;105
634;3;1;2;0;160;85;123;95;0;195;84
634;3;1;2;0;214;85;127;98;0;120;84
634;1;1;2;0;178;85;127;98;0;195;136
634;3;1;2;0;178;95;127;99;0;120;136
634;2;1;2;0;160;95;127;99;0;195;105
634;2;1;2;0;160;114;123;116;0;150;84
634;2;1;2;0;160;95;120;103;0;150;136
634;2;1;2;0;178;114;127;128;0;150;136
635;3;1;2;0;105;42;70;58;0;50;20
635;3;1;2;0;105;42;66;76;0;65;32
635;3;1;2;0;105;38;63;68;0;65;25
635;3;1;2;0;81;38;63;68;0;40;32
635;3;1;2;0;89;42;63;63;0;65;20
635;3;1;2;0;89;38;66;53;0;40;25
635;3;1;2;0;89;50;63;70;0;40;20
635;3;1;2;0;105;50;66;76;0;40;32
635;3;1;2;0;89;42;66;76;0;50;25
636;3;1;3;0;156;100;74;103;0;110;65
636;2;1;3;0;120;75;77;86;0;143;52
636;3;1;3;0;156;75;81;90;0;88;52
636;2;1;3;0;132;75;81;90;0;143;84
636;3;1;3;0;132;83;81;91;0;88;84
636;3;1;3;0;120;83;81;91;0;143;65
636;3;1;3;0;120;100;77;108;0;110;52
636;2;1;3;0;120;83;74;98;0;110;84
636;3;1;3;0;132;100;81;123;0;110;84
637;3;1;3;0;172;100;91;99;0;100;65
637;2;1;3;0;129;75;94;83;0;130;52
637;3;1;3;0;172;75;98;90;0;80;52
637;2;1;3;0;143;75;98;90;0;130;84
637;3;1;3;0;143;83;98;90;0;80;84
637;2;1;3;0;129;83;98;90;0;130;65
637;3;1;3;0;129;100;94;106;0;100;52
637;3;1;3;0;129;83;91;95;0;100;84
637;3;1;3;0;143;100;98;123;0;100;84
638;3;1;3;0;239;130;82;139;0;170;100
638;2;1;3;0;182;97;88;111;0;221;80
638;3;1;3;0;239;97;96;116;0;136;80
638;2;1;3;0;201;97;96;116;0;221;130
638;3;1;3;0;201;108;96;123;0;136;130
638;2;1;3;0;182;108;96;123;0;221;100
638;3;1;3;0;182;130;88;144;0;170;80
638;3;1;3;0;182;108;82;128;0;170;130
638;3;1;3;0;201;130;96;172;0;170;130
639;3;1;3;0;205;98;69;111;0;140;76
639;2;1;3;0;205;98;61;139;0;182;123
639;2;1;3;0;205;88;55;128;0;182;95
639;2;1;3;0;159;88;55;128;0;112;123
639;2;1;3;0;174;98;55;116;0;182;76
639;2;1;3;0;174;88;61;103;0;112;95
639;3;1;3;0;174;118;55;128;0;112;76
639;2;1;3;0;205;118;61;132;0;112;123
639;2;1;3;0;174;98;61;139;0;140;95
640;2;1;3;0;251;154;114;182;0;286;130
640;2;1;3;0;227;154;105;172;0;286;169
640;1;1;3;0;299;154;126;215;0;286;104
640;3;1;3;0;227;128;114;189;0;176;104
640;2;1;3;0;299;115;114;139;0;220;169
640;3;1;3;0;251;115;105;172;0;220;104
640;3;1;3;0;227;154;126;215;0;176;130
640;2;1;3;0;227;115;126;149;0;220;130
640;2;1;3;0;299;128;105;161;0;176;130
641;3;1;3;0;118;52;67;90;0;70;36
641;3;1;3;0;118;52;63;106;0;91;58
641;3;1;3;0;118;47;60;98;0;91;45
641;3;1;3;0;91;47;60;98;0;56;58
641;2;1;3;0;100;52;60;91;0;91;36
641;3;1;3;0;100;47;63;83;0;56;45
641;3;1;3;0;100;62;60;99;0;56;36
641;3;1;3;0;118;62;63;106;0;56;58
641;3;1;3;0;100;52;63;106;0;70;45
642;3;1;4;0;224;133;74;144;0;170;105
642;2;1;4;0;170;100;80;114;0;221;84
642;2;1;4;0;224;100;88;123;0;136;84
642;2;1;4;0;188;100;88;123;0;221;136
642;2;1;4;0;188;111;88;123;0;136;136
642;2;1;4;0;170;111;88;123;0;221;105
642;2;1;4;0;170;133;80;149;0;170;84
642;2;1;4;0;170;111;74;132;0;170;136
642;3;1;4;0;188;133;88;172;0;170;136
643;3;1;4;0;188;86;112;95;0;110;52
643;2;1;4;0;188;86;108;111;0;143;84
643;1;1;4;0;188;77;105;103;0;143;65
643;2;1;4;0;142;77;105;103;0;88;84
643;2;1;4;0;157;86;105;98;0;143;52
643;2;1;4;0;157;77;108;90;0;88;65
643;3;1;4;0;157;103;105;106;0;88;52
643;2;1;4;0;188;103;108;111;0;88;84
643;3;1;4;0;157;86;108;111;0;110;65
644;3;1;4;0;263;127;102;132;0;150;130
644;3;1;4;0;200;95;108;108;0;195;104
644;3;1;4;0;263;95;116;116;0;120;104
644;3;1;4;0;221;95;116;116;0;195;169
644;3;1;4;0;221;106;116;116;0;120;169
644;2;1;4;0;200;106;116;116;0;195;130
644;3;1;4;0;200;127;108;144;0;150;104
644;3;1;4;0;200;106;102;128;0;150;169
644;3;1;4;0;221;127;116;165;0;150;169
645;2;1;4;0;200;148;71;165;0;247;120
645;2;1;4;0;182;148;63;156;0;247;156
645;2;1;4;0;236;148;81;198;0;247;96
645;3;1;4;0;182;123;71;172;0;152;96
645;2;1;4;0;236;111;71;128;0;190;156
645;2;1;4;0;200;111;63;156;0;190;96
645;3;1;4;0;182;148;81;198;0;152;120
645;2;1;4;0;182;111;81;132;0;190;120
645;3;1;4;0;236;123;63;144;0;152;120
646;2;1;3;0;300;158;115;172;0;220;145
646;2;1;3;0;228;119;123;139;0;286;116
646;3;1;3;0;300;119;133;144;0;176;116
646;2;1;3;0;252;119;133;144;0;286;188
646;3;1;3;0;252;132;133;149;0;176;188
646;2;1;3;0;228;132;133;149;0;286;145
646;2;1;3;0;228;158;123;177;0;220;116
646;2;1;3;0;228;132;115;156;0;220;188
646;2;1;3;0;252;158;133;210;0;220;188
647;3;1;4;0;167;124;59;144;0;221;105
647;3;1;4;0;151;124;53;132;0;221;136
647;3;1;4;0;198;124;67;165;0;221;84
647;3;1;4;0;151;103;59;144;0;136;84
647;3;1;4;0;198;93;59;108;0;170;136
647;3;1;4;0;167;93;53;132;0;170;84
647;3;1;4;0;151;124;67;165;0;136;105
647;3;1;4;0;151;93;67;114;0;170;105
647;3;1;4;0;198;103;53;123;0;136;105
648;2;1;4;0;106;91;51;99;0;143;75
648;2;1;4;0;96;91;48;95;0;143;97
648;2;1;4;0;125;91;55;114;0;143;60
648;3;1;4;0;96;76;51;99;0;88;60
648;2;1;4;0;125;68;51;80;0;110;97
648;3;1;4;0;106;68;48;95;0;110;60
648;3;1;4;0;96;91;55;114;0;88;75
648;3;1;4;0;96;68;55;83;0;110;75
648;3;1;4;0;125;76;48;90;0;88;75
649;3;0;2;0;248;95;133;116;0;140;64
649;2;0;2;0;248;95;125;144;0;182;104
649;2;0;2;0;248;85;119;132;0;182;80
649;3;0;2;0;197;85;119;132;0;112;104
649;2;0;2;0;214;95;119;128;0;182;64
649;3;0;2;0;214;85;125;108;0;112;80
649;3;0;2;0;214;114;119;132;0;112;64
649;3;0;2;0;248;114;125;144;0;112;104
649;3;0;2;0;214;95;125;144;0;140;80
650;3;0;3;0;354;154;190;161;0;190;125
650;2;0;3;0;279;115;196;128;0;247;100
650;3;0;3;0;354;115;204;132;0;152;100
650;2;0;3;0;304;115;204;132;0;247;162
650;3;0;3;0;304;128;204;139;0;152;162
650;2;0;3;0;279;128;204;139;0;247;125
650;3;0;3;0;279;154;196;165;0;190;100
650;2;0;3;0;279;128;190;144;0;190;162
650;3;0;3;0;304;154;204;189;0;190;162
651;3;0;4;0;200;148;71;165;0;273;155
651;3;0;4;0;182;148;63;156;0;273;201
651;3;0;4;0;236;148;81;198;0;273;124
651;3;0;4;0;182;123;71;172;0;168;124
651;3;0;4;0;236;111;71;128;0;210;201
651;3;0;4;0;200;111;63;156;0;210;124
651;3;0;4;0;182;148;81;198;0;168;155
651;3;0;4;0;182;111;81;132;0;210;155
651;2;0;4;0;236;123;63;144;0;168;155
652;3;1;2;0;236;123;81;139;0;210;100
652;3;1;2;0;236;123;71;172;0;273;162
652;3;1;2;0;236;111;63;156;0;273;125
652;3;1;2;0;182;111;63;156;0;168;162
652;3;1;2;0;200;123;63;144;0;273;100
652;3;1;2;0;200;111;71;128;0;168;125
652;3;1;2;0;200;148;63;156;0;168;100
652;3;1;2;0;236;148;71;165;0;168;162
652;3;1;2;0;200;123;71;172;0;210;125
653;3;1;2;0;170;109;84;114;0;110;80
653;2;1;2;0;128;82;87;95;0;143;64
653;3;1;2;0;170;82;91;98;0;88;64
653;2;1;2;0;142;82;91;98;0;143;104
653;3;1;2;0;142;91;91;99;0;88;104
653;2;1;2;0;128;91;91;99;0;143;80
653;3;1;2;0;128;109;87;116;0;110;64
653;2;1;2;0;128;91;84;103;0;110;104
653;2;1;2;0;142;109;91;132;0;110;104
654;3;1;3;0;200;100;112;99;0;130;65
654;3;1;3;0;152;75;115;83;0;169;52
654;3;1;3;0;200;75;119;86;0;104;52
654;2;1;3;0;168;75;119;86;0;169;84
654;3;1;3;0;168;83;119;90;0;104;84
654;2;1;3;0;152;83;119;90;0;169;65
654;3;1;3;0;152;100;115;103;0;130;52
654;3;1;3;0;152;83;112;91;0;130;84
654;3;1;3;0;168;100;119;111;0;130;84
655;2;1;4;0;210;12;77;14;0;170;84
655;2;1;4;0;210;12;69;19;0;221;136
655;2;1;4;0;210;11;63;19;0;221;105
655;2;1;4;0;160;11;63;19;0;136;136
655;2;1;4;0;177;12;63;15;0;221;84
655;2;1;4;0;177;11;69;14;0;136;105
655;2;1;4;0;177;14;63;14;0;136;84
655;2;1;4;0;210;14;69;15;0;136;136
655;2;1;4;0;177;12;69;19;0;170;105
656;2;0;2;0;205;84;69;94;0;140;76
656;2;0;2;0;205;84;61;118;0;182;123
656;2;0;2;0;205;76;55;109;0;182;95
656;2;0;2;0;159;76;55;109;0;112;123
656;2;0;2;0;174;84;55;99;0;182;76
656;2;0;2;0;174;76;61;88;0;112;95
656;2;0;2;0;174;101;55;109;0;112;76
656;2;0;2;0;205;101;61;112;0;112;123
656;2;0;2;0;174;84;61;118;0;140;95
657;2;0;3;0;108;82;53;88;0;156;70
657;2;0;3;0;97;82;50;84;0;156;91
657;2;0;3;0;130;82;57;99;0;156;56
657;3;0;3;0;97;68;53;88;0;96;56
657;2;0;3;0;130;61;53;71;0;120;91
657;2;0;3;0;108;61;50;84;0;120;56
657;3;0;3;0;97;82;57;99;0;96;70
657;3;0;3;0;97;61;57;74;0;120;70
657;2;0;3;0;130;68;50;78;0;96;70
658;3;0;3;0;160;81;88;84;0;110;60
658;3;0;3;0;160;81;84;99;0;143;97
658;3;0;3;0;160;73;81;92;0;143;75
658;3;0;3;0;120;73;81;92;0;88;97
658;3;0;3;0;133;81;81;90;0;143;60
658;3;0;3;0;133;73;84;81;0;88;75
658;3;0;3;0;133;97;81;97;0;88;60
658;3;0;3;0;160;97;84;105;0;88;97
658;3;0;3;0;133;81;84;99;0;110;75
659;2;0;3;0;114;72;39;81;0;90;60
659;2;0;3;0;88;54;42;65;0;117;48
659;2;0;3;0;114;54;46;71;0;72;48
659;2;0;3;0;97;54;46;71;0;117;78
659;2;0;3;0;97;60;46;71;0;72;78
659;2;0;3;0;88;60;46;71;0;117;60
659;2;0;3;0;88;72;42;84;0;90;48
659;2;0;3;0;88;60;39;76;0;90;78
659;2;0;3;0;97;72;46;97;0;90;78
660;2;0;3;0;62;101;38;105;0;143;80
660;2;0;3;0;57;101;36;99;0;143;104
660;2;0;3;0;72;101;40;109;0;143;64
660;2;0;3;0;57;84;38;94;0;88;64
660;2;0;3;0;72;76;38;84;0;110;104
660;2;0;3;0;62;76;36;88;0;110;64
660;2;0;3;0;57;101;40;109;0;88;80
660;1;0;3;0;57;76;40;84;0;110;80
660;2;0;3;0;72;84;36;90;0;88;80
661;2;0;3;0;336;146;84;165;0;270;170
661;2;0;3;0;257;110;95;133;0;351;136
661;2;0;3;0;336;110;109;137;0;216;136
661;2;0;3;0;283;110;109;137;0;351;221
661;2;0;3;0;283;122;109;140;0;216;221
661;2;0;3;0;257;122;109;140;0;351;170
661;2;0;3;0;257;146;95;174;0;270;136
661;2;0;3;0;257;122;84;150;0;270;221
661;2;0;3;0;283;146;109;207;0;270;221
662;2;0;4;0;106;60;41;71;0;110;52
662;2;0;4;0;106;60;37;84;0;143;84
662;2;0;4;0;106;54;34;78;0;143;65
662;2;0;4;0;85;54;34;78;0;88;84
662;2;0;4;0;92;60;34;74;0;143;52
662;2;0;4;0;92;54;37;65;0;88;65
662;2;0;4;0;92;72;34;78;0;88;52
662;2;0;4;0;106;72;37;84;0;88;84
662;2;0;4;0;92;60;37;84;0;110;65
663;2;0;4;0;167;89;60;92;0;130;100
663;2;0;4;0;128;67;65;76;0;169;80
663;3;0;4;0;167;67;71;78;0;104;80
663;2;0;4;0;141;67;71;78;0;169;130
663;3;0;4;0;141;74;71;81;0;104;130
663;2;0;4;0;128;74;71;81;0;169;100
663;2;0;4;0;128;89;65;97;0;130;80
663;2;0;4;0;128;74;60;84;0;130;130
663;2;0;4;0;141;89;71;109;0;130;130
664;2;0;3;0;92;72;37;84;0;143;60
664;2;0;3;0;85;72;34;78;0;143;78
664;2;0;3;0;106;72;41;94;0;143;48
664;2;0;3;0;85;60;37;84;0;88;48
664;2;0;3;0;106;54;37;65;0;110;78
664;2;0;3;0;92;54;34;78;0;110;48
664;2;0;3;0;85;72;41;94;0;88;60
664;2;0;3;0;85;54;41;68;0;110;60
664;2;0;3;0;106;60;34;74;0;88;60
665;2;0;5;0;132;78;54;84;0;90;60
665;2;0;5;0;102;58;57;68;0;117;48
665;2;0;5;0;132;58;61;71;0;72;48
665;2;0;5;0;112;58;61;71;0;117;78
665;2;0;5;0;112;65;61;74;0;72;78
665;2;0;5;0;102;65;61;74;0;117;60
665;3;0;5;0;102;78;57;88;0;90;48
665;3;0;5;0;102;65;54;76;0;90;78
665;3;0;5;0;112;78;61;99;0;90;78
666;3;0;5;0;106;60;41;71;0;90;52
666;2;0;5;0;106;60;37;84;0;117;84
666;2;0;5;0;106;54;34;78;0;117;65
666;2;0;5;0;85;54;34;78;0;72;84
666;2;0;5;0;92;60;34;74;0;117;52
666;2;0;5;0;92;54;37;65;0;72;65
666;3;0;5;0;92;72;34;78;0;72;52
666;3;0;5;0;106;72;37;84;0;72;84
666;3;0;5;0;92;60;37;84;0;90;65
667;2;1;5;0;258;113;102;122;0;170;130
667;2;1;5;0;195;85;108;99;0;221;104
667;3;1;5;0;258;85;116;105;0;136;104
667;2;1;5;0;216;85;116;105;0;221;169
667;3;1;5;0;216;94;116;109;0;136;169
667;2;1;5;0;195;94;116;109;0;221;130
667;2;1;5;0;195;113;108;127;0;170;104
667;2;1;5;0;195;94;102;112;0;170;169
667;2;1;5;0;216;113;116;150;0;170;169
668;3;0;3;0;92;72;37;84;0;117;60
668;2;0;3;0;85;72;34;78;0;117;78
668;3;0;3;0;106;72;41;94;0;117;48
668;3;0;3;0;85;60;37;84;0;72;48
668;2;0;3;0;106;54;37;65;0;90;78
668;1;0;3;0;92;54;34;78;0;90;48
668;3;0;3;0;85;72;41;94;0;72;60
668;2;0;3;0;85;54;41;68;0;90;60
668;2;0;3;0;106;60;34;74;0;72;60
669;2;0;3;0;251;116;97;127;0;200;115
669;2;0;3;0;191;87;103;105;0;260;92
669;2;0;3;0;251;87;111;109;0;160;92
669;2;0;3;0;211;87;111;109;0;260;149
669;2;0;3;0;211;97;111;109;0;160;149
669;2;0;3;0;191;97;111;109;0;260;115
669;2;0;3;0;191;116;103;133;0;200;92
669;2;0;3;0;191;97;97;118;0;200;149
669;2;0;3;0;211;116;111;155;0;200;149
670;2;0;3;0;92;72;37;84;0;117;65
670;2;0;3;0;85;72;34;78;0;117;84
670;2;0;3;0;106;72;41;94;0;117;52
670;2;0;3;0;85;60;37;84;0;72;52
670;2;0;3;0;106;54;37;65;0;90;84
670;2;0;3;0;92;54;34;78;0;90;52
670;3;0;3;0;85;72;41;94;0;72;65
670;2;0;3;0;85;54;41;68;0;90;65
670;2;0;3;0;106;60;34;74;0;72;65
671;2;0;3;0;106;60;41;71;0;80;48
671;2;0;3;0;106;60;37;84;0;104;78
671;2;0;3;0;106;54;34;78;0;104;60
671;2;0;3;0;85;54;34;78;0;64;78
671;2;0;3;0;92;60;34;74;0;104;48
671;2;0;3;0;92;54;37;65;0;64;60
671;2;0;3;0;92;72;34;78;0;64;48
671;2;0;3;0;106;72;37;84;0;64;78
671;2;0;3;0;92;60;37;84;0;80;60
672;2;0;3;0;248;85;195;88;0;143;65
672;2;0;3;0;224;85;192;84;0;143;84
672;3;0;3;0;296;85;199;94;0;143;52
672;3;0;3;0;224;71;195;84;0;88;52
672;2;0;3;0;296;64;195;71;0;110;84
672;3;0;3;0;248;64;192;78;0;110;52
672;3;0;3;0;224;85;199;94;0;88;65
672;3;0;3;0;224;64;199;74;0;110;65
672;3;0;3;0;296;71;192;78;0;88;65
673;2;0;3;0;240;110;93;118;0;180;140
673;2;0;3;0;185;83;99;94;0;234;112
673;3;0;3;0;240;83;107;105;0;144;112
673;2;0;3;0;203;83;107;105;0;234;182
673;3;0;3;0;203;92;107;105;0;144;182
673;2;0;3;0;185;92;107;105;0;234;140
673;2;0;3;0;185;110;99;127;0;180;112
673;2;0;3;0;185;92;93;109;0;180;182
673;2;0;3;0;203;110;107;146;0;180;182
674;2;0;4;0;150;78;73;78;0;110;70
674;2;0;4;0;121;58;76;65;0;143;56
674;2;0;4;0;150;58;80;68;0;88;56
674;2;0;4;0;131;58;80;68;0;143;91
674;2;0;4;0;131;65;80;71;0;88;91
674;2;0;4;0;121;65;80;71;0;143;70
674;2;0;4;0;121;78;76;81;0;110;56
674;2;0;4;0;121;65;73;74;0;110;91
674;2;0;4;0;131;78;80;90;0;110;91
675;2;0;4;0;156;85;74;88;0;130;75
675;2;0;4;0;120;64;77;74;0;169;60
675;3;0;4;0;156;64;81;76;0;104;60
675;2;0;4;0;132;64;81;76;0;169;97
675;2;0;4;0;132;71;81;78;0;104;97
675;2;0;4;0;120;71;81;78;0;169;75
675;2;0;4;0;120;85;77;92;0;130;60
675;2;0;4;0;120;71;74;84;0;130;97
675;1;0;4;0;132;85;81;105;0;130;97
676;2;0;4;0;197;101;142;105;0;208;160
676;2;0;4;0;179;101;139;105;0;208;208
676;2;0;4;0;234;101;146;112;0;208;128
676;3;0;4;0;179;84;142;99;0;128;128
676;2;0;4;0;234;76;142;84;0;160;208
676;2;0;4;0;197;76;139;92;0;160;128
676;3;0;4;0;179;101;146;112;0;128;160
676;2;0;4;0;179;76;146;84;0;160;160
676;2;0;4;0;234;84;139;92;0;128;160
677;2;0;4;0;146;82;44;84;0;110;80
677;2;0;4;0;114;61;49;71;0;143;64
677;2;0;4;0;146;61;55;74;0;88;64
677;2;0;4;0;125;61;55;74;0;143;104
677;2;0;4;0;125;68;55;76;0;88;104
677;2;0;4;0;114;68;55;76;0;143;80
677;2;0;4;0;114;82;49;90;0;110;64
677;2;0;4;0;114;68;44;78;0;110;104
677;2;0;4;0;125;82;55;105;0;110;104
678;3;0;4;0;297;90;180;97;0;180;104
678;2;0;4;0;297;90;174;112;0;234;169
678;2;0;4;0;297;81;169;105;0;234;130
678;3;0;4;0;227;81;169;105;0;144;169
678;2;0;4;0;250;90;169;105;0;234;104
678;3;0;4;0;250;81;174;90;0;144;130
678;3;0;4;0;250;108;169;112;0;144;104
678;3;0;4;0;297;108;174;118;0;144;169
678;2;0;4;0;250;90;174;112;0;180;130
679;2;0;5;0;283;146;95;174;0;351;190
679;2;0;5;0;257;146;84;165;0;351;247
679;2;0;5;0;336;146;109;207;0;351;152
679;2;0;5;0;257;122;95;178;0;216;152
679;2;0;5;0;336;110;95;133;0;270;247
679;2;0;5;0;283;110;84;165;0;270;152
679;2;0;5;0;257;146;109;207;0;216;190
679;2;0;5;0;257;110;109;137;0;270;190
679;2;0;5;0;336;122;84;150;0;216;190
680;3;0;3;0;273;90;197;97;0;170;84
680;2;0;3;0;273;90;193;112;0;221;136
680;3;0;3;0;273;81;190;105;0;221;105
680;3;0;3;0;215;81;190;105;0;136;136
680;3;0;3;0;234;90;190;105;0;221;84
680;3;0;3;0;234;81;193;90;0;136;105
680;3;0;3;0;234;108;190;112;0;136;84
680;3;0;3;0;273;108;193;118;0;136;136
680;2;0;3;0;234;90;193;112;0;170;105
681;2;1;1;0;290;131;184;146;0;325;145
681;2;1;1;0;266;131;178;140;0;325;188
681;2;1;1;0;338;131;192;165;0;325;116
681;1;1;1;0;266;109;184;146;0;200;116
681;1;1;1;0;338;98;184;112;0;250;188
681;1;1;1;0;290;98;178;133;0;250;116
681;3;1;1;0;266;131;192;165;0;200;145
681;2;1;1;0;266;98;192;118;0;250;145
681;1;1;1;0;338;109;178;127;0;200;145
682;2;1;3;0;214;131;85;146;0;299;150
682;2;1;3;0;194;131;77;140;0;299;195
682;2;1;3;0;255;131;95;174;0;299;120
682;2;1;3;0;194;109;85;150;0;184;120
682;2;1;3;0;255;98;85;112;0;230;195
682;2;1;3;0;214;98;77;137;0;230;120
682;3;1;3;0;194;131;95;174;0;184;150
682;2;1;3;0;194;98;95;118;0;230;150
682;2;1;3;0;255;109;77;127;0;184;150
683;2;1;4;0;117;82;62;88;0;130;65
683;2;1;4;0;105;82;59;84;0;130;84
683;2;1;4;0;140;82;66;99;0;130;52
683;3;1;4;0;105;68;62;88;0;80;52
683;2;1;4;0;140;61;62;71;0;100;84
683;3;1;4;0;117;61;59;84;0;100;52
683;2;1;4;0;105;82;66;99;0;80;65
683;3;1;4;0;105;61;66;74;0;100;65
683;3;1;4;0;140;68;59;78;0;80;65
684;3;1;4;0;274;97;177;105;0;170;84
684;2;1;4;0;274;97;173;118;0;221;136
684;2;1;4;0;274;87;170;109;0;221;105
684;2;1;4;0;205;87;170;109;0;136;136
684;2;1;4;0;228;97;170;109;0;221;84
684;3;1;4;0;228;87;173;97;0;136;105
684;3;1;4;0;228;116;170;118;0;136;84
684;3;1;4;0;274;116;173;122;0;136;136
684;3;1;4;0;228;97;173;118;0;170;105
685;2;1;4;0;181;74;100;81;0;110;60
685;2;1;4;0;181;74;96;94;0;143;97
685;2;1;4;0;181;67;93;88;0;143;75
685;3;1;4;0;136;67;93;88;0;88;97
685;3;1;4;0;151;74;93;84;0;143;60
685;3;1;4;0;151;67;96;76;0;88;75
685;2;1;4;0;151;89;93;90;0;88;60
685;3;1;4;0;181;89;96;94;0;88;97
685;2;1;4;0;151;74;96;94;0;110;75
686;2;1;5;0;300;134;115;146;0;300;160
686;2;1;5;0;228;101;123;118;0;390;128
686;3;1;5;0;300;101;133;122;0;240;128
686;2;1;5;0;252;101;133;122;0;390;208
686;3;1;5;0;252;112;133;127;0;240;208
686;2;1;5;0;228;112;133;127;0;390;160
686;3;1;5;0;228;134;123;150;0;300;128
686;2;1;5;0;228;112;115;133;0;300;208
686;2;1;5;0;252;134;133;178;0;300;208
687;2;1;2;0;236;126;63;133;0;190;130
687;2;1;2;0;182;94;71;109;0;247;104
687;3;1;2;0;236;94;81;112;0;152;104
687;2;1;2;0;200;94;81;112;0;247;169
687;3;1;2;0;200;105;81;118;0;152;169
687;2;1;2;0;182;105;81;118;0;247;130
687;2;1;2;0;182;126;71;140;0;190;104
687;2;1;2;0;182;105;63;122;0;190;169
687;2;1;2;0;200;126;81;168;0;190;169
688;2;1;3;0;276;92;132;105;0;170;124
688;2;1;3;0;276;92;124;127;0;221;201
688;2;1;3;0;276;83;118;118;0;221;155
688;3;1;3;0;210;83;118;118;0;136;201
688;2;1;3;0;232;92;118;109;0;221;124
688;3;1;3;0;232;83;124;97;0;136;155
688;3;1;3;0;232;110;118;118;0;136;124
688;3;1;3;0;276;110;124;127;0;136;201
688;2;1;3;0;232;92;124;127;0;170;155
689;2;1;4;0;323;134;95;150;0;230;120
689;2;1;4;0;245;101;104;122;0;299;96
689;2;1;4;0;323;101;116;127;0;184;96
689;2;1;4;0;271;101;116;127;0;299;156
689;2;1;4;0;271;112;116;133;0;184;156
689;2;1;4;0;245;112;116;133;0;299;120
689;2;1;4;0;245;134;104;161;0;230;96
689;2;1;4;0;245;112;95;137;0;230;156
689;2;1;4;0;271;134;116;187;0;230;156
690;3;0;2;0;119;60;50;71;0;90;40
690;2;0;2;0;119;60;46;84;0;117;65
690;3;0;2;0;119;54;43;81;0;117;50
690;3;0;2;0;92;54;43;81;0;72;65
690;3;0;2;0;101;60;43;76;0;117;40
690;2;0;2;0;101;54;46;65;0;72;50
690;3;0;2;0;101;72;43;81;0;72;40
690;3;0;2;0;119;72;46;84;0;72;65
690;3;0;2;0;101;60;46;84;0;90;50
691;2;0;2;0;237;110;82;118;0;170;110
691;2;0;2;0;183;83;88;94;0;221;88
691;2;0;2;0;237;83;96;99;0;136;88
691;2;0;2;0;201;83;96;99;0;221;143
691;2;0;2;0;201;92;96;105;0;136;143
691;2;0;2;0;183;92;96;105;0;221;110
691;2;0;2;0;183;110;88;122;0;170;88
691;2;0;2;0;183;92;82;109;0;170;143
691;2;0;2;0;201;110;96;140;0;170;143
692;2;0;2;0;172;106;64;122;0;221;105
692;2;0;2;0;157;106;58;112;0;221;136
692;2;0;2;0;202;106;72;140;0;221;84
692;2;0;2;0;157;88;64;122;0;136;84
692;2;0;2;0;202;79;64;92;0;170;136
692;2;0;2;0;172;79;58;112;0;170;84
692;2;0;2;0;157;106;72;140;0;136;105
692;2;0;2;0;157;79;72;97;0;170;105
692;2;0;2;0;202;88;58;105;0;136;105
693;2;0;2;0;206;110;59;118;0;150;100
693;2;0;2;0;157;83;65;97;0;195;80
693;2;0;2;0;206;83;73;105;0;120;80
693;2;0;2;0;173;83;73;105;0;195;130
693;3;0;2;0;173;92;73;105;0;120;130
693;2;0;2;0;157;92;73;105;0;195;100
693;2;0;2;0;157;110;65;127;0;150;80
693;2;0;2;0;157;92;59;109;0;150;130
693;2;0;2;0;173;110;73;146;0;150;130
694;2;0;2;0;221;126;113;140;0;260;120
694;2;0;2;0;200;126;107;133;0;260;156
694;2;0;2;0;263;126;121;161;0;260;96
694;3;0;2;0;200;105;113;137;0;160;96
694;2;0;2;0;263;94;113;109;0;200;156
694;2;0;2;0;221;94;107;127;0;200;96
694;3;0;2;0;200;126;121;161;0;160;120
694;2;0;2;0;200;94;121;112;0;200;120
694;3;0;2;0;263;105;107;122;0;160;120
695;3;0;2;0;128;85;50;88;0;100;65
695;2;0;2;0;98;64;53;74;0;130;52
695;3;0;2;0;128;64;57;76;0;80;52
695;2;0;2;0;108;64;57;76;0;130;84
695;3;0;2;0;108;71;57;78;0;80;84
695;2;0;2;0;98;71;57;78;0;130;65
695;3;0;2;0;98;85;53;92;0;100;52
695;2;0;2;0;98;71;50;84;0;100;84
695;3;0;2;0;108;85;57;105;0;100;84
696;2;0;2;0;160;97;110;105;0;195;95
696;2;0;2;0;146;97;107;97;0;195;123
696;2;0;2;0;189;97;114;112;0;195;76
696;3;0;2;0;146;81;110;99;0;120;76
696;3;0;2;0;189;73;110;81;0;150;123
696;3;0;2;0;160;73;107;92;0;150;76
696;3;0;2;0;146;97;114;112;0;120;95
696;3;0;2;0;146;73;114;84;0;150;95
696;3;0;2;0;189;81;107;90;0;120;95
697;2;0;2;0;189;106;148;112;0;260;110
697;2;0;2;0;173;106;145;109;0;260;143
697;3;0;2;0;221;106;152;127;0;260;88
697;3;0;2;0;173;88;148;109;0;160;88
697;2;0;2;0;221;79;148;90;0;200;143
697;2;0;2;0;189;79;145;105;0;200;88
697;3;0;2;0;173;106;152;127;0;160;110
697;1;0;2;0;173;79;152;92;0;200;110
697;3;0;2;0;221;88;145;99;0;160;110
698;2;0;2;0;372;131;196;140;0;210;130
698;2;0;2;0;279;98;202;112;0;273;104
698;3;0;2;0;372;98;210;118;0;168;104
698;2;0;2;0;310;98;210;118;0;273;169
698;2;0;2;0;310;109;210;122;0;168;169
698;2;0;2;0;279;109;210;122;0;273;130
698;3;0;2;0;279;131;202;146;0;210;104
698;3;0;2;0;279;109;196;127;0;210;169
698;2;0;2;0;310;131;210;165;0;210;169
699;2;0;2;0;336;122;109;140;0;270;144
699;2;0;2;0;336;122;95;178;0;351;234
699;2;0;2;0;336;110;84;165;0;351;180
699;2;0;2;0;257;110;84;165;0;216;234
699;2;0;2;0;283;122;84;150;0;351;144
699;2;0;2;0;283;110;95;133;0;216;180
699;2;0;2;0;283;146;84;165;0;216;144
699;2;0;2;0;336;146;95;174;0;216;234
699;2;0;2;0;283;122;95;178;0;270;180
700;2;0;2;0;178;94;97;94;0;140;75
700;2;0;2;0;143;70;100;81;0;182;60
700;3;0;2;0;178;70;104;84;0;112;60
700;2;0;2;0;155;70;104;84;0;182;97
700;3;0;2;0;155;78;104;84;0;112;97
700;2;0;2;0;143;78;104;84;0;182;75
700;2;0;2;0;143;94;100;99;0;140;60
700;2;0;2;0;143;78;97;88;0;140;97
700;2;0;2;0;155;94;104;112;0;140;97
701;2;0;2;0;163;101;108;109;0;182;100
701;2;0;2;0;148;101;105;109;0;182;130
701;3;0;2;0;194;101;112;122;0;182;80
701;3;0;2;0;148;84;108;109;0;112;80
701;2;0;2;0;194;76;108;88;0;140;130
701;3;0;2;0;163;76;105;99;0;140;80
701;3;0;2;0;148;101;112;122;0;112;100
701;3;0;2;0;148;76;112;90;0;140;100
701;3;0;2;0;194;84;105;97;0;112;100
702;2;0;3;0;230;88;88;97;0;150;76
702;2;0;3;0;230;88;80;118;0;195;123
702;2;0;3;0;230;79;74;112;0;195;95
702;2;0;3;0;175;79;74;112;0;120;123
702;2;0;3;0;193;88;74;105;0;195;76
702;2;0;3;0;193;79;80;90;0;120;95
702;3;0;3;0;193;106;74;112;0;120;76
702;3;0;3;0;230;106;80;118;0;120;123
702;2;0;3;0;193;88;80;118;0;150;95
703;3;0;3;0;350;109;205;118;0;220;100
703;2;0;3;0;350;109;197;140;0;286;162
703;2;0;3;0;350;98;191;133;0;286;125
703;3;0;3;0;265;98;191;133;0;176;162
703;2;0;3;0;293;109;191;127;0;286;100
703;3;0;3;0;293;98;197;112;0;176;125
703;3;0;3;0;293;131;191;137;0;176;100
703;3;0;3;0;350;131;197;146;0;176;162
703;2;0;3;0;293;109;197;140;0;220;125
704;3;0;3;0;150;71;80;78;0;110;60
704;2;0;3;0;150;71;76;90;0;143;97
704;2;0;3;0;150;64;73;84;0;143;75
704;3;0;3;0;117;64;73;84;0;88;97
704;3;0;3;0;128;71;73;81;0;143;60
704;2;0;3;0;128;64;76;74;0;88;75
704;3;0;3;0;128;85;73;88;0;88;60
704;3;0;3;0;150;85;76;90;0;88;97
704;3;0;3;0;128;71;76;90;0;110;75
705;2;0;3;0;106;60;41;71;0;90;48
705;2;0;3;0;106;60;37;84;0;117;78
705;2;0;3;0;106;54;34;78;0;117;60
705;1;0;3;0;85;54;34;78;0;72;78
705;2;0;3;0;92;60;34;74;0;117;48
705;2;0;3;0;92;54;37;65;0;72;60
705;3;0;3;0;92;72;34;78;0;72;48
705;2;0;3;0;106;72;37;84;0;72;78
705;1;0;3;0;92;60;37;84;0;90;60
706;3;0;3;0;174;78;97;84;0;100;48
706;2;0;3;0;174;78;93;97;0;130;78
706;2;0;3;0;174;70;90;90;0;130;60
706;3;0;3;0;130;70;90;90;0;80;78
706;2;0;3;0;145;78;90;88;0;130;48
706;2;0;3;0;145;70;93;78;0;80;60
706;3;0;3;0;145;94;90;94;0;80;48
706;2;0;3;0;174;94;93;99;0;80;78
706;3;0;3;0;145;78;93;97;0;100;60
707;2;0;3;0;141;82;67;84;0;100;60
707;2;0;3;0;108;61;70;71;0;130;48
707;2;0;3;0;141;61;74;74;0;80;48
707;2;0;3;0;119;61;74;74;0;130;78
707;3;0;3;0;119;68;74;76;0;80;78
707;2;0;3;0;108;68;74;76;0;130;60
707;2;0;3;0;108;82;70;88;0;100;48
707;2;0;3;0;108;68;67;78;0;100;78
707;2;0;3;0;119;82;74;99;0;100;78
708;3;0;3;0;125;58;58;76;0;80;36
708;2;0;3;0;125;58;54;90;0;104;58
708;2;0;3;0;125;52;51;84;0;104;45
708;3;0;3;0;94;52;51;84;0;64;58
708;3;0;3;0;104;58;51;81;0;104;36
708;3;0;3;0;104;52;54;71;0;64;45
708;3;0;3;0;104;70;51;84;0;64;36
708;3;0;3;0;125;70;54;90;0;64;58
708;3;0;3;0;104;58;54;90;0;80;45
709;2;0;3;0;269;116;171;118;0;160;95
709;2;0;3;0;209;87;174;97;0;208;76
709;3;0;3;0;269;87;178;99;0;128;76
709;2;0;3;0;229;87;178;99;0;208;123
709;2;0;3;0;229;97;178;105;0;128;123
709;2;0;3;0;209;97;178;105;0;208;95
709;3;0;3;0;209;116;174;122;0;160;76
709;2;0;3;0;209;97;171;109;0;160;123
709;2;0;3;0;229;116;178;137;0;160;123
710;2;0;3;0;125;175;49;183;0;286;130
710;2;0;3;0;114;175;44;178;0;286;169
710;3;0;3;0;146;175;55;196;0;286;104
710;3;0;3;0;114;146;49;168;0;176;104
710;2;0;3;0;146;131;49;140;0;220;169
710;2;0;3;0;125;131;44;155;0;220;104
710;3;0;3;0;114;175;55;196;0;176;130
710;2;0;3;0;114;131;55;146;0;220;130
710;2;0;3;0;146;146;44;161;0;176;130
711;2;0;3;0;159;97;83;105;0;195;105
711;2;0;3;0;144;97;78;99;0;195;136
711;2;0;3;0;189;97;89;118;0;195;84
711;3;0;3;0;144;81;83;105;0;120;84
711;2;0;3;0;189;73;83;84;0;150;136
711;2;0;3;0;159;73;78;94;0;150;84
711;3;0;3;0;144;97;89;118;0;120;105
711;2;0;3;0;144;73;89;84;0;150;105
711;2;0;3;0;189;81;78;92;0;120;105
712;2;0;3;0;292;109;131;122;0;220;108
712;2;0;3;0;292;109;121;150;0;286;175
712;2;0;3;0;292;98;113;140;0;286;135
712;2;0;3;0;229;98;113;140;0;176;175
712;2;0;3;0;250;109;113;133;0;286;108
712;2;0;3;0;250;98;121;112;0;176;135
712;2;0;3;0;250;131;113;140;0;176;108
712;2;0;3;0;292;131;121;150;0;176;175
712;2;0;3;0;250;109;121;150;0;220;135
713;2;0;3;0;249;90;112;105;0;150;84
713;2;0;3;0;249;90;104;122;0;195;136
713;2;0;3;0;249;81;98;112;0;195;105
713;2;0;3;0;189;81;98;112;0;120;136
713;2;0;3;0;209;90;98;109;0;195;84
713;2;0;3;0;209;81;104;94;0;120;105
713;2;0;3;0;209;108;98;118;0;120;84
713;2;0;3;0;249;108;104;122;0;120;136
713;2;0;3;0;209;90;104;122;0;150;105
714;2;0;3;0;227;106;114;122;0;195;90
714;2;0;3;0;205;106;108;112;0;195;117
714;2;0;3;0;270;106;122;140;0;195;72
714;2;0;3;0;205;88;114;122;0;120;72
714;2;0;3;0;270;79;114;92;0;150;117
714;2;0;3;0;227;79;108;112;0;150;72
714;2;0;3;0;205;106;122;140;0;120;90
714;2;0;3;0;205;79;122;97;0;150;90
714;2;0;3;0;270;88;108;105;0;120;90
715;3;0;3;0;231;74;149;78;0;140;68
715;2;0;3;0;231;74;145;88;0;182;110
715;2;0;3;0;231;67;142;81;0;182;85
715;3;0;3;0;182;67;142;81;0;112;110
715;2;0;3;0;198;74;142;81;0;182;68
715;3;0;3;0;198;67;145;74;0;112;85
715;3;0;3;0;198;89;142;88;0;112;68
715;3;0;3;0;231;89;145;90;0;112;110
715;3;0;3;0;198;74;145;88;0;140;85
716;2;0;3;0;222;101;81;109;0;150;90
716;2;0;3;0;171;76;87;90;0;195;72
716;2;0;3;0;222;76;95;94;0;120;72
716;2;0;3;0;188;76;95;94;0;195;117
716;2;0;3;0;188;84;95;97;0;120;117
716;2;0;3;0;171;84;95;97;0;195;90
716;2;0;3;0;171;101;87;118;0;150;72
716;2;0;3;0;171;84;81;105;0;150;117
716;2;0;3;0;188;101;95;137;0;150;117
717;3;0;3;0;154;60;81;68;0;100;52
717;2;0;3;0;154;60;77;76;0;130;84
717;2;0;3;0;154;54;74;71;0;130;65
717;3;0;3;0;118;54;74;71;0;80;84
717;2;0;3;0;130;60;74;71;0;130;52
717;3;0;3;0;130;54;77;60;0;80;65
717;3;0;3;0;130;72;74;76;0;80;52
717;3;0;3;0;154;72;77;78;0;80;84
717;3;0;3;0;130;60;77;76;0;100;65
718;2;0;3;0;247;131;80;150;0;286;125
718;2;0;3;0;224;131;71;140;0;286;162
718;2;0;3;0;292;131;92;178;0;286;100
718;2;0;3;0;224;109;80;155;0;176;100
718;2;0;3;0;292;98;80;112;0;220;162
718;2;0;3;0;247;98;71;140;0;220;100
718;1;0;3;0;224;131;92;178;0;176;125
718;2;0;3;0;224;98;92;122;0;220;125
718;2;0;3;0;292;109;71;133;0;176;125
719;2;0;3;0;336;134;141;155;0;240;140
719;2;0;3;0;257;101;150;127;0;312;112
719;2;0;3;0;336;101;162;133;0;192;112
719;2;0;3;0;283;101;162;133;0;312;182
719;2;0;3;0;283;112;162;137;0;192;182
719;2;0;3;0;257;112;162;137;0;312;140
719;2;0;3;0;257;134;150;165;0;240;112
719;2;0;3;0;257;112;141;140;0;240;182
719;2;0;3;0;283;134;162;193;0;240;182
720;2;0;3;0;326;122;131;140;0;260;96
720;2;0;3;0;326;122;117;178;0;338;156
720;2;0;3;0;326;110;106;165;0;338;120
720;2;0;3;0;249;110;106;165;0;208;156
720;2;0;3;0;275;122;106;150;0;338;96
720;2;0;3;0;275;110;117;133;0;208;120
720;2;0;3;0;275;146;106;165;0;208;96
720;2;0;3;0;326;146;117;178;0;208;156
720;2;0;3;0;275;122;117;178;0;260;120
721;2;0;3;0;293;109;132;122;0;210;120
721;2;0;3;0;293;109;122;150;0;273;195
721;2;0;3;0;293;98;114;140;0;273;150
721;2;0;3;0;230;98;114;140;0;168;195
721;2;0;3;0;251;109;114;133;0;273;120
721;3;0;3;0;251;98;122;112;0;168;150
721;2;0;3;0;251;131;114;140;0;168;120
721;3;0;3;0;293;131;122;150;0;168;195
721;2;0;3;0;251;109;122;150;0;210;150
722;2;0;3;0;263;126;109;127;0;240;140
722;2;0;3;0;200;94;115;105;0;312;112
722;3;0;3;0;263;94;123;109;0;192;112
722;2;0;3;0;221;94;123;109;0;312;182
722;2;0;3;0;221;105;123;112;0;192;182
722;2;0;3;0;200;105;123;112;0;312;140
722;2;0;3;0;200;126;115;137;0;240;112
722;2;0;3;0;200;105;109;118;0;240;182
722;2;0;3;0;221;126;123;155;0;240;182
723;2;0;3;0;200;113;92;127;0;208;120
723;2;0;3;0;180;113;86;122;0;208;156
723;3;0;3;0;240;113;100;150;0;208;96
723;3;0;3;0;180;94;92;133;0;128;96
723;2;0;3;0;240;85;92;99;0;160;156
723;2;0;3;0;200;85;86;118;0;160;96
723;3;0;3;0;180;113;100;150;0;128;120
723;2;0;3;0;180;85;100;105;0;160;120
723;2;0;3;0;240;94;86;112;0;128;120
724;2;0;3;0;216;116;68;122;0;180;120
724;2;0;3;0;165;87;74;99;0;234;96
724;3;0;3;0;216;87;82;109;0;144;96
724;2;0;3;0;182;87;82;109;0;234;156
724;3;0;3;0;182;97;82;109;0;144;156
724;2;0;3;0;165;97;82;109;0;234;120
724;2;0;3;0;165;116;74;133;0;180;96
724;2;0;3;0;165;97;68;112;0;180;156
724;2;0;3;0;182;116;82;150;0;180;156
725;2;0;3;0;89;53;34;65;0;104;45
725;2;0;3;0;82;53;31;60;0;104;58
725;3;0;3;0;103;53;38;76;0;104;36
725;3;0;3;0;82;44;34;68;0;64;36
725;2;0;3;0;103;40;34;46;0;80;58
725;3;0;3;0;89;40;31;60;0;80;36
725;3;0;3;0;82;53;38;76;0;64;45
725;2;0;3;0;82;40;38;50;0;80;45
725;3;0;3;0;103;44;31;56;0;64;45
726;2;0;3;0;157;89;102;90;0;156;85
726;2;0;3;0;142;89;99;88;0;156;110
726;2;0;3;0;186;89;106;99;0;156;68
726;2;0;3;0;142;74;102;88;0;96;68
726;2;0;3;0;186;67;102;74;0;120;110
726;2;0;3;0;157;67;99;84;0;120;68
726;2;0;3;0;142;89;106;99;0;96;85
726;2;0;3;0;142;67;106;76;0;120;85
726;2;0;3;0;186;74;99;81;0;96;85
727;2;0;3;0;314;126;160;133;0;190;115
727;2;0;3;0;246;94;166;109;0;247;92
727;3;0;3;0;314;94;174;112;0;152;92
727;2;0;3;0;269;94;174;112;0;247;149
727;3;0;3;0;269;105;174;118;0;152;149
727;2;0;3;0;246;105;174;118;0;247;115
727;2;0;3;0;246;126;166;140;0;190;92
727;2;0;3;0;246;105;160;122;0;190;149
727;2;0;3;0;269;126;174;161;0;190;149
728;2;0;3;0;236;105;81;118;0;210;120
728;2;0;3;0;236;105;71;146;0;273;195
728;2;0;3;0;236;94;63;133;0;273;150
728;2;0;3;0;182;94;63;133;0;168;195
728;2;0;3;0;200;105;63;122;0;273;120
728;2;0;3;0;200;94;71;109;0;168;150
728;2;0;3;0;200;126;63;133;0;168;120
728;2;0;3;0;236;126;71;140;0;168;195
728;2;0;3;0;200;105;71;146;0;210;150
729;2;0;3;0;236;126;63;133;0;210;165
729;2;0;3;0;182;94;71;109;0;273;132
729;2;0;3;0;236;94;81;112;0;168;132
729;2;0;3;0;200;94;81;112;0;273;214
729;2;0;3;0;200;105;81;118;0;168;214
729;2;0;3;0;182;105;81;118;0;273;165
729;2;0;3;0;182;126;71;140;0;210;132
729;2;0;3;0;182;105;63;122;0;210;214
729;2;0;3;0;200;126;81;168;0;210;214
730;2;0;4;0;203;110;95;127;0;234;110
730;2;0;4;0;185;110;89;122;0;234;143
730;2;0;4;0;240;110;103;146;0;234;88
730;3;0;4;0;185;92;95;127;0;144;88
730;2;0;4;0;240;83;95;97;0;180;143
730;2;0;4;0;203;83;89;118;0;180;88
730;3;0;4;0;185;110;103;146;0;144;110
730;2;0;4;0;185;83;103;105;0;180;110
730;2;0;4;0;240;92;89;112;0;144;110
731;2;0;4;0;245;110;99;118;0;160;110
731;1;0;4;0;191;83;105;97;0;208;88
731;3;0;4;0;245;83;113;105;0;128;88
731;1;0;4;0;209;83;113;105;0;208;143
731;2;0;4;0;209;92;113;105;0;128;143
731;1;0;4;0;191;92;113;105;0;208;110
731;1;0;4;0;191;110;105;127;0;160;88
731;2;0;4;0;191;92;99;109;0;160;143
731;1;0;4;0;209;110;113;146;0;160;143
732;2;0;4;0;152;85;76;88;0;120;75
732;2;0;4;0;116;64;79;74;0;156;60
732;3;0;4;0;152;64;83;76;0;96;60
732;2;0;4;0;128;64;83;76;0;156;97
732;3;0;4;0;128;71;83;78;0;96;97
732;2;0;4;0;116;71;83;78;0;156;75
732;2;0;4;0;116;85;79;92;0;120;60
732;2;0;4;0;116;71;76;81;0;120;97
732;2;0;4;0;128;85;83;105;0;120;97
733;2;0;4;0;146;68;55;76;0;120;64
733;2;0;4;0;146;68;49;90;0;156;104
733;3;0;4;0;146;61;44;84;0;156;80
733;1;0;4;0;114;61;44;84;0;96;104
733;1;0;4;0;125;68;44;78;0;156;64
733;2;0;4;0;125;61;49;71;0;96;80
733;3;0;4;0;125;82;44;84;0;96;64
733;3;0;4;0;146;82;49;90;0;96;104
733;3;0;4;0;125;68;49;90;0;120;80
734;2;0;4;0;194;116;86;133;0;234;115
734;2;0;4;0;175;116;80;127;0;234;149
734;2;0;4;0;233;116;94;150;0;234;92
734;2;0;4;0;175;97;86;133;0;144;92
734;2;0;4;0;233;87;86;99;0;180;149
734;2;0;4;0;194;87;80;122;0;180;92
734;2;0;4;0;175;116;94;150;0;144;115
734;2;0;4;0;175;87;94;109;0;180;115
734;2;0;4;0;233;97;80;112;0;144;115
735;3;0;4;0;292;131;71;140;0;220;125
735;2;0;4;0;224;98;80;112;0;286;100
735;3;0;4;0;292;98;92;122;0;176;100
735;2;0;4;0;247;98;92;122;0;286;162
735;3;0;4;0;247;109;92;122;0;176;162
735;2;0;4;0;224;109;92;122;0;286;125
735;3;0;4;0;224;131;80;150;0;220;100
735;2;0;4;0;224;109;71;133;0;220;162
735;3;0;4;0;247;131;92;178;0;220;162
736;2;0;4;0;292;131;71;140;0;200;135
736;2;0;4;0;224;98;80;112;0;260;108
736;2;0;4;0;292;98;92;122;0;160;108
736;2;0;4;0;247;98;92;122;0;260;175
736;2;0;4;0;247;109;92;122;0;160;175
736;2;0;4;0;224;109;92;122;0;260;135
736;2;0;4;0;224;131;80;150;0;200;108
736;2;0;4;0;224;109;71;133;0;200;175
736;2;0;4;0;247;131;92;178;0;200;175
737;2;0;4;0;231;101;120;105;0;170;120
737;2;0;4;0;186;76;125;84;0;221;96
737;2;0;4;0;231;76;131;88;0;136;96
737;2;0;4;0;201;76;131;88;0;221;156
737;3;0;4;0;201;84;131;90;0;136;156
737;2;0;4;0;186;84;131;90;0;221;120
737;2;0;4;0;186;101;125;109;0;170;96
737;2;0;4;0;186;84;120;94;0;170;156
737;1;0;4;0;201;101;131;122;0;170;156
738;2;0;5;0;178;106;70;122;0;208;105
738;2;0;5;0;161;106;64;112;0;208;136
738;2;0;5;0;212;106;78;140;0;208;84
738;2;0;5;0;161;88;70;122;0;128;84
738;2;0;5;0;212;79;70;92;0;160;136
738;2;0;5;0;178;79;64;112;0;160;84
738;2;0;5;0;161;106;78;140;0;128;105
738;2;0;5;0;161;79;78;97;0;160;105
738;2;0;5;0;212;88;64;109;0;128;105
739;2;0;2;0;162;89;107;90;0;182;85
739;2;0;2;0;147;89;104;88;0;182;110
739;2;0;2;0;192;89;111;99;0;182;68
739;1;0;2;0;147;74;107;88;0;112;68
739;2;0;2;0;192;67;107;74;0;140;110
739;1;0;2;0;162;67;104;81;0;140;68
739;1;0;2;0;147;89;111;99;0;112;85
739;1;0;2;0;147;67;111;76;0;140;85
739;2;0;2;0;192;74;104;81;0;112;85
740;2;0;2;0;238;110;81;118;0;170;105
740;2;0;2;0;181;83;87;94;0;221;84
740;2;0;2;0;238;83;95;99;0;136;84
740;2;0;2;0;200;83;95;99;0;221;136
740;2;0;2;0;200;92;95;105;0;136;136
740;2;0;2;0;181;92;95;105;0;221;105
740;2;0;2;0;181;110;87;122;0;170;84
740;2;0;2;0;181;92;81;109;0;170;136
740;2;0;2;0;200;110;95;146;0;170;136
741;2;0;2;0;195;97;77;112;0;140;95
741;2;0;2;0;151;73;83;90;0;182;76
741;3;0;2;0;195;73;91;94;0;112;76
741;2;0;2;0;166;73;91;94;0;182;123
741;2;0;2;0;166;81;91;97;0;112;123
741;2;0;2;0;151;81;91;97;0;182;95
741;3;0;2;0;151;97;83;118;0;140;76
741;2;0;2;0;151;81;77;105;0;140;123
741;3;0;2;0;166;97;91;137;0;140;123
742;2;0;3;0;196;76;133;92;0;140;68
742;2;0;3;0;196;76;129;109;0;182;110
742;2;0;3;0;196;68;126;99;0;182;85
742;1;0;3;0;147;68;126;99;0;112;110
742;2;0;3;0;163;76;126;97;0;182;68
742;3;0;3;0;163;68;129;88;0;112;85
742;3;0;3;0;163;91;126;109;0;112;68
742;3;0;3;0;196;91;129;109;0;112;110
742;2;0;3;0;163;76;129;109;0;140;85
743;2;0;3;0;193;106;50;112;0;170;120
743;2;0;3;0;150;79;56;90;0;221;96
743;3;0;3;0;193;79;64;97;0;136;96
743;2;0;3;0;164;79;64;97;0;221;156
743;2;0;3;0;164;88;64;97;0;136;156
743;2;0;3;0;150;88;64;97;0;221;120
743;2;0;3;0;150;106;56;118;0;170;96
743;2;0;3;0;150;88;50;105;0;170;156
743;2;0;3;0;164;106;64;140;0;170;156
744;3;0;3;0;106;72;34;78;0;90;60
744;2;0;3;0;85;54;37;65;0;117;48
744;3;0;3;0;106;54;41;68;0;72;48
744;1;0;3;0;92;54;41;68;0;117;78
744;2;0;3;0;92;60;41;71;0;72;78
744;1;0;3;0;85;60;41;71;0;117;60
744;2;0;3;0;85;72;37;84;0;90;48
744;2;0;3;0;85;60;34;74;0;90;78
744;1;0;3;0;92;72;41;94;0;90;78
745;3;0;3;0;168;94;113;105;0;143;80
745;2;0;3;0;151;94;110;97;0;143;104
745;3;0;3;0;202;94;117;112;0;143;64
745;3;0;3;0;151;78;113;99;0;88;64
745;3;0;3;0;202;70;113;81;0;110;104
745;3;0;3;0;168;70;110;92;0;110;64
745;3;0;3;0;151;94;117;112;0;88;80
745;3;0;3;0;151;70;117;84;0;110;80
745;3;0;3;0;202;78;110;90;0;88;80
746;3;0;4;0;283;126;93;146;0;210;135
746;2;0;4;0;217;94;102;118;0;273;108
746;3;0;4;0;283;94;114;122;0;168;108
746;2;0;4;0;239;94;114;122;0;273;175
746;3;0;4;0;239;105;114;127;0;168;175
746;1;0;4;0;217;105;114;127;0;273;135
746;2;0;4;0;217;126;102;155;0;210;108
746;2;0;4;0;217;105;93;133;0;210;175
746;1;0;4;0;239;126;114;178;0;210;175
747;2;0;4;0;130;68;59;76;0;110;68
747;2;0;4;0;130;68;55;88;0;143;110
747;2;0;4;0;130;61;52;84;0;143;85
747;2;0;4;0;100;61;52;84;0;88;110
747;2;0;4;0;110;68;52;78;0;143;68
747;2;0;4;0;110;61;55;71;0;88;85
747;2;0;4;0;110;82;52;84;0;88;68
747;2;0;4;0;130;82;55;88;0;88;110
747;2;0;4;0;110;68;55;88;0;110;85
748;3;0;5;0;177;78;112;84;0;140;80
748;2;0;5;0;177;78;108;97;0;182;130
748;2;0;5;0;177;70;105;92;0;182;100
748;1;0;5;0;138;70;105;92;0;112;130
748;2;0;5;0;151;78;105;88;0;182;80
748;3;0;5;0;151;70;108;78;0;112;100
748;3;0;5;0;151;94;105;94;0;112;80
748;2;0;5;0;177;94;108;99;0;112;130
748;2;0;5;0;151;78;108;97;0;140;100
749;2;0;3;0;92;72;37;84;0;104;50
749;2;0;3;0;85;72;34;78;0;104;65
749;3;0;3;0;106;72;41;94;0;104;40
749;3;0;3;0;85;60;37;84;0;64;40
749;2;0;3;0;106;54;37;65;0;80;65
749;2;0;3;0;92;54;34;78;0;80;40
749;3;0;3;0;85;72;41;94;0;64;50
749;2;0;3;0;85;54;41;68;0;80;50
749;2;0;3;0;106;60;34;74;0;64;50
750;2;0;4;0;253;110;165;112;0;150;90
750;2;0;4;0;190;83;168;92;0;195;72
750;2;0;4;0;253;83;172;94;0;120;72
750;2;0;4;0;211;83;172;94;0;195;117
750;2;0;4;0;211;92;172;99;0;120;117
750;2;0;4;0;190;92;172;99;0;195;90
750;3;0;4;0;190;110;168;118;0;150;72
750;2;0;4;0;190;92;165;105;0;150;117
750;2;0;4;0;211;110;172;127;0;150;117
751;2;0;2;0;236;105;81;118;0;190;112
751;2;0;2;0;236;105;71;146;0;247;182
751;2;0;2;0;236;94;63;133;0;247;140
751;2;0;2;0;182;94;63;133;0;152;182
751;2;0;2;0;200;105;63;122;0;247;112
751;2;0;2;0;200;94;71;109;0;152;140
751;2;0;2;0;200;126;63;133;0;152;112
751;2;0;2;0;236;126;71;140;0;152;182
751;2;0;2;0;200;105;71;146;0;190;140
752;2;0;3;0;236;126;63;137;0;200;115
752;2;0;3;0;182;94;71;109;0;260;92
752;3;0;3;0;236;94;81;118;0;160;92
752;2;0;3;0;200;94;81;118;0;260;149
752;2;0;3;0;200;105;81;118;0;160;149
752;2;0;3;0;182;105;81;118;0;260;115
752;3;0;3;0;182;126;71;146;0;200;92
752;2;0;3;0;182;105;63;127;0;200;149
752;2;0;3;0;200;126;81;168;0;200;149
753;2;1;2;0;170;68;91;76;0;90;40
753;2;1;2;0;170;68;87;88;0;117;65
753;3;1;2;0;170;61;84;84;0;117;50
753;3;1;2;0;128;61;84;84;0;72;65
753;3;1;2;0;142;68;84;78;0;117;40
753;2;1;2;0;142;61;87;71;0;72;50
753;3;1;2;0;142;82;84;84;0;72;40
753;3;1;2;0;170;82;87;88;0;72;65
753;3;1;2;0;142;68;87;88;0;90;50
754;2;1;2;0;233;90;151;97;0;170;80
754;2;1;2;0;233;90;147;109;0;221;130
754;2;1;2;0;233;81;144;105;0;221;100
754;1;1;2;0;187;81;144;105;0;136;130
754;2;1;2;0;202;90;144;99;0;221;80
754;2;1;2;0;202;81;147;90;0;136;100
754;2;1;2;0;202;108;144;109;0;136;80
754;2;1;2;0;233;108;147;112;0;136;130
754;2;1;2;0;202;90;147;109;0;170;100
755;2;1;2;0;237;110;91;118;0;160;95
755;2;1;2;0;183;83;97;94;0;208;76
755;3;1;2;0;237;83;105;99;0;128;76
755;2;1;2;0;201;83;105;99;0;208;123
755;3;1;2;0;201;92;105;105;0;128;123
755;2;1;2;0;183;92;105;105;0;208;95
755;2;1;2;0;183;110;97;122;0;160;76
755;2;1;2;0;183;92;91;109;0;160;123
755;2;1;2;0;201;110;105;140;0;160;123
756;2;1;2;0;206;92;73;105;0;200;88
756;2;1;2;0;206;92;65;127;0;260;143
756;2;1;2;0;206;83;59;118;0;260;110
756;2;1;2;0;157;83;59;118;0;160;143
756;2;1;2;0;173;92;59;109;0;260;88
756;2;1;2;0;173;83;65;97;0;160;110
756;2;1;2;0;173;110;59;118;0;160;88
756;2;1;2;0;206;110;65;127;0;160;143
756;2;1;2;0;173;92;65;127;0;200;110
757;2;1;2;0;277;99;141;109;0;200;88
757;2;1;2;0;277;99;133;133;0;260;143
757;2;1;2;0;277;89;127;122;0;260;110
757;3;1;2;0;217;89;127;122;0;160;143
757;2;1;2;0;237;99;127;118;0;260;88
757;3;1;2;0;237;89;133;105;0;160;110
757;3;1;2;0;237;119;127;127;0;160;88
757;3;1;2;0;277;119;133;133;0;160;143
757;2;1;2;0;237;99;133;133;0;200;110
758;2;1;2;0;185;101;101;105;0;180;105
758;2;1;2;0;141;76;104;84;0;234;84
758;2;1;2;0;185;76;108;88;0;144;84
758;2;1;2;0;156;76;108;88;0;234;136
758;2;1;2;0;156;84;108;90;0;144;136
758;2;1;2;0;141;84;108;90;0;234;105
758;2;1;2;0;141;101;104;109;0;180;84
758;2;1;2;0;141;84;101;94;0;180;136
758;2;1;2;0;156;101;108;118;0;180;136
759;2;1;2;0;288;112;123;127;0;220;124
759;2;1;2;0;288;112;113;155;0;286;201
759;2;1;2;0;288;101;105;140;0;286;155
759;2;1;2;0;219;101;105;140;0;176;201
759;2;1;2;0;242;112;105;137;0;286;124
759;3;1;2;0;242;101;113;118;0;176;155
759;3;1;2;0;242;134;105;146;0;176;124
759;2;1;2;0;288;134;113;155;0;176;201
759;2;1;2;0;242;112;113;155;0;220;155
760;2;1;3;0;240;108;83;118;0;160;105
760;2;1;3;0;183;81;89;94;0;208;84
760;3;1;3;0;240;81;97;99;0;128;84
760;2;1;3;0;202;81;97;99;0;208;136
760;3;1;3;0;202;90;97;105;0;128;136
760;2;1;3;0;183;90;97;105;0;208;105
760;3;1;3;0;183;108;89;122;0;160;84
760;2;1;3;0;183;90;83;109;0;160;136
760;2;1;3;0;202;108;97;140;0;160;136
761;2;1;3;0;299;134;140;140;0;210;135
761;2;1;3;0;231;101;146;112;0;273;108
761;2;1;3;0;299;101;154;118;0;168;108
761;2;1;3;0;254;101;154;118;0;273;175
761;2;1;3;0;254;112;154;122;0;168;175
761;2;1;3;0;231;112;154;122;0;273;135
761;2;1;3;0;231;134;146;146;0;210;108
761;2;1;3;0;231;112;140;127;0;210;175
761;2;1;3;0;254;134;154;168;0;210;175
762;2;1;3;0;163;78;83;78;0;100;60
762;2;1;3;0;130;58;86;65;0;130;48
762;3;1;3;0;163;58;90;68;0;80;48
762;2;1;3;0;141;58;90;68;0;130;78
762;2;1;3;0;141;65;90;68;0;80;78
762;2;1;3;0;130;65;90;68;0;130;60
762;2;1;3;0;130;78;86;81;0;100;48
762;3;1;3;0;130;65;83;71;0;100;78
762;3;1;3;0;141;78;90;90;0;100;78
763;2;1;3;0;336;122;109;140;0;270;136
763;2;1;3;0;336;122;95;178;0;351;221
763;2;1;3;0;336;110;84;165;0;351;170
763;3;1;3;0;257;110;84;165;0;216;221
763;2;1;3;0;283;122;84;150;0;351;136
763;3;1;3;0;283;110;95;133;0;216;170
763;3;1;3;0;283;146;84;165;0;216;136
763;3;1;3;0;336;146;95;174;0;216;221
763;2;1;3;0;283;122;95;178;0;270;170
764;3;1;3;0;196;110;88;127;0;208;135
764;2;1;3;0;177;110;82;118;0;208;175
764;3;1;3;0;233;110;96;146;0;208;108
764;3;1;3;0;177;92;88;127;0;128;108
764;3;1;3;0;233;83;88;97;0;160;175
764;3;1;3;0;196;83;82;118;0;160;108
764;3;1;3;0;177;110;96;146;0;128;135
764;3;1;3;0;177;83;96;105;0;160;135
764;3;1;3;0;233;92;82;109;0;128;135
765;2;1;3;0;114;65;46;71;0;90;44
765;2;1;3;0;114;65;42;84;0;117;71
765;2;1;3;0;114;58;39;81;0;117;55
765;2;1;3;0;88;58;39;81;0;72;71
765;2;1;3;0;97;65;39;76;0;117;44
765;2;1;3;0;97;58;42;68;0;72;55
765;2;1;3;0;97;78;39;81;0;72;44
765;2;1;3;0;114;78;42;84;0;72;71
765;2;1;3;0;97;65;42;84;0;90;55
766;3;1;3;0;147;71;73;78;0;90;44
766;2;1;3;0;147;71;69;90;0;117;71
766;2;1;3;0;147;64;66;84;0;117;55
766;3;1;3;0;113;64;66;84;0;72;71
766;2;1;3;0;124;71;66;81;0;117;44
766;3;1;3;0;124;64;69;74;0;72;55
766;3;1;3;0;124;85;66;88;0;72;44
766;3;1;3;0;147;85;69;90;0;72;71
766;3;1;3;0;124;71;69;90;0;90;55
767;3;1;3;0;180;78;99;84;0;110;56
767;2;1;3;0;180;78;95;99;0;143;91
767;2;1;3;0;180;70;92;92;0;143;70
767;2;1;3;0;135;70;92;92;0;88;91
767;2;1;3;0;150;78;92;88;0;143;56
767;2;1;3;0;150;70;95;81;0;88;70
767;3;1;3;0;150;94;92;94;0;88;56
767;2;1;3;0;180;94;95;99;0;88;91
767;2;1;3;0;150;78;95;99;0;110;70
768;2;1;3;0;209;81;127;84;0;190;92
768;2;1;3;0;209;81;123;92;0;247;149
768;2;1;3;0;209;73;120;88;0;247;115
768;2;1;3;0;159;73;120;88;0;152;149
768;2;1;3;0;176;81;120;88;0;247;92
768;2;1;3;0;176;73;123;81;0;152;115
768;2;1;3;0;176;97;120;97;0;152;92
768;2;1;3;0;209;97;123;99;0;152;149
768;2;1;3;0;176;81;123;92;0;190;115
769;2;1;3;0;162;94;86;105;0;195;115
769;2;1;3;0;148;94;81;97;0;195;149
769;2;1;3;0;191;94;92;112;0;195;92
769;3;1;3;0;148;78;86;99;0;120;92
769;2;1;3;0;191;70;86;81;0;150;149
769;2;1;3;0;162;70;81;92;0;150;92
769;3;1;3;0;148;94;92;112;0;120;115
769;2;1;3;0;148;70;92;84;0;150;115
769;2;1;3;0;191;78;81;90;0;120;115
770;2;1;3;0;229;76;126;84;0;150;80
770;2;1;3;0;229;76;120;99;0;195;130
770;3;1;3;0;229;68;115;92;0;195;100
770;3;1;3;0;180;68;115;92;0;120;130
770;2;1;3;0;196;76;115;88;0;195;80
770;3;1;3;0;196;68;120;78;0;120;100
770;3;1;3;0;196;91;115;94;0;120;80
770;3;1;3;0;229;91;120;99;0;120;130
770;2;1;3;0;196;76;120;99;0;150;100
771;3;1;3;0;159;94;116;99;0;208;80
771;3;1;3;0;147;94;113;97;0;208;104
771;3;1;3;0;183;94;120;112;0;208;64
771;3;1;3;0;147;78;116;99;0;128;64
771;3;1;3;0;183;70;116;81;0;160;104
771;3;1;3;0;159;70;113;92;0;160;64
771;3;1;3;0;147;94;120;112;0;128;80
771;3;1;3;0;147;70;120;84;0;160;80
771;3;1;3;0;183;78;113;88;0;128;80
772;2;1;3;0;207;126;103;137;0;247;140
772;2;1;3;0;186;126;97;133;0;247;182
772;2;1;3;0;248;126;111;161;0;247;112
772;2;1;3;0;186;105;103;137;0;152;112
772;2;1;3;0;248;94;103;105;0;190;182
772;2;1;3;0;207;94;97;127;0;190;112
772;2;1;3;0;186;126;111;161;0;152;140
772;2;1;3;0;186;94;111;112;0;190;140
772;2;1;3;0;248;105;97;118;0;152;140
773;3;1;3;0;315;94;167;109;0;170;88
773;2;1;3;0;315;94;159;127;0;221;143
773;2;1;3;0;315;85;153;118;0;221;110
773;3;1;3;0;237;85;153;118;0;136;143
773;2;1;3;0;263;94;153;112;0;221;88
773;2;1;3;0;263;85;159;97;0;136;110
773;3;1;3;0;263;113;153;122;0;136;88
773;3;1;3;0;315;113;159;127;0;136;143
773;3;1;3;0;263;94;159;127;0;170;110
774;2;1;3;0;231;97;95;109;0;180;92
774;2;1;3;0;231;97;87;133;0;234;149
774;2;1;3;0;231;87;81;122;0;234;115
774;3;1;3;0;177;87;81;122;0;144;149
774;2;1;3;0;195;97;81;112;0;234;92
774;3;1;3;0;195;87;87;99;0;144;115
774;3;1;3;0;195;116;81;122;0;144;92
774;3;1;3;0;231;116;87;133;0;144;149
774;2;1;3;0;195;97;87;133;0;180;115
775;2;1;3;0;247;131;80;150;0;338;120
775;2;1;3;0;224;131;71;140;0;338;156
775;3;1;3;0;292;131;92;178;0;338;96
775;3;1;3;0;224;109;80;155;0;208;96
775;2;1;3;0;292;98;80;112;0;260;156
775;2;1;3;0;247;98;71;140;0;260;96
775;3;1;3;0;224;131;92;178;0;208;120
775;3;1;3;0;224;98;92;122;0;260;120
775;2;1;3;0;292;109;71;133;0;208;120
776;2;1;3;0;183;94;104;97;0;130;80
776;2;1;3;0;144;70;107;81;0;169;64
776;3;1;3;0;183;70;111;84;0;104;64
776;2;1;3;0;157;70;111;84;0;169;104
776;2;1;3;0;157;78;111;84;0;104;104
776;2;1;3;0;144;78;111;84;0;169;80
776;3;1;3;0;144;94;107;99;0;130;64
776;2;1;3;0;144;78;104;88;0;130;104
776;2;1;3;0;157;94;111;112;0;130;104
777;3;1;4;0;154;89;70;90;0;110;65
777;2;1;4;0;115;67;73;76;0;143;52
777;3;1;4;0;154;67;77;78;0;88;52
777;2;1;4;0;128;67;77;78;0;143;84
777;3;1;4;0;128;74;77;81;0;88;84
777;2;1;4;0;115;74;77;81;0;143;65
777;3;1;4;0;115;89;73;94;0;110;52
777;2;1;4;0;115;74;70;84;0;110;84
777;2;1;4;0;128;89;77;109;0;110;84
778;2;1;4;0;238;110;81;118;0;170;115
778;2;1;4;0;181;83;87;94;0;221;92
778;2;1;4;0;238;83;95;99;0;136;92
778;2;1;4;0;200;83;95;99;0;221;149
778;2;1;4;0;200;92;95;105;0;136;149
778;2;1;4;0;181;92;95;105;0;221;115
778;2;1;4;0;181;110;87;122;0;170;92
778;2;1;4;0;181;92;81;109;0;170;149
778;2;1;4;0;200;110;95;146;0;170;149
779;3;1;4;0;218;84;78;97;0;180;80
779;3;1;4;0;218;84;70;118;0;234;130
779;3;1;4;0;218;76;64;109;0;234;100
779;3;1;4;0;166;76;64;109;0;144;130
779;3;1;4;0;183;84;64;105;0;234;80
779;3;1;4;0;183;76;70;90;0;144;100
779;3;1;4;0;183;101;64;109;0;144;80
779;3;1;4;0;218;101;70;118;0;144;130
779;3;1;4;0;183;84;70;118;0;180;100
780;2;1;4;0;241;119;143;122;0;170;105
780;2;1;4;0;181;89;146;99;0;221;84
780;3;1;4;0;241;89;150;105;0;136;84
780;2;1;4;0;201;89;150;105;0;221;136
780;2;1;4;0;201;99;150;109;0;136;136
780;2;1;4;0;181;99;150;109;0;221;105
780;3;1;4;0;181;119;146;127;0;170;84
780;2;1;4;0;181;99;143;109;0;170;136
780;1;1;4;0;201;119;150;137;0;170;136
781;2;1;4;0;114;67;59;76;0;104;55
781;2;1;4;0;104;67;56;74;0;104;71
781;2;1;4;0;134;67;63;84;0;104;44
781;2;1;4;0;104;56;59;74;0;64;44
781;2;1;4;0;134;50;59;58;0;80;71
781;2;1;4;0;114;50;56;71;0;80;44
781;2;1;4;0;104;67;63;84;0;64;55
781;2;1;4;0;104;50;63;60;0;80;55
781;2;1;4;0;134;56;56;65;0;64;55
782;3;1;4;0;214;126;85;146;0;260;125
782;3;1;4;0;194;126;77;137;0;260;162
782;3;1;4;0;255;126;95;168;0;260;100
782;3;1;4;0;194;105;85;146;0;160;100
782;3;1;4;0;255;94;85;109;0;200;162
782;3;1;4;0;214;94;77;137;0;200;100
782;3;1;4;0;194;126;95;168;0;160;125
782;3;1;4;0;194;94;95;118;0;200;125
782;3;1;4;0;255;105;77;127;0;160;125
783;1;1;4;0;138;68;66;76;0;90;48
783;2;1;4;0;138;68;62;90;0;117;78
783;1;1;4;0;138;61;59;84;0;117;60
783;1;1;4;0;106;61;59;84;0;72;78
783;1;1;4;0;117;68;59;81;0;117;48
783;1;1;4;0;117;61;62;71;0;72;60
783;2;1;4;0;117;82;59;84;0;72;48
783;1;1;4;0;138;82;62;90;0;72;78
783;2;1;4;0;117;68;62;90;0;90;60
784;2;1;4;0;146;85;91;92;0;143;65
784;2;1;4;0;132;85;88;88;0;143;84
784;2;1;4;0;173;85;95;105;0;143;52
784;2;1;4;0;132;71;91;92;0;88;52
784;2;1;4;0;173;64;91;74;0;110;84
784;2;1;4;0;146;64;88;84;0;110;52
784;2;1;4;0;132;85;95;105;0;88;65
784;2;1;4;0;132;64;95;76;0;110;65
784;2;1;4;0;173;71;88;81;0;88;65
785;3;1;4;0;242;90;106;105;0;150;72
785;2;1;4;0;242;90;98;122;0;195;117
785;2;1;4;0;242;81;92;112;0;195;90
785;2;1;4;0;184;81;92;112;0;120;117
785;2;1;4;0;203;90;92;109;0;195;72
785;2;1;4;0;203;81;98;94;0;120;90
785;2;1;4;0;203;108;92;118;0;120;72
785;2;1;4;0;242;108;98;122;0;120;117
785;1;1;4;0;203;90;98;122;0;150;90
786;2;1;4;0;314;160;126;183;0;377;205
786;2;1;4;0;284;160;115;168;0;377;266
786;2;1;4;0;375;160;140;221;0;377;164
786;2;1;4;0;284;133;126;183;0;232;164
786;2;1;4;0;375;120;126;137;0;290;266
786;2;1;4;0;314;120;115;168;0;290;164
786;2;1;4;0;284;160;140;221;0;232;205
786;2;1;4;0;284;120;140;146;0;290;205
786;2;1;4;0;375;133;115;155;0;232;205
787;2;1;2;0;202;106;147;112;0;195;105
787;2;1;2;0;187;106;144;109;0;195;136
787;2;1;2;0;233;106;151;122;0;195;84
787;2;1;2;0;187;88;147;109;0;120;84
787;2;1;2;0;233;79;147;88;0;150;136
787;2;1;2;0;202;79;144;99;0;150;84
787;2;1;2;0;187;106;151;122;0;120;105
787;2;1;2;0;187;79;151;90;0;150;105
787;2;1;2;0;233;88;144;97;0;120;105
788;3;1;2;0;181;101;68;118;0;195;90
788;2;1;2;0;164;101;62;109;0;195;117
788;3;1;2;0;215;101;76;137;0;195;72
788;3;1;2;0;164;84;68;118;0;120;72
788;2;1;2;0;215;76;68;90;0;150;117
788;3;1;2;0;181;76;62;109;0;150;72
788;2;1;2;0;164;101;76;137;0;120;90
788;3;1;2;0;164;76;76;94;0;150;90
788;2;1;2;0;215;84;62;105;0;120;90
789;3;1;3;0;212;91;139;90;0;140;95
789;2;1;3;0;175;68;142;76;0;182;76
789;3;1;3;0;212;68;146;76;0;112;76
789;2;1;3;0;187;68;146;76;0;182;123
789;2;1;3;0;187;76;146;81;0;112;123
789;2;1;3;0;175;76;146;81;0;182;95
789;3;1;3;0;175;91;142;92;0;140;76
789;2;1;3;0;175;76;139;81;0;140;123
789;2;1;3;0;187;91;146;99;0;140;123
790;2;1;3;0;221;113;108;127;0;208;100
790;2;1;3;0;199;113;102;122;0;208;130
790;3;1;3;0;265;113;116;146;0;208;80
790;3;1;3;0;199;94;108;127;0;128;80
790;3;1;3;0;265;85;108;97;0;160;130
790;3;1;3;0;221;85;102;118;0;160;80
790;3;1;3;0;199;113;116;146;0;128;100
790;3;1;3;0;199;85;116;105;0;160;100
790;3;1;3;0;265;94;102;112;0;128;100
791;2;1;3;0;378;146;139;161;0;220;145
791;2;1;3;0;283;110;148;127;0;286;116
791;3;1;3;0;378;110;160;133;0;176;116
791;2;1;3;0;315;110;160;133;0;286;188
791;3;1;3;0;315;122;160;137;0;176;188
791;2;1;3;0;283;122;160;137;0;286;145
791;3;1;3;0;283;146;148;168;0;220;116
791;2;1;3;0;283;122;139;146;0;220;188
791;3;1;3;0;315;146;160;196;0;220;188
792;2;1;3;0;189;113;81;133;0;221;130
792;2;1;3;0;171;113;75;122;0;221;169
792;2;1;3;0;225;113;89;150;0;221;104
792;2;1;3;0;171;94;81;133;0;136;104
792;2;1;3;0;225;85;81;99;0;170;169
792;2;1;3;0;189;85;75;122;0;170;104
792;2;1;3;0;171;113;89;150;0;136;130
792;2;1;3;0;171;85;89;105;0;170;130
792;2;1;3;0;225;94;75;112;0;136;130
793;2;1;3;0;172;108;64;122;0;208;115
793;2;1;3;0;156;108;58;112;0;208;149
793;2;1;3;0;204;108;72;140;0;208;92
793;2;1;3;0;156;90;64;122;0;128;92
793;2;1;3;0;204;81;64;92;0;160;149
793;2;1;3;0;172;81;58;112;0;160;92
793;2;1;3;0;156;108;72;140;0;128;115
793;2;1;3;0;156;81;72;99;0;160;115
793;2;1;3;0;204;90;58;109;0;128;115
794;2;1;3;0;200;85;112;84;0;150;90
794;2;1;3;0;152;64;115;68;0;195;72
794;3;1;3;0;200;64;119;71;0;120;72
794;2;1;3;0;168;64;119;71;0;195;117
794;2;1;3;0;168;71;119;74;0;120;117
794;2;1;3;0;152;71;119;74;0;195;90
794;3;1;3;0;152;85;115;84;0;150;72
794;2;1;3;0;152;71;112;76;0;150;117
794;2;1;3;0;168;85;119;92;0;150;117
795;2;1;4;0;106;72;34;78;0;90;60
795;2;1;4;0;85;54;37;65;0;117;48
795;3;1;4;0;106;54;41;68;0;72;48
795;2;1;4;0;92;54;41;68;0;117;78
795;3;1;4;0;92;60;41;71;0;72;78
795;2;1;4;0;85;60;41;71;0;117;60
795;2;1;4;0;85;72;37;84;0;90;48
795;2;1;4;0;85;60;34;74;0;90;78
795;3;1;4;0;92;72;41;94;0;90;78
796;2;1;4;0;260;94;128;105;0;210;132
796;3;1;4;0;260;94;120;127;0;273;214
796;3;1;4;0;260;85;114;118;0;273;165
796;3;1;4;0;206;85;114;118;0;168;214
796;3;1;4;0;224;94;114;109;0;273;132
796;3;1;4;0;224;85;120;97;0;168;165
796;3;1;4;0;224;113;114;118;0;168;132
796;3;1;4;0;260;113;120;127;0;168;214
796;3;1;4;0;224;94;120;127;0;210;165
797;1;1;4;0;197;126;68;146;0;260;130
797;1;1;4;0;178;126;60;137;0;260;169
797;2;1;4;0;234;126;78;168;0;260;104
797;3;1;4;0;178;105;68;146;0;160;104
797;2;1;4;0;234;94;68;109;0;200;169
797;2;1;4;0;197;94;60;137;0;200;104
797;3;1;4;0;178;126;78;168;0;160;130
797;1;1;4;0;178;94;78;118;0;200;130
797;2;1;4;0;234;105;60;127;0;160;130
798;2;1;3;0;336;146;84;165;0;270;150
798;2;1;3;0;257;110;95;133;0;351;120
798;2;1;3;0;336;110;109;137;0;216;120
798;2;1;3;0;283;110;109;137;0;351;195
798;2;1;3;0;283;122;109;140;0;216;195
798;2;1;3;0;257;122;109;140;0;351;150
798;2;1;3;0;257;146;95;174;0;270;120
798;2;1;3;0;257;122;84;150;0;270;195
798;2;1;3;0;283;146;109;207;0;270;195
799;2;0;2;0;255;126;77;137;0;200;130
799;2;0;2;0;194;94;85;109;0;260;104
799;2;0;2;0;255;94;95;118;0;160;104
799;2;0;2;0;214;94;95;118;0;260;169
799;2;0;2;0;214;105;95;118;0;160;169
799;2;0;2;0;194;105;95;118;0;260;130
799;2;0;2;0;194;126;85;146;0;200;104
799;2;0;2;0;194;105;77;127;0;200;169
799;2;0;2;0;214;126;95;168;0;200;169
800;3;0;2;0;313;116;153;127;0;200;150
800;2;0;2;0;244;87;159;105;0;260;120
800;3;0;2;0;313;87;167;109;0;160;120
800;2;0;2;0;267;87;167;109;0;260;195
800;3;0;2;0;267;97;167;109;0;160;195
800;2;0;2;0;244;97;167;109;0;260;150
800;2;0;2;0;244;116;159;133;0;200;120
800;2;0;2;0;244;97;153;112;0;200;195
800;2;0;2;0;267;116;167;150;0;200;195
801;2;0;3;0;92;72;37;84;0;117;65
801;2;0;3;0;85;72;34;78;0;117;84
801;3;0;3;0;106;72;41;94;0;117;52
801;3;0;3;0;85;60;37;84;0;72;52
801;2;0;3;0;106;54;37;65;0;90;84
801;3;0;3;0;92;54;34;78;0;90;52
801;2;0;3;0;85;72;41;94;0;72;65
801;2;0;3;0;85;54;41;68;0;90;65
801;2;0;3;0;106;60;34;74;0;72;65
802;2;0;3;0;253;105;98;118;0;220;128
802;2;0;3;0;253;105;88;146;0;286;208
802;2;0;3;0;253;94;80;137;0;286;160
802;2;0;3;0;193;94;80;137;0;176;208
802;2;0;3;0;213;105;80;127;0;286;128
802;2;0;3;0;213;94;88;109;0;176;160
802;2;0;3;0;213;126;80;137;0;176;128
802;2;0;3;0;253;126;88;146;0;176;208
802;2;0;3;0;213;105;88;146;0;220;160
803;2;0;3;0;264;109;103;122;0;200;120
803;2;0;3;0;264;109;93;150;0;260;195
803;2;0;3;0;264;98;85;140;0;260;150
803;2;0;3;0;201;98;85;140;0;160;195
803;2;0;3;0;222;109;85;133;0;260;120
803;2;0;3;0;222;98;93;112;0;160;150
803;3;0;3;0;222;131;85;140;0;160;120
803;2;0;3;0;264;131;93;150;0;160;195
803;2;0;3;0;222;109;93;150;0;200;150
804;2;0;3;0;308;109;163;122;0;250;124
804;2;0;3;0;308;109;155;146;0;325;201
804;2;0;3;0;308;98;149;133;0;325;155
804;1;0;3;0;233;98;149;133;0;200;201
804;2;0;3;0;258;109;149;127;0;325;124
804;2;0;3;0;258;98;155;112;0;200;155
804;3;0;3;0;258;131;149;140;0;200;124
804;2;0;3;0;308;131;155;146;0;200;201
804;1;0;3;0;258;109;155;146;0;250;155
805;2;0;4;0;216;97;82;109;0;200;100
805;2;0;4;0;216;97;74;133;0;260;162
805;2;0;4;0;216;87;68;122;0;260;125
805;2;0;4;0;165;87;68;122;0;160;162
805;2;0;4;0;182;97;68;112;0;260;100
805;2;0;4;0;182;87;74;99;0;160;125
805;2;0;4;0;182;116;68;122;0;160;100
805;2;0;4;0;216;116;74;133;0;160;162
805;2;0;4;0;182;97;74;133;0;200;125
806;2;0;2;0;193;106;50;112;0;170;105
806;2;0;2;0;150;79;56;90;0;221;84
806;3;0;2;0;193;79;64;97;0;136;84
806;2;0;2;0;164;79;64;97;0;221;136
806;3;0;2;0;164;88;64;97;0;136;136
806;2;0;2;0;150;88;64;97;0;221;105
806;2;0;2;0;150;106;56;118;0;170;84
806;2;0;2;0;150;88;50;105;0;170;136
806;2;0;2;0;164;106;64;140;0;170;136
807;2;0;3;0;164;106;56;118;0;221;105
807;2;0;3;0;150;106;50;112;0;221;136
807;2;0;3;0;193;106;64;140;0;221;84
807;3;0;3;0;150;88;56;122;0;136;84
807;2;0;3;0;193;79;56;90;0;170;136
807;3;0;3;0;164;79;50;112;0;170;84
807;1;0;3;0;150;106;64;140;0;136;105
807;1;0;3;0;150;79;64;97;0;170;105
807;1;0;3;0;193;88;50;105;0;136;105
808;3;0;3;0;128;71;57;78;0;100;48
808;2;0;3;0;128;71;53;92;0;130;78
808;2;0;3;0;128;64;50;84;0;130;60
808;3;0;3;0;98;64;50;84;0;80;78
808;2;0;3;0;108;71;50;84;0;130;48
808;3;0;3;0;108;64;53;74;0;80;60
808;3;0;3;0;108;85;50;88;0;80;48
808;3;0;3;0;128;85;53;92;0;80;78
808;3;0;3;0;108;71;53;92;0;100;60
809;2;0;3;0;106;72;34;78;0;90;50
809;2;0;3;0;85;54;37;65;0;117;40
809;3;0;3;0;106;54;41;68;0;72;40
809;2;0;3;0;92;54;41;68;0;117;65
809;2;0;3;0;92;60;41;71;0;72;65
809;2;0;3;0;85;60;41;71;0;117;50
809;3;0;3;0;85;72;37;84;0;90;40
809;2;0;3;0;85;60;34;74;0;90;65
809;3;0;3;0;92;72;41;94;0;90;65
810;2;0;4;0;136;72;81;78;0;130;70
810;2;0;4;0;125;72;78;76;0;130;91
810;2;0;4;0;159;72;85;88;0;130;56
810;3;0;4;0;125;60;81;78;0;80;56
810;2;0;4;0;159;54;81;60;0;100;91
810;2;0;4;0;136;54;78;74;0;100;56
810;3;0;4;0;125;72;85;88;0;80;70
810;2;0;4;0;125;54;85;65;0;100;70
810;2;0;4;0;159;60;78;71;0;80;70
811;3;0;5;0;203;74;83;105;0;130;72
811;3;0;5;0;203;74;75;122;0;169;117
811;3;0;5;0;203;67;69;112;0;169;90
811;3;0;5;0;155;67;69;112;0;104;117
811;3;0;5;0;171;74;69;109;0;169;72
811;3;0;5;0;171;67;75;92;0;104;90
811;3;0;5;0;171;89;69;118;0;104;72
811;3;0;5;0;203;89;75;122;0;104;117
811;3;0;5;0;171;74;75;122;0;130;90
812;2;1;2;0;164;106;56;118;0;221;105
812;2;1;2;0;150;106;50;112;0;221;136
812;3;1;2;0;193;106;64;140;0;221;84
812;3;1;2;0;150;88;56;122;0;136;84
812;2;1;2;0;193;79;56;90;0;170;136
812;3;1;2;0;164;79;50;112;0;170;84
812;3;1;2;0;150;106;64;140;0;136;105
812;2;1;2;0;150;79;64;97;0;170;105
812;2;1;2;0;193;88;50;105;0;136;105
813;3;1;2;0;153;74;79;81;0;110;44
813;2;1;2;0;153;74;75;94;0;143;71
813;2;1;2;0;153;67;72;88;0;143;55
813;3;1;2;0;119;67;72;88;0;88;71
813;2;1;2;0;130;74;72;84;0;143;44
813;3;1;2;0;130;67;75;76;0;88;55
813;3;1;2;0;130;89;72;92;0;88;44
813;3;1;2;0;153;89;75;94;0;88;71
813;3;1;2;0;130;74;75;94;0;110;55
814;3;1;2;0;228;90;127;105;0;150;76
814;2;1;2;0;228;90;119;127;0;195;123
814;2;1;2;0;228;81;113;118;0;195;95
814;3;1;2;0;176;81;113;118;0;120;123
814;2;1;2;0;193;90;113;109;0;195;76
814;3;1;2;0;193;81;119;97;0;120;95
814;3;1;2;0;193;108;113;118;0;120;76
814;3;1;2;0;228;108;119;127;0;120;123
814;3;1;2;0;193;90;119;127;0;150;95
815;2;1;3;0;149;91;94;97;0;143;50
815;2;1;3;0;134;91;91;94;0;143;65
815;3;1;3;0;179;91;98;109;0;143;40
815;3;1;3;0;134;76;94;97;0;88;40
815;3;1;3;0;179;68;94;78;0;110;65
815;3;1;3;0;149;68;91;90;0;110;40
815;3;1;3;0;134;91;98;109;0;88;50
815;3;1;3;0;134;68;98;81;0;110;50
815;3;1;3;0;179;76;91;84;0;88;50
816;3;1;3;0;166;85;86;88;0;100;65
816;2;1;3;0;124;64;89;74;0;130;52
816;3;1;3;0;166;64;93;76;0;80;52
816;2;1;3;0;138;64;93;76;0;130;84
816;2;1;3;0;138;71;93;78;0;80;84
816;2;1;3;0;124;71;93;78;0;130;65
816;3;1;3;0;124;85;89;92;0;100;52
816;2;1;3;0;124;71;86;81;0;100;84
816;3;1;3;0;138;85;93;105;0;100;84
817;2;1;3;0;270;119;113;127;0;190;140
817;2;1;3;0;205;89;119;105;0;247;112
817;3;1;3;0;270;89;127;109;0;152;112
817;2;1;3;0;227;89;127;109;0;247;182
817;2;1;3;0;227;99;127;112;0;152;182
817;2;1;3;0;205;99;127;112;0;247;140
817;2;1;3;0;205;119;119;137;0;190;112
817;2;1;3;0;205;99;113;118;0;190;182
817;2;1;3;0;227;119;127;155;0;190;182
818;2;1;3;0;224;113;74;122;0;170;115
818;2;1;3;0;170;85;80;97;0;221;92
818;3;1;3;0;224;85;88;105;0;136;92
818;2;1;3;0;188;85;88;105;0;221;149
818;2;1;3;0;188;94;88;105;0;136;149
818;2;1;3;0;170;94;88;105;0;221;115
818;2;1;3;0;170;113;80;127;0;170;92
818;2;1;3;0;170;94;74;112;0;170;149
818;2;1;3;0;188;113;88;146;0;170;149
819;2;1;3;0;106;72;34;78;0;90;70
819;2;1;3;0;85;54;37;65;0;117;56
819;2;1;3;0;106;54;41;68;0;72;56
819;2;1;3;0;92;54;41;68;0;117;91
819;2;1;3;0;92;60;41;71;0;72;91
819;2;1;3;0;85;60;41;71;0;117;70
819;2;1;3;0;85;72;37;84;0;90;56
819;2;1;3;0;85;60;34;74;0;90;91
819;2;1;3;0;92;72;41;94;0;90;91
820;3;1;3;0;114;65;46;71;0;90;60
820;2;1;3;0;114;65;42;84;0;117;97
820;2;1;3;0;114;58;39;81;0;117;75
820;3;1;3;0;88;58;39;81;0;72;97
820;2;1;3;0;97;65;39;76;0;117;60
820;2;1;3;0;97;58;42;68;0;72;75
820;3;1;3;0;97;78;39;81;0;72;60
820;2;1;3;0;114;78;42;84;0;72;97
820;2;1;3;0;97;65;42;84;0;90;75
821;2;1;3;0;100;78;45;88;0;156;60
821;2;1;3;0;90;78;42;84;0;156;78
821;3;1;3;0;120;78;49;99;0;156;48
821;2;1;3;0;90;65;45;88;0;96;48
821;2;1;3;0;120;58;45;68;0;120;78
821;2;1;3;0;100;58;42;81;0;120;48
821;2;1;3;0;90;78;49;99;0;96;60
821;3;1;3;0;90;58;49;71;0;120;60
821;2;1;3;0;120;65;42;76;0;96;60
822;3;1;3;0;118;56;70;78;0;100;48
822;3;1;3;0;118;56;66;92;0;130;78
822;3;1;3;0;118;50;63;84;0;130;60
822;3;1;3;0;91;50;63;84;0;80;78
822;3;1;3;0;100;56;63;84;0;130;48
822;3;1;3;0;100;50;66;74;0;80;60
822;3;1;3;0;100;67;63;88;0;80;48
822;3;1;3;0;118;67;66;92;0;80;78
822;3;1;3;0;100;56;66;92;0;100;60
823;2;1;3;0;292;109;92;122;0;260;132
823;2;1;3;0;292;109;80;155;0;338;214
823;2;1;3;0;292;98;71;140;0;338;165
823;3;1;3;0;224;98;71;140;0;208;214
823;2;1;3;0;247;109;71;133;0;338;132
823;2;1;3;0;247;98;80;112;0;208;165
823;3;1;3;0;247;131;71;140;0;208;132
823;2;1;3;0;292;131;80;150;0;208;214
823;2;1;3;0;247;109;80;155;0;260;165
824;3;1;3;0;247;131;80;150;0;260;140
824;2;1;3;0;224;131;71;140;0;260;182
824;3;1;3;0;292;131;92;178;0;260;112
824;3;1;3;0;224;109;80;155;0;160;112
824;2;1;3;0;292;98;80;112;0;200;182
824;2;1;3;0;247;98;71;140;0;200;112
824;3;1;3;0;224;131;92;178;0;160;140
824;1;1;3;0;224;98;92;122;0;200;140
824;2;1;3;0;292;109;71;133;0;160;140
825;2;1;3;0;210;106;63;112;0;170;110
825;2;1;3;0;160;79;69;92;0;221;88
825;3;1;3;0;210;79;77;97;0;136;88
825;2;1;3;0;177;79;77;97;0;221;143
825;3;1;3;0;177;88;77;99;0;136;143
825;2;1;3;0;160;88;77;99;0;221;110
825;2;1;3;0;160;106;69;122;0;170;88
825;2;1;3;0;160;88;63;105;0;170;143
825;2;1;3;0;177;106;77;140;0;170;143
826;2;1;3;0;193;108;117;118;0;247;125
826;2;1;3;0;175;108;112;112;0;247;162
826;2;1;3;0;230;108;123;133;0;247;100
826;3;1;3;0;175;90;117;112;0;152;100
826;2;1;3;0;230;81;117;92;0;190;162
826;2;1;3;0;193;81;112;105;0;190;100
826;3;1;3;0;175;108;123;133;0;152;125
826;2;1;3;0;175;81;123;94;0;190;125
826;3;1;3;0;230;90;112;105;0;152;125
827;3;1;4;0;141;65;68;74;0;120;56
827;2;1;4;0;141;65;64;88;0;156;91
827;2;1;4;0;141;58;61;81;0;156;70
827;3;1;4;0;108;58;61;81;0;96;91
827;2;1;4;0;119;65;61;76;0;156;56
827;3;1;4;0;119;58;64;68;0;96;70
827;3;1;4;0;119;78;61;84;0;96;56
827;2;1;4;0;141;78;64;88;0;96;91
827;3;1;4;0;119;65;64;88;0;120;70
828;2;1;4;0;200;76;116;81;0;150;84
828;2;1;4;0;200;76;112;90;0;195;136
828;2;1;4;0;200;68;109;84;0;195;105
828;3;1;4;0;150;68;109;84;0;120;136
828;2;1;4;0;167;76;109;84;0;195;84
828;3;1;4;0;167;68;112;76;0;120;105
828;3;1;4;0;167;91;109;92;0;120;84
828;3;1;4;0;200;91;112;94;0;120;136
828;2;1;4;0;167;76;112;90;0;150;105
829;2;1;3;0;335;134;106;150;0;280;220
829;2;1;3;0;254;101;115;118;0;364;176
829;3;1;3;0;335;101;127;127;0;224;176
829;2;1;3;0;281;101;127;127;0;364;286
829;3;1;3;0;281;112;127;133;0;224;286
829;2;1;3;0;254;112;127;133;0;364;220
829;2;1;3;0;254;134;115;161;0;280;176
829;2;1;3;0;254;112;106;137;0;280;286
829;2;1;3;0;281;134;127;187;0;280;286
830;2;1;3;0;324;146;103;168;0;270;160
830;2;1;3;0;246;110;114;137;0;351;128
830;2;1;3;0;324;110;128;140;0;216;128
830;2;1;3;0;272;110;128;140;0;351;208
830;2;1;3;0;272;122;128;146;0;216;208
830;2;1;3;0;246;122;128;146;0;351;160
830;2;1;3;0;246;146;114;178;0;270;128
830;2;1;3;0;246;122;103;155;0;270;208
830;2;1;3;0;272;146;128;211;0;270;208
831;2;0;2;0;209;233;101;266;0;234;120
831;2;0;2;0;189;233;95;245;0;234;156
831;2;0;2;0;249;233;109;301;0;234;96
831;3;0;2;0;189;194;101;266;0;144;96
831;2;0;2;0;249;175;101;198;0;180;156
831;2;0;2;0;209;175;95;245;0;180;96
831;3;0;2;0;189;233;109;301;0;144;120
831;2;0;2;0;189;175;109;210;0;180;120
831;3;0;2;0;249;194;95;225;0;144;120
832;2;0;3;0;273;262;94;281;0;230;145
832;2;0;3;0;207;196;102;225;0;299;116
832;3;0;3;0;273;196;112;245;0;184;116
832;2;0;3;0;229;196;112;245;0;299;188
832;2;0;3;0;229;218;112;245;0;184;188
832;2;0;3;0;207;218;112;245;0;299;145
832;2;0;3;0;207;262;102;301;0;230;116
832;2;0;3;0;207;218;94;266;0;230;188
832;2;0;3;0;229;262;112;357;0;230;188
833;3;0;3;0;200;252;71;281;0;247;140
833;2;0;3;0;182;252;63;266;0;247;182
833;3;0;3;0;236;252;81;337;0;247;112
833;2;0;3;0;182;210;71;293;0;152;112
833;2;0;3;0;236;189;71;218;0;190;182
833;3;0;3;0;200;189;63;266;0;190;112
833;3;0;3;0;182;252;81;337;0;152;140
833;2;0;3;0;182;189;81;225;0;190;140
833;3;0;3;0;236;210;63;245;0;152;140
834;3;0;4;0;148;130;72;147;0;100;52
834;2;0;4;0;148;130;68;176;0;130;84
834;2;0;4;0;148;117;65;167;0;130;65
834;3;0;4;0;111;117;65;167;0;80;84
834;2;0;4;0;123;130;65;155;0;130;52
834;3;0;4;0;123;117;68;136;0;80;65
834;3;0;4;0;123;156;65;167;0;80;52
834;3;0;4;0;148;156;68;176;0;80;84
834;3;0;4;0;123;130;68;176;0;100;65
835;3;0;4;0;185;194;109;210;0;208;95
835;3;0;4;0;167;194;104;198;0;208;123
835;3;0;4;0;220;194;115;237;0;208;76
835;3;0;4;0;167;162;109;210;0;128;76
835;3;0;4;0;220;146;109;167;0;160;123
835;3;0;4;0;185;146;104;194;0;160;76
835;3;0;4;0;167;194;115;237;0;128;95
835;3;0;4;0;167;146;115;169;0;160;95
835;3;0;4;0;220;162;104;184;0;128;95
836;3;0;3;0;134;170;58;184;0;169;75
836;3;0;3;0;122;170;53;176;0;169;97
836;3;0;3;0;159;170;64;218;0;169;60
836;3;0;3;0;122;142;58;184;0;104;60
836;3;0;3;0;159;128;58;147;0;130;97
836;3;0;3;0;134;128;53;176;0;130;60
836;3;0;3;0;122;170;64;218;0;104;75
836;3;0;3;0;122;128;64;153;0;130;75
836;3;0;3;0;159;142;53;162;0;104;75
837;2;0;2;0;193;211;50;225;0;170;95
837;2;0;2;0;150;158;56;181;0;221;76
837;3;0;2;0;193;158;64;194;0;136;76
837;2;0;2;0;164;158;64;194;0;221;123
837;3;0;2;0;164;176;64;194;0;136;123
837;2;0;2;0;150;176;64;194;0;221;95
837;3;0;2;0;150;211;56;237;0;170;76
837;2;0;2;0;150;176;50;210;0;170;123
837;3;0;2;0;164;211;64;281;0;170;123
838;3;0;4;0;193;176;64;194;0;200;104
838;2;0;4;0;193;176;56;245;0;260;169
838;2;0;4;0;193;158;50;225;0;260;130
838;2;0;4;0;150;158;50;225;0;160;169
838;2;0;4;0;164;176;50;210;0;260;104
838;2;0;4;0;164;158;56;181;0;160;130
838;2;0;4;0;164;211;50;225;0;160;104
838;2;0;4;0;193;211;56;237;0;160;169
838;2;0;4;0;164;176;56;245;0;200;130
839;2;0;5;0;225;176;96;198;0;170;96
839;2;0;5;0;225;176;88;245;0;221;156
839;2;0;5;0;225;158;82;225;0;221;120
839;3;0;5;0;182;158;82;225;0;136;156
839;2;0;5;0;196;176;82;210;0;221;96
839;3;0;5;0;196;158;88;184;0;136;120
839;3;0;5;0;196;211;82;225;0;136;96
839;3;0;5;0;225;211;88;245;0;136;156
839;2;0;5;0;196;176;88;245;0;170;120
840;2;0;3;0;236;252;63;266;0;190;150
840;2;0;3;0;182;189;71;218;0;247;120
840;2;0;3;0;236;189;81;225;0;152;120
840;2;0;3;0;200;189;81;225;0;247;195
840;3;0;3;0;200;210;81;237;0;152;195
840;2;0;3;0;182;210;81;237;0;247;150
840;3;0;3;0;182;252;71;281;0;190;120
840;2;0;3;0;182;210;63;245;0;190;195
840;3;0;3;0;200;252;81;337;0;190;195
841;2;0;2;0;373;237;205;266;0;260;132
841;2;0;2;0;373;237;195;322;0;338;214
841;2;0;2;0;373;213;187;293;0;338;165
841;3;0;2;0;299;213;187;293;0;208;214
841;2;0;2;0;324;237;187;281;0;338;132
841;3;0;2;0;324;213;195;245;0;208;165
841;3;0;2;0;324;284;187;301;0;208;132
841;3;0;2;0;373;284;195;322;0;208;214
841;3;0;2;0;324;237;195;322;0;260;165
842;2;1;2;0;146;136;55;153;0;120;64
842;2;1;2;0;146;136;49;181;0;156;104
842;2;1;2;0;146;122;44;169;0;156;80
842;2;1;2;0;114;122;44;169;0;96;104
842;2;1;2;0;125;136;44;155;0;156;64
842;3;1;2;0;125;122;49;142;0;96;80
842;3;1;2;0;125;163;44;169;0;96;64
842;2;1;2;0;146;163;49;181;0;96;104
842;3;1;2;0;125;136;49;181;0;120;80
843;3;1;2;0;224;189;88;210;0;200;108
843;1;1;2;0;224;189;80;254;0;260;175
843;3;1;2;0;224;170;74;237;0;260;135
843;1;1;2;0;170;170;74;237;0;160;175
843;1;1;2;0;188;189;74;225;0;260;108
843;2;1;2;0;188;170;80;194;0;160;135
843;3;1;2;0;188;227;74;245;0;160;108
843;3;1;2;0;224;227;80;254;0;160;175
843;1;1;2;0;188;189;80;254;0;200;135
844;2;1;3;0;243;221;167;237;0;260;125
844;2;1;3;0;223;221;162;225;0;260;162
844;2;1;3;0;283;221;173;266;0;260;100
844;2;1;3;0;223;184;167;237;0;160;100
844;2;1;3;0;283;166;167;184;0;200;162
844;2;1;3;0;243;166;162;218;0;200;100
844;2;1;3;0;223;221;173;266;0;160;125
844;2;1;3;0;223;166;173;194;0;200;125
844;2;1;3;0;283;184;162;210;0;160;125
845;3;1;3;0;215;181;130;194;0;150;80
845;2;1;3;0;215;181;126;218;0;195;130
845;3;1;3;0;215;163;123;210;0;195;100
845;2;1;3;0;164;163;123;210;0;120;130
845;2;1;3;0;181;181;123;198;0;195;80
845;2;1;3;0;181;163;126;181;0;120;100
845;3;1;3;0;181;217;123;218;0;120;80
845;3;1;3;0;215;217;126;225;0;120;130
845;3;1;3;0;181;181;126;218;0;150;100
846;2;1;2;0;162;194;113;210;0;182;85
846;2;1;2;0;150;194;110;198;0;182;110
846;3;1;2;0;186;194;117;225;0;182;68
846;3;1;2;0;150;162;113;198;0;112;68
846;3;1;2;0;186;146;113;162;0;140;110
846;3;1;2;0;162;146;110;184;0;140;68
846;3;1;2;0;150;194;117;225;0;112;85
846;2;1;2;0;150;146;117;169;0;140;85
846;3;1;2;0;186;162;110;181;0;112;85
847;3;1;3;0;236;252;63;266;0;210;120
847;2;1;3;0;182;189;71;218;0;273;96
847;3;1;3;0;236;189;81;225;0;168;96
847;2;1;3;0;200;189;81;225;0;273;156
847;3;1;3;0;200;210;81;237;0;168;156
847;2;1;3;0;182;210;81;237;0;273;120
847;3;1;3;0;182;252;71;281;0;210;96
847;3;1;3;0;182;210;63;245;0;210;156
847;3;1;3;0;200;252;81;337;0;210;156
848;2;0;2;0;195;221;87;245;0;195;80
848;2;0;2;0;176;221;81;237;0;195;104
848;2;0;2;0;232;221;95;293;0;195;64
848;3;0;2;0;176;184;87;254;0;120;64
848;2;0;2;0;232;166;87;189;0;150;104
848;3;0;2;0;195;166;81;237;0;150;64
848;3;0;2;0;176;221;95;293;0;120;80
848;3;0;2;0;176;166;95;198;0;150;80
848;3;0;2;0;232;184;81;218;0;120;80
849;3;0;2;0;138;142;66;155;0;90;44
849;2;0;2;0;138;142;62;181;0;117;71
849;2;0;2;0;138;128;59;169;0;117;55
849;3;0;2;0;106;128;59;169;0;72;71
849;2;0;2;0;117;142;59;162;0;117;44
849;3;0;2;0;117;128;62;147;0;72;55
849;3;0;2;0;117;170;59;176;0;72;44
849;3;0;2;0;138;170;62;184;0;72;71
849;3;0;2;0;117;142;62;181;0;90;55
850;3;0;2;0;231;203;108;237;0;140;90
850;3;0;2;0;180;152;114;189;0;182;72
850;3;0;2;0;231;152;122;198;0;112;72
850;3;0;2;0;197;152;122;198;0;182;117
850;3;0;2;0;197;169;122;210;0;112;117
850;3;0;2;0;180;169;122;210;0;182;90
850;3;0;2;0;180;203;114;245;0;140;72
850;3;0;2;0;180;169;108;218;0;140;117
850;3;0;2;0;197;203;122;281;0;140;117
851;2;0;2;0;140;130;67;147;0;100;52
851;2;0;2;0;140;130;63;176;0;130;84
851;2;0;2;0;140;117;60;162;0;130;65
851;3;0;2;0;107;117;60;162;0;80;84
851;2;0;2;0;118;130;60;153;0;130;52
851;3;0;2;0;118;117;63;136;0;80;65
851;3;0;2;0;118;156;60;167;0;80;52
851;3;0;2;0;140;156;63;176;0;80;84
851;3;0;2;0;118;130;63;176;0;100;65
852;3;0;2;0;106;119;41;142;0;80;44
852;2;0;2;0;106;119;37;167;0;104;71
852;2;0;2;0;106;107;34;155;0;104;55
852;3;0;2;0;85;107;34;155;0;64;71
852;2;0;2;0;92;119;34;147;0;104;44
852;3;0;2;0;92;107;37;130;0;64;55
852;3;0;2;0;92;143;34;155;0;64;44
852;3;0;2;0;106;143;37;167;0;64;71
852;3;0;2;0;92;119;37;167;0;80;55
853;3;0;2;0;92;143;37;167;0;117;65
853;2;0;2;0;85;143;34;155;0;117;84
853;3;0;2;0;106;143;41;189;0;117;52
853;3;0;2;0;85;119;37;167;0;72;52
853;2;0;2;0;106;107;37;130;0;90;84
853;3;0;2;0;92;107;34;155;0;90;52
853;3;0;2;0;85;143;41;189;0;72;65
853;3;0;2;0;85;107;41;136;0;90;65
853;3;0;2;0;106;119;34;147;0;72;65
854;3;0;2;0;178;176;69;184;0;130;85
854;2;0;2;0;136;132;74;153;0;169;68
854;3;0;2;0;178;132;80;162;0;104;68
854;2;0;2;0;150;132;80;162;0;169;110
854;3;0;2;0;150;147;80;167;0;104;110
854;2;0;2;0;136;147;80;167;0;169;85
854;3;0;2;0;136;176;74;194;0;130;68
854;2;0;2;0;136;147;69;169;0;130;110
854;3;0;2;0;150;176;80;225;0;130;110
855;3;0;2;0;161;184;78;184;0;120;75
855;2;0;2;0;123;138;81;153;0;156;60
855;3;0;2;0;161;138;85;162;0;96;60
855;2;0;2;0;136;138;85;162;0;156;97
855;2;0;2;0;136;153;85;167;0;96;97
855;1;0;2;0;123;153;85;167;0;156;75
855;3;0;2;0;123;184;81;194;0;120;60
855;2;0;2;0;123;153;78;169;0;120;97
855;3;0;2;0;136;184;85;218;0;120;97
856;2;0;2;0;234;211;84;225;0;160;115
856;2;0;2;0;188;158;90;184;0;208;92
856;3;0;2;0;234;158;98;194;0;128;92
856;2;0;2;0;203;158;98;194;0;208;149
856;2;0;2;0;203;176;98;198;0;128;149
856;2;0;2;0;188;176;98;198;0;208;115
856;2;0;2;0;188;211;90;237;0;160;92
856;2;0;2;0;188;176;84;210;0;160;149
856;2;0;2;0;203;211;98;274;0;160;149
857;2;0;2;0;336;294;84;330;0;320;185
857;2;0;2;0;257;220;95;266;0;416;148
857;2;0;2;0;336;220;109;274;0;256;148
857;2;0;2;0;283;220;109;274;0;416;240
857;2;0;2;0;283;245;109;281;0;256;240
857;2;0;2;0;257;245;109;281;0;416;185
857;2;0;2;0;257;294;95;349;0;320;148
857;2;0;2;0;257;245;84;301;0;320;240
857;2;0;2;0;283;294;109;414;0;320;240
858;3;0;2;0;189;136;114;147;0;120;60
858;3;0;2;0;189;136;110;167;0;156;97
858;2;0;2;0;189;122;107;155;0;156;75
858;3;0;2;0;153;122;107;155;0;96;97
858;2;0;2;0;165;136;107;153;0;156;60
858;3;0;2;0;165;122;110;136;0;96;75
858;3;0;2;0;165;163;107;167;0;96;60
858;3;0;2;0;189;163;110;169;0;96;97
858;3;0;2;0;165;136;110;167;0;120;75
859;3;0;3;0;123;156;52;167;0;90;55
859;3;0;3;0;95;117;55;136;0;117;44
859;3;0;3;0;123;117;59;142;0;72;44
859;3;0;3;0;104;117;59;142;0;117;71
859;3;0;3;0;104;130;59;147;0;72;71
859;3;0;3;0;95;130;59;147;0;117;55
859;3;0;3;0;95;156;55;176;0;90;44
859;3;0;3;0;95;130;52;155;0;90;71
859;3;0;3;0;104;156;59;198;0;90;71
860;2;0;3;0;102;163;47;176;0;117;60
860;2;0;3;0;92;163;44;167;0;117;78
860;3;0;3;0;122;163;51;198;0;117;48
860;3;0;3;0;92;136;47;176;0;72;48
860;2;0;3;0;122;122;47;142;0;90;78
860;2;0;3;0;102;122;44;167;0;90;48
860;3;0;3;0;92;163;51;198;0;72;60
860;2;0;3;0;92;122;51;147;0;90;60
860;2;0;3;0;122;136;44;155;0;72;60
861;3;0;3;0;112;163;57;176;0;104;55
861;2;0;3;0;101;163;54;167;0;104;71
861;3;0;3;0;134;163;61;198;0;104;44
861;3;0;3;0;101;136;57;176;0;64;44
861;2;0;3;0;134;122;57;142;0;80;71
861;3;0;3;0;112;122;54;167;0;80;44
861;3;0;3;0;101;163;61;198;0;64;55
861;3;0;3;0;101;122;61;147;0;80;55
861;3;0;3;0;134;136;54;155;0;64;55
862;3;0;3;0;298;184;148;210;0;180;108
862;2;0;3;0;298;184;140;254;0;234;175
862;2;0;3;0;298;166;134;237;0;234;135
862;3;0;3;0;223;166;134;237;0;144;175
862;2;0;3;0;248;184;134;218;0;234;108
862;3;0;3;0;248;166;140;194;0;144;135
862;3;0;3;0;248;221;134;237;0;144;108
862;3;0;3;0;298;221;140;254;0;144;175
862;2;0;3;0;248;184;140;254;0;180;135
863;2;0;3;0;145;184;93;194;0;182;75
863;2;0;3;0;131;184;90;184;0;182;97
863;2;0;3;0;172;184;97;218;0;182;60
863;3;0;3;0;131;153;93;189;0;112;60
863;2;0;3;0;172;138;93;155;0;140;97
863;2;0;3;0;145;138;90;181;0;140;60
863;3;0;3;0;131;184;97;218;0;112;75
863;2;0;3;0;131;138;97;162;0;140;75
863;3;0;3;0;172;153;90;169;0;112;75
864;3;0;3;0;174;147;94;162;0;100;40
864;3;0;3;0;174;147;90;184;0;130;65
864;2;0;3;0;174;132;87;176;0;130;50
864;3;0;3;0;130;132;87;176;0;80;65
864;2;0;3;0;145;147;87;167;0;130;40
864;3;0;3;0;145;132;90;147;0;80;50
864;3;0;3;0;145;176;87;181;0;80;40
864;3;0;3;0;174;176;90;189;0;80;65
864;3;0;3;0;145;147;90;184;0;100;50
865;2;0;3;0;108;170;53;184;0;130;65
865;2;0;3;0;98;170;50;176;0;130;84
865;2;0;3;0;128;170;57;210;0;130;52
865;3;0;3;0;98;142;53;184;0;80;52
865;2;0;3;0;128;128;53;147;0;100;84
865;2;0;3;0;108;128;50;169;0;100;52
865;3;0;3;0;98;170;57;210;0;80;65
865;3;0;3;0;98;128;57;153;0;100;65
865;3;0;3;0;128;142;50;167;0;80;65
866;3;0;3;0;118;89;67;153;0;70;36
866;3;0;3;0;118;89;63;181;0;91;58
866;3;0;3;0;118;80;60;167;0;91;45
866;3;0;3;0;91;80;60;167;0;56;58
866;3;0;3;0;100;89;60;155;0;91;36
866;3;0;3;0;100;80;63;142;0;56;45
866;3;0;3;0;100;107;60;169;0;56;36
866;3;0;3;0;118;107;63;181;0;56;58
866;3;0;3;0;100;89;63;181;0;70;45
867;2;0;3;0;215;176;134;176;0;120;80
867;2;0;3;0;165;132;137;147;0;156;64
867;2;0;3;0;215;132;141;153;0;96;64
867;2;0;3;0;182;132;141;153;0;156;104
867;2;0;3;0;182;147;141;155;0;96;104
867;2;0;3;0;165;147;141;155;0;156;80
867;3;0;3;0;165;176;137;181;0;120;64
867;2;0;3;0;165;147;134;162;0;120;104
867;3;0;3;0;182;176;141;194;0;120;104
868;2;0;3;0;308;284;125;301;0;250;150
868;2;0;3;0;236;213;133;237;0;325;120
868;3;0;3;0;308;213;143;254;0;200;120
868;2;0;3;0;260;213;143;254;0;325;195
868;2;0;3;0;260;237;143;266;0;200;195
868;2;0;3;0;236;237;143;266;0;325;150
868;3;0;3;0;236;284;133;322;0;250;120
868;2;0;3;0;236;237;125;274;0;250;195
868;3;0;3;0;260;284;143;366;0;250;195
869;2;0;3;0;275;221;115;237;0;210;110
869;2;0;3;0;206;166;121;194;0;273;88
869;3;0;3;0;275;166;129;210;0;168;88
869;2;0;3;0;229;166;129;210;0;273;143
869;3;0;3;0;229;184;129;210;0;168;143
869;2;0;3;0;206;184;129;210;0;273;110
869;3;0;3;0;206;221;121;254;0;210;88
869;2;0;3;0;206;184;115;218;0;210;143
869;3;0;3;0;229;221;129;293;0;210;143
870;3;0;3;0;237;169;151;181;0;160;88
870;2;0;3;0;237;169;147;198;0;208;143
870;2;0;3;0;237;152;144;184;0;208;110
870;3;0;3;0;185;152;144;184;0;128;143
870;2;0;3;0;202;169;144;184;0;208;88
870;3;0;3;0;202;152;147;169;0;128;110
870;3;0;3;0;202;203;144;210;0;128;88
870;3;0;3;0;237;203;147;218;0;128;143
870;2;0;3;0;202;169;147;198;0;160;110
871;2;0;3;0;264;262;85;281;0;200;130
871;2;0;3;0;201;196;93;225;0;260;104
871;2;0;3;0;264;196;103;245;0;160;104
871;2;0;3;0;222;196;103;245;0;260;169
871;2;0;3;0;222;218;103;245;0;160;169
871;2;0;3;0;201;218;103;245;0;260;130
871;2;0;3;0;201;262;93;301;0;200;104
871;2;0;3;0;201;218;85;266;0;200;169
871;2;0;3;0;222;262;103;357;0;200;169
872;3;0;3;0;293;284;164;330;0;351;180
872;2;0;3;0;267;284;156;310;0;351;234
872;3;0;3;0;344;284;174;374;0;351;144
872;3;0;3;0;267;237;164;330;0;216;144
872;2;0;3;0;344;213;164;245;0;270;234
872;3;0;3;0;293;213;156;301;0;270;144
872;3;0;3;0;267;284;174;374;0;216;180
872;3;0;3;0;267;213;174;266;0;270;180
872;3;0;3;0;344;237;156;281;0;216;180
873;3;0;4;0;241;170;186;169;0;169;85
873;2;0;4;0;220;170;183;167;0;169;110
873;3;0;4;0;283;170;190;189;0;169;68
873;3;0;4;0;220;142;186;167;0;104;68
873;3;0;4;0;283;128;186;142;0;130;110
873;3;0;4;0;241;128;183;155;0;130;68
873;3;0;4;0;220;170;190;189;0;104;85
873;3;0;4;0;220;128;190;142;0;130;85
873;3;0;4;0;283;142;183;153;0;104;85
874;3;0;4;0;251;211;130;218;0;170;125
874;2;0;4;0;191;158;135;181;0;221;100
874;3;0;4;0;251;158;141;184;0;136;100
874;2;0;4;0;211;158;141;184;0;221;162
874;3;0;4;0;211;176;141;194;0;136;162
874;2;0;4;0;191;176;141;194;0;221;125
874;2;0;4;0;191;211;135;225;0;170;100
874;2;0;4;0;191;176;130;198;0;170;162
874;2;0;4;0;211;211;141;254;0;170;162
875;3;0;4;0;126;136;62;147;0;100;44
875;2;0;4;0;126;136;58;176;0;130;71
875;2;0;4;0;126;122;55;167;0;130;55
875;3;0;4;0;97;122;55;167;0;80;71
875;2;0;4;0;107;136;55;155;0;130;44
875;3;0;4;0;107;122;58;142;0;80;55
875;3;0;4;0;107;163;55;167;0;80;44
875;3;0;4;0;126;163;58;176;0;80;71
875;3;0;4;0;107;136;58;176;0;100;55
876;3;0;4;0;249;189;104;218;0;160;84
876;2;0;4;0;249;189;96;254;0;208;136
876;2;0;4;0;249;170;90;237;0;208;105
876;3;0;4;0;189;170;90;237;0;128;136
876;2;0;4;0;209;189;90;225;0;208;84
876;3;0;4;0;209;170;96;194;0;128;105
876;3;0;4;0;209;227;90;245;0;128;84
876;3;0;4;0;249;227;96;254;0;128;136
876;3;0;4;0;209;189;96;254;0;160;105
877;3;0;4;0;239;170;148;167;0;100;55
877;2;0;4;0;190;128;151;142;0;130;44
877;3;0;4;0;239;128;155;142;0;80;44
877;2;0;4;0;206;128;155;142;0;130;71
877;3;0;4;0;206;142;155;153;0;80;71
877;2;0;4;0;190;142;155;153;0;130;55
877;3;0;4;0;190;170;151;176;0;100;44
877;3;0;4;0;190;142;148;155;0;100;71
877;3;0;4;0;206;170;155;189;0;100;71
878;2;0;4;0;252;194;114;218;0;180;100
878;2;0;4;0;252;194;106;266;0;234;162
878;2;0;4;0;252;175;100;245;0;234;125
878;3;0;4;0;195;175;100;245;0;144;162
878;2;0;4;0;214;194;100;225;0;234;100
878;3;0;4;0;214;175;106;210;0;144;125
878;3;0;4;0;214;233;100;254;0;144;100
878;3;0;4;0;252;233;106;266;0;144;162
878;2;0;4;0;214;194;106;266;0;180;125
879;2;0;4;0;226;217;78;237;0;170;110
879;2;0;4;0;169;163;84;189;0;221;88
879;2;0;4;0;226;163;92;198;0;136;88
879;2;0;4;0;188;163;92;198;0;221;143
879;2;0;4;0;188;181;92;210;0;136;143
879;2;0;4;0;169;181;92;210;0;221;110
879;2;0;4;0;169;217;84;245;0;170;88
879;2;0;4;0;169;181;78;218;0;170;143
879;2;0;4;0;188;217;92;293;0;170;143
880;2;0;4;0;206;221;59;237;0;150;95
880;2;0;4;0;157;166;65;194;0;195;76
880;3;0;4;0;206;166;73;210;0;120;76
880;2;0;4;0;173;166;73;210;0;195;123
880;2;0;4;0;173;184;73;210;0;120;123
880;2;0;4;0;157;184;73;210;0;195;95
880;3;0;4;0;157;221;65;254;0;150;76
880;2;0;4;0;157;184;59;218;0;150;123
880;3;0;4;0;173;221;73;293;0;150;123
881;3;0;4;0;208;155;122;167;0;140;68
881;2;0;4;0;208;155;118;181;0;182;110
881;2;0;4;0;208;139;115;169;0;182;85
881;2;0;4;0;156;139;115;169;0;112;110
881;2;0;4;0;173;155;115;169;0;182;68
881;3;0;4;0;173;139;118;153;0;112;85
881;3;0;4;0;173;186;115;184;0;112;68
881;3;0;4;0;208;186;118;189;0;112;110
881;3;0;4;0;173;155;118;181;0;140;85
882;3;0;4;0;200;252;71;281;0;273;135
882;2;0;4;0;182;252;63;266;0;273;175
882;3;0;4;0;236;252;81;337;0;273;108
882;3;0;4;0;182;210;71;293;0;168;108
882;2;0;4;0;236;189;71;218;0;210;175
882;3;0;4;0;200;189;63;266;0;210;108
882;3;0;4;0;182;252;81;337;0;168;135
882;2;0;4;0;182;189;81;225;0;210;135
882;2;0;4;0;236;210;63;245;0;168;135
883;2;0;4;0;200;252;71;281;0;273;135
883;2;0;4;0;182;252;63;266;0;273;175
883;2;0;4;0;236;252;81;337;0;273;108
883;2;0;4;0;182;210;71;293;0;168;108
883;2;0;4;0;236;189;71;218;0;210;175
883;2;0;4;0;200;189;63;266;0;210;108
883;3;0;4;0;182;252;81;337;0;168;135
883;2;0;4;0;182;189;81;225;0;210;135
883;2;0;4;0;236;210;63;245;0;168;135
884;3;0;4;0;204;163;102;169;0;110;80
884;3;0;4;0;172;122;107;142;0;143;64
884;3;0;4;0;204;122;113;147;0;88;64
884;3;0;4;0;183;122;113;147;0;143;104
884;3;0;4;0;183;136;113;153;0;88;104
884;3;0;4;0;172;136;113;153;0;143;80
884;3;0;4;0;172;163;107;181;0;110;64
884;3;0;4;0;172;136;102;155;0;110;104
884;3;0;4;0;183;163;113;210;0;110;104
885;3;0;2;0;195;162;91;194;0;140;104
885;3;0;2;0;195;162;83;237;0;182;169
885;3;0;2;0;195;146;77;218;0;182;130
885;3;0;2;0;151;146;77;218;0;112;169
885;3;0;2;0;166;162;77;210;0;182;104
885;3;0;2;0;166;146;83;181;0;112;130
885;3;0;2;0;166;194;77;225;0;112;104
885;3;0;2;0;195;194;83;237;0;112;169
885;3;0;2;0;166;162;83;237;0;140;130
886;2;0;2;0;164;211;56;237;0;221;105
886;2;0;2;0;150;211;50;225;0;221;136
886;2;0;2;0;193;211;64;281;0;221;84
886;3;0;2;0;150;176;56;245;0;136;84
886;2;0;2;0;193;158;56;181;0;170;136
886;3;0;2;0;164;158;50;225;0;170;84
886;3;0;2;0;150;211;64;281;0;136;105
886;2;0;2;0;150;158;64;194;0;170;105
886;2;0;2;0;193;176;50;210;0;136;105
887;3;0;3;0;262;252;83;274;0;220;145
887;2;0;3;0;199;189;91;225;0;286;116
887;2;0;3;0;262;189;101;237;0;176;116
887;2;0;3;0;220;189;101;237;0;286;188
887;3;0;3;0;220;210;101;245;0;176;188
887;2;0;3;0;199;210;101;245;0;286;145
887;2;0;3;0;199;252;91;293;0;220;116
887;2;0;3;0;199;210;83;254;0;220;188
887;1;0;3;0;220;252;101;349;0;220;188
888;3;0;3;0;172;184;64;189;0;120;85
888;3;0;3;0;131;138;69;155;0;156;68
888;3;0;3;0;172;138;75;162;0;96;68
888;2;0;3;0;145;138;75;162;0;156;110
888;2;0;3;0;145;153;75;167;0;96;110
888;2;0;3;0;131;153;75;167;0;156;85
888;3;0;3;0;131;184;69;198;0;120;68
888;2;0;3;0;131;153;64;176;0;120;110
888;3;0;3;0;145;184;75;225;0;120;110
889;3;0;3;0;205;167;69;189;0;140;68
889;2;0;3;0;205;167;61;237;0;182;110
889;3;0;3;0;205;150;55;218;0;182;85
889;3;0;3;0;159;150;55;218;0;112;110
889;2;0;3;0;174;167;55;198;0;182;68
889;3;0;3;0;174;150;61;176;0;112;85
889;3;0;3;0;174;200;55;218;0;112;68
889;3;0;3;0;205;200;61;225;0;112;110
889;3;0;3;0;174;167;61;237;0;140;85
890;2;0;3;0;336;245;109;281;0;240;160
890;2;0;3;0;336;245;95;357;0;312;260
890;2;0;3;0;336;220;84;330;0;312;200
890;2;0;3;0;257;220;84;330;0;192;260
890;2;0;3;0;283;245;84;301;0;312;160
890;2;0;3;0;283;220;95;266;0;192;200
890;2;0;3;0;283;294;84;330;0;192;160
890;2;0;3;0;336;294;95;349;0;192;260
890;2;0;3;0;283;245;95;357;0;240;200
891;2;0;3;0;173;221;65;254;0;221;125
891;2;0;3;0;157;221;59;237;0;221;162
891;2;0;3;0;206;221;73;293;0;221;100
891;3;0;3;0;157;184;65;254;0;136;100
891;2;0;3;0;206;166;65;194;0;170;162
891;2;0;3;0;173;166;59;237;0;170;100
891;3;0;3;0;157;221;73;293;0;136;125
891;2;0;3;0;157;166;73;210;0;170;125
891;2;0;3;0;206;184;59;218;0;136;125
892;2;0;3;0;226;211;130;210;0;160;105
892;2;0;3;0;169;158;133;169;0;208;84
892;3;0;3;0;226;158;137;176;0;128;84
892;2;0;3;0;188;158;137;176;0;208;136
892;2;0;3;0;188;176;137;184;0;128;136
892;2;0;3;0;169;176;137;184;0;208;105
892;3;0;3;0;169;211;133;218;0;160;84
892;2;0;3;0;169;176;130;189;0;160;136
892;3;0;3;0;188;211;137;225;0;160;136
893;2;0;3;0;236;252;63;266;0;210;165
893;2;0;3;0;182;189;71;218;0;273;132
893;2;0;3;0;236;189;81;225;0;168;132
893;2;0;3;0;200;189;81;225;0;273;214
893;2;0;3;0;200;210;81;237;0;168;214
893;2;0;3;0;182;210;81;237;0;273;165
893;2;0;3;0;182;252;71;281;0;210;132
893;2;0;3;0;182;210;63;245;0;210;214
893;2;0;3;0;200;252;81;337;0;210;214
894;3;1;2;0;271;252;167;281;0;273;140
894;2;1;2;0;245;252;161;266;0;273;182
894;3;1;2;0;323;252;175;322;0;273;112
894;3;1;2;0;245;210;167;274;0;168;112
894;2;1;2;0;323;189;167;218;0;210;182
894;3;1;2;0;271;189;161;254;0;210;112
894;3;1;2;0;245;252;175;322;0;168;140
894;3;1;2;0;245;189;175;225;0;210;140
894;3;1;2;0;323;210;161;245;0;168;140
895;3;1;2;0;275;194;131;218;0;200;92
895;3;1;2;0;275;194;123;266;0;260;149
895;2;1;2;0;275;175;117;245;0;260;115
895;3;1;2;0;209;175;117;245;0;160;149
895;3;1;2;0;231;194;117;237;0;260;92
895;2;1;2;0;231;175;123;210;0;160;115
895;3;1;2;0;231;233;117;254;0;160;92
895;2;1;2;0;275;233;123;266;0;160;149
895;3;1;2;0;231;194;123;266;0;200;115
896;3;1;2;0;176;142;97;155;0;100;40
896;3;1;2;0;176;142;93;181;0;130;65
896;2;1;2;0;176;128;90;169;0;130;50
896;3;1;2;0;134;128;90;169;0;80;65
896;2;1;2;0;148;142;90;162;0;130;40
896;3;1;2;0;148;128;93;147;0;80;50
896;3;1;2;0;148;170;90;176;0;80;40
896;3;1;2;0;176;170;93;181;0;80;65
896;3;1;2;0;148;142;93;181;0;100;50
897;3;1;2;0;195;153;113;162;0;150;72
897;2;1;2;0;195;153;109;181;0;195;117
897;2;1;2;0;195;138;106;167;0;195;90
897;3;1;2;0;149;138;106;167;0;120;117
897;2;1;2;0;164;153;106;167;0;195;72
897;3;1;2;0;164;138;109;153;0;120;90
897;3;1;2;0;164;184;106;181;0;120;72
897;3;1;2;0;195;184;109;184;0;120;117
897;3;1;2;0;164;153;109;181;0;150;90
898;2;1;2;0;236;210;81;237;0;210;108
898;3;1;2;0;236;210;71;293;0;273;175
898;2;1;2;0;236;189;63;266;0;273;135
898;3;1;2;0;182;189;63;266;0;168;175
898;2;1;2;0;200;210;63;245;0;273;108
898;2;1;2;0;200;189;71;218;0;168;135
898;3;1;2;0;200;252;63;266;0;168;108
898;3;1;2;0;236;252;71;281;0;168;175
898;3;1;2;0;200;210;71;293;0;210;135
899;3;1;2;0;240;167;123;218;0;150;80
899;3;1;2;0;240;167;115;254;0;195;130
899;3;1;2;0;240;150;109;237;0;195;100
899;3;1;2;0;183;150;109;237;0;120;130
899;3;1;2;0;202;167;109;225;0;195;80
899;3;1;2;0;202;150;115;194;0;120;100
899;3;1;2;0;202;200;109;245;0;120;80
899;3;1;2;0;240;200;115;254;0;120;130
899;3;1;2;0;202;167;115;254;0;150;100
900;2;1;2;0;217;194;172;194;0;182;90
900;2;1;2;0;199;194;169;189;0;182;117
900;3;1;2;0;253;194;176;210;0;182;72
900;3;1;2;0;199;162;172;184;0;112;72
900;2;1;2;0;253;146;172;155;0;140;117
900;2;1;2;0;217;146;169;169;0;140;72
900;3;1;2;0;199;194;176;210;0;112;90
900;3;1;2;0;199;146;176;162;0;140;90
900;3;1;2;0;253;162;169;169;0;112;90
901;3;1;2;0;227;189;93;218;0;180;108
901;2;1;2;0;227;189;85;266;0;234;175
901;2;1;2;0;227;170;79;245;0;234;135
901;3;1;2;0;176;170;79;245;0;144;175
901;2;1;2;0;193;189;79;225;0;234;108
901;3;1;2;0;193;170;85;198;0;144;135
901;3;1;2;0;193;227;79;245;0;144;108
901;3;1;2;0;227;227;85;266;0;144;175
901;3;1;2;0;193;189;85;266;0;180;135
902;3;1;3;0;433;329;325;357;0;377;175
902;3;1;3;0;394;329;319;349;0;377;227
902;3;1;3;0;511;329;333;402;0;377;140
902;3;1;3;0;394;274;325;349;0;232;140
902;2;1;3;0;511;247;325;274;0;290;227
902;3;1;3;0;433;247;319;322;0;290;140
902;3;1;3;0;394;329;333;402;0;232;175
902;3;1;3;0;394;247;333;281;0;290;175
902;3;1;3;0;511;274;319;310;0;232;175
903;3;1;3;0;321;225;155;254;0;240;116
903;3;1;3;0;321;225;145;310;0;312;188
903;3;1;3;0;321;202;137;281;0;312;145
903;3;1;3;0;250;202;137;281;0;192;188
903;3;1;3;0;274;225;137;274;0;312;116
903;3;1;3;0;274;202;145;237;0;192;145
903;3;1;3;0;274;270;137;293;0;192;116
903;3;1;3;0;321;270;145;310;0;192;188
903;3;1;3;0;274;225;145;310;0;240;145
904;2;1;3;0;164;211;56;237;0;221;140
904;2;1;3;0;150;211;50;225;0;221;182
904;3;1;3;0;193;211;64;281;0;221;112
904;3;1;3;0;150;176;56;245;0;136;112
904;2;1;3;0;193;158;56;181;0;170;182
904;2;1;3;0;164;158;50;225;0;170;112
904;3;1;3;0;150;211;64;281;0;136;140
904;2;1;3;0;150;158;64;194;0;170;140
904;2;1;3;0;193;176;50;210;0;136;140
905;2;1;3;0;273;210;110;237;0;220;120
905;2;1;3;0;273;210;100;301;0;286;195
905;2;1;3;0;273;189;92;274;0;286;150
905;2;1;3;0;207;189;92;274;0;176;195
905;2;1;3;0;229;210;92;254;0;286;120
905;2;1;3;0;229;189;100;225;0;176;150
905;3;1;3;0;229;252;92;274;0;176;120
905;2;1;3;0;273;252;100;293;0;176;195
905;2;1;3;0;229;210;100;301;0;220;150
906;3;1;3;0;226;252;97;293;0;273;150
906;3;1;3;0;204;252;89;274;0;273;195
906;3;1;3;0;269;252;107;349;0;273;120
906;3;1;3;0;204;210;97;301;0;168;120
906;3;1;3;0;269;189;97;225;0;210;195
906;3;1;3;0;226;189;89;274;0;210;120
906;3;1;3;0;204;252;107;349;0;168;150
906;3;1;3;0;204;189;107;237;0;210;150
906;3;1;3;0;269;210;89;254;0;168;150
907;2;1;3;0;246;262;117;301;0;286;160
907;2;1;3;0;224;262;109;281;0;286;208
907;3;1;3;0;291;262;127;349;0;286;128
907;3;1;3;0;224;218;117;301;0;176;128
907;2;1;3;0;291;196;117;225;0;220;208
907;2;1;3;0;246;196;109;274;0;220;128
907;3;1;3;0;224;262;127;349;0;176;160
907;3;1;3;0;224;196;127;237;0;220;160
907;2;1;3;0;291;218;109;254;0;176;160
908;3;1;3;0;217;211;104;245;0;208;105
908;3;1;3;0;200;211;98;225;0;208;136
908;3;1;3;0;252;211;112;281;0;208;84
908;3;1;3;0;200;176;104;245;0;128;84
908;2;1;3;0;252;158;104;184;0;160;136
908;3;1;3;0;217;158;98;225;0;160;84
908;3;1;3;0;200;211;112;281;0;128;105
908;2;1;3;0;200;158;112;194;0;160;105
908;2;1;3;0;252;176;98;210;0;128;105
909;2;1;3;0;157;163;104;167;0;182;105
909;2;1;3;0;142;163;101;162;0;182;136
909;2;1;3;0;186;163;108;181;0;182;84
909;3;1;3;0;142;136;104;162;0;112;84
909;2;1;3;0;186;122;104;136;0;140;136
909;3;1;3;0;157;122;101;153;0;140;84
909;3;1;3;0;142;163;108;181;0;112;105
909;2;1;3;0;142;122;108;136;0;140;105
909;2;1;3;0;186;136;101;147;0;112;105
910;3;1;3;0;220;176;80;194;0;150;88
910;3;1;3;0;220;176;72;245;0;195;143
910;3;1;3;0;220;158;66;225;0;195;110
910;3;1;3;0;167;158;66;225;0;120;143
910;3;1;3;0;185;176;66;210;0;195;88
910;3;1;3;0;185;158;72;184;0;120;110
910;3;1;3;0;185;211;66;225;0;120;88
910;3;1;3;0;220;211;72;237;0;120;143
910;3;1;3;0;185;176;72;245;0;150;110
911;3;1;3;0;92;89;39;111;0;78;30
911;3;1;3;0;85;89;36;106;0;78;39
911;3;1;3;0;106;89;43;136;0;78;24
911;3;1;3;0;85;74;39;116;0;48;24
911;3;1;3;0;106;67;39;82;0;60;39
911;3;1;3;0;92;67;36;106;0;60;24
911;3;1;3;0;85;89;43;136;0;48;30
911;3;1;3;0;85;67;43;89;0;60;30
911;3;1;3;0;106;74;36;97;0;48;30
912;2;1;3;0;327;270;101;293;0;230;155
912;2;1;3;0;250;202;110;237;0;299;124
912;3;1;3;0;327;202;122;254;0;184;124
912;2;1;3;0;276;202;122;254;0;299;201
912;3;1;3;0;276;225;122;254;0;184;201
912;2;1;3;0;250;225;122;254;0;299;155
912;2;1;3;0;250;270;110;310;0;230;124
912;2;1;3;0;250;225;101;274;0;230;201
912;2;1;3;0;276;270;122;366;0;230;201
913;3;1;3;0;261;217;140;225;0;190;155
913;2;1;3;0;201;163;145;181;0;247;124
913;3;1;3;0;261;163;151;189;0;152;124
913;2;1;3;0;221;163;151;189;0;247;201
913;3;1;3;0;221;181;151;194;0;152;201
913;2;1;3;0;201;181;151;194;0;247;155
913;3;1;3;0;201;217;145;237;0;190;124
913;2;1;3;0;201;181;140;210;0;190;201
913;3;1;3;0;221;217;151;266;0;190;201
914;3;1;4;0;221;184;86;210;0;230;96
914;2;1;4;0;221;184;78;254;0;299;156
914;2;1;4;0;221;166;72;237;0;299;120
914;2;1;4;0;168;166;72;237;0;184;156
914;2;1;4;0;186;184;72;218;0;299;96
914;2;1;4;0;186;166;78;189;0;184;120
914;3;1;4;0;186;221;72;237;0;184;96
914;2;1;4;0;221;221;78;254;0;184;156
914;2;1;4;0;186;184;78;254;0;230;120
915;3;1;4;0;204;233;100;266;0;221;110
915;3;1;4;0;184;233;94;245;0;221;143
915;3;1;4;0;245;233;108;301;0;221;88
915;3;1;4;0;184;194;100;266;0;136;88
915;3;1;4;0;245;175;100;198;0;170;143
915;3;1;4;0;204;175;94;245;0;170;88
915;3;1;4;0;184;233;108;301;0;136;110
915;3;1;4;0;184;175;108;210;0;170;110
915;3;1;4;0;245;194;94;225;0;136;110
916;3;1;4;0;257;184;169;198;0;180;84
916;3;1;4;0;257;184;165;225;0;234;136
916;3;1;4;0;257;166;162;210;0;234;105
916;3;1;4;0;201;166;162;210;0;144;136
916;3;1;4;0;220;184;162;210;0;234;84
916;3;1;4;0;220;166;165;184;0;144;105
916;3;1;4;0;220;221;162;225;0;144;84
916;3;1;4;0;257;221;165;237;0;144;136
916;3;1;4;0;220;184;165;225;0;180;105
917;3;1;4;0;353;294;97;330;0;250;160
917;2;1;4;0;267;220;108;266;0;325;128
917;3;1;4;0;353;220;122;281;0;200;128
917;2;1;4;0;296;220;122;281;0;325;208
917;3;1;4;0;296;245;122;281;0;200;208
917;2;1;4;0;267;245;122;281;0;325;160
917;3;1;4;0;267;294;108;349;0;250;128
917;2;1;4;0;267;245;97;301;0;250;208
917;3;1;4;0;296;294;122;414;0;250;208
918;3;1;4;0;217;200;143;210;0;180;115
918;1;1;4;0;175;150;146;167;0;234;92
918;3;1;4;0;217;150;150;176;0;144;92
918;2;1;4;0;189;150;150;176;0;234;149
918;3;1;4;0;189;167;150;181;0;144;149
918;2;1;4;0;175;167;150;181;0;234;115
918;3;1;4;0;175;200;146;218;0;180;92
918;2;1;4;0;175;167;143;184;0;180;149
918;3;1;4;0;189;200;150;237;0;180;149
919;3;1;4;0;295;284;128;322;0;325;160
919;3;1;4;0;267;284;119;310;0;325;208
919;3;1;4;0;351;284;140;374;0;325;128
919;3;1;4;0;267;237;128;330;0;200;128
919;2;1;4;0;351;213;128;245;0;250;208
919;2;1;4;0;295;213;119;301;0;250;128
919;3;1;4;0;267;284;140;374;0;200;160
919;3;1;4;0;267;213;140;266;0;250;160
919;3;1;4;0;351;237;119;281;0;200;160
920;2;1;4;0;300;225;157;245;0;240;112
920;2;1;4;0;300;225;149;293;0;312;182
920;2;1;4;0;300;202;143;274;0;312;140
920;3;1;4;0;228;202;143;274;0;192;182
920;2;1;4;0;252;225;143;266;0;312;112
920;3;1;4;0;252;202;149;225;0;192;140
920;3;1;4;0;252;270;143;281;0;192;112
920;3;1;4;0;300;270;149;301;0;192;182
920;2;1;4;0;252;225;149;293;0;240;140
921;2;1;3;0;193;176;64;194;0;170;100
921;1;1;3;0;193;176;56;245;0;221;162
921;2;1;3;0;193;158;50;225;0;221;125
921;2;1;3;0;150;158;50;225;0;136;162
921;2;1;3;0;164;176;50;210;0;221;100
921;2;1;3;0;164;158;56;181;0;136;125
921;3;1;3;0;164;211;50;225;0;136;100
921;2;1;3;0;193;211;56;237;0;136;162
921;1;1;3;0;164;176;56;245;0;170;125
922;2;1;3;0;193;211;50;225;0;170;95
922;2;1;3;0;150;158;56;181;0;221;76
922;2;1;3;0;193;158;64;194;0;136;76
922;2;1;3;0;164;158;64;194;0;221;123
922;2;1;3;0;164;176;64;194;0;136;123
922;2;1;3;0;150;176;64;194;0;221;95
922;2;1;3;0;150;211;56;237;0;170;76
922;2;1;3;0;150;176;50;210;0;170;123
922;2;1;3;0;164;211;64;281;0;170;123
923;3;1;3;0;190;184;100;189;0;100;65
923;3;1;3;0;142;138;103;155;0;130;52
923;3;1;3;0;190;138;107;162;0;80;52
923;3;1;3;0;158;138;107;162;0;130;84
923;3;1;3;0;158;153;107;167;0;80;84
923;3;1;3;0;142;153;107;167;0;130;65
923;3;1;3;0;142;184;103;194;0;100;52
923;3;1;3;0;142;153;100;169;0;100;84
923;3;1;3;0;158;184;107;218;0;100;84
924;3;1;3;0;262;270;95;322;0;312;170
924;2;1;3;0;237;270;86;301;0;312;221
924;3;1;3;0;312;270;107;366;0;312;136
924;3;1;3;0;237;225;95;322;0;192;136
924;2;1;3;0;312;202;95;237;0;240;221
924;3;1;3;0;262;202;86;293;0;240;136
924;3;1;3;0;237;270;107;366;0;192;170
924;3;1;3;0;237;202;107;254;0;240;170
924;2;1;3;0;312;225;86;274;0;192;170
925;3;1;4;0;225;169;159;184;0;150;68
925;3;1;4;0;225;169;155;218;0;195;110
925;3;1;4;0;225;152;152;198;0;195;85
925;3;1;4;0;181;152;152;198;0;120;110
925;3;1;4;0;196;169;152;194;0;195;68
925;3;1;4;0;196;152;155;169;0;120;85
925;3;1;4;0;196;203;152;210;0;120;68
925;3;1;4;0;225;203;155;218;0;120;110
925;3;1;4;0;196;169;155;218;0;150;85
926;3;0;3;0;205;200;55;218;0;180;110
926;2;0;3;0;159;150;61;176;0;234;88
926;2;0;3;0;205;150;69;184;0;144;88
926;2;0;3;0;174;150;69;184;0;234;143
926;2;0;3;0;174;167;69;189;0;144;143
926;2;0;3;0;159;167;69;189;0;234;110
926;3;0;3;0;159;200;61;225;0;180;88
926;2;0;3;0;159;167;55;198;0;180;143
926;3;0;3;0;174;200;69;274;0;180;143
927;2;0;3;0;106;119;41;142;0;90;48
927;2;0;3;0;106;119;37;167;0;117;78
927;2;0;3;0;106;107;34;155;0;117;60
927;3;0;3;0;85;107;34;155;0;72;78
927;2;0;3;0;92;119;34;147;0;117;48
927;3;0;3;0;92;107;37;130;0;72;60
927;3;0;3;0;92;143;34;155;0;72;48
927;3;0;3;0;106;143;37;167;0;72;78
927;2;0;3;0;92;119;37;167;0;90;60
928;3;0;3;0;216;170;130;167;0;140;80
928;2;0;3;0;171;128;133;136;0;182;64
928;3;0;3;0;216;128;137;142;0;112;64
928;2;0;3;0;186;128;137;142;0;182;104
928;3;0;3;0;186;142;137;147;0;112;104
928;3;0;3;0;171;142;137;147;0;182;80
928;3;0;3;0;171;170;133;169;0;140;64
928;3;0;3;0;171;142;130;153;0;140;104
928;3;0;3;0;186;170;137;184;0;140;104
929;2;0;3;0;193;176;64;194;0;170;84
929;2;0;3;0;193;176;56;245;0;221;136
929;2;0;3;0;193;158;50;225;0;221;105
929;2;0;3;0;150;158;50;225;0;136;136
929;2;0;3;0;164;176;50;210;0;221;84
929;2;0;3;0;164;158;56;181;0;136;105
929;2;0;3;0;164;211;50;225;0;136;84
929;2;0;3;0;193;211;56;237;0;136;136
929;2;0;3;0;164;176;56;245;0;170;105
930;3;0;4;0;250;210;111;225;0;200;112
930;2;0;4;0;250;210;103;274;0;260;182
930;2;0;4;0;250;189;97;254;0;260;140
930;3;0;4;0;191;189;97;254;0;160;182
930;2;0;4;0;211;210;97;237;0;260;112
930;3;0;4;0;211;189;103;210;0;160;140
930;3;0;4;0;211;252;97;266;0;160;112
930;3;0;4;0;250;252;103;274;0;160;182
930;2;0;4;0;211;210;103;274;0;200;140
931;3;1;2;0;106;119;41;142;0;90;40
931;2;1;2;0;106;119;37;167;0;117;65
931;3;1;2;0;106;107;34;155;0;117;50
931;3;1;2;0;85;107;34;155;0;72;65
931;3;1;2;0;92;119;34;147;0;117;40
931;2;1;2;0;92;107;37;130;0;72;50
931;3;1;2;0;92;143;34;155;0;72;40
931;3;1;2;0;106;143;37;167;0;72;65
931;3;1;2;0;92;119;37;167;0;90;50
932;3;1;3;0;234;184;99;210;0;160;72
932;2;1;3;0;234;184;91;254;0;208;117
932;2;1;3;0;234;166;85;237;0;208;90
932;3;1;3;0;175;166;85;237;0;128;117
932;2;1;3;0;195;184;85;218;0;208;72
932;3;1;3;0;195;166;91;194;0;128;90
932;3;1;3;0;195;221;85;237;0;128;72
932;3;1;3;0;234;221;91;254;0;128;117
932;3;1;3;0;195;184;91;254;0;160;90
933;2;1;3;0;133;170;84;181;0;130;50
933;2;1;3;0;121;170;81;169;0;130;65
933;2;1;3;0;156;170;88;210;0;130;40
933;3;1;3;0;121;142;84;181;0;80;40
933;2;1;3;0;156;128;84;147;0;100;65
933;2;1;3;0;133;128;81;169;0;100;40
933;3;1;3;0;121;170;88;210;0;80;50
933;2;1;3;0;121;128;88;153;0;100;50
933;3;1;3;0;156;142;81;162;0;80;50
934;3;1;2;0;118;156;63;176;0;156;70
934;2;1;2;0;107;156;60;167;0;156;91
934;3;1;2;0;140;156;67;198;0;156;56
934;3;1;2;0;107;130;63;176;0;96;56
934;2;1;2;0;140;117;63;136;0;120;91
934;3;1;2;0;118;117;60;162;0;120;56
934;3;1;2;0;107;156;67;198;0;96;70
934;2;1;2;0;107;117;67;142;0;120;70
934;3;1;2;0;140;130;60;153;0;96;70
935;3;1;3;0;406;329;226;337;0;250;140
935;2;1;3;0;307;247;232;274;0;325;112
935;3;1;3;0;406;247;240;281;0;200;112
935;2;1;3;0;340;247;240;281;0;325;182
935;2;1;3;0;340;274;240;293;0;200;182
935;2;1;3;0;307;274;240;293;0;325;140
935;3;1;3;0;307;329;232;349;0;250;112
935;3;1;3;0;307;274;226;301;0;250;182
935;3;1;3;0;340;329;240;393;0;250;182
936;2;1;5;0;182;155;124;167;0;130;76
936;2;1;5;0;182;155;120;194;0;169;123
936;3;1;5;0;182;139;117;181;0;169;95
936;3;1;5;0;153;139;117;181;0;104;123
936;3;1;5;0;163;155;117;176;0;169;76
936;2;1;5;0;163;139;120;155;0;104;95
936;3;1;5;0;163;186;117;189;0;104;76
936;3;1;5;0;182;186;120;198;0;104;123
936;3;1;5;0;163;155;120;194;0;130;95
937;2;0;4;0;236;23;63;23;0;190;115
937;2;0;4;0;182;17;71;23;0;247;92
937;3;0;4;0;236;17;81;25;0;152;92
937;3;0;4;0;200;17;81;25;0;247;149
937;2;0;4;0;200;19;81;23;0;152;149
937;2;0;4;0;182;19;81;23;0;247;115
937;3;0;4;0;182;23;71;25;0;190;92
937;3;0;4;0;182;19;63;25;0;190;149
937;3;0;4;0;200;23;81;31;0;190;149
938;2;0;2;0;205;23;55;23;0;180;90
938;2;0;2;0;159;17;61;23;0;234;72
938;2;0;2;0;205;17;69;25;0;144;72
938;2;0;2;0;174;17;69;25;0;234;117
938;2;0;2;0;174;19;69;23;0;144;117
938;2;0;2;0;159;19;69;23;0;234;90
938;2;0;2;0;159;23;61;25;0;180;72
938;2;0;2;0;159;19;55;25;0;180;117
938;2;0;2;0;174;23;69;31;0;180;117
939;1;1;5;0;128;13;57;16;0;100;64
939;1;1;5;0;128;13;53;21;0;130;104
939;1;1;5;0;128;12;50;21;0;130;80
939;1;1;5;0;98;12;50;21;0;80;104
939;1;1;5;0;108;13;50;17;0;130;64
939;1;1;5;0;108;12;53;16;0;80;80
939;1;1;5;0;108;16;50;16;0;80;64
939;1;1;5;0;128;16;53;17;0;80;104
939;1;1;5;0;108;13;53;21;0;100;80
940;2;0;3;0;131;40;60;45;0;110;48
940;2;0;3;0;131;40;56;53;0;143;78
940;2;0;3;0;131;36;53;49;0;143;60
940;2;0;3;0;101;36;53;49;0;88;78
940;2;0;3;0;111;40;53;48;0;143;48
940;2;0;3;0;111;36;56;42;0;88;60
940;2;0;3;0;111;48;53;50;0;88;48
940;2;0;3;0;131;48;56;53;0;88;78
940;2;0;3;0;111;40;56;53;0;110;60
941;3;0;4;0;199;52;112;53;0;100;55
941;3;0;4;0;155;39;115;45;0;130;44
941;3;0;4;0;199;39;119;46;0;80;44
941;3;0;4;0;170;39;119;46;0;130;71
941;3;0;4;0;170;43;119;48;0;80;71
941;3;0;4;0;155;43;119;48;0;130;55
941;3;0;4;0;155;52;115;56;0;100;44
941;3;0;4;0;155;43;112;49;0;100;71
941;3;0;4;0;170;52;119;64;0;100;71
942;2;0;2;0;205;74;97;82;0;260;105
942;2;0;2;0;185;74;91;78;0;260;136
942;2;0;2;0;244;74;105;94;0;260;84
942;2;0;2;0;185;62;97;82;0;160;84
942;2;0;2;0;244;56;97;64;0;200;136
942;2;0;2;0;205;56;91;74;0;200;84
942;2;0;2;0;185;74;105;94;0;160;105
942;2;0;2;0;185;56;105;66;0;200;105
942;2;0;2;0;244;62;91;72;0;160;105
943;2;0;2;0;114;50;59;54;0;130;50
943;2;0;2;0;104;50;56;52;0;130;65
943;3;0;2;0;135;50;63;62;0;130;40
943;1;0;2;0;104;42;59;53;0;80;40
943;2;0;2;0;135;38;59;43;0;100;65
943;3;0;2;0;114;38;56;50;0;100;40
943;2;0;2;0;104;50;63;62;0;80;50
943;1;0;2;0;104;38;63;45;0;100;50
943;2;0;2;0;135;42;56;48;0;80;50
944;2;0;2;0;135;46;56;49;0;90;45
944;2;0;2;0;104;34;59;40;0;117;36
944;3;0;2;0;135;34;63;42;0;72;36
944;2;0;2;0;114;34;63;42;0;117;58
944;2;0;2;0;114;38;63;43;0;72;58
944;2;0;2;0;104;38;63;43;0;117;45
944;3;0;2;0;104;46;59;50;0;90;36
944;2;0;2;0;104;38;56;45;0;90;58
944;2;0;2;0;114;46;63;57;0;90;58
945;2;0;2;0;191;64;83;72;0;221;90
945;2;0;2;0;173;64;77;70;0;221;117
945;3;0;2;0;227;64;91;82;0;221;72
945;2;0;2;0;173;53;83;72;0;136;72
945;2;0;2;0;227;48;83;56;0;170;117
945;2;0;2;0;191;48;77;66;0;170;72
945;3;0;2;0;173;64;91;82;0;136;90
945;2;0;2;0;173;48;91;58;0;170;90
945;2;0;2;0;227;53;77;64;0;136;90
946;3;0;2;0;149;38;73;42;0;90;44
946;3;0;2;0;149;38;69;48;0;117;71
946;1;0;2;0;149;34;66;43;0;117;55
946;1;0;2;0;112;34;66;43;0;72;71
946;1;0;2;0;124;38;66;43;0;117;44
946;2;0;2;0;124;34;69;38;0;72;55
946;2;0;2;0;124;46;66;46;0;72;44
946;2;0;2;0;149;46;69;48;0;72;71
946;3;0;2;0;124;38;69;48;0;90;55
947;2;0;3;0;195;59;119;64;0;182;90
947;2;0;3;0;180;59;114;62;0;182;117
947;3;0;3;0;225;59;125;72;0;182;72
947;3;0;3;0;180;49;119;62;0;112;72
947;2;0;3;0;225;44;119;49;0;140;117
947;2;0;3;0;195;44;114;57;0;140;72
947;3;0;3;0;180;59;125;72;0;112;90
947;2;0;3;0;180;44;125;52;0;140;90
947;2;0;3;0;225;49;114;54;0;112;90
948;2;0;3;0;236;79;128;88;0;312;155
948;2;0;3;0;212;79;122;82;0;312;201
948;2;0;3;0;283;79;136;99;0;312;124
948;2;0;3;0;212;66;128;86;0;192;124
948;2;0;3;0;283;59;128;66;0;240;201
948;2;0;3;0;236;59;122;80;0;240;124
948;2;0;3;0;212;79;136;99;0;192;155
948;2;0;3;0;212;59;136;72;0;240;155
948;2;0;3;0;283;66;122;78;0;192;155
949;2;0;5;0;220;60;139;62;0;140;95
949;2;0;5;0;167;45;142;50;0;182;76
949;2;0;5;0;220;45;146;52;0;112;76
949;2;0;5;0;185;45;146;52;0;182;123
949;2;0;5;0;185;50;146;54;0;112;123
949;2;0;5;0;167;50;146;54;0;182;95
949;2;0;5;0;167;60;142;64;0;140;76
949;2;0;5;0;167;50;139;56;0;140;123
949;2;0;5;0;185;60;146;72;0;140;123
950;3;0;2;0;336;72;109;82;0;320;136
950;2;0;2;0;336;72;95;105;0;416;221
950;1;0;2;0;336;65;84;97;0;416;170
950;3;0;2;0;257;65;84;97;0;256;221
950;2;0;2;0;283;72;84;88;0;416;136
950;3;0;2;0;283;65;95;78;0;256;170
950;2;0;2;0;283;86;84;97;0;256;136
950;1;0;2;0;336;86;95;102;0;256;221
950;1;0;2;0;283;72;95;105;0;320;170
951;2;0;3;0;116;46;61;52;0;117;55
951;2;0;3;0;104;46;58;49;0;117;71
951;2;0;3;0;139;46;65;58;0;117;44
951;3;0;3;0;104;38;61;52;0;72;44
951;2;0;3;0;139;34;61;40;0;90;71
951;2;0;3;0;116;34;58;48;0;90;44
951;3;0;3;0;104;46;65;58;0;72;55
951;2;0;3;0;104;34;65;43;0;90;55
951;2;0;3;0;139;38;58;46;0;72;55
952;3;0;3;0;391;57;277;62;0;160;64
952;2;0;3;0;391;57;273;70;0;208;104
952;2;0;3;0;391;51;270;64;0;208;80
952;3;0;3;0;297;51;270;64;0;128;104
952;2;0;3;0;328;57;270;64;0;208;64
952;3;0;3;0;328;51;273;57;0;128;80
952;3;0;3;0;328;68;270;70;0;128;64
952;3;0;3;0;391;68;273;72;0;128;104
952;3;0;3;0;328;57;273;70;0;160;80
953;2;0;4;0;248;67;94;72;0;180;105
953;2;0;4;0;188;50;100;57;0;234;84
953;2;0;4;0;248;50;108;62;0;144;84
953;2;0;4;0;208;50;108;62;0;234;136
953;2;0;4;0;208;56;108;64;0;144;136
953;2;0;4;0;188;56;108;64;0;234;105
953;2;0;4;0;188;67;100;74;0;180;84
953;2;0;4;0;188;56;94;66;0;180;136
953;2;0;4;0;208;67;108;88;0;180;136
954;1;0;4;0;179;50;112;54;0;160;64
954;1;0;4;0;179;50;108;62;0;208;104
954;1;0;4;0;179;45;105;57;0;208;80
954;1;0;4;0;137;45;105;57;0;128;104
954;1;0;4;0;151;50;105;56;0;208;64
954;1;0;4;0;151;45;108;50;0;128;80
954;1;0;4;0;151;60;105;62;0;128;64
954;1;0;4;0;179;60;108;64;0;128;104
954;1;0;4;0;151;50;108;62;0;160;80
955;2;0;4;0;208;62;125;72;0;169;80
955;2;0;4;0;190;62;119;70;0;169;104
955;2;0;4;0;244;62;133;82;0;169;64
955;3;0;4;0;190;52;125;72;0;104;64
955;2;0;4;0;244;47;125;56;0;130;104
955;2;0;4;0;208;47;119;66;0;130;64
955;3;0;4;0;190;62;133;82;0;104;80
955;2;0;4;0;190;47;133;58;0;130;80
955;3;0;4;0;244;52;119;64;0;104;80
956;2;0;4;0;164;43;89;48;0;110;52
956;2;0;4;0;164;43;85;54;0;143;84
956;2;0;4;0;164;39;82;52;0;143;65
956;2;0;4;0;128;39;82;52;0;88;84
956;2;0;4;0;140;43;82;49;0;143;52
956;2;0;4;0;140;39;85;43;0;88;65
956;3;0;4;0;140;52;82;53;0;88;52
956;2;0;4;0;164;52;85;56;0;88;84
956;2;0;4;0;140;43;85;54;0;110;65
957;2;0;5;0;409;72;226;80;0;240;108
957;2;0;5;0;409;72;216;97;0;312;175
957;2;0;5;0;409;65;208;88;0;312;135
957;3;0;5;0;313;65;208;88;0;192;175
957;2;0;5;0;345;72;208;86;0;312;108
957;3;0;5;0;345;65;216;74;0;192;135
957;3;0;5;0;345;86;208;94;0;192;108
957;3;0;5;0;409;86;216;99;0;192;175
957;2;0;5;0;345;72;216;97;0;240;135
958;3;0;5;0;200;55;145;62;0;143;75
958;1;0;5;0;184;55;142;57;0;143;97
958;3;0;5;0;233;55;149;66;0;143;60
958;3;0;5;0;184;46;145;58;0;88;60
958;3;0;5;0;233;41;145;48;0;110;97
958;3;0;5;0;200;41;142;54;0;110;60
958;3;0;5;0;184;55;149;66;0;88;75
958;3;0;5;0;184;41;149;49;0;110;75
958;3;0;5;0;233;46;142;53;0;88;75
959;3;0;5;0;61;19;28;22;0;40;30
959;3;0;5;0;51;14;30;18;0;52;24
959;3;0;5;0;61;14;32;19;0;32;24
959;2;0;5;0;54;14;32;19;0;52;39
959;2;0;5;0;54;16;32;20;0;32;39
959;1;0;5;0;51;16;32;20;0;52;30
959;3;0;5;0;51;19;30;25;0;40;24
959;2;0;5;0;51;16;28;21;0;40;39
959;1;0;5;0;54;19;32;31;0;40;39
960;3;0;5;0;116;31;39;38;0;80;45
960;2;0;5;0;87;23;42;29;0;104;36
960;2;0;5;0;116;23;46;31;0;64;36
960;1;0;5;0;97;23;46;31;0;104;58
960;2;0;5;0;97;26;46;32;0;64;58
960;3;0;5;0;87;26;46;32;0;104;45
960;3;0;5;0;87;31;42;40;0;80;36
960;1;0;5;0;87;26;39;34;0;80;58
960;1;0;5;0;97;31;46;46;0;80;58
961;2;0;2;0;192;60;112;72;0;182;75
961;2;0;2;0;174;60;106;70;0;182;97
961;3;0;2;0;228;60;120;82;0;182;60
961;3;0;2;0;174;50;112;72;0;112;60
961;2;0;2;0;228;45;112;56;0;140;97
961;2;0;2;0;192;45;106;66;0;140;60
961;3;0;2;0;174;60;120;82;0;112;75
961;2;0;2;0;174;45;120;58;0;140;75
961;3;0;2;0;228;50;106;64;0;112;75
962;3;0;3;0;120;38;90;42;0;100;55
962;1;0;3;0;95;29;92;32;0;130;44
962;3;0;3;0;120;29;94;32;0;80;44
962;1;0;3;0;103;29;94;32;0;130;71
962;1;0;3;0;103;32;94;35;0;80;71
962;3;0;3;0;95;32;94;35;0;130;55
962;3;0;3;0;95;38;92;42;0;100;44
962;2;0;3;0;95;32;90;36;0;100;71
962;1;0;3;0;103;38;94;46;0;100;71
963;2;0;3;0;104;31;51;38;0;91;40
963;2;0;3;0;95;31;48;35;0;91;52
963;2;0;3;0;123;31;55;43;0;91;32
963;2;0;3;0;95;26;51;38;0;56;32
963;2;0;3;0;123;23;51;26;0;70;52
963;2;0;3;0;104;23;48;34;0;70;32
963;2;0;3;0;95;31;55;43;0;56;40
963;2;0;3;0;95;23;55;28;0;70;40
963;2;0;3;0;123;26;48;32;0;56;40
964;3;0;4;0;322;62;226;66;0;160;92
964;3;0;4;0;322;62;222;72;0;208;149
964;3;0;4;0;322;56;219;66;0;208;115
964;3;0;4;0;249;56;219;66;0;128;149
964;3;0;4;0;273;62;219;66;0;208;92
964;3;0;4;0;273;56;222;62;0;128;115
964;3;0;4;0;273;74;219;74;0;128;92
964;3;0;4;0;322;74;222;78;0;128;149
964;3;0;4;0;273;62;222;72;0;160;115
965;2;0;5;0;247;60;151;64;0;160;85
965;2;0;5;0;185;45;154;52;0;208;68
965;3;0;5;0;247;45;158;53;0;128;68
965;2;0;5;0;206;45;158;53;0;208;110
965;2;0;5;0;206;50;158;54;0;128;110
965;2;0;5;0;185;50;158;54;0;208;85
965;3;0;5;0;185;60;154;66;0;160;68
965;2;0;5;0;185;50;151;57;0;160;110
965;2;0;5;0;206;60;158;72;0;160;110
966;2;0;2;0;220;50;110;58;0;150;60
966;3;0;2;0;220;50;102;72;0;195;97
966;2;0;2;0;220;45;96;66;0;195;75
966;3;0;2;0;167;45;96;66;0;120;97
966;2;0;2;0;185;50;96;64;0;195;60
966;3;0;2;0;185;45;102;54;0;120;75
966;3;0;2;0;185;60;96;66;0;120;60
966;3;0;2;0;220;60;102;72;0;120;97
966;3;0;2;0;185;50;102;72;0;150;75
967;3;0;3;0;332;77;185;80;0;190;120
967;2;0;3;0;264;58;191;64;0;247;96
967;3;0;3;0;332;58;199;66;0;152;96
967;2;0;3;0;287;58;199;66;0;247;156
967;3;0;3;0;287;64;199;70;0;152;156
967;2;0;3;0;264;64;199;70;0;247;120
967;3;0;3;0;264;77;191;82;0;190;96
967;2;0;3;0;264;64;185;72;0;190;156
967;3;0;3;0;287;77;199;97;0;190;156
968;3;0;2;0;179;54;109;54;0;130;80
968;3;0;2;0;137;40;112;46;0;169;64
968;3;0;2;0;179;40;116;48;0;104;64
968;2;0;2;0;151;40;116;48;0;169;104
968;2;0;2;0;151;45;116;49;0;104;104
968;2;0;2;0;137;45;116;49;0;169;80
968;3;0;2;0;137;54;112;57;0;130;64
968;2;0;2;0;137;45;109;50;0;130;104
968;1;0;2;0;151;54;116;64;0;130;104
969;2;0;2;0;205;67;97;74;0;208;110
969;2;0;2;0;184;67;91;72;0;208;143
969;2;0;2;0;246;67;105;88;0;208;88
969;2;0;2;0;184;56;97;78;0;128;88
969;2;0;2;0;246;50;97;58;0;160;143
969;2;0;2;0;205;50;91;70;0;160;88
969;2;0;2;0;184;67;105;88;0;128;110
969;2;0;2;0;184;50;105;62;0;160;110
969;2;0;2;0;246;56;91;66;0;128;110
970;2;0;3;0;137;36;67;40;0;100;56
970;2;0;3;0;137;36;63;46;0;130;91
970;1;0;3;0;137;32;60;43;0;130;70
970;1;0;3;0;108;32;60;43;0;80;91
970;2;0;3;0;118;36;60;42;0;130;56
970;2;0;3;0;118;32;63;36;0;80;70
970;2;0;3;0;118;43;60;45;0;80;56
970;2;0;3;0;137;43;63;46;0;80;91
970;1;0;3;0;118;36;63;46;0;100;70
971;3;1;2;0;125;48;49;53;0;143;75
971;1;1;2;0;114;48;44;50;0;143;97
971;3;1;2;0;146;48;55;62;0;143;60
971;3;1;2;0;114;40;49;53;0;88;60
971;3;1;2;0;146;36;49;42;0;110;97
971;3;1;2;0;125;36;44;50;0;110;60
971;3;1;2;0;114;48;55;62;0;88;75
971;3;1;2;0;114;36;55;43;0;110;75
971;3;1;2;0;146;40;44;46;0;88;75
972;2;1;2;0;137;31;97;34;0;70;45
972;1;1;2;0;116;23;99;26;0;91;36
972;3;1;2;0;137;23;101;26;0;56;36
972;1;1;2;0;123;23;101;26;0;91;58
972;2;1;2;0;123;26;101;28;0;56;58
972;1;1;2;0;116;26;101;28;0;91;45
972;3;1;2;0;116;31;99;36;0;70;36
972;2;1;2;0;116;26;97;31;0;70;58
972;1;1;2;0;123;31;101;40;0;70;58
973;3;1;2;0;368;74;164;86;0;270;120
973;2;1;2;0;368;74;150;108;0;351;195
973;2;1;2;0;368;67;139;99;0;351;150
973;3;1;2;0;278;67;139;99;0;216;195
973;2;1;2;0;308;74;139;91;0;351;120
973;3;1;2;0;308;67;150;80;0;216;150
973;3;1;2;0;308;89;139;99;0;216;120
973;3;1;2;0;368;89;150;108;0;216;195
973;2;1;2;0;308;74;150;108;0;270;150
974;2;1;3;0;236;74;63;78;0;210;110
974;2;1;3;0;182;56;71;64;0;273;88
974;3;1;3;0;236;56;81;66;0;168;88
974;2;1;3;0;200;56;81;66;0;273;143
974;2;1;3;0;200;62;81;70;0;168;143
974;2;1;3;0;182;62;81;70;0;273;110
974;2;1;3;0;182;74;71;82;0;210;88
974;2;1;3;0;182;62;63;72;0;210;143
974;1;1;3;0;200;74;81;99;0;210;143
975;3;1;3;0;202;58;147;58;0;169;100
975;3;1;3;0;185;58;144;57;0;169;130
975;3;1;3;0;237;58;151;64;0;169;80
975;3;1;3;0;185;48;147;56;0;104;80
975;3;1;3;0;237;43;147;48;0;130;130
975;3;1;3;0;202;43;144;52;0;130;80
975;3;1;3;0;185;58;151;64;0;104;100
975;3;1;3;0;185;43;151;49;0;130;100
975;3;1;3;0;237;48;144;52;0;104;100
976;2;1;3;0;200;74;71;82;0;247;105
976;2;1;3;0;182;74;63;78;0;247;136
976;2;1;3;0;236;74;81;99;0;247;84
976;2;1;3;0;182;62;71;86;0;152;84
976;2;1;3;0;236;56;71;64;0;190;136
976;2;1;3;0;200;56;63;78;0;190;84
976;2;1;3;0;182;74;81;99;0;152;105
976;2;1;3;0;182;56;81;66;0;190;105
976;2;1;3;0;236;62;63;72;0;152;105
977;3;1;4;0;106;35;41;42;0;90;48
977;3;1;4;0;106;35;37;49;0;117;78
977;3;1;4;0;106;31;34;46;0;117;60
977;3;1;4;0;85;31;34;46;0;72;78
977;3;1;4;0;92;35;34;43;0;117;48
977;3;1;4;0;92;31;37;38;0;72;60
977;3;1;4;0;92;42;34;46;0;72;48
977;3;1;4;0;106;42;37;49;0;72;78
977;3;1;4;0;92;35;37;49;0;90;60
978;3;1;4;0;103;25;38;29;0;70;32
978;3;1;4;0;103;25;34;38;0;91;52
978;3;1;4;0;103;22;31;34;0;91;40
978;3;1;4;0;82;22;31;34;0;56;52
978;3;1;4;0;89;25;31;32;0;91;32
978;3;1;4;0;89;22;34;26;0;56;40
978;3;1;4;0;89;30;31;34;0;56;32
978;3;1;4;0;103;30;34;38;0;56;52
978;3;1;4;0;89;25;34;38;0;70;40
979;2;1;4;0;285;64;139;72;0;280;136
979;1;1;4;0;285;64;131;86;0;364;221
979;2;1;4;0;285;58;125;78;0;364;170
979;2;1;4;0;216;58;125;78;0;224;221
979;2;1;4;0;239;64;125;74;0;364;136
979;2;1;4;0;239;58;131;66;0;224;170
979;2;1;4;0;239;77;125;82;0;224;136
979;2;1;4;0;285;77;131;86;0;224;221
979;1;1;4;0;239;64;131;86;0;280;170
980;2;1;5;0;222;50;156;54;0;140;72
980;2;1;5;0;222;50;152;64;0;182;117
980;2;1;5;0;222;45;149;58;0;182;90
980;2;1;5;0;181;45;149;58;0;112;117
980;2;1;5;0;195;50;149;57;0;182;72
980;2;1;5;0;195;45;152;52;0;112;90
980;3;1;5;0;195;60;149;62;0;112;72
980;3;1;5;0;222;60;152;64;0;112;117
980;2;1;5;0;195;50;152;64;0;140;90
981;2;1;2;0;206;54;73;62;0;170;80
981;2;1;2;0;206;54;65;74;0;221;130
981;2;1;2;0;206;49;59;70;0;221;100
981;2;1;2;0;157;49;59;70;0;136;130
981;2;1;2;0;173;54;59;64;0;221;80
981;2;1;2;0;173;49;65;57;0;136;100
981;2;1;2;0;173;65;59;70;0;136;80
981;2;1;2;0;206;65;65;74;0;136;130
981;2;1;2;0;173;54;65;74;0;170;100
982;2;1;2;0;352;84;120;88;0;220;125
982;2;1;2;0;266;63;129;72;0;286;100
982;2;1;2;0;352;63;141;74;0;176;100
982;2;1;2;0;295;63;141;74;0;286;162
982;2;1;2;0;295;70;141;78;0;176;162
982;2;1;2;0;266;70;141;78;0;286;125
982;2;1;2;0;266;84;129;94;0;220;100
982;2;1;2;0;266;70;120;82;0;220;162
982;2;1;2;0;295;84;141;110;0;220;162
983;2;1;2;0;234;50;141;50;0;120;80
983;2;1;2;0;181;38;144;42;0;156;64
983;3;1;2;0;234;38;148;43;0;96;64
983;2;1;2;0;199;38;148;43;0;156;104
983;2;1;2;0;199;42;148;45;0;96;104
983;2;1;2;0;181;42;148;45;0;156;80
983;3;1;2;0;181;50;144;52;0;120;64
983;2;1;2;0;181;42;141;46;0;120;104
983;2;1;2;0;199;50;148;56;0;120;104
984;2;1;2;0;242;79;113;91;0;325;145
984;2;1;2;0;219;79;105;86;0;325;188
984;3;1;2;0;288;79;123;108;0;325;116
984;3;1;2;0;219;66;113;91;0;200;116
984;2;1;2;0;288;59;113;70;0;250;188
984;2;1;2;0;242;59;105;82;0;250;116
984;3;1;2;0;219;79;123;108;0;200;145
984;2;1;2;0;219;59;123;72;0;250;145
984;2;1;2;0;288;66;105;80;0;200;145
985;2;1;2;0;250;55;157;57;0;120;70
985;1;1;2;0;193;41;160;48;0;156;56
985;2;1;2;0;250;41;164;49;0;96;56
985;2;1;2;0;212;41;164;49;0;156;91
985;2;1;2;0;212;46;164;50;0;96;91
985;2;1;2;0;193;46;164;50;0;156;70
985;3;1;2;0;193;55;160;62;0;120;56
985;2;1;2;0;193;46;157;53;0;120;91
985;2;1;2;0;212;55;164;66;0;120;91
986;2;1;3;0;336;72;109;82;0;270;152
986;2;1;3;0;336;72;95;105;0;351;247
986;2;1;3;0;336;65;84;97;0;351;190
986;2;1;3;0;257;65;84;97;0;216;247
986;2;1;3;0;283;72;84;88;0;351;152
986;2;1;3;0;283;65;95;78;0;216;190
986;2;1;3;0;283;86;84;97;0;216;152
986;2;1;3;0;336;86;95;102;0;216;247
986;2;1;3;0;283;72;95;105;0;270;190
987;2;1;3;0;248;74;71;80;0;200;135
987;2;1;3;0;188;56;79;64;0;260;108
987;2;1;3;0;248;56;89;70;0;160;108
987;2;1;3;0;208;56;89;70;0;260;175
987;2;1;3;0;208;62;89;70;0;160;175
987;2;1;3;0;188;62;89;70;0;260;135
987;2;1;3;0;188;74;79;86;0;200;108
987;2;1;3;0;188;62;71;74;0;200;175
987;2;1;3;0;208;74;89;99;0;200;175
988;2;1;3;0;169;55;120;62;0;169;70
988;2;1;3;0;153;55;117;57;0;169;91
988;3;1;3;0;201;55;124;66;0;169;56
988;3;1;3;0;153;46;120;58;0;104;56
988;2;1;3;0;201;41;120;48;0;130;91
988;2;1;3;0;169;41;117;54;0;130;56
988;2;1;3;0;153;55;124;66;0;104;70
988;2;1;3;0;153;41;124;49;0;130;70
988;2;1;3;0;201;46;117;53;0;104;70
989;3;1;3;0;190;38;120;49;0;110;52
989;2;1;3;0;190;38;116;57;0;143;84
989;2;1;3;0;190;34;113;53;0;143;65
989;3;1;3;0;142;34;113;53;0;88;84
989;2;1;3;0;158;38;113;52;0;143;52
989;2;1;3;0;158;34;116;46;0;88;65
989;3;1;3;0;158;46;113;56;0;88;52
989;2;1;3;0;190;46;116;58;0;88;84
989;1;1;3;0;158;38;116;57;0;110;65
990;3;1;3;0;282;66;118;74;0;210;120
990;2;1;3;0;282;66;108;91;0;273;195
990;2;1;3;0;282;59;100;82;0;273;150
990;3;1;3;0;214;59;100;82;0;168;195
990;2;1;3;0;237;66;100;78;0;273;120
990;3;1;3;0;237;59;108;70;0;168;150
990;3;1;3;0;237;79;100;86;0;168;120
990;3;1;3;0;282;79;108;88;0;168;195
990;2;1;3;0;237;66;108;91;0;210;150
991;3;1;3;0;89;30;34;38;0;91;45
991;3;1;3;0;82;30;31;34;0;91;58
991;3;1;3;0;103;30;38;43;0;91;36
991;3;1;3;0;82;25;34;38;0;56;36
991;3;1;3;0;103;22;34;26;0;70;58
991;3;1;3;0;89;22;31;34;0;70;36
991;3;1;3;0;82;30;38;43;0;56;45
991;3;1;3;0;82;22;38;28;0;70;45
991;3;1;3;0;103;25;31;32;0;56;45
992;2;1;3;0;125;48;49;53;0;143;85
992;2;1;3;0;114;48;44;50;0;143;110
992;2;1;3;0;146;48;55;62;0;143;68
992;2;1;3;0;114;40;49;53;0;88;68
992;2;1;3;0;146;36;49;42;0;110;110
992;2;1;3;0;125;36;44;50;0;110;68
992;2;1;3;0;114;48;55;62;0;88;85
992;2;1;3;0;114;36;55;43;0;110;85
992;2;1;3;0;146;40;44;46;0;88;85
993;3;1;3;0;302;64;175;66;0;170;115
993;2;1;3;0;233;48;180;53;0;221;92
993;3;1;3;0;302;48;186;56;0;136;92
993;2;1;3;0;256;48;186;56;0;221;149
993;3;1;3;0;256;53;186;57;0;136;149
993;2;1;3;0;233;53;186;57;0;221;115
993;3;1;3;0;233;64;180;70;0;170;92
993;2;1;3;0;233;53;175;62;0;170;149
993;3;1;3;0;256;64;186;78;0;170;149
994;3;1;4;0;294;79;110;86;0;240;145
994;2;1;4;0;223;59;118;70;0;312;116
994;3;1;4;0;294;59;128;72;0;192;116
994;2;1;4;0;247;59;128;72;0;312;188
994;3;1;4;0;247;66;128;74;0;192;188
994;2;1;4;0;223;66;128;74;0;312;145
994;3;1;4;0;223;79;118;91;0;240;116
994;2;1;4;0;223;66;110;80;0;240;188
994;3;1;4;0;247;79;128;108;0;240;188
995;3;1;4;0;266;86;158;97;0;351;150
995;2;1;4;0;242;86;152;91;0;351;195
995;3;1;4;0;314;86;166;108;0;351;120
995;3;1;4;0;242;72;158;94;0;216;120
995;2;1;4;0;314;65;158;74;0;270;195
995;1;1;4;0;266;65;152;86;0;270;120
995;3;1;4;0;242;86;166;108;0;216;150
995;2;1;4;0;242;65;166;78;0;270;150
995;2;1;4;0;314;72;152;82;0;216;150
996;2;1;4;0;135;42;77;46;0;140;52
996;2;1;4;0;135;42;73;54;0;182;84
996;2;1;4;0;135;38;70;50;0;182;65
996;2;1;4;0;106;38;70;50;0;112;84
996;2;1;4;0;116;42;70;48;0;182;52
996;2;1;4;0;116;38;73;43;0;112;65
996;2;1;4;0;116;50;70;52;0;112;52
996;2;1;4;0;135;50;73;54;0;112;84
996;2;1;4;0;116;42;73;54;0;140;65
997;2;1;4;0;238;49;174;53;0;140;64
997;2;1;4;0;238;49;170;62;0;182;104
997;2;1;4;0;238;44;167;57;0;182;80
997;2;1;4;0;195;44;167;57;0;112;104
997;2;1;4;0;209;49;167;54;0;182;64
997;2;1;4;0;209;44;170;49;0;112;80
997;3;1;4;0;209;59;167;62;0;112;64
997;3;1;4;0;238;59;170;64;0;112;104
997;2;1;4;0;209;49;170;62;0;140;80
998;2;1;4;0;140;48;59;49;0;100;65
998;2;1;4;0;105;36;62;42;0;130;52
998;3;1;4;0;140;36;66;43;0;80;52
998;2;1;4;0;117;36;66;43;0;130;84
998;2;1;4;0;117;40;66;45;0;80;84
998;1;1;4;0;105;40;66;45;0;130;65
998;3;1;4;0;105;48;62;52;0;100;52
998;2;1;4;0;105;40;59;46;0;100;84
998;1;1;4;0;117;48;66;58;0;100;84
999;2;1;4;0;206;46;128;50;0;120;52
999;1;1;4;0;206;46;124;57;0;156;84
999;1;1;4;0;206;41;121;53;0;156;65
999;1;1;4;0;161;41;121;53;0;96;84
999;2;1;4;0;176;46;121;52;0;156;52
999;3;1;4;0;176;41;124;46;0;96;65
999;3;1;4;0;176;55;121;56;0;96;52
999;2;1;4;0;206;55;124;58;0;96;84
999;1;1;4;0;176;46;124;57;0;120;65
1000;2;1;4;0;200;74;71;82;0;273;145
1000;2;1;4;0;182;74;63;78;0;273;188
1000;2;1;4;0;236;74;81;99;0;273;116
1000;3;1;4;0;182;62;71;86;0;168;116
1000;2;1;4;0;236;56;71;64;0;210;188
1000;2;1;4;0;200;56;63;78;0;210;116
1000;2;1;4;0;182;74;81;99;0;168;145
1000;2;1;4;0;182;56;81;66;0;210;145
1000;2;1;4;0;236;62;63;72;0;168;145
1001;2;1;4;0;401;64;244;70;0;190;100
1001;2;1;4;0;401;64;236;82;0;247;162
1001;2;1;4;0;401;58;230;78;0;247;125
1001;3;1;4;0;315;58;230;78;0;152;162
1001;2;1;4;0;344;64;230;74;0;247;100
1001;3;1;4;0;344;58;236;66;0;152;125
1001;3;1;4;0;344;77;230;80;0;152;100
1001;3;1;4;0;401;77;236;86;0;152;162
1001;2;1;4;0;344;64;236;82;0;190;125
1002;2;1;4;0;219;48;195;48;0;143;70
1002;2;1;4;0;206;48;193;46;0;143;91
1002;3;1;4;0;245;48;197;52;0;143;56
1002;3;1;4;0;206;40;195;45;0;88;56
1002;2;1;4;0;245;36;195;38;0;110;91
1002;3;1;4;0;219;36;193;42;0;110;56
1002;3;1;4;0;206;48;197;52;0;88;70
1002;3;1;4;0;206;36;197;40;0;110;70
1002;2;1;4;0;245;40;193;43;0;88;70
1003;3;1;4;0;138;52;83;56;0;143;80
1003;3;1;4;0;124;52;80;53;0;143;104
1003;3;1;4;0;166;52;87;64;0;143;64
1003;3;1;4;0;124;43;83;54;0;88;64
1003;2;1;4;0;166;39;83;45;0;110;104
1003;3;1;4;0;138;39;80;52;0;110;64
1003;3;1;4;0;124;52;87;64;0;88;80
1003;3;1;4;0;124;39;87;46;0;110;80
1003;3;1;4;0;166;43;80;49;0;88;80
1004;2;1;5;0;287;79;232;82;0;234;105
1004;2;1;5;0;258;79;229;80;0;234;136
1004;2;1;5;0;344;79;236;91;0;234;84
1004;3;1;5;0;258;66;232;78;0;144;84
1004;2;1;5;0;344;59;232;66;0;180;136
1004;3;1;5;0;287;59;229;72;0;180;84
1004;3;1;5;0;258;79;236;91;0;144;105
1004;1;1;5;0;258;59;236;66;0;180;105
1004;3;1;5;0;344;66;229;72;0;144;105
1005;1;1;5;0;214;62;101;70;0;182;85
1005;1;1;5;0;194;62;95;66;0;182;110
1005;3;1;5;0;255;62;109;80;0;182;68
1005;3;1;5;0;194;52;101;70;0;112;68
1005;1;1;5;0;255;47;101;53;0;140;110
1005;1;1;5;0;214;47;95;66;0;140;68
1005;1;1;5;0;194;62;109;80;0;112;85
1005;1;1;5;0;194;47;109;56;0;140;85
1005;1;1;5;0;255;52;95;62;0;112;85
1006;2;1;5;0;144;50;89;54;0;143;70
1006;2;1;5;0;130;50;86;52;0;143;91
1006;3;1;5;0;172;50;93;62;0;143;56
1006;2;1;5;0;130;42;89;53;0;88;56
1006;2;1;5;0;172;38;89;43;0;110;91
1006;2;1;5;0;144;38;86;50;0;110;56
1006;2;1;5;0;130;50;93;62;0;88;70
1006;2;1;5;0;130;38;93;45;0;110;70
1006;2;1;5;0;172;42;86;48;0;88;70
1007;2;1;2;0;139;36;69;40;0;100;44
1007;2;1;2;0;139;36;65;46;0;130;71
1007;2;1;2;0;139;32;62;43;0;130;55
1007;2;1;2;0;110;32;62;43;0;80;71
1007;2;1;2;0;120;36;62;42;0;130;44
1007;2;1;2;0;120;32;65;38;0;80;55
1007;3;1;2;0;120;43;62;46;0;80;44
1007;3;1;2;0;139;43;65;48;0;80;71
1007;2;1;2;0;120;36;65;46;0;100;55
1008;2;1;2;0;218;52;128;52;0;180;95
1008;1;1;2;0;170;39;131;43;0;234;76
1008;2;1;2;0;218;39;135;43;0;144;76
1008;2;1;2;0;186;39;135;43;0;234;123
1008;2;1;2;0;186;43;135;45;0;144;123
1008;2;1;2;0;170;43;135;45;0;234;95
1008;2;1;2;0;170;52;131;53;0;180;76
1008;2;1;2;0;170;43;128;46;0;180;123
1008;2;1;2;0;186;52;135;57;0;180;123
1009;2;1;2;0;193;62;50;66;0;170;130
1009;2;1;2;0;150;47;56;53;0;221;104
1009;3;1;2;0;193;47;64;57;0;136;104
1009;2;1;2;0;164;47;64;57;0;221;169
1009;2;1;2;0;164;52;64;57;0;136;169
1009;2;1;2;0;150;52;64;57;0;221;130
1009;2;1;2;0;150;62;56;70;0;170;104
1009;2;1;2;0;150;52;50;62;0;170;169
1009;2;1;2;0;164;62;64;82;0;170;169
1010;3;1;2;0;374;77;209;80;0;180;130
1010;2;1;2;0;298;58;215;64;0;234;104
1010;3;1;2;0;374;58;223;66;0;144;104
1010;2;1;2;0;323;58;223;66;0;234;169
1010;3;1;2;0;323;64;223;70;0;144;169
1010;2;1;2;0;298;64;223;70;0;234;130
1010;3;1;2;0;298;77;215;82;0;180;104
1010;2;1;2;0;298;64;209;72;0;180;169
1010;3;1;2;0;323;77;223;94;0;180;169
1011;3;1;2;0;182;43;101;48;0;90;40
1011;2;1;2;0;182;43;97;56;0;117;65
1011;3;1;2;0;182;39;94;52;0;117;50
1011;3;1;2;0;137;39;94;52;0;72;65
1011;3;1;2;0;152;43;94;49;0;117;40
1011;3;1;2;0;152;39;97;45;0;72;50
1011;3;1;2;0;152;52;94;53;0;72;40
1011;3;1;2;0;182;52;97;56;0;72;65
1011;3;1;2;0;152;43;97;56;0;90;50
1012;2;1;2;0;206;59;120;62;0;140;95
1012;2;1;2;0;157;44;123;49;0;182;76
1012;3;1;2;0;206;44;127;50;0;112;76
1012;2;1;2;0;173;44;127;50;0;182;123
1012;3;1;2;0;173;49;127;53;0;112;123
1012;2;1;2;0;157;49;127;53;0;182;95
1012;2;1;2;0;157;59;123;64;0;140;76
1012;2;1;2;0;157;49;120;54;0;140;123
1012;2;1;2;0;173;59;127;70;0;140;123
1013;3;1;3;0;154;42;79;46;0;90;44
1013;3;1;3;0;154;42;75;53;0;117;71
1013;3;1;3;0;154;38;72;50;0;117;55
1013;3;1;3;0;118;38;72;50;0;72;71
1013;3;1;3;0;130;42;72;48;0;117;44
1013;3;1;3;0;130;38;75;43;0;72;55
1013;3;1;3;0;130;50;72;52;0;72;44
1013;3;1;3;0;154;50;75;53;0;72;71
1013;3;1;3;0;130;42;75;53;0;90;55
1014;3;1;4;0;302;84;139;86;0;210;135
1014;3;1;4;0;229;63;145;70;0;273;108
1014;3;1;4;0;302;63;153;72;0;168;108
1014;3;1;4;0;253;63;153;72;0;273;175
1014;3;1;4;0;253;70;153;74;0;168;175
1014;3;1;4;0;229;70;153;74;0;273;135
1014;3;1;4;0;229;84;145;91;0;210;108
1014;3;1;4;0;229;70;139;78;0;210;175
1014;3;1;4;0;253;84;153;102;0;210;175
1015;2;1;2;0;207;54;152;56;0;156;80
1015;2;1;2;0;192;54;149;54;0;156;104
1015;3;1;2;0;236;54;156;62;0;156;64
1015;3;1;2;0;192;45;152;53;0;96;64
1015;2;1;2;0;236;40;152;45;0;120;104
1015;3;1;2;0;207;40;149;50;0;120;64
1015;3;1;2;0;192;54;156;62;0;96;80
1015;2;1;2;0;192;40;156;46;0;120;80
1015;3;1;2;0;236;45;149;49;0;96;80
1016;2;1;3;0;292;77;71;82;0;220;130
1016;2;1;3;0;224;58;80;66;0;286;104
1016;3;1;3;0;292;58;92;72;0;176;104
1016;2;1;3;0;247;58;92;72;0;286;169
1016;3;1;3;0;247;64;92;72;0;176;169
1016;2;1;3;0;224;64;92;72;0;286;130
1016;2;1;3;0;224;77;80;88;0;220;104
1016;2;1;3;0;224;64;71;78;0;220;169
1016;2;1;3;0;247;77;92;105;0;220;169
1017;1;0;3;0;200;74;71;82;0;273;145
1017;2;0;3;0;182;74;63;78;0;273;188
1017;1;0;3;0;236;74;81;99;0;273;116
1017;1;0;3;0;182;62;71;86;0;168;116
1017;2;0;3;0;236;56;71;64;0;210;188
1017;2;0;3;0;200;56;63;78;0;210;116
1017;1;0;3;0;182;74;81;99;0;168;145
1017;2;0;3;0;182;56;81;66;0;210;145
1017;2;0;3;0;236;62;63;72;0;168;145
1018;3;0;4;0;103;25;38;29;0;70;32
1018;2;0;4;0;103;25;34;38;0;91;52
1018;2;0;4;0;103;22;31;34;0;91;40
1018;2;0;4;0;82;22;31;34;0;56;52
1018;3;0;4;0;89;25;31;32;0;91;32
1018;2;0;4;0;89;22;34;26;0;56;40
1018;2;0;4;0;89;30;31;34;0;56;32
1018;1;0;4;0;103;30;34;38;0;56;52
1018;2;0;4;0;89;25;34;38;0;70;40
1019;2;0;2;0;106;42;34;46;0;90;60
1019;2;0;2;0;85;31;37;38;0;117;48
1019;2;0;2;0;106;31;41;40;0;72;48
1019;2;0;2;0;92;31;41;40;0;117;78
1019;2;0;2;0;92;35;41;42;0;72;78
1019;2;0;2;0;85;35;41;42;0;117;60
1019;2;0;2;0;85;42;37;49;0;90;48
1019;2;0;2;0;85;35;34;43;0;90;78
1019;2;0;2;0;92;42;41;56;0;90;78
1020;3;1;4;0;419;74;234;82;0;240;120
1020;2;1;4;0;419;74;224;99;0;312;195
1020;2;1;4;0;419;67;216;91;0;312;150
1020;3;1;4;0;320;67;216;91;0;192;195
1020;2;1;4;0;353;74;216;88;0;312;120
1020;3;1;4;0;353;67;224;78;0;192;150
1020;3;1;4;0;353;89;216;97;0;192;120
1020;3;1;4;0;419;89;224;102;0;192;195
1020;3;1;4;0;353;74;224;99;0;240;150
1021;2;1;3;0;141;48;61;50;0;130;80
1021;2;1;3;0;108;36;64;42;0;169;64
1021;3;1;3;0;141;36;68;45;0;104;64
1021;1;1;3;0;119;36;68;45;0;169;104
1021;2;1;3;0;119;40;68;45;0;104;104
1021;2;1;3;0;108;40;68;45;0;169;80
1021;3;1;3;0;108;48;64;53;0;130;64
1021;2;1;3;0;108;40;61;48;0;130;104
1021;1;1;3;0;119;48;68;62;0;130;104
1022;3;0;2;0;106;84;34;91;0;80;50
1022;2;0;2;0;85;63;37;76;0;104;40
1022;3;0;2;0;106;63;41;80;0;64;40
1022;2;0;2;0;92;63;41;80;0;104;65
1022;3;0;2;0;92;70;41;83;0;64;65
1022;3;0;2;0;85;70;41;83;0;104;50
1022;3;0;2;0;85;84;37;98;0;80;40
1022;2;0;2;0;85;70;34;86;0;80;65
1022;3;0;2;0;92;84;41;111;0;80;65
1023;2;0;2;0;236;148;63;156;0;210;150
1023;2;0;2;0;182;111;71;128;0;273;120
1023;3;0;2;0;236;111;81;132;0;168;120
1023;2;0;2;0;200;111;81;132;0;273;195
1023;2;0;2;0;200;123;81;139;0;168;195
1023;2;0;2;0;182;123;81;139;0;273;150
1023;3;0;2;0;182;148;71;165;0;210;120
1023;2;0;2;0;182;123;63;144;0;210;195
1023;2;0;2;0;200;148;81;198;0;210;195
1024;2;0;2;0;146;80;55;90;0;110;52
1024;2;0;2;0;146;80;49;106;0;143;84
1024;2;0;2;0;146;72;44;99;0;143;65
1024;3;0;2;0;114;72;44;99;0;88;84
1024;2;0;2;0;125;80;44;91;0;143;52
1024;3;0;2;0;125;72;49;83;0;88;65
1024;2;0;2;0;125;96;44;99;0;88;52
1024;3;0;2;0;146;96;49;106;0;88;84
1024;3;0;2;0;125;80;49;106;0;110;65
1025;3;0;2;0;120;76;90;83;0;90;55
1025;1;0;2;0;95;57;92;63;0;117;44
1025;3;0;2;0;120;57;94;65;0;72;44
1025;1;0;2;0;103;57;94;65;0;117;71
1025;3;0;2;0;103;63;94;70;0;72;71
1025;1;0;2;0;95;63;94;70;0;117;55
1025;3;0;2;0;95;76;92;83;0;90;44
1025;3;0;2;0;95;63;90;71;0;90;71
1025;3;0;2;0;103;76;94;91;0;90;71
1026;2;0;2;0;120;76;49;86;0;90;40
1026;3;0;2;0;120;76;45;103;0;117;65
1026;2;0;2;0;120;68;42;95;0;117;50
1026;1;0;2;0;90;68;42;95;0;72;65
1026;3;0;2;0;100;76;42;91;0;117;40
1026;3;0;2;0;100;68;45;80;0;72;50
1026;2;0;2;0;100;91;42;98;0;72;40
1026;2;0;2;0;120;91;45;103;0;72;65
1026;3;0;2;0;100;76;45;103;0;90;50
1027;2;0;2;0;188;133;80;149;0;208;105
1027;2;0;2;0;170;133;74;144;0;208;136
1027;2;0;2;0;224;133;88;172;0;208;84
1027;3;0;2;0;170;111;80;149;0;128;84
1027;2;0;2;0;224;100;80;114;0;160;136
1027;2;0;2;0;188;100;74;139;0;160;84
1027;3;0;2;0;170;133;88;172;0;128;105
1027;2;0;2;0;170;100;88;123;0;160;105
1027;2;0;2;0;224;111;74;132;0;128;105
1028;3;0;2;0;54;40;30;50;0;52;30
1028;2;0;2;0;51;40;28;45;0;52;39
1028;3;0;2;0;61;40;32;62;0;52;24
1028;3;0;2;0;51;33;30;52;0;32;24
1028;2;0;2;0;61;30;30;37;0;40;39
1028;3;0;2;0;54;30;28;45;0;40;24
1028;3;0;2;0;51;40;32;62;0;32;30
1028;3;0;2;0;51;30;32;38;0;40;30
1028;3;0;2;0;61;33;28;42;0;32;30
1029;3;0;3;0;200;148;71;165;0;273;115
1029;1;0;3;0;182;148;63;156;0;273;149
1029;3;0;3;0;236;148;81;198;0;273;92
1029;3;0;3;0;182;123;71;172;0;168;92
1029;2;0;3;0;236;111;71;128;0;210;149
1029;1;0;3;0;200;111;63;156;0;210;92
1029;3;0;3;0;182;148;81;198;0;168;115
1029;2;0;3;0;182;111;81;132;0;210;115
1029;2;0;3;0;236;123;63;144;0;168;115
1030;2;0;4;0;197;137;89;156;0;273;110
1030;2;0;4;0;177;137;83;149;0;273;143
1030;3;0;4;0;236;137;97;182;0;273;88
1030;3;0;4;0;177;114;89;156;0;168;88
1030;2;0;4;0;236;103;89;123;0;210;143
1030;3;0;4;0;197;103;83;144;0;210;88
1030;3;0;4;0;177;137;97;182;0;168;110
1030;2;0;4;0;177;103;97;128;0;210;110
1030;2;0;4;0;236;114;83;139;0;168;110
1031;3;0;4;0;392;158;222;165;0;190;105
1031;3;0;4;0;305;119;228;132;0;247;84
1031;3;0;4;0;392;119;236;139;0;152;84
1031;3;0;4;0;334;119;236;139;0;247;136
1031;3;0;4;0;334;132;236;144;0;152;136
1031;3;0;4;0;305;132;236;144;0;247;105
1031;3;0;4;0;305;158;228;172;0;190;84
1031;3;0;4;0;305;132;222;149;0;190;136
1031;3;0;4;0;334;158;236;198;0;190;136
1032;2;0;4;0;227;114;93;128;0;180;96
1032;2;0;4;0;227;114;85;156;0;234;156
1032;2;0;4;0;227;103;79;144;0;234;120
1032;2;0;4;0;176;103;79;144;0;144;156
1032;2;0;4;0;193;114;79;139;0;234;96
1032;2;0;4;0;193;103;85;123;0;144;120
1032;2;0;4;0;193;137;79;149;0;144;96
1032;2;0;4;0;227;137;85;156;0;144;156
1032;2;0;4;0;193;114;85;156;0;180;120
1033;3;0;4;0;295;124;174;128;0;170;100
1033;3;0;4;0;235;93;179;106;0;221;80
1033;3;0;4;0;295;93;185;108;0;136;80
1033;3;0;4;0;255;93;185;108;0;221;130
1033;3;0;4;0;255;103;185;114;0;136;130
1033;3;0;4;0;235;103;185;114;0;221;100
1033;3;0;4;0;235;124;179;132;0;170;80
1033;3;0;4;0;235;103;174;116;0;170;130
1033;3;0;4;0;255;124;185;149;0;170;130
1034;3;0;5;0;157;96;55;99;0;110;70
1034;3;0;5;0;125;72;60;83;0;143;56
1034;3;0;5;0;157;72;66;90;0;88;56
1034;2;0;5;0;136;72;66;90;0;143;91
1034;3;0;5;0;136;80;66;90;0;88;91
1034;3;0;5;0;125;80;66;90;0;143;70
1034;3;0;5;0;125;96;60;106;0;110;56
1034;3;0;5;0;125;80;55;95;0;110;91
1034;3;0;5;0;136;96;66;123;0;110;91
1035;3;0;2;0;106;43;43;52;0;60;32
1035;2;0;2;0;106;43;39;68;0;78;52
1035;2;0;2;0;106;39;36;62;0;78;40
1035;3;0;2;0;85;39;36;62;0;48;52
1035;3;0;2;0;92;43;36;57;0;78;32
1035;2;0;2;0;92;39;39;48;0;48;40
1035;3;0;2;0;92;52;36;62;0;48;32
1035;3;0;2;0;106;52;39;65;0;48;52
1035;3;0;2;0;92;43;39;68;0;60;40
1036;2;0;2;0;371;179;119;194;0;250;165
1036;2;0;2;0;292;134;130;156;0;325;132
1036;3;0;2;0;371;134;144;165;0;200;132
1036;2;0;2;0;318;134;144;165;0;325;214
1036;2;0;2;0;318;149;144;165;0;200;214
1036;2;0;2;0;292;149;144;165;0;325;165
1036;3;0;2;0;292;179;130;210;0;250;132
1036;2;0;2;0;292;149;119;177;0;250;214
1036;3;0;2;0;318;179;144;248;0;250;214
1037;2;0;2;0;283;133;162;139;0;190;125
1037;2;0;2;0;223;100;167;114;0;247;100
1037;3;0;2;0;283;100;173;116;0;152;100
1037;2;0;2;0;243;100;173;116;0;247;162
1037;3;0;2;0;243;111;173;123;0;152;162
1037;2;0;2;0;223;111;173;123;0;247;125
1037;3;0;2;0;223;133;167;144;0;190;100
1037;2;0;2;0;223;111;162;128;0;190;162
1037;3;0;2;0;243;133;173;161;0;190;162
1038;2;0;2;0;326;173;106;194;0;260;155
1038;2;0;2;0;249;130;117;156;0;338;124
1038;2;0;2;0;326;130;131;165;0;208;124
1038;2;0;2;0;275;130;131;165;0;338;201
1038;2;0;2;0;275;144;131;165;0;208;201
1038;2;0;2;0;249;144;131;165;0;338;155
1038;2;0;2;0;249;173;117;210;0;260;124
1038;2;0;2;0;249;144;106;177;0;260;201
1038;2;0;2;0;275;173;131;248;0;260;201
1039;3;0;2;0;111;50;78;57;0;50;25
1039;3;0;2;0;101;38;80;42;0;65;20
1039;3;0;2;0;111;38;82;45;0;40;20
1039;2;0;2;0;104;38;82;45;0;65;32
1039;3;0;2;0;104;42;82;48;0;40;32
1039;2;0;2;0;101;42;82;48;0;65;25
1039;3;0;2;0;101;50;80;58;0;50;20
1039;3;0;2;0;101;42;78;50;0;50;32
1039;3;0;2;0;104;50;82;70;0;50;32
1040;2;0;2;0;392;187;131;205;0;290;175
1040;2;0;2;0;299;140;142;161;0;377;140
1040;3;0;2;0;392;140;156;172;0;232;140
1040;2;0;2;0;330;140;156;172;0;377;227
1040;2;0;2;0;330;156;156;177;0;232;227
1040;2;0;2;0;299;156;156;177;0;377;175
1040;3;0;2;0;299;187;142;215;0;290;140
1040;3;0;2;0;299;156;131;189;0;290;227
1040;3;0;2;0;330;187;156;253;0;290;227
1041;3;0;2;0;159;103;80;106;0;110;65
1041;2;0;2;0;128;77;83;86;0;143;52
1041;3;0;2;0;159;77;87;91;0;88;52
1041;2;0;2;0;138;77;87;91;0;143;84
1041;3;0;2;0;138;86;87;91;0;88;84
1041;2;0;2;0;128;86;87;91;0;143;65
1041;3;0;2;0;128;103;83;108;0;110;52
1041;3;0;2;0;128;86;80;98;0;110;84
1041;3;0;2;0;138;103;87;123;0;110;84
1042;3;0;3;0;108;82;97;86;0;130;60
1042;2;0;3;0;98;82;95;86;0;130;78
1042;3;0;3;0;128;82;99;95;0;130;48
1042;3;0;3;0;98;68;97;83;0;80;48
1042;2;0;3;0;128;61;97;65;0;100;78
1042;3;0;3;0;108;61;95;76;0;100;48
1042;3;0;3;0;98;82;99;95;0;80;60
1042;3;0;3;0;98;61;99;70;0;100;60
1042;3;0;3;0;128;68;95;76;0;80;60
1043;3;0;4;0;492;206;275;215;0;280;155
1043;2;0;4;0;372;155;283;172;0;364;124
1043;3;0;4;0;492;155;293;177;0;224;124
1043;2;0;4;0;412;155;293;177;0;364;201
1043;3;0;4;0;412;172;293;189;0;224;201
1043;2;0;4;0;372;172;293;189;0;364;155
1043;3;0;4;0;372;206;283;227;0;280;124
1043;2;0;4;0;372;172;275;194;0;280;201
1043;3;0;4;0;412;206;293;253;0;280;201
1044;3;0;4;0;103;50;38;58;0;70;28
1044;1;0;4;0;103;50;34;76;0;91;45
1044;3;0;4;0;103;45;31;68;0;91;35
1044;3;0;4;0;82;45;31;68;0;56;45
1044;3;0;4;0;89;50;31;63;0;91;28
1044;3;0;4;0;89;45;34;52;0;56;35
1044;3;0;4;0;89;60;31;68;0;56;28
1044;3;0;4;0;103;60;34;76;0;56;45
1044;3;0;4;0;89;50;34;76;0;70;35
1045;3;0;4;0;125;96;49;106;0;143;70
1045;3;0;4;0;114;96;44;99;0;143;91
1045;3;0;4;0;146;96;55;123;0;143;56
1045;3;0;4;0;114;80;49;106;0;88;56
1045;3;0;4;0;146;72;49;83;0;110;91
1045;3;0;4;0;125;72;44;99;0;110;56
1045;3;0;4;0;114;96;55;123;0;88;70
1045;3;0;4;0;114;72;55;86;0;110;70
1045;3;0;4;0;146;80;44;91;0;88;70
1046;3;0;4;0;171;103;101;108;0;130;65
1046;3;0;4;0;135;77;104;90;0;169;52
1046;3;0;4;0;171;77;108;91;0;104;52
1046;2;0;4;0;147;77;108;91;0;169;84
1046;2;0;4;0;147;86;108;95;0;104;84
1046;3;0;4;0;135;86;108;95;0;169;65
1046;3;0;4;0;135;103;104;111;0;130;52
1046;2;0;4;0;135;86;101;99;0;130;84
1046;3;0;4;0;147;103;108;128;0;130;84
1047;2;0;4;0;185;108;73;111;0;140;75
1047;2;0;4;0;139;81;78;91;0;182;60
1047;2;0;4;0;185;81;84;98;0;112;60
1047;2;0;4;0;154;81;84;98;0;182;97
1047;2;0;4;0;154;90;84;99;0;112;97
1047;2;0;4;0;139;90;84;99;0;182;75
1047;2;0;4;0;139;108;78;116;0;140;60
1047;2;0;4;0;139;90;73;103;0;140;97
1047;2;0;4;0;154;108;84;132;0;140;97
1048;2;0;4;0;219;103;90;116;0;150;100
1048;3;0;4;0;219;103;82;144;0;195;162
1048;2;0;4;0;219;93;76;132;0;195;125
1048;1;0;4;0;176;93;76;132;0;120;162
1048;2;0;4;0;190;103;76;123;0;195;100
1048;2;0;4;0;190;93;82;108;0;120;125
1048;3;0;4;0;190;124;76;132;0;120;100
1048;3;0;4;0;219;124;82;144;0;120;162
1048;3;0;4;0;190;103;82;144;0;150;125
1049;3;0;5;0;312;148;154;156;0;180;120
1049;3;0;5;0;246;111;160;128;0;234;96
1049;3;0;5;0;312;111;168;132;0;144;96
1049;3;0;5;0;268;111;168;132;0;234;156
1049;3;0;5;0;268;123;168;139;0;144;156
1049;3;0;5;0;246;123;168;139;0;234;120
1049;3;0;5;0;246;148;160;165;0;180;96
1049;3;0;5;0;246;123;154;144;0;180;156
1049;3;0;5;0;268;148;168;189;0;180;156
1050;3;0;3;0;195;109;123;114;0;110;70
1050;3;0;3;0;156;82;126;95;0;143;56
1050;3;0;3;0;195;82;130;98;0;88;56
1050;3;0;3;0;169;82;130;98;0;143;91
1050;3;0;3;0;169;91;130;99;0;88;91
1050;3;0;3;0;156;91;130;99;0;143;70
1050;3;0;3;0;156;109;126;116;0;110;56
1050;3;0;3;0;156;91;123;103;0;110;91
1050;3;0;3;0;169;109;130;132;0;110;91
1051;2;0;3;0;334;144;136;172;0;260;112
1051;1;0;3;0;334;144;122;215;0;338;182
1051;1;0;3;0;334;130;111;194;0;338;140
1051;2;0;3;0;253;130;111;194;0;208;182
1051;2;0;3;0;280;144;111;182;0;338;112
1051;2;0;3;0;280;130;122;156;0;208;140
1051;3;0;3;0;280;173;111;198;0;208;112
1051;3;0;3;0;334;173;122;210;0;208;182
1051;3;0;3;0;280;144;122;215;0;260;140
1052;3;0;2;0;282;103;172;114;0;180;80
1052;2;0;2;0;282;103;166;132;0;234;130
1052;2;0;2;0;282;93;161;123;0;234;100
1052;3;0;2;0;222;93;161;123;0;144;130
1052;3;0;2;0;242;103;161;116;0;234;80
1052;3;0;2;0;242;93;166;106;0;144;100
1052;3;0;2;0;242;124;161;128;0;144;80
1052;3;0;2;0;282;124;166;132;0;144;130
1052;3;0;2;0;242;103;166;132;0;180;100
1053;2;0;3;0;125;96;49;106;0;143;75
1053;2;0;3;0;114;96;44;99;0;143;97
1053;3;0;3;0;146;96;55;123;0;143;60
1053;3;0;3;0;114;80;49;106;0;88;60
1053;2;0;3;0;146;72;49;83;0;110;97
1053;2;0;3;0;125;72;44;99;0;110;60
1053;3;0;3;0;114;96;55;123;0;88;75
1053;2;0;3;0;114;72;55;86;0;110;75
1053;3;0;3;0;146;80;44;91;0;88;75
1054;3;0;3;0;146;96;44;99;0;110;75
1054;2;0;3;0;114;72;49;83;0;143;60
1054;3;0;3;0;146;72;55;86;0;88;60
1054;2;0;3;0;125;72;55;86;0;143;97
1054;2;0;3;0;125;80;55;90;0;88;97
1054;2;0;3;0;114;80;55;90;0;143;75
1054;3;0;3;0;114;96;49;106;0;110;60
1054;2;0;3;0;114;80;44;91;0;110;97
1054;3;0;3;0;125;96;55;123;0;110;97
1055;3;0;3;0;230;127;112;128;0;180;105
1055;3;0;3;0;175;95;117;106;0;234;84
1055;3;0;3;0;230;95;123;108;0;144;84
1055;3;0;3;0;193;95;123;108;0;234;136
1055;3;0;3;0;193;106;123;114;0;144;136
1055;3;0;3;0;175;106;123;114;0;234;105
1055;3;0;3;0;175;127;117;132;0;180;84
1055;3;0;3;0;175;106;112;116;0;180;136
1055;3;0;3;0;193;127;123;149;0;180;136
1056;2;0;3;0;236;123;81;139;0;190;112
1056;2;0;3;0;236;123;71;172;0;247;182
1056;2;0;3;0;236;111;63;156;0;247;140
1056;3;0;3;0;182;111;63;156;0;152;182
1056;2;0;3;0;200;123;63;144;0;247;112
1056;3;0;3;0;200;111;71;128;0;152;140
1056;3;0;3;0;200;148;63;156;0;152;112
1056;2;0;3;0;236;148;71;165;0;152;182
1056;2;0;3;0;200;123;71;172;0;190;140
1057;3;0;4;0;142;62;103;65;0;80;36
1057;2;0;4;0;142;62;101;76;0;104;58
1057;3;0;4;0;142;56;99;70;0;104;45
1057;3;0;4;0;117;56;99;70;0;64;58
1057;3;0;4;0;125;62;99;70;0;104;36
1057;3;0;4;0;125;56;101;62;0;64;45
1057;3;0;4;0;125;74;99;80;0;64;36
1057;3;0;4;0;142;74;101;80;0;64;58
1057;3;0;4;0;125;62;101;76;0;80;45
1058;3;0;2;0;285;118;230;123;0;182;95
1058;2;0;2;0;270;118;227;116;0;182;123
1058;3;0;2;0;314;118;234;132;0;182;76
1058;3;0;2;0;270;98;230;114;0;112;76
1058;3;0;2;0;314;88;230;98;0;140;123
1058;3;0;2;0;285;88;227;106;0;140;76
1058;3;0;2;0;270;118;234;132;0;112;95
1058;3;0;2;0;270;88;234;98;0;140;95
1058;3;0;2;0;314;98;227;106;0;112;95
1059;2;0;2;0;164;119;88;132;0;208;110
1059;2;0;2;0;149;119;83;128;0;208;143
1059;2;0;2;0;195;119;94;144;0;208;88
1059;3;0;2;0;149;99;88;128;0;128;88
1059;2;0;2;0;195;89;88;103;0;160;143
1059;2;0;2;0;164;89;83;116;0;160;88
1059;3;0;2;0;149;119;94;144;0;128;110
1059;2;0;2;0;149;89;94;106;0;160;110
1059;3;0;2;0;195;99;83;114;0;128;110
1060;3;0;2;0;160;76;134;80;0;90;48
1060;2;0;2;0;160;76;132;90;0;117;78
1060;3;0;2;0;160;68;130;83;0;117;60
1060;2;0;2;0;135;68;130;83;0;72;78
1060;3;0;2;0;143;76;130;83;0;117;48
1060;2;0;2;0;143;68;132;76;0;72;60
1060;3;0;2;0;143;91;130;91;0;72;48
1060;2;0;2;0;160;91;132;91;0;72;78
1060;3;0;2;0;143;76;132;90;0;90;60
1061;3;0;2;0;258;127;140;132;0;170;110
1061;2;0;2;0;203;95;145;106;0;221;88
1061;3;0;2;0;258;95;151;111;0;136;88
1061;2;0;2;0;221;95;151;111;0;221;143
1061;3;0;2;0;221;106;151;114;0;136;143
1061;2;0;2;0;203;106;151;114;0;221;110
1061;3;0;2;0;203;127;145;139;0;170;88
1061;3;0;2;0;203;106;140;123;0;170;143
1061;3;0;2;0;221;127;151;156;0;170;143
1062;3;0;3;0;146;80;55;90;0;110;64
1062;2;0;3;0;146;80;49;106;0;143;104
1062;2;0;3;0;146;72;44;99;0;143;80
1062;3;0;3;0;114;72;44;99;0;88;104
1062;2;0;3;0;125;80;44;91;0;143;64
1062;3;0;3;0;125;72;49;83;0;88;80
1062;3;0;3;0;125;96;44;99;0;88;64
1062;3;0;3;0;146;96;49;106;0;88;104
1062;3;0;3;0;125;80;49;106;0;110;80
1063;3;1;1;0;275;158;167;177;0;260;115
1063;2;1;1;0;249;158;161;165;0;260;149
1063;3;1;1;0;327;158;175;198;0;260;92
1063;3;1;1;0;249;132;167;172;0;160;92
1063;2;1;1;0;327;119;167;132;0;200;149
1063;3;1;1;0;275;119;161;161;0;200;92
1063;3;1;1;0;249;158;175;198;0;160;115
1063;2;1;1;0;249;119;175;139;0;200;115
1063;3;1;1;0;327;132;161;149;0;160;115
1064;3;1;2;0;146;96;44;99;0;120;75
1064;3;1;2;0;114;72;49;83;0;156;60
1064;3;1;2;0;146;72;55;86;0;96;60
1064;2;1;2;0;125;72;55;86;0;156;97
1064;2;1;2;0;125;80;55;90;0;96;97
1064;3;1;2;0;114;80;55;90;0;156;75
1064;3;1;2;0;114;96;49;106;0;120;60
1064;3;1;2;0;114;80;44;91;0;120;97
1064;3;1;2;0;125;96;55;123;0;120;97
1065;3;1;2;0;115;62;82;65;0;80;44
1065;3;1;2;0;115;62;80;76;0;104;71
1065;3;1;2;0;115;56;78;70;0;104;55
1065;3;1;2;0;99;56;78;70;0;64;71
1065;3;1;2;0;104;62;78;68;0;104;44
1065;3;1;2;0;104;56;80;58;0;64;55
1065;3;1;2;0;104;74;78;76;0;64;44
1065;3;1;2;0;115;74;80;80;0;64;71
1065;3;1;2;0;104;62;80;76;0;80;55
1066;3;1;2;0;200;148;71;165;0;273;125
1066;3;1;2;0;182;148;63;156;0;273;162
1066;3;1;2;0;236;148;81;198;0;273;100
1066;3;1;2;0;182;123;71;172;0;168;100
1066;3;1;2;0;236;111;71;128;0;210;162
1066;3;1;2;0;200;111;63;156;0;210;100
1066;3;1;2;0;182;148;81;198;0;168;125
1066;3;1;2;0;182;111;81;132;0;210;125
1066;3;1;2;0;236;123;63;144;0;168;125
1067;2;1;3;0;138;108;83;114;0;143;60
1067;2;1;3;0;124;108;80;111;0;143;78
1067;3;1;3;0;166;108;87;132;0;143;48
1067;3;1;3;0;124;90;83;114;0;88;48
1067;2;1;3;0;166;81;83;91;0;110;78
1067;3;1;3;0;138;81;80;106;0;110;48
1067;3;1;3;0;124;108;87;132;0;88;60
1067;2;1;3;0;124;81;87;95;0;110;60
1067;3;1;3;0;166;90;80;103;0;88;60
1068;3;1;4;0;301;158;145;165;0;210;120
1068;3;1;4;0;238;119;151;132;0;273;96
1068;3;1;4;0;301;119;159;139;0;168;96
1068;2;1;4;0;259;119;159;139;0;273;156
1068;3;1;4;0;259;132;159;144;0;168;156
1068;2;1;4;0;238;132;159;144;0;273;120
1068;3;1;4;0;238;158;151;172;0;210;96
1068;2;1;4;0;238;132;145;149;0;210;156
1068;3;1;4;0;259;158;159;198;0;210;156
1069;3;1;4;0;227;119;145;123;0;140;90
1069;2;1;4;0;173;89;148;99;0;182;72
1069;3;1;4;0;227;89;152;103;0;112;72
1069;2;1;4;0;191;89;152;103;0;182;117
1069;3;1;4;0;191;99;152;108;0;112;117
1069;2;1;4;0;173;99;152;108;0;182;90
1069;3;1;4;0;173;119;148;128;0;140;72
1069;2;1;4;0;173;99;145;111;0;140;117
1069;3;1;4;0;191;119;152;144;0;140;117
1070;3;1;5;0;103;50;38;58;0;70;36
1070;3;1;5;0;103;50;34;76;0;91;58
1070;3;1;5;0;103;45;31;68;0;91;45
1070;3;1;5;0;82;45;31;68;0;56;58
1070;3;1;5;0;89;50;31;63;0;91;36
1070;3;1;5;0;89;45;34;52;0;56;45
1070;3;1;5;0;89;60;31;68;0;56;36
1070;3;1;5;0;103;60;34;76;0;56;58
1070;3;1;5;0;89;50;34;76;0;70;45
1071;3;1;1;0;299;128;130;149;0;220;112
1071;2;1;1;0;299;128;118;189;0;286;182
1071;2;1;1;0;299;115;109;172;0;286;140
1071;2;1;1;0;233;115;109;172;0;176;182
1071;2;1;1;0;255;128;109;161;0;286;112
1071;2;1;1;0;255;115;118;139;0;176;140
1071;3;1;1;0;255;154;109;172;0;176;112
1071;3;1;1;0;299;154;118;182;0;176;182
1071;3;1;1;0;255;128;118;189;0;220;140
1072;3;1;2;0;186;86;106;91;0;120;60
1072;2;1;2;0;186;86;102;103;0;156;97
1072;2;1;2;0;186;77;99;98;0;156;75
1072;2;1;2;0;142;77;99;98;0;96;97
1072;3;1;2;0;157;86;99;95;0;156;60
1072;2;1;2;0;157;77;102;86;0;96;75
1072;3;1;2;0;157;103;99;103;0;96;60
1072;2;1;2;0;186;103;102;106;0;96;97
1072;3;1;2;0;157;86;102;103;0;120;75
1073;2;1;2;0;230;127;112;128;0;180;115
1073;2;1;2;0;175;95;117;106;0;234;92
1073;3;1;2;0;230;95;123;108;0;144;92
1073;2;1;2;0;193;95;123;108;0;234;149
1073;3;1;2;0;193;106;123;114;0;144;149
1073;2;1;2;0;175;106;123;114;0;234;115
1073;2;1;2;0;175;127;117;132;0;180;92
1073;2;1;2;0;175;106;112;116;0;180;149
1073;3;1;2;0;193;127;123;149;0;180;149
1074;3;1;2;0;333;116;179;132;0;190;88
1074;2;1;2;0;333;116;171;156;0;247;143
1074;2;1;2;0;333;104;165;144;0;247;110
1074;3;1;2;0;259;104;165;144;0;152;143
1074;2;1;2;0;284;116;165;139;0;247;88
1074;3;1;2;0;284;104;171;123;0;152;110
1074;3;1;2;0;284;139;165;149;0;152;88
1074;3;1;2;0;333;139;171;161;0;152;143
1074;3;1;2;0;284;116;171;156;0;190;110
1075;3;1;2;0;143;91;132;91;0;117;65
1075;2;1;2;0;135;91;130;91;0;117;84
1075;3;1;2;0;160;91;134;99;0;117;52
1075;3;1;2;0;135;76;132;90;0;72;52
1075;2;1;2;0;160;68;132;76;0;90;84
1075;3;1;2;0;143;68;130;83;0;90;52
1075;3;1;2;0;135;91;134;99;0;72;65
1075;3;1;2;0;135;68;134;76;0;90;65
1075;3;1;2;0;160;76;130;83;0;72;65
1076;3;1;2;0;196;133;88;149;0;208;100
1076;2;1;2;0;177;133;82;144;0;208;130
1076;3;1;2;0;233;133;96;177;0;208;80
1076;3;1;2;0;177;111;88;156;0;128;80
1076;2;1;2;0;233;100;88;116;0;160;130
1076;3;1;2;0;196;100;82;139;0;160;80
1076;3;1;2;0;177;133;96;177;0;128;100
1076;3;1;2;0;177;100;96;123;0;160;100
1076;3;1;2;0;233;111;82;132;0;128;100
1077;2;1;2;0;145;108;69;116;0;156;70
1077;2;1;2;0;131;108;64;111;0;156;91
1077;3;1;2;0;172;108;75;132;0;156;56
1077;3;1;2;0;131;90;69;116;0;96;56
1077;2;1;2;0;172;81;69;91;0;120;91
1077;3;1;2;0;145;81;64;108;0;120;56
1077;3;1;2;0;131;108;75;132;0;96;70
1077;2;1;2;0;131;81;75;98;0;120;70
1077;3;1;2;0;172;90;64;103;0;96;70
1078;2;1;2;0;381;149;166;165;0;270;168
1078;2;1;2;0;381;149;154;205;0;351;273
1078;2;1;2;0;381;134;145;189;0;351;210
1078;2;1;2;0;289;134;145;189;0;216;273
1078;2;1;2;0;320;149;145;177;0;351;168
1078;2;1;2;0;320;134;154;156;0;216;210
1078;2;1;2;0;320;179;145;194;0;216;168
1078;2;1;2;0;381;179;154;205;0;216;273
1078;2;1;2;0;320;149;154;205;0;270;210
1079;3;1;3;0;193;127;117;132;0;234;90
1079;2;1;3;0;175;127;112;128;0;234;117
1079;3;1;3;0;230;127;123;149;0;234;72
1079;3;1;3;0;175;106;117;132;0;144;72
1079;2;1;3;0;230;95;117;106;0;180;117
1079;3;1;3;0;193;95;112;123;0;180;72
1079;3;1;3;0;175;127;123;149;0;144;90
1079;3;1;3;0;175;95;123;108;0;180;90
1079;3;1;3;0;230;106;112;116;0;144;90
1080;3;1;4;0;166;71;118;80;0;90;44
1080;3;1;4;0;166;71;116;86;0;117;71
1080;3;1;4;0;166;64;114;80;0;117;55
1080;3;1;4;0;127;64;114;80;0;72;71
1080;3;1;4;0;140;71;114;80;0;117;44
1080;3;1;4;0;140;64;116;70;0;72;55
1080;3;1;4;0;140;85;114;90;0;72;44
1080;3;1;4;0;166;85;116;91;0;72;71
1080;3;1;4;0;140;71;116;86;0;90;55
1081;3;1;4;0;290;173;161;194;0;312;150
1081;2;1;4;0;262;173;153;182;0;312;195
1081;3;1;4;0;346;173;171;220;0;312;120
1081;3;1;4;0;262;144;161;194;0;192;120
1081;2;1;4;0;346;130;161;144;0;240;195
1081;3;1;4;0;290;130;153;177;0;240;120
1081;3;1;4;0;262;173;171;220;0;192;150
1081;2;1;4;0;262;130;171;156;0;240;150
1081;2;1;4;0;346;144;153;165;0;192;150
1082;3;1;4;0;191;108;101;108;0;140;85
1082;2;1;4;0;143;81;104;90;0;182;68
1082;3;1;4;0;191;81;108;91;0;112;68
1082;2;1;4;0;159;81;108;91;0;182;110
1082;3;1;4;0;159;90;108;95;0;112;110
1082;2;1;4;0;143;90;108;95;0;182;85
1082;3;1;4;0;143;108;104;111;0;140;68
1082;2;1;4;0;143;90;101;98;0;140;110
1082;3;1;4;0;159;108;108;123;0;140;110
1083;2;1;4;0;271;119;159;128;0;160;100
1083;2;1;4;0;225;89;164;103;0;208;80
1083;3;1;4;0;271;89;170;106;0;128;80
1083;2;1;4;0;240;89;170;106;0;208;130
1083;3;1;4;0;240;99;170;108;0;128;130
1083;2;1;4;0;225;99;170;108;0;208;100
1083;3;1;4;0;225;119;164;132;0;160;80
1083;2;1;4;0;225;99;159;114;0;160;130
1083;2;1;4;0;240;119;170;144;0;160;130
1084;2;1;4;0;290;179;102;210;0;325;155
1084;2;1;4;0;262;179;91;194;0;325;201
1084;3;1;4;0;346;179;116;248;0;325;124
1084;3;1;4;0;262;149;102;210;0;200;124
1084;2;1;4;0;346;134;102;156;0;250;201
1084;3;1;4;0;290;134;91;194;0;250;124
1084;3;1;4;0;262;179;116;248;0;200;155
1084;2;1;4;0;262;134;116;165;0;250;155
1084;2;1;4;0;346;149;91;177;0;200;155
1085;3;1;5;0;290;99;205;108;0;130;64
1085;3;1;5;0;290;99;201;128;0;169;104
1085;3;1;5;0;290;89;198;114;0;169;80
1085;3;1;5;0;239;89;198;114;0;104;104
1085;3;1;5;0;256;99;198;111;0;169;64
1085;2;1;5;0;256;89;201;99;0;104;80
1085;3;1;5;0;256;119;198;123;0;104;64
1085;3;1;5;0;290;119;201;128;0;104;104
1085;3;1;5;0;256;99;201;128;0;130;80
1086;3;1;5;0;182;137;74;156;0;260;125
1086;2;1;5;0;165;137;68;144;0;260;162
1086;3;1;5;0;216;137;82;177;0;260;100
1086;3;1;5;0;165;114;74;156;0;160;100
1086;2;1;5;0;216;103;74;116;0;200;162
1086;3;1;5;0;182;103;68;144;0;200;100
1086;3;1;5;0;165;137;82;177;0;160;125
1086;2;1;5;0;165;103;82;128;0;200;125
1086;3;1;5;0;216;114;68;132;0;160;125
1087;3;1;5;0;200;148;71;165;0;351;160
1087;2;1;5;0;182;148;63;156;0;351;208
1087;3;1;5;0;236;148;81;198;0;351;128
1087;3;1;5;0;182;123;71;172;0;216;128
1087;2;1;5;0;236;111;71;128;0;270;208
1087;3;1;5;0;200;111;63;156;0;270;128
1087;3;1;5;0;182;148;81;198;0;216;160
1087;2;1;5;0;182;111;81;132;0;270;160
1087;3;1;5;0;236;123;63;144;0;216;160
1088;3;1;5;0;125;96;49;106;0;143;70
1088;2;1;5;0;114;96;44;99;0;143;91
1088;3;1;5;0;146;96;55;123;0;143;56
1088;3;1;5;0;114;80;49;106;0;88;56
1088;2;1;5;0;146;72;49;83;0;110;91
1088;3;1;5;0;125;72;44;99;0;110;56
1088;3;1;5;0;114;96;55;123;0;88;70
1088;2;1;5;0;114;72;55;86;0;110;70
1088;3;1;5;0;146;80;44;91;0;88;70
1089;3;1;5;0;406;149;235;165;0;250;104
1089;3;1;5;0;406;149;225;198;0;325;169
1089;3;1;5;0;406;134;217;182;0;325;130
1089;3;1;5;0;328;134;217;182;0;200;169
1089;3;1;5;0;354;149;217;172;0;325;104
1089;3;1;5;0;354;134;225;156;0;200;130
1089;3;1;5;0;354;179;217;194;0;200;104
1089;3;1;5;0;406;179;225;198;0;200;169
1089;3;1;5;0;354;149;225;198;0;250;130
1090;3;1;2;0;199;109;111;108;0;130;85
1090;2;1;2;0;151;82;114;91;0;169;68
1090;3;1;2;0;199;82;118;95;0;104;68
1090;2;1;2;0;167;82;118;95;0;169;110
1090;3;1;2;0;167;91;118;98;0;104;110
1090;3;1;2;0;151;91;118;98;0;169;85
1090;3;1;2;0;151;109;114;111;0;130;68
1090;2;1;2;0;151;91;111;99;0;130;110
1090;3;1;2;0;167;109;118;123;0;130;110
1091;3;1;2;0;247;99;161;106;0;170;76
1091;2;1;2;0;247;99;157;116;0;221;123
1091;2;1;2;0;247;89;154;108;0;221;95
1091;3;1;2;0;195;89;154;108;0;136;123
1091;3;1;2;0;212;99;154;108;0;221;76
1091;3;1;2;0;212;89;157;98;0;136;95
1091;3;1;2;0;212;119;154;123;0;136;76
1091;3;1;2;0;247;119;157;123;0;136;123
1091;3;1;2;0;212;99;157;116;0;170;95
1092;3;1;2;0;209;118;116;116;0;170;95
1092;2;1;2;0;157;88;119;98;0;221;76
1092;3;1;2;0;209;88;123;99;0;136;76
1092;2;1;2;0;174;88;123;99;0;221;123
1092;3;1;2;0;174;98;123;103;0;136;123
1092;2;1;2;0;157;98;123;103;0;221;95
1092;3;1;2;0;157;118;119;123;0;170;76
1092;2;1;2;0;157;98;116;106;0;170;123
1092;2;1;2;0;174;118;123;132;0;170;123
1093;3;1;2;0;164;124;56;139;0;221;85
1093;2;1;2;0;150;124;50;132;0;221;110
1093;3;1;2;0;193;124;64;165;0;221;68
1093;3;1;2;0;150;103;56;144;0;136;68
1093;2;1;2;0;193;93;56;106;0;170;110
1093;3;1;2;0;164;93;50;132;0;170;68
1093;3;1;2;0;150;124;64;165;0;136;85
1093;2;1;2;0;150;93;64;114;0;170;85
1093;3;1;2;0;193;103;50;123;0;136;85
1094;3;1;3;0;331;133;282;144;0;208;105
1094;2;1;3;0;303;133;279;139;0;208;136
1094;3;1;3;0;387;133;286;156;0;208;84
1094;3;1;3;0;303;111;282;139;0;128;84
1094;2;1;3;0;387;100;282;111;0;160;136
1094;3;1;3;0;331;100;279;128;0;160;84
1094;3;1;3;0;303;133;286;156;0;128;105
1094;3;1;3;0;303;100;286;114;0;160;105
1094;3;1;3;0;387;111;279;123;0;128;105
1095;3;1;4;0;193;127;117;132;0;221;110
1095;3;1;4;0;175;127;112;128;0;221;143
1095;3;1;4;0;230;127;123;149;0;221;88
1095;3;1;4;0;175;106;117;132;0;136;88
1095;3;1;4;0;230;95;117;106;0;170;143
1095;3;1;4;0;193;95;112;123;0;170;88
1095;3;1;4;0;175;127;123;149;0;136;110
1095;3;1;4;0;175;95;123;108;0;170;110
1095;3;1;4;0;230;106;112;116;0;136;110
1096;3;1;4;0;119;91;64;103;0;130;55
1096;3;1;4;0;108;91;61;98;0;130;71
1096;3;1;4;0;141;91;68;116;0;130;44
1096;3;1;4;0;108;76;64;103;0;80;44
1096;3;1;4;0;141;68;64;80;0;100;71
1096;3;1;4;0;119;68;61;95;0;100;44
1096;3;1;4;0;108;91;68;116;0;80;55
1096;3;1;4;0;108;68;68;83;0;100;55
1096;3;1;4;0;141;76;61;90;0;80;55
1097;3;1;5;0;90;62;51;68;0;70;40
1097;3;1;5;0;70;47;53;52;0;91;32
1097;3;1;5;0;90;47;55;53;0;56;32
1097;3;1;5;0;77;47;55;53;0;91;52
1097;3;1;5;0;77;52;55;57;0;56;52
1097;3;1;5;0;70;52;55;57;0;91;40
1097;3;1;5;0;70;62;53;71;0;70;32
1097;3;1;5;0;70;52;51;62;0;70;52
1097;3;1;5;0;77;62;55;80;0;70;52
1098;2;1;2;0;174;118;61;132;0;195;100
1098;2;1;2;0;159;118;55;128;0;195;130
1098;2;1;2;0;205;118;69;161;0;195;80
1098;3;1;2;0;159;98;61;139;0;120;80
1098;2;1;2;0;205;88;61;103;0;150;130
1098;2;1;2;0;174;88;55;128;0;150;80
1098;3;1;2;0;159;118;69;161;0;120;100
1098;2;1;2;0;159;88;69;108;0;150;100
1098;2;1;2;0;205;98;55;116;0;120;100
1099;3;1;2;0;132;68;108;76;0;104;55
1099;3;1;2;0;123;68;106;76;0;104;71
1099;3;1;2;0;149;68;110;86;0;104;44
1099;3;1;2;0;123;57;108;76;0;64;44
1099;3;1;2;0;149;51;108;57;0;80;71
1099;3;1;2;0;132;51;106;68;0;80;44
1099;3;1;2;0;123;68;110;86;0;64;55
1099;3;1;2;0;123;51;110;58;0;80;55
1099;2;1;2;0;149;57;106;65;0;64;55
1100;2;1;2;0;379;212;250;231;0;364;170
1100;2;1;2;0;342;212;242;227;0;364;221
1100;2;1;2;0;453;212;260;253;0;364;136
1100;3;1;2;0;342;177;250;227;0;224;136
1100;2;1;2;0;453;159;250;177;0;280;221
1100;2;1;2;0;379;159;242;210;0;280;136
1100;3;1;2;0;342;212;260;253;0;224;170
1100;2;1;2;0;342;159;260;182;0;280;170
1100;3;1;2;0;453;177;242;198;0;224;170
1101;3;1;3;0;287;128;126;144;0;210;104
1101;2;1;3;0;287;128;116;177;0;273;169
1101;2;1;3;0;287;115;108;165;0;273;130
1101;3;1;3;0;224;115;108;165;0;168;169
1101;2;1;3;0;245;128;108;156;0;273;104
1101;3;1;3;0;245;115;116;132;0;168;130
1101;3;1;3;0;245;154;108;165;0;168;104
1101;3;1;3;0;287;154;116;177;0;168;169
1101;3;1;3;0;245;128;116;177;0;210;130
1102;2;1;3;0;257;128;97;144;0;230;124
1102;2;1;3;0;257;128;87;177;0;299;201
1102;2;1;3;0;257;115;79;165;0;299;155
1102;3;1;3;0;195;115;79;165;0;184;201
1102;3;1;3;0;216;128;79;156;0;299;124
1102;2;1;3;0;216;115;87;132;0;184;155
1102;3;1;3;0;216;154;79;165;0;184;124
1102;3;1;3;0;257;154;87;177;0;184;201
1102;3;1;3;0;216;128;87;177;0;230;155
1103;3;1;3;0;240;108;149;116;0;170;92
1103;3;1;3;0;240;108;145;132;0;221;149
1103;3;1;3;0;240;97;142;123;0;221;115
1103;3;1;3;0;180;97;142;123;0;136;149
1103;3;1;3;0;200;108;142;123;0;221;92
1103;3;1;3;0;200;97;145;108;0;136;115
1103;3;1;3;0;200;130;142;132;0;136;92
1103;3;1;3;0;240;130;145;139;0;136;149
1103;3;1;3;0;200;108;145;132;0;170;115
1104;2;0;3;0;240;108;103;123;0;170;72
1104;2;0;3;0;240;108;95;149;0;221;117
1104;2;0;3;0;240;97;89;139;0;221;90
1104;2;0;3;0;185;97;89;139;0;136;117
1104;2;0;3;0;203;108;89;132;0;221;72
1104;2;0;3;0;203;97;95;114;0;136;90
1104;3;0;3;0;203;130;89;144;0;136;72
1104;2;0;3;0;240;130;95;149;0;136;117
1104;2;0;3;0;203;108;95;149;0;170;90
1105;2;0;2;0;146;96;44;99;0;110;75
1105;2;0;2;0;114;72;49;83;0;143;60
1105;3;0;2;0;146;72;55;86;0;88;60
1105;2;0;2;0;125;72;55;86;0;143;97
1105;3;0;2;0;125;80;55;90;0;88;97
1105;2;0;2;0;114;80;55;90;0;143;75
1105;3;0;2;0;114;96;49;106;0;110;60
1105;2;0;2;0;114;80;44;91;0;110;97
1105;2;0;2;0;125;96;55;123;0;110;97
1106;2;1;1;0;236;123;81;139;0;190;104
1106;2;1;1;0;236;123;71;172;0;247;169
1106;2;1;1;0;236;111;63;156;0;247;130
1106;3;1;1;0;182;111;63;156;0;152;169
1106;1;1;1;0;200;123;63;144;0;247;104
1106;2;1;1;0;200;111;71;128;0;152;130
1106;3;1;1;0;200;148;63;156;0;152;104
1106;2;1;1;0;236;148;71;165;0;152;169
1106;3;1;1;0;200;123;71;172;0;190;130
1107;2;0;4;0;214;14;120;14;0;130;95
1107;2;0;4;0;160;11;123;14;0;169;76
1107;2;0;4;0;214;11;127;15;0;104;76
1107;2;0;4;0;178;11;127;15;0;169;123
1107;2;0;4;0;178;12;127;14;0;104;123
1107;2;0;4;0;160;12;127;14;0;169;95
1107;2;0;4;0;160;14;123;15;0;130;76
1107;2;0;4;0;160;12;120;15;0;130;123
1107;2;0;4;0;178;14;127;19;0;130;123
1108;2;1;3;0;165;14;115;15;0;182;85
1108;2;1;3;0;149;14;112;14;0;182;110
1108;3;1;3;0;196;14;119;19;0;182;68
1108;3;1;3;0;149;12;115;19;0;112;68
1108;2;1;3;0;196;11;115;14;0;140;110
1108;1;1;3;0;165;11;112;19;0;140;68
1108;3;1;3;0;149;14;119;19;0;112;85
1108;1;1;3;0;149;11;119;15;0;140;85
1108;2;1;3;0;196;12;112;15;0;112;85
1109;2;0;1;0;252;10;96;10;0;220;120
1109;2;0;1;0;189;8;102;10;0;286;96
1109;3;0;1;0;252;8;110;11;0;176;96
1109;2;0;1;0;210;8;110;11;0;286;156
1109;3;0;1;0;210;8;110;10;0;176;156
1109;2;0;1;0;189;8;110;10;0;286;120
1109;2;0;1;0;189;10;102;11;0;220;96
1109;2;0;1;0;189;8;96;11;0;220;156
1109;3;0;1;0;210;10;110;13;0;220;156
1110;3;0;2;0;236;90;92;105;0;160;68
1110;2;0;2;0;236;90;84;122;0;208;110
1110;2;0;2;0;236;81;78;112;0;208;85
1110;1;0;2;0;177;81;78;112;0;128;110
1110;3;0;2;0;197;90;78;109;0;208;68
1110;2;0;2;0;197;81;84;92;0;128;85
1110;3;0;2;0;197;108;78;118;0;128;68
1110;1;0;2;0;236;108;84;122;0;128;110
1110;2;0;2;0;197;90;84;122;0;160;85
1111;2;0;2;0;245;119;90;127;0;170;125
1111;2;0;2;0;184;89;96;105;0;221;100
1111;3;0;2;0;245;89;104;109;0;136;100
1111;2;0;2;0;204;89;104;109;0;221;162
1111;2;0;2;0;204;99;104;112;0;136;162
1111;2;0;2;0;184;99;104;112;0;221;125
1111;2;0;2;0;184;119;96;137;0;170;100
1111;2;0;2;0;184;99;90;118;0;170;162
1111;2;0;2;0;204;119;104;155;0;170;162
1112;2;0;3;0;188;72;148;76;0;100;80
1112;3;0;3;0;148;54;150;60;0;130;64
1112;2;0;3;0;188;54;152;60;0;80;64
1112;3;0;3;0;161;54;152;60;0;130;104
1112;3;0;3;0;161;60;152;65;0;80;104
1112;3;0;3;0;148;60;152;65;0;130;80
1112;3;0;3;0;148;72;150;76;0;100;64
1112;3;0;3;0;148;60;148;68;0;100;104
1112;3;0;3;0;161;72;152;84;0;100;104
1113;2;0;4;0;200;126;71;140;0;325;130
1113;2;0;4;0;182;126;63;133;0;325;169
1113;3;0;4;0;236;126;81;168;0;325;104
1113;3;0;4;0;182;105;71;146;0;200;104
1113;2;0;4;0;236;94;71;109;0;250;169
1113;2;0;4;0;200;94;63;133;0;250;104
1113;3;0;4;0;182;126;81;168;0;200;130
1113;2;0;4;0;182;94;81;112;0;250;130
1113;2;0;4;0;236;105;63;122;0;200;130
1114;2;0;5;0;270;126;90;137;0;220;130
1114;2;0;5;0;205;94;98;112;0;286;104
1114;2;0;5;0;270;94;108;118;0;176;104
1114;2;0;5;0;227;94;108;118;0;286;169
1114;2;0;5;0;227;105;108;118;0;176;169
1114;2;0;5;0;205;105;108;118;0;286;130
1114;2;0;5;0;205;126;98;146;0;220;104
1114;2;0;5;0;205;105;90;127;0;220;169
1114;2;0;5;0;227;126;108;174;0;220;169
1115;3;0;2;0;224;113;74;122;0;170;110
1115;2;0;2;0;170;85;80;97;0;221;88
1115;3;0;2;0;224;85;88;105;0;136;88
1115;2;0;2;0;188;85;88;105;0;221;143
1115;2;0;2;0;188;94;88;105;0;136;143
1115;2;0;2;0;170;94;88;105;0;221;110
1115;3;0;2;0;170;113;80;127;0;170;88
1115;2;0;2;0;170;94;74;112;0;170;143
1115;1;0;2;0;188;113;88;146;0;170;143
1116;3;0;2;0;106;60;41;71;0;90;48
1116;2;0;2;0;106;60;37;84;0;117;78
1116;2;0;2;0;106;54;34;78;0;117;60
1116;3;0;2;0;85;54;34;78;0;72;78
1116;2;0;2;0;92;60;34;74;0;117;48
1116;3;0;2;0;92;54;37;65;0;72;60
1116;3;0;2;0;92;72;34;78;0;72;48
1116;3;0;2;0;106;72;37;84;0;72;78
1116;3;0;2;0;92;60;37;84;0;90;60
1117;1;0;3;0;125;82;49;90;0;156;80
1117;1;0;3;0;114;82;44;84;0;156;104
1117;3;0;3;0;146;82;55;105;0;156;64
1117;3;0;3;0;114;68;49;90;0;96;64
1117;1;0;3;0;146;61;49;71;0;120;104
1117;1;0;3;0;125;61;44;84;0;120;64
1117;1;0;3;0;114;82;55;105;0;96;80
1117;1;0;3;0;114;61;55;74;0;120;80
1117;3;0;3;0;146;68;44;78;0;96;80
1118;3;0;4;0;226;101;171;105;0;208;80
1118;2;0;4;0;207;101;168;99;0;208;104
1118;3;0;4;0;265;101;175;112;0;208;64
1118;3;0;4;0;207;84;171;97;0;128;64
1118;2;0;4;0;265;76;171;84;0;160;104
1118;3;0;4;0;226;76;168;90;0;160;64
1118;3;0;4;0;207;101;175;112;0;128;80
1118;2;0;4;0;207;76;175;84;0;160;80
1118;3;0;4;0;265;84;168;90;0;128;80
1119;3;0;4;0;171;89;116;92;0;130;60
1119;3;0;4;0;155;89;113;90;0;130;78
1119;3;0;4;0;203;89;120;105;0;130;48
1119;3;0;4;0;155;74;116;92;0;80;48
1119;2;0;4;0;203;67;116;74;0;100;78
1119;3;0;4;0;171;67;113;84;0;100;48
1119;3;0;4;0;155;89;120;105;0;80;60
1119;3;0;4;0;155;67;120;78;0;100;60
1119;3;0;4;0;203;74;113;84;0;80;60
1120;3;0;4;0;176;89;100;97;0;156;75
1120;2;0;4;0;159;89;95;92;0;156;97
1120;3;0;4;0;209;89;106;112;0;156;60
1120;3;0;4;0;159;74;100;97;0;96;60
1120;2;0;4;0;209;67;100;76;0;120;97
1120;3;0;4;0;176;67;95;90;0;120;60
1120;3;0;4;0;159;89;106;112;0;96;75
1120;3;0;4;0;159;67;106;81;0;120;75
1120;3;0;4;0;209;74;95;84;0;96;75
1121;3;0;4;0;292;94;153;109;0;190;104
1121;2;0;4;0;292;94;145;133;0;247;169
1121;2;0;4;0;292;85;139;122;0;247;130
1121;3;0;4;0;234;85;139;122;0;152;169
1121;2;0;4;0;253;94;139;112;0;247;104
1121;3;0;4;0;253;85;145;99;0;152;130
1121;3;0;4;0;253;113;139;122;0;152;104
1121;3;0;4;0;292;113;145;133;0;152;169
1121;2;0;4;0;253;94;145;133;0;190;130
1122;3;0;4;0;168;101;85;118;0;169;85
1122;2;0;4;0;152;101;79;112;0;169;110
1122;3;0;4;0;200;101;93;137;0;169;68
1122;3;0;4;0;152;84;85;122;0;104;68
1122;2;0;4;0;200;76;85;92;0;130;110
1122;1;0;4;0;168;76;79;112;0;130;68
1122;3;0;4;0;152;101;93;137;0;104;85
1122;2;0;4;0;152;76;93;97;0;130;85
1122;3;0;4;0;200;84;79;105;0;104;85
1123;3;0;4;0;626;175;388;187;0;330;220
1123;3;0;4;0;475;131;396;146;0;429;176
1123;3;0;4;0;626;131;406;155;0;264;176
1123;2;0;4;0;525;131;406;155;0;429;286
1123;2;0;4;0;525;146;406;161;0;264;286
1123;1;0;4;0;475;146;406;161;0;429;220
1123;3;0;4;0;475;175;396;196;0;330;176
1123;2;0;4;0;475;146;388;168;0;330;286
1123;1;0;4;0;525;175;406;221;0;330;286
1124;3;0;2;0;214;113;106;133;0;221;100
1124;2;0;2;0;193;113;100;122;0;221;130
1124;3;0;2;0;257;113;114;150;0;221;80
1124;3;0;2;0;193;94;106;133;0;136;80
1124;2;0;2;0;257;85;106;99;0;170;130
1124;3;0;2;0;214;85;100;122;0;170;80
1124;3;0;2;0;193;113;114;150;0;136;100
1124;3;0;2;0;193;85;114;105;0;170;100
1124;3;0;2;0;257;94;100;112;0;136;100
1125;3;1;3;0;190;89;104;88;0;130;85
1125;3;1;3;0;145;67;107;74;0;169;68
1125;3;1;3;0;190;67;111;76;0;104;68
1125;3;1;3;0;160;67;111;76;0;169;110
1125;3;1;3;0;160;74;111;78;0;104;110
1125;3;1;3;0;145;74;111;78;0;169;85
1125;3;1;3;0;145;89;107;90;0;130;68
1125;3;1;3;0;145;74;104;81;0;130;110
1125;3;1;3;0;160;89;111;97;0;130;110
1126;2;1;3;0;283;146;95;174;0;351;165
1126;2;1;3;0;257;146;84;165;0;351;214
1126;3;1;3;0;336;146;109;207;0;351;132
1126;3;1;3;0;257;122;95;178;0;216;132
1126;2;1;3;0;336;110;95;133;0;270;214
1126;2;1;3;0;283;110;84;165;0;270;132
1126;3;1;3;0;257;146;109;207;0;216;165
1126;2;1;3;0;257;110;109;137;0;270;165
1126;2;1;3;0;336;122;84;150;0;216;165
1127;2;1;4;0;264;109;103;122;0;260;172
1127;2;1;4;0;264;109;93;150;0;338;279
1127;2;1;4;0;264;98;85;140;0;338;215
1127;2;1;4;0;201;98;85;140;0;208;279
1127;2;1;4;0;222;109;85;133;0;338;172
1127;2;1;4;0;222;98;93;112;0;208;215
1127;2;1;4;0;222;131;85;140;0;208;172
1127;2;1;4;0;264;131;93;150;0;208;279
1127;2;1;4;0;222;109;93;150;0;260;215
1128;3;1;2;0;328;105;179;112;0;190;96
1128;2;1;2;0;328;105;171;137;0;247;156
1128;2;1;2;0;328;94;165;127;0;247;120
1128;3;1;2;0;255;94;165;127;0;152;156
1128;3;1;2;0;279;105;165;122;0;247;96
1128;3;1;2;0;279;94;171;109;0;152;120
1128;3;1;2;0;279;126;165;133;0;152;96
1128;3;1;2;0;328;126;171;137;0;152;156
1128;2;1;2;0;279;105;171;137;0;190;120
1129;2;1;2;0;146;68;55;76;0;110;56
1129;2;1;2;0;146;68;49;90;0;143;91
1129;2;1;2;0;146;61;44;84;0;143;70
1129;2;1;2;0;114;61;44;84;0;88;91
1129;2;1;2;0;125;68;44;78;0;143;56
1129;2;1;2;0;125;61;49;71;0;88;70
1129;3;1;2;0;125;82;44;84;0;88;56
1129;3;1;2;0;146;82;49;90;0;88;91
1129;2;1;2;0;125;68;49;90;0;110;70
1130;3;1;3;0;311;84;226;90;0;130;64
1130;2;1;3;0;311;84;222;105;0;169;104
1130;2;1;3;0;311;76;219;97;0;169;80
1130;3;1;3;0;260;76;219;97;0;104;104
1130;3;1;3;0;277;84;219;94;0;169;64
1130;2;1;3;0;277;76;222;84;0;104;80
1130;3;1;3;0;277;101;219;105;0;104;64
1130;3;1;3;0;311;101;222;109;0;104;104
1130;3;1;3;0;277;84;222;105;0;130;80
1131;2;1;3;0;130;71;67;78;0;90;52
1131;2;1;3;0;130;71;63;90;0;117;84
1131;1;1;3;0;130;64;60;84;0;117;65
1131;3;1;3;0;103;64;60;84;0;72;84
1131;2;1;3;0;112;71;60;81;0;117;52
1131;3;1;3;0;112;64;63;74;0;72;65
1131;3;1;3;0;112;85;60;88;0;72;52
1131;3;1;3;0;130;85;63;92;0;72;84
1131;2;1;3;0;112;71;63;90;0;90;65
1132;2;1;3;0;211;126;103;137;0;208;110
1132;2;1;3;0;190;126;97;127;0;208;143
1132;3;1;3;0;253;126;111;155;0;208;88
1132;3;1;3;0;190;105;103;137;0;128;88
1132;2;1;3;0;253;94;103;105;0;160;143
1132;2;1;3;0;211;94;97;127;0;160;88
1132;3;1;3;0;190;126;111;155;0;128;110
1132;2;1;3;0;190;94;111;109;0;160;110
1132;3;1;3;0;253;105;97;118;0;128;110
1133;2;1;3;0;174;106;66;122;0;195;100
1133;2;1;3;0;158;106;60;112;0;195;130
1133;2;1;3;0;207;106;74;140;0;195;80
1133;2;1;3;0;158;88;66;122;0;120;80
1133;2;1;3;0;207;79;66;92;0;150;130
1133;2;1;3;0;174;79;60;112;0;150;80
1133;2;1;3;0;158;106;74;140;0;120;100
1133;2;1;3;0;158;79;74;97;0;150;100
1133;2;1;3;0;207;88;60;105;0;120;100
1134;2;1;4;0;332;131;163;140;0;170;100
1134;2;1;4;0;249;98;169;112;0;221;80
1134;3;1;4;0;332;98;177;118;0;136;80
1134;2;1;4;0;277;98;177;118;0;221;130
1134;2;1;4;0;277;109;177;122;0;136;130
1134;2;1;4;0;249;109;177;122;0;221;100
1134;3;1;4;0;249;131;169;146;0;170;80
1134;2;1;4;0;249;109;163;127;0;170;130
1134;3;1;4;0;277;131;177;168;0;170;130
1135;2;1;4;0;266;116;112;122;0;180;115
1135;2;1;4;0;206;87;118;99;0;234;92
1135;2;1;4;0;266;87;126;105;0;144;92
1135;2;1;4;0;226;87;126;105;0;234;149
1135;2;1;4;0;226;97;126;109;0;144;149
1135;2;1;4;0;206;97;126;109;0;234;115
1135;2;1;4;0;206;116;118;133;0;180;92
1135;2;1;4;0;206;97;112;112;0;180;149
1135;2;1;4;0;226;116;126;150;0;180;149
1136;2;1;4;0;182;108;74;122;0;208;95
1136;2;1;4;0;164;108;68;118;0;208;123
1136;3;1;4;0;218;108;82;146;0;208;76
1136;3;1;4;0;164;90;74;127;0;128;76
1136;2;1;4;0;218;81;74;94;0;160;123
1136;3;1;4;0;182;81;68;118;0;160;76
1136;3;1;4;0;164;108;82;146;0;128;95
1136;2;1;4;0;164;81;82;99;0;160;95
1136;2;1;4;0;218;90;68;109;0;128;95
1137;3;1;4;0;350;112;195;122;0;200;100
1137;3;1;4;0;350;112;187;146;0;260;162
1137;3;1;4;0;350;101;181;137;0;260;125
1137;3;1;4;0;268;101;181;137;0;160;162
1137;3;1;4;0;295;112;181;133;0;260;100
1137;3;1;4;0;295;101;187;112;0;160;125
1137;3;1;4;0;295;134;181;140;0;160;100
1137;3;1;4;0;350;134;187;150;0;160;162
1137;3;1;4;0;295;112;187;146;0;200;125
1138;3;1;4;0;266;131;87;140;0;220;115
1138;2;1;4;0;203;98;95;112;0;286;92
1138;3;1;4;0;266;98;105;118;0;176;92
1138;2;1;4;0;224;98;105;118;0;286;149
1138;2;1;4;0;224;109;105;122;0;176;149
1138;2;1;4;0;203;109;105;122;0;286;115
1138;3;1;4;0;203;131;95;150;0;220;92
1138;2;1;4;0;203;109;87;133;0;220;149
1138;1;1;4;0;224;131;105;174;0;220;149
1139;2;1;4;0;236;126;63;133;0;190;140
1139;2;1;4;0;182;94;71;109;0;247;112
1139;3;1;4;0;236;94;81;112;0;152;112
1139;2;1;4;0;200;94;81;112;0;247;182
1139;2;1;4;0;200;105;81;118;0;152;182
1139;2;1;4;0;182;105;81;118;0;247;140
1139;2;1;4;0;182;126;71;140;0;190;112
1139;2;1;4;0;182;105;63;122;0;190;182
1139;1;1;4;0;200;126;81;168;0;190;182
1140;2;1;4;0;180;110;72;127;0;221;120
1140;1;1;4;0;163;110;66;118;0;221;156
1140;3;1;4;0;214;110;80;146;0;221;96
1140;3;1;4;0;163;92;72;127;0;136;96
1140;2;1;4;0;214;83;72;97;0;170;156
1140;3;1;4;0;180;83;66;118;0;170;96
1140;3;1;4;0;163;110;80;146;0;136;120
1140;1;1;4;0;163;83;80;105;0;170;120
1140;2;1;4;0;214;92;66;109;0;136;120
1141;2;1;5;0;211;110;156;118;0;195;100
1141;2;1;5;0;190;110;153;112;0;195;130
1141;3;1;5;0;253;110;160;133;0;195;80
1141;3;1;5;0;190;92;156;112;0;120;80
1141;2;1;5;0;253;83;156;92;0;150;130
1141;3;1;5;0;211;83;153;105;0;150;80
1141;3;1;5;0;190;110;160;133;0;120;100
1141;2;1;5;0;190;83;160;94;0;150;100
1141;3;1;5;0;253;92;153;105;0;120;100
1142;3;1;5;0;206;92;73;105;0;150;80
1142;3;1;5;0;206;92;65;127;0;195;130
1142;3;1;5;0;206;83;59;118;0;195;100
1142;3;1;5;0;157;83;59;118;0;120;130
1142;3;1;5;0;173;92;59;109;0;195;80
1142;3;1;5;0;173;83;65;97;0;120;100
1142;3;1;5;0;173;110;59;118;0;120;80
1142;3;1;5;0;206;110;65;127;0;120;130
1142;3;1;5;0;173;92;65;127;0;150;100
1143;3;1;5;0;163;72;79;76;0;100;65
1143;2;1;5;0;124;54;82;60;0;130;52
1143;3;1;5;0;163;54;86;65;0;80;52
1143;2;1;5;0;137;54;86;65;0;130;84
1143;3;1;5;0;137;60;86;68;0;80;84
1143;1;1;5;0;124;60;86;68;0;130;65
1143;3;1;5;0;124;72;82;78;0;100;52
1143;2;1;5;0;124;60;79;71;0;100;84
1143;3;1;5;0;137;72;86;88;0;100;84
1144;3;1;5;0;322;112;188;122;0;230;116
1144;2;1;5;0;322;112;180;146;0;299;188
1144;2;1;5;0;322;101;174;133;0;299;145
1144;3;1;5;0;253;101;174;133;0;184;188
1144;2;1;5;0;276;112;174;127;0;299;116
1144;3;1;5;0;276;101;180;112;0;184;145
1144;3;1;5;0;276;134;174;140;0;184;116
1144;3;1;5;0;322;134;180;146;0;184;188
1144;2;1;5;0;276;112;180;146;0;230;145
1145;3;1;3;0;127;82;72;88;0;117;50
1145;2;1;3;0;115;82;69;84;0;117;65
1145;3;1;3;0;150;82;76;105;0;117;40
1145;3;1;3;0;115;68;72;90;0;72;40
1145;2;1;3;0;150;61;72;71;0;90;65
1145;3;1;3;0;127;61;69;84;0;90;40
1145;1;1;3;0;115;82;76;105;0;72;50
1145;1;1;3;0;115;61;76;74;0;90;50
1145;2;1;3;0;150;68;69;78;0;72;50
1146;2;1;3;0;388;122;174;137;0;290;120
1146;2;1;3;0;388;122;162;168;0;377;195
1146;2;1;3;0;388;110;153;155;0;377;150
1146;2;1;3;0;299;110;153;155;0;232;195
1146;2;1;3;0;329;122;153;146;0;377;120
1146;2;1;3;0;329;110;162;127;0;232;150
1146;3;1;3;0;329;146;153;161;0;232;120
1146;2;1;3;0;388;146;162;168;0;232;195
1146;2;1;3;0;329;122;162;168;0;290;150
1147;2;1;3;0;164;106;56;118;0;221;80
1147;2;1;3;0;150;106;50;112;0;221;104
1147;3;1;3;0;193;106;64;140;0;221;64
1147;3;1;3;0;150;88;56;122;0;136;64
1147;2;1;3;0;193;79;56;90;0;170;104
1147;2;1;3;0;164;79;50;112;0;170;64
1147;3;1;3;0;150;106;64;140;0;136;80
1147;2;1;3;0;150;79;64;97;0;170;80
1147;2;1;3;0;193;88;50;105;0;136;80
1148;2;1;3;0;267;110;173;112;0;160;95
1148;2;1;3;0;213;83;176;92;0;208;76
1148;2;1;3;0;267;83;180;94;0;128;76
1148;2;1;3;0;231;83;180;94;0;208;123
1148;2;1;3;0;231;92;180;99;0;128;123
1148;2;1;3;0;213;92;180;99;0;208;95
1148;3;1;3;0;213;110;176;118;0;160;76
1148;2;1;3;0;213;92;173;105;0;160;123
1148;3;1;3;0;231;110;180;133;0;160;123
1149;2;0;3;0;201;110;88;122;0;221;110
1149;2;0;3;0;182;110;82;118;0;221;143
1149;2;0;3;0;239;110;96;146;0;221;88
1149;3;0;3;0;182;92;88;127;0;136;88
1149;2;0;3;0;239;83;88;94;0;170;143
1149;2;0;3;0;201;83;82;118;0;170;88
1149;3;0;3;0;182;110;96;146;0;136;110
1149;2;0;3;0;182;83;96;99;0;170;110
1149;3;0;3;0;239;92;82;109;0;136;110
1150;2;0;4;0;146;68;55;76;0;120;60
1150;2;0;4;0;146;68;49;92;0;156;97
1150;2;0;4;0;146;61;44;84;0;156;75
1150;2;0;4;0;114;61;44;84;0;96;97
1150;2;0;4;0;125;68;44;81;0;156;60
1150;2;0;4;0;125;61;49;71;0;96;75
1150;2;0;4;0;125;82;44;84;0;96;60
1150;2;0;4;0;146;82;49;90;0;96;97
1150;2;0;4;0;125;68;49;92;0;120;75
1151;3;1;3;0;186;85;104;88;0;100;65
1151;3;1;3;0;150;64;107;74;0;130;52
1151;3;1;3;0;186;64;111;76;0;80;52
1151;2;1;3;0;162;64;111;76;0;130;84
1151;3;1;3;0;162;71;111;78;0;80;84
1151;3;1;3;0;150;71;111;78;0;130;65
1151;3;1;3;0;150;85;107;92;0;100;52
1151;2;1;3;0;150;71;104;84;0;100;84
1151;3;1;3;0;162;85;111;105;0;100;84
1152;2;0;4;0;242;217;88;225;0;180;110
1152;2;0;4;0;189;163;94;184;0;234;88
1152;3;0;4;0;242;163;102;198;0;144;88
1152;2;0;4;0;207;163;102;198;0;234;143
1152;2;0;4;0;207;181;102;198;0;144;143
1152;2;0;4;0;189;181;102;198;0;234;110
1152;3;0;4;0;189;217;94;245;0;180;88
1152;2;0;4;0;189;181;88;218;0;180;143
1152;2;0;4;0;207;217;102;281;0;180;143
1153;3;0;5;0;246;184;159;181;0;120;80
1153;3;0;5;0;202;138;162;153;0;156;64
1153;3;0;5;0;246;138;166;155;0;96;64
1153;2;0;5;0;217;138;166;155;0;156;104
1153;3;0;5;0;217;153;166;162;0;96;104
1153;3;0;5;0;202;153;166;162;0;156;80
1153;3;0;5;0;202;184;162;189;0;120;64
1153;3;0;5;0;202;153;159;167;0;120;104
1153;3;0;5;0;217;184;166;210;0;120;104
1154;3;0;2;0;236;252;63;266;0;190;105
1154;2;0;2;0;182;189;71;218;0;247;84
1154;3;0;2;0;236;189;81;225;0;152;84
1154;2;0;2;0;200;189;81;225;0;247;136
1154;3;0;2;0;200;210;81;237;0;152;136
1154;2;0;2;0;182;210;81;237;0;247;105
1154;3;0;2;0;182;252;71;281;0;190;84
1154;2;0;2;0;182;210;63;245;0;190;136
1154;3;0;2;0;200;252;81;337;0;190;136
1155;2;0;2;0;270;284;146;322;0;325;180
1155;2;0;2;0;245;284;138;301;0;325;234
1155;3;0;2;0;320;284;156;374;0;325;144
1155;3;0;2;0;245;237;146;322;0;200;144
1155;2;0;2;0;320;213;146;245;0;250;234
1155;2;0;2;0;270;213;138;293;0;250;144
1155;3;0;2;0;245;284;156;374;0;200;180
1155;2;0;2;0;245;213;156;254;0;250;180
1155;2;0;2;0;320;237;138;281;0;200;180
1156;2;0;3;0;106;74;43;89;0;60;28
1156;2;0;3;0;106;74;39;116;0;78;45
1156;2;0;3;0;106;67;36;106;0;78;35
1156;3;0;3;0;85;67;36;106;0;48;45
1156;2;0;3;0;92;74;36;97;0;78;28
1156;3;0;3;0;92;67;39;82;0;48;35
1156;3;0;3;0;92;89;36;106;0;48;28
1156;3;0;3;0;106;89;39;111;0;48;45
1156;3;0;3;0;92;74;39;116;0;60;35
1157;3;0;4;0;283;218;120;245;0;230;104
1157;3;0;4;0;283;218;110;301;0;299;169
1157;3;0;4;0;283;196;102;281;0;299;130
1157;2;0;4;0;217;196;102;281;0;184;169
1157;2;0;4;0;239;218;102;266;0;299;104
1157;2;0;4;0;239;196;110;225;0;184;130
1157;3;0;4;0;239;262;102;281;0;184;104
1157;3;0;4;0;283;262;110;301;0;184;169
1157;3;0;4;0;239;218;110;301;0;230;130
1158;3;0;4;0;108;109;84;130;0;91;45
1158;2;0;4;0;101;109;82;121;0;91;58
1158;3;0;4;0;122;109;86;142;0;91;36
1158;3;0;4;0;101;91;84;121;0;56;36
1158;2;0;4;0;122;82;84;91;0;70;58
1158;3;0;4;0;108;82;82;111;0;70;36
1158;3;0;4;0;101;109;86;142;0;56;45
1158;2;0;4;0;101;82;86;97;0;70;45
1158;3;0;4;0;122;91;82;108;0;56;45
1159;3;0;4;0;172;184;64;189;0;130;85
1159;2;0;4;0;131;138;69;155;0;169;68
1159;3;0;4;0;172;138;75;162;0;104;68
1159;2;0;4;0;145;138;75;162;0;169;110
1159;3;0;4;0;145;153;75;167;0;104;110
1159;2;0;4;0;131;153;75;167;0;169;85
1159;3;0;4;0;131;184;69;198;0;130;68
1159;2;0;4;0;131;153;64;176;0;130;110
1159;1;0;4;0;145;184;75;225;0;130;110
1160;2;0;3;0;186;147;106;155;0;160;104
1160;2;0;3;0;186;147;102;176;0;208;169
1160;2;0;3;0;186;132;99;167;0;208;130
1160;3;0;3;0;142;132;99;167;0;128;169
1160;2;0;3;0;157;147;99;162;0;208;104
1160;3;0;3;0;157;132;102;147;0;128;130
1160;3;0;3;0;157;176;99;176;0;128;104
1160;3;0;3;0;186;176;102;181;0;128;169
1160;3;0;3;0;157;147;102;176;0;160;130
1161;3;0;4;0;165;203;122;218;0;182;105
1161;3;0;4;0;148;203;119;210;0;182;136
1161;3;0;4;0;198;203;126;245;0;182;84
1161;3;0;4;0;148;169;122;218;0;112;84
1161;3;0;4;0;198;152;122;176;0;140;136
1161;3;0;4;0;165;152;119;198;0;140;84
1161;3;0;4;0;148;203;126;245;0;112;105
1161;3;0;4;0;148;152;126;181;0;140;105
1161;3;0;4;0;198;169;119;194;0;112;105
1162;3;1;5;0;186;153;106;162;0;170;76
1162;2;1;5;0;186;153;102;181;0;221;123
1162;2;1;5;0;186;138;99;167;0;221;95
1162;3;1;5;0;142;138;99;167;0;136;123
1162;3;1;5;0;157;153;99;167;0;221;76
1162;3;1;5;0;157;138;102;153;0;136;95
1162;3;1;5;0;157;184;99;181;0;136;76
1162;3;1;5;0;186;184;102;184;0;136;123
1162;3;1;5;0;157;153;102;181;0;170;95
1163;3;1;5;0;250;217;180;225;0;170;85
1163;3;1;5;0;208;163;183;181;0;221;68
1163;3;1;5;0;250;163;187;184;0;136;68
1163;3;1;5;0;222;163;187;184;0;221;110
1163;3;1;5;0;222;181;187;194;0;136;110
1163;3;1;5;0;208;181;187;194;0;221;85
1163;3;1;5;0;208;217;183;225;0;170;68
1163;3;1;5;0;208;181;180;198;0;170;110
1163;3;1;5;0;222;217;187;254;0;170;110
1164;3;1;3;0;256;203;201;218;0;195;85
1164;3;1;3;0;239;203;198;210;0;195;110
1164;3;1;3;0;290;203;205;245;0;195;68
1164;3;1;3;0;239;169;201;218;0;120;68
1164;3;1;3;0;290;152;201;169;0;150;110
1164;3;1;3;0;256;152;198;194;0;150;68
1164;3;1;3;0;239;203;205;245;0;120;85
1164;3;1;3;0;239;152;205;181;0;150;85
1164;3;1;3;0;290;169;198;189;0;120;85
1165;3;1;3;0;244;198;103;225;0;190;100
1165;2;1;3;0;244;198;95;274;0;247;162
1165;2;1;3;0;244;178;89;245;0;247;125
1165;3;1;3;0;183;178;89;245;0;152;162
1165;2;1;3;0;203;198;89;237;0;247;100
1165;3;1;3;0;203;178;95;210;0;152;125
1165;3;1;3;0;203;238;89;254;0;152;100
1165;3;1;3;0;244;238;95;274;0;152;162
1165;3;1;3;0;203;198;95;274;0;190;125
1166;3;1;3;0;306;270;125;293;0;210;170
1166;2;1;3;0;240;202;133;237;0;273;136
1166;3;1;3;0;306;202;143;245;0;168;136
1166;2;1;3;0;262;202;143;245;0;273;221
1166;3;1;3;0;262;225;143;254;0;168;221
1166;2;1;3;0;240;225;143;254;0;273;170
1166;3;1;3;0;240;270;133;310;0;210;136
1166;3;1;3;0;240;225;125;266;0;210;221
1166;3;1;3;0;262;270;143;357;0;210;221
1167;3;1;3;0;270;194;130;218;0;170;80
1167;3;1;3;0;270;194;122;266;0;221;130
1167;3;1;3;0;270;175;116;245;0;221;100
1167;3;1;3;0;205;175;116;245;0;136;130
1167;3;1;3;0;227;194;116;225;0;221;80
1167;3;1;3;0;227;175;122;210;0;136;100
1167;3;1;3;0;227;233;116;254;0;136;80
1167;3;1;3;0;270;233;122;266;0;136;130
1167;3;1;3;0;227;194;122;266;0;170;100
1168;3;1;3;0;342;284;114;310;0;240;185
1168;2;1;3;0;264;213;123;245;0;312;148
1168;3;1;3;0;342;213;135;266;0;192;148
1168;2;1;3;0;290;213;135;266;0;312;240
1168;3;1;3;0;290;237;135;266;0;192;240
1168;2;1;3;0;264;237;135;266;0;312;185
1168;3;1;3;0;264;284;123;330;0;240;148
1168;2;1;3;0;264;237;114;281;0;240;240
1168;3;1;3;0;290;284;135;386;0;240;240
1169;3;1;4;0;291;210;144;237;0;260;116
1169;1;1;4;0;291;210;136;281;0;338;188
1169;2;1;4;0;291;189;130;254;0;338;145
1169;3;1;4;0;221;189;130;254;0;208;188
1169;2;1;4;0;244;210;130;245;0;338;116
1169;3;1;4;0;244;189;136;218;0;208;145
1169;3;1;4;0;244;252;130;266;0;208;116
1169;3;1;4;0;291;252;136;281;0;208;188
1169;2;1;4;0;244;210;136;281;0;260;145
1170;3;1;4;0;323;225;116;266;0;210;108
1170;2;1;4;0;323;225;104;322;0;273;175
1170;2;1;4;0;323;202;95;293;0;273;135
1170;3;1;4;0;245;202;95;293;0;168;175
1170;2;1;4;0;271;225;95;274;0;273;108
1170;2;1;4;0;271;202;104;245;0;168;135
1170;3;1;4;0;271;270;95;301;0;168;108
1170;3;1;4;0;323;270;104;322;0;168;175
1170;3;1;4;0;271;225;104;322;0;210;135
1171;2;1;4;0;289;225;141;245;0;220;120
1171;2;1;4;0;289;225;133;293;0;286;195
1171;2;1;4;0;289;202;127;274;0;286;150
1171;2;1;4;0;217;202;127;274;0;176;195
1171;2;1;4;0;241;225;127;266;0;286;120
1171;2;1;4;0;241;202;133;225;0;176;150
1171;2;1;4;0;241;270;127;281;0;176;120
1171;2;1;4;0;289;270;133;301;0;176;195
1171;2;1;4;0;241;225;133;293;0;220;150
1172;2;1;4;0;236;252;63;266;0;210;135
1172;2;1;4;0;182;189;71;218;0;273;108
1172;3;1;4;0;236;189;81;225;0;168;108
1172;2;1;4;0;200;189;81;225;0;273;175
1172;2;1;4;0;200;210;81;237;0;168;175
1172;2;1;4;0;182;210;81;237;0;273;135
1172;2;1;4;0;182;252;71;281;0;210;108
1172;2;1;4;0;182;210;63;245;0;210;175
1172;2;1;4;0;200;252;81;337;0;210;175
1173;3;1;5;0;466;274;355;281;0;240;116
1173;3;1;5;0;466;274;351;310;0;312;188
1173;3;1;5;0;466;247;348;281;0;312;145
1173;3;1;5;0;358;247;348;281;0;192;188
1173;3;1;5;0;394;274;348;293;0;312;116
1173;3;1;5;0;394;247;351;266;0;192;145
1173;3;1;5;0;394;329;348;330;0;192;116
1173;3;1;5;0;466;329;351;337;0;192;188
1173;3;1;5;0;394;274;351;310;0;240;145
1174;3;1;5;0;302;305;173;337;0;325;155
1174;3;1;5;0;276;305;165;322;0;325;201
1174;3;1;5;0;354;305;183;393;0;325;124
1174;3;1;5;0;276;254;173;337;0;200;124
1174;2;1;5;0;354;229;173;254;0;250;201
1174;3;1;5;0;302;229;165;310;0;250;124
1174;3;1;5;0;276;305;183;393;0;200;155
1174;2;1;5;0;276;229;183;274;0;250;155
1174;3;1;5;0;354;254;165;293;0;200;155
1175;3;1;3;0;306;211;230;225;0;221;115
1175;3;1;3;0;286;211;225;218;0;221;149
1175;3;1;3;0;346;211;236;254;0;221;92
1175;3;1;3;0;286;176;230;225;0;136;92
1175;3;1;3;0;346;158;230;181;0;170;149
1175;3;1;3;0;306;158;225;210;0;170;92
1175;3;1;3;0;286;211;236;254;0;136;115
1175;3;1;3;0;286;158;236;184;0;170;115
1175;3;1;3;0;346;176;225;198;0;136;115
1176;3;1;3;0;1049;319;742;337;0;270;165
1176;3;1;3;0;794;239;750;274;0;351;132
1176;3;1;3;0;1049;239;760;281;0;216;132
1176;3;1;3;0;879;239;760;281;0;351;214
1176;3;1;3;0;879;266;760;293;0;216;214
1176;3;1;3;0;794;266;760;293;0;351;165
1176;3;1;3;0;794;319;750;357;0;270;132
1176;3;1;3;0;794;266;742;310;0;270;214
1176;3;1;3;0;879;319;760;414;0;270;214
1177;3;1;5;0;149;143;96;155;0;117;60
1177;3;1;5;0;138;143;93;153;0;117;78
1177;3;1;5;0;171;143;100;169;0;117;48
1177;3;1;5;0;138;119;96;153;0;72;48
1177;3;1;5;0;171;107;96;121;0;90;78
1177;3;1;5;0;149;107;93;142;0;90;48
1177;3;1;5;0;138;143;100;169;0;72;60
1177;3;1;5;0;138;107;100;130;0;90;60
1177;3;1;5;0;171;119;93;142;0;72;60
1178;3;1;2;0;146;136;55;153;0;120;64
1178;2;1;2;0;146;136;49;181;0;156;104
1178;3;1;2;0;146;122;44;169;0;156;80
1178;2;1;2;0;114;122;44;169;0;96;104
1178;3;1;2;0;125;136;44;155;0;156;64
1178;2;1;2;0;125;122;49;142;0;96;80
1178;3;1;2;0;125;163;44;169;0;96;64
1178;3;1;2;0;146;163;49;181;0;96;104
1178;3;1;2;0;125;136;49;181;0;120;80
1179;2;1;3;0;330;284;147;301;0;240;155
1179;1;1;3;0;261;213;155;245;0;312;124
1179;3;1;3;0;330;213;165;254;0;192;124
1179;2;1;3;0;284;213;165;254;0;312;201
1179;3;1;3;0;284;237;165;266;0;192;201
1179;2;1;3;0;261;237;165;266;0;312;155
1179;3;1;3;0;261;284;155;322;0;240;124
1179;2;1;3;0;261;237;147;274;0;240;201
1179;2;1;3;0;284;284;165;366;0;240;201
1180;3;1;4;0;248;203;172;225;0;195;90
1180;3;1;4;0;233;203;167;218;0;195;117
1180;3;1;4;0;279;203;178;254;0;195;72
1180;3;1;4;0;233;169;172;218;0;120;72
1180;3;1;4;0;279;152;172;176;0;150;117
1180;3;1;4;0;248;152;167;210;0;150;72
1180;3;1;4;0;233;203;178;254;0;120;90
1180;3;1;4;0;233;152;178;181;0;150;90
1180;3;1;4;0;279;169;167;194;0;120;90
1181;3;0;5;0;200;252;71;281;0;273;160
1181;2;0;5;0;182;252;63;266;0;273;208
1181;3;0;5;0;236;252;81;337;0;273;128
1181;3;0;5;0;182;210;71;293;0;168;128
1181;2;0;5;0;236;189;71;218;0;210;208
1181;3;0;5;0;200;189;63;266;0;210;128
1181;3;0;5;0;182;252;81;337;0;168;160
1181;3;0;5;0;182;189;81;225;0;210;160
1181;3;0;5;0;236;210;63;245;0;168;160
1182;3;0;3;0;351;337;222;374;0;403;170
1182;3;0;3;0;317;337;214;357;0;403;221
1182;3;0;3;0;419;337;232;422;0;403;136
1182;3;0;3;0;317;281;222;366;0;248;136
1182;2;0;3;0;419;253;222;281;0;310;221
1182;3;0;3;0;351;253;214;337;0;310;136
1182;3;0;3;0;317;337;232;422;0;248;170
1182;3;0;3;0;317;253;232;301;0;310;170
1182;3;0;3;0;419;281;214;322;0;248;170
1183;3;1;5;0;191;217;83;245;0;221;115
1183;3;1;5;0;173;217;77;237;0;221;149
1183;3;1;5;0;227;217;91;281;0;221;92
1183;3;1;5;0;173;181;83;245;0;136;92
1183;3;1;5;0;227;163;83;189;0;170;149
1183;3;1;5;0;191;163;77;225;0;170;92
1183;3;1;5;0;173;217;91;281;0;136;115
1183;3;1;5;0;173;163;91;198;0;170;115
1183;3;1;5;0;227;181;77;218;0;136;115
1184;2;0;5;0;236;252;63;266;0;190;115
1184;2;0;5;0;182;189;71;218;0;247;92
1184;2;0;5;0;236;189;81;225;0;152;92
1184;2;0;5;0;200;189;81;225;0;247;149
1184;2;0;5;0;200;210;81;237;0;152;149
1184;2;0;5;0;182;210;81;237;0;247;115
1184;3;0;5;0;182;252;71;281;0;190;92
1184;2;0;5;0;182;210;63;245;0;190;149
1184;3;0;5;0;200;252;81;337;0;190;149
1185;3;1;3;0;299;218;151;237;0;190;128
1185;2;1;3;0;299;218;143;281;0;247;208
1185;2;1;3;0;299;196;137;266;0;247;160
1185;2;1;3;0;227;196;137;266;0;152;208
1185;2;1;3;0;251;218;137;245;0;247;128
1185;2;1;3;0;251;196;143;218;0;152;160
1185;3;1;3;0;251;262;137;274;0;152;128
1185;2;1;3;0;299;262;143;281;0;152;208
1185;2;1;3;0;251;218;143;281;0;190;160
1186;2;0;2;0;106;23;34;23;0;90;65
1186;2;0;2;0;85;17;37;23;0;117;52
1186;2;0;2;0;106;17;41;25;0;72;52
1186;2;0;2;0;92;17;41;25;0;117;84
1186;2;0;2;0;92;19;41;23;0;72;84
1186;2;0;2;0;85;19;41;23;0;117;65
1186;2;0;2;0;85;23;37;25;0;90;52
1186;2;0;2;0;85;19;34;25;0;90;84
1186;1;0;2;0;92;23;41;31;0;90;84
1187;3;0;3;0;218;23;166;23;0;100;55
1187;1;0;3;0;179;17;168;23;0;130;44
1187;3;0;3;0;218;17;170;25;0;80;44
1187;2;0;3;0;192;17;170;25;0;130;71
1187;3;0;3;0;192;19;170;23;0;80;71
1187;1;0;3;0;179;19;170;23;0;130;55
1187;3;0;3;0;179;23;168;25;0;100;44
1187;3;0;3;0;179;19;166;25;0;100;71
1187;3;0;3;0;192;23;170;31;0;100;71
1188;3;1;3;0;180;19;116;23;0;120;60
1188;3;1;3;0;180;19;112;31;0;156;97
1188;2;1;3;0;180;17;109;31;0;156;75
1188;3;1;3;0;140;17;109;31;0;96;97
1188;2;1;3;0;153;19;109;25;0;156;60
1188;3;1;3;0;153;17;112;23;0;96;75
1188;3;1;3;0;153;23;109;23;0;96;60
1188;2;1;3;0;180;23;112;25;0;96;97
1188;2;1;3;0;153;19;112;31;0;120;75
1189;3;1;3;0;117;23;73;23;0;70;40
1189;1;1;3;0;90;17;75;23;0;91;32
1189;3;1;3;0;117;17;77;25;0;56;32
1189;2;1;3;0;99;17;77;25;0;91;52
1189;3;1;3;0;99;19;77;23;0;56;52
1189;2;1;3;0;90;19;77;23;0;91;40
1189;2;1;3;0;90;23;75;25;0;70;32
1189;2;1;3;0;90;19;73;25;0;70;52
1189;2;1;3;0;99;23;77;31;0;70;52
1190;3;1;4;0;160;19;66;23;0;120;68
1190;1;1;4;0;160;19;60;31;0;156;110
1190;1;1;4;0;160;17;55;31;0;156;85
1190;1;1;4;0;124;17;55;31;0;96;110
1190;1;1;4;0;136;19;55;25;0;156;68
1190;1;1;4;0;136;17;60;23;0;96;85
1190;3;1;4;0;136;23;55;23;0;96;68
1190;3;1;4;0;160;23;60;25;0;96;110
1190;1;1;4;0;136;19;60;31;0;120;85
1191;3;1;3;0;281;19;171;23;0;170;80
1191;2;1;3;0;281;19;165;31;0;221;130
1191;2;1;3;0;281;17;160;31;0;221;100
1191;3;1;3;0;221;17;160;31;0;136;130
1191;2;1;3;0;241;19;160;25;0;221;80
1191;3;1;3;0;241;17;165;23;0;136;100
1191;3;1;3;0;241;23;160;23;0;136;80
1191;3;1;3;0;281;23;165;25;0;136;130
1191;3;1;3;0;241;19;165;31;0;170;100
1192;3;0;5;0;178;13;100;16;0;120;56
1192;2;0;5;0;178;13;96;21;0;156;91
1192;2;0;5;0;178;12;93;21;0;156;70
1192;3;0;5;0;133;12;93;21;0;96;91
1192;2;0;5;0;148;13;93;17;0;156;56
1192;3;0;5;0;148;12;96;16;0;96;70
1192;3;0;5;0;148;16;93;16;0;96;56
1192;2;0;5;0;178;16;96;17;0;96;91
1192;3;0;5;0;148;13;96;21;0;120;70
